web	UNKNOWN STEP	﻿2026-10-03T15:01:25.5910294Z Current runner version: '2.337.0'
web	UNKNOWN STEP	2026-10-03T15:01:25.5935587Z ##[group]Runner Image Provisioner
web	UNKNOWN STEP	2026-10-03T15:01:25.5936589Z Hosted Compute Agent
web	UNKNOWN STEP	2026-10-03T15:01:25.5937203Z Version: 20260901.588
web	UNKNOWN STEP	2026-10-03T15:01:25.5937816Z Commit: f88ec8081b781fac6c440065ac7ff9e710ce3d0b
web	UNKNOWN STEP	2026-10-03T15:01:25.5938655Z Build Date: 2026-09-01T19:56:44Z
web	UNKNOWN STEP	2026-10-03T15:01:25.5939337Z Worker ID: {4aa3d37d-f109-4c34-9d07-433a411d8601}
web	UNKNOWN STEP	2026-10-03T15:01:25.5940093Z Azure Region: westus
web	UNKNOWN STEP	2026-10-03T15:01:25.5940676Z ##[endgroup]
web	UNKNOWN STEP	2026-10-03T15:01:25.5942146Z ##[group]Operating System
web	UNKNOWN STEP	2026-10-03T15:01:25.5942907Z Ubuntu
web	UNKNOWN STEP	2026-10-03T15:01:25.5943512Z 24.04.5
web	UNKNOWN STEP	2026-10-03T15:01:25.5944120Z LTS
web	UNKNOWN STEP	2026-10-03T15:01:25.5944710Z ##[endgroup]
web	UNKNOWN STEP	2026-10-03T15:01:25.5945580Z ##[group]Runner Image
web	UNKNOWN STEP	2026-10-03T15:01:25.5946350Z Image: ubuntu-24.04
web	UNKNOWN STEP	2026-10-03T15:01:25.5946921Z Version: 20260927.320.1
web	UNKNOWN STEP	2026-10-03T15:01:25.5948233Z Included Software: https://github.com/actions/runner-images/blob/ubuntu24/20260927.320/images/ubuntu/Ubuntu2404-Readme.md
web	UNKNOWN STEP	2026-10-03T15:01:25.5949797Z Image Release: https://github.com/actions/runner-images/releases/tag/ubuntu24%2F20260927.320
web	UNKNOWN STEP	2026-10-03T15:01:25.5950852Z ##[endgroup]
web	UNKNOWN STEP	2026-10-03T15:01:25.5951964Z ##[group]GITHUB_TOKEN Permissions
web	UNKNOWN STEP	2026-10-03T15:01:25.5953879Z Contents: read
web	UNKNOWN STEP	2026-10-03T15:01:25.5954498Z Metadata: read
web	UNKNOWN STEP	2026-10-03T15:01:25.5955043Z ##[endgroup]
web	UNKNOWN STEP	2026-10-03T15:01:25.5957490Z Secret source: Actions
web	UNKNOWN STEP	2026-10-03T15:01:25.5958466Z Cache mode: write
web	UNKNOWN STEP	2026-10-03T15:01:25.5959245Z Prepare workflow directory
web	UNKNOWN STEP	2026-10-03T15:01:25.6326322Z Prepare all required actions
web	UNKNOWN STEP	2026-10-03T15:01:25.6396456Z Getting action download info
web	UNKNOWN STEP	2026-10-03T15:01:26.0227029Z Download action repository 'actions/checkout@34e114876b0b11c390a56381ad16ebd13914f8d5' (SHA:34e114876b0b11c390a56381ad16ebd13914f8d5)
web	UNKNOWN STEP	2026-10-03T15:01:26.1328369Z Download action repository 'jdx/mise-action@5228313ee0372e111a38da051671ca30fc5a96db' (SHA:5228313ee0372e111a38da051671ca30fc5a96db)
web	UNKNOWN STEP	2026-10-03T15:01:26.5684875Z Download action repository 'actions/upload-artifact@ea165f8d65b6e75b540449e92b4886f43607fa02' (SHA:ea165f8d65b6e75b540449e92b4886f43607fa02)
web	UNKNOWN STEP	2026-10-03T15:01:26.7738975Z Complete job name: web
web	UNKNOWN STEP	2026-10-03T15:01:26.8524585Z ##[group]Run actions/checkout@34e114876b0b11c390a56381ad16ebd13914f8d5
web	UNKNOWN STEP	2026-10-03T15:01:26.8526222Z with:
web	UNKNOWN STEP	2026-10-03T15:01:26.8526812Z   repository: Tien-Lam/ChronoShift
web	UNKNOWN STEP	2026-10-03T15:01:26.8530948Z   token: ***
web	UNKNOWN STEP	2026-10-03T15:01:26.8531628Z   ssh-strict: true
web	UNKNOWN STEP	2026-10-03T15:01:26.8532182Z   ssh-user: git
web	UNKNOWN STEP	2026-10-03T15:01:26.8532788Z   persist-credentials: true
web	UNKNOWN STEP	2026-10-03T15:01:26.8533403Z   clean: true
web	UNKNOWN STEP	2026-10-03T15:01:26.8533987Z   sparse-checkout-cone-mode: true
web	UNKNOWN STEP	2026-10-03T15:01:26.8534685Z   fetch-depth: 1
web	UNKNOWN STEP	2026-10-03T15:01:26.8535635Z   fetch-tags: false
web	UNKNOWN STEP	2026-10-03T15:01:26.8536322Z   show-progress: true
web	UNKNOWN STEP	2026-10-03T15:01:26.8536917Z   lfs: false
web	UNKNOWN STEP	2026-10-03T15:01:26.8537480Z   submodules: false
web	UNKNOWN STEP	2026-10-03T15:01:26.8538134Z   set-safe-directory: true
web	UNKNOWN STEP	2026-10-03T15:01:26.8539146Z ##[endgroup]
web	UNKNOWN STEP	2026-10-03T15:01:26.9567943Z Syncing repository: Tien-Lam/ChronoShift
web	UNKNOWN STEP	2026-10-03T15:01:26.9570929Z ##[group]Getting Git version info
web	UNKNOWN STEP	2026-10-03T15:01:26.9572500Z Working directory is '/home/runner/work/ChronoShift/ChronoShift'
web	UNKNOWN STEP	2026-10-03T15:01:26.9574684Z [command]/usr/bin/git version
web	UNKNOWN STEP	2026-10-03T15:01:26.9639831Z git version 2.55.0
web	UNKNOWN STEP	2026-10-03T15:01:26.9662892Z ##[endgroup]
web	UNKNOWN STEP	2026-10-03T15:01:26.9686287Z Temporarily overriding HOME='/home/runner/work/_temp/372c89fb-4f18-45b6-9a04-8cf71ec74d14' before making global git config changes
web	UNKNOWN STEP	2026-10-03T15:01:26.9689430Z Adding repository directory to the temporary git global config as a safe directory
web	UNKNOWN STEP	2026-10-03T15:01:26.9691923Z [command]/usr/bin/git config --global --add safe.directory /home/runner/work/ChronoShift/ChronoShift
web	UNKNOWN STEP	2026-10-03T15:01:26.9748068Z Deleting the contents of '/home/runner/work/ChronoShift/ChronoShift'
web	UNKNOWN STEP	2026-10-03T15:01:26.9756513Z ##[group]Initializing the repository
web	UNKNOWN STEP	2026-10-03T15:01:26.9759557Z [command]/usr/bin/git init /home/runner/work/ChronoShift/ChronoShift
web	UNKNOWN STEP	2026-10-03T15:01:26.9852648Z hint: Using 'master' as the name for the initial branch. This default branch name
web	UNKNOWN STEP	2026-10-03T15:01:26.9855391Z hint: will change to "main" in Git 3.0. To configure the initial branch name
web	UNKNOWN STEP	2026-10-03T15:01:26.9857435Z hint: to use in all of your new repositories, which will suppress this warning,
web	UNKNOWN STEP	2026-10-03T15:01:26.9858994Z hint: call:
web	UNKNOWN STEP	2026-10-03T15:01:26.9859948Z hint:
web	UNKNOWN STEP	2026-10-03T15:01:26.9861263Z hint: 	git config --global init.defaultBranch <name>
web	UNKNOWN STEP	2026-10-03T15:01:26.9862604Z hint:
web	UNKNOWN STEP	2026-10-03T15:01:26.9863853Z hint: Names commonly chosen instead of 'master' are 'main', 'trunk' and
web	UNKNOWN STEP	2026-10-03T15:01:26.9866210Z hint: 'development'. The just-created branch can be renamed via this command:
web	UNKNOWN STEP	2026-10-03T15:01:26.9867648Z hint:
web	UNKNOWN STEP	2026-10-03T15:01:26.9868657Z hint: 	git branch -m <name>
web	UNKNOWN STEP	2026-10-03T15:01:26.9869813Z hint:
web	UNKNOWN STEP	2026-10-03T15:01:26.9871066Z hint: Disable this message with "git config set advice.defaultBranchName false"
web	UNKNOWN STEP	2026-10-03T15:01:26.9873403Z Initialized empty Git repository in /home/runner/work/ChronoShift/ChronoShift/.git/
web	UNKNOWN STEP	2026-10-03T15:01:26.9877051Z [command]/usr/bin/git remote add origin https://github.com/Tien-Lam/ChronoShift
web	UNKNOWN STEP	2026-10-03T15:01:26.9928098Z ##[endgroup]
web	UNKNOWN STEP	2026-10-03T15:01:26.9929508Z ##[group]Disabling automatic garbage collection
web	UNKNOWN STEP	2026-10-03T15:01:26.9932141Z [command]/usr/bin/git config --local gc.auto 0
web	UNKNOWN STEP	2026-10-03T15:01:26.9964702Z ##[endgroup]
web	UNKNOWN STEP	2026-10-03T15:01:26.9966422Z ##[group]Setting up auth
web	UNKNOWN STEP	2026-10-03T15:01:26.9972773Z [command]/usr/bin/git config --local --name-only --get-regexp core\.sshCommand
web	UNKNOWN STEP	2026-10-03T15:01:27.0007290Z [command]/usr/bin/git submodule foreach --recursive sh -c "git config --local --name-only --get-regexp 'core\.sshCommand' && git config --local --unset-all 'core.sshCommand' || :"
web	UNKNOWN STEP	2026-10-03T15:01:27.0407291Z [command]/usr/bin/git config --local --name-only --get-regexp http\.https\:\/\/github\.com\/\.extraheader
web	UNKNOWN STEP	2026-10-03T15:01:27.0451582Z [command]/usr/bin/git submodule foreach --recursive sh -c "git config --local --name-only --get-regexp 'http\.https\:\/\/github\.com\/\.extraheader' && git config --local --unset-all 'http.https://github.com/.extraheader' || :"
web	UNKNOWN STEP	2026-10-03T15:01:27.0693828Z [command]/usr/bin/git config --local --name-only --get-regexp ^includeIf\.gitdir:
web	UNKNOWN STEP	2026-10-03T15:01:27.0732760Z [command]/usr/bin/git submodule foreach --recursive git config --local --show-origin --name-only --get-regexp remote.origin.url
web	UNKNOWN STEP	2026-10-03T15:01:27.0961930Z [command]/usr/bin/git config --local http.https://github.com/.extraheader AUTHORIZATION: basic ***
web	UNKNOWN STEP	2026-10-03T15:01:27.1004061Z ##[endgroup]
web	UNKNOWN STEP	2026-10-03T15:01:27.1005652Z ##[group]Fetching the repository
web	UNKNOWN STEP	2026-10-03T15:01:27.1014144Z [command]/usr/bin/git -c protocol.version=2 fetch --no-tags --prune --no-recurse-submodules --depth=1 origin +21a38eec3876f58e16adc0c7bc4c1ecfb9d90dd8:refs/remotes/pull/16/merge
web	UNKNOWN STEP	2026-10-03T15:01:27.4916135Z From https://github.com/Tien-Lam/ChronoShift
web	UNKNOWN STEP	2026-10-03T15:01:27.4918501Z  * [new ref]         21a38eec3876f58e16adc0c7bc4c1ecfb9d90dd8 -> pull/16/merge
web	UNKNOWN STEP	2026-10-03T15:01:27.4923812Z ##[endgroup]
web	UNKNOWN STEP	2026-10-03T15:01:27.4926694Z ##[group]Determining the checkout info
web	UNKNOWN STEP	2026-10-03T15:01:27.4929428Z ##[endgroup]
web	UNKNOWN STEP	2026-10-03T15:01:27.4933513Z [command]/usr/bin/git sparse-checkout disable
web	UNKNOWN STEP	2026-10-03T15:01:27.4991937Z [command]/usr/bin/git config --local --unset-all extensions.worktreeConfig
web	UNKNOWN STEP	2026-10-03T15:01:27.5033803Z ##[group]Checking out the ref
web	UNKNOWN STEP	2026-10-03T15:01:27.5036451Z [command]/usr/bin/git checkout --progress --force refs/remotes/pull/16/merge
web	UNKNOWN STEP	2026-10-03T15:01:27.5150778Z Note: switching to 'refs/remotes/pull/16/merge'.
web	UNKNOWN STEP	2026-10-03T15:01:27.5152119Z 
web	UNKNOWN STEP	2026-10-03T15:01:27.5153096Z You are in 'detached HEAD' state. You can look around, make experimental
web	UNKNOWN STEP	2026-10-03T15:01:27.5155382Z changes and commit them, and you can discard any commits you make in this
web	UNKNOWN STEP	2026-10-03T15:01:27.5157855Z state without impacting any branches by switching back to a branch.
web	UNKNOWN STEP	2026-10-03T15:01:27.5159916Z 
web	UNKNOWN STEP	2026-10-03T15:01:27.5161167Z If you want to create a new branch to retain commits you create, you may
web	UNKNOWN STEP	2026-10-03T15:01:27.5164422Z do so (now or later) by using -c with the switch command. Example:
web	UNKNOWN STEP	2026-10-03T15:01:27.5166564Z 
web	UNKNOWN STEP	2026-10-03T15:01:27.5167565Z   git switch -c <new-branch-name>
web	UNKNOWN STEP	2026-10-03T15:01:27.5168779Z 
web	UNKNOWN STEP	2026-10-03T15:01:27.5169556Z Or undo this operation with:
web	UNKNOWN STEP	2026-10-03T15:01:27.5170715Z 
web	UNKNOWN STEP	2026-10-03T15:01:27.5171387Z   git switch -
web	UNKNOWN STEP	2026-10-03T15:01:27.5172347Z 
web	UNKNOWN STEP	2026-10-03T15:01:27.5173857Z Turn off this advice by setting config variable advice.detachedHead to false
web	UNKNOWN STEP	2026-10-03T15:01:27.5176226Z 
web	UNKNOWN STEP	2026-10-03T15:01:27.5177881Z HEAD is now at 21a38ee Merge c31b8656bc4ef0fce84d5767b0d9c39f89a00f0f into b7ef48a00b7175fea36f494d8fe61a3ede2c8d87
web	UNKNOWN STEP	2026-10-03T15:01:27.5183547Z ##[endgroup]
web	UNKNOWN STEP	2026-10-03T15:01:27.5208740Z [command]/usr/bin/git log -1 --format=%H
web	UNKNOWN STEP	2026-10-03T15:01:27.5236045Z 21a38eec3876f58e16adc0c7bc4c1ecfb9d90dd8
web	UNKNOWN STEP	2026-10-03T15:01:27.5651142Z ##[group]Run jdx/mise-action@5228313ee0372e111a38da051671ca30fc5a96db
web	UNKNOWN STEP	2026-10-03T15:01:27.5652691Z with:
web	UNKNOWN STEP	2026-10-03T15:01:27.5653460Z   install: true
web	UNKNOWN STEP	2026-10-03T15:01:27.5654303Z   cache: true
web	UNKNOWN STEP	2026-10-03T15:01:27.5655407Z   cache_save: true
web	UNKNOWN STEP	2026-10-03T15:01:27.5656315Z   cache_key_prefix: mise-v1
web	UNKNOWN STEP	2026-10-03T15:01:27.5657302Z   experimental: false
web	UNKNOWN STEP	2026-10-03T15:01:27.5658258Z   log_level: info
web	UNKNOWN STEP	2026-10-03T15:01:27.5659220Z   reshim: false
web	UNKNOWN STEP	2026-10-03T15:01:27.5660731Z   add_shims_to_path: true
web	UNKNOWN STEP	2026-10-03T15:01:27.5679405Z   github_token: ***
web	UNKNOWN STEP	2026-10-03T15:01:27.5680985Z   fetch_from_github: true
web	UNKNOWN STEP	2026-10-03T15:01:27.5682655Z   env: true
web	UNKNOWN STEP	2026-10-03T15:01:27.5684001Z ##[endgroup]
web	UNKNOWN STEP	2026-10-03T15:01:27.7301421Z ##[group]Restoring mise cache
web	UNKNOWN STEP	2026-10-03T15:01:27.7352408Z [command]/usr/bin/ldd --version
web	UNKNOWN STEP	2026-10-03T15:01:27.7412665Z ldd (Ubuntu GLIBC 2.39-0ubuntu8.9) 2.39
web	UNKNOWN STEP	2026-10-03T15:01:27.7414622Z Copyright (C) 2024 Free Software Foundation, Inc.
web	UNKNOWN STEP	2026-10-03T15:01:27.7419892Z This is free software; see the source for copying conditions.  There is NO
web	UNKNOWN STEP	2026-10-03T15:01:27.7422879Z warranty; not even for MERCHANTABILITY or FITNESS FOR A PARTICULAR PURPOSE.
web	UNKNOWN STEP	2026-10-03T15:01:27.7424878Z Written by Roland McGrath and Ulrich Drepper.
web	UNKNOWN STEP	2026-10-03T15:01:28.1152164Z Cache hit for: mise-v1-linux-x64-f04942c4f71d9197453373398ea1e69dd84e0477b6eb8b8c3470bb42c7e3612d
web	UNKNOWN STEP	2026-10-03T15:01:29.4107871Z Received 0 of 134392702 (0.0%), 0.0 MBs/sec
web	UNKNOWN STEP	2026-10-03T15:01:30.4179279Z Received 113246208 of 134392702 (84.3%), 53.9 MBs/sec
web	UNKNOWN STEP	2026-10-03T15:01:30.7361480Z Received 134392702 of 134392702 (100.0%), 55.1 MBs/sec
web	UNKNOWN STEP	2026-10-03T15:01:30.7363001Z Cache Size: ~128 MB (134392702 B)
web	UNKNOWN STEP	2026-10-03T15:01:30.7405568Z [command]/usr/bin/tar -xf /home/runner/work/_temp/0c3410fd-b74a-4189-b18c-e9cb002cf919/cache.tzst -P -C /home/runner/work/ChronoShift/ChronoShift --use-compress-program unzstd
web	UNKNOWN STEP	2026-10-03T15:01:31.6485607Z Cache restored successfully
web	UNKNOWN STEP	2026-10-03T15:01:31.6553573Z mise cache restored from key: mise-v1-linux-x64-f04942c4f71d9197453373398ea1e69dd84e0477b6eb8b8c3470bb42c7e3612d
web	UNKNOWN STEP	2026-10-03T15:01:31.6562215Z ##[group]Setting env vars
web	UNKNOWN STEP	2026-10-03T15:01:31.6563133Z Setting MISE_LOG_LEVEL=info
web	UNKNOWN STEP	2026-10-03T15:01:31.6571146Z Setting MISE_GITHUB_TOKEN=***
web	UNKNOWN STEP	2026-10-03T15:01:31.6572289Z Setting MISE_TRUSTED_CONFIG_PATHS=/home/runner/work/ChronoShift/ChronoShift
web	UNKNOWN STEP	2026-10-03T15:01:31.6573169Z Setting MISE_YES=1
web	UNKNOWN STEP	2026-10-03T15:01:31.6573781Z Adding /home/runner/.local/share/mise/shims to PATH
web	UNKNOWN STEP	2026-10-03T15:01:31.6574979Z ##[group]Running mise --version
web	UNKNOWN STEP	2026-10-03T15:01:31.6594695Z [command]/home/runner/.local/share/mise/bin/mise --version
web	UNKNOWN STEP	2026-10-03T15:01:31.6668122Z 2026.10.0 linux-x64 (2026-10-02)
web	UNKNOWN STEP	2026-10-03T15:01:31.6688891Z ##[endgroup]
web	UNKNOWN STEP	2026-10-03T15:01:31.6689708Z ##[group]Running mise install 
web	UNKNOWN STEP	2026-10-03T15:01:31.6709100Z [command]/home/runner/.local/share/mise/bin/mise install
web	UNKNOWN STEP	2026-10-03T15:01:31.6811195Z ^[[2mmise^[[0m ^[[2mby @jdx^[[0m – installing 2 tools
web	UNKNOWN STEP	2026-10-03T15:01:31.6814819Z ^[[2mmise^[[0m ^[[38;5;11m⇢^[[0m bun@1.4.0    0ms · already installed
web	UNKNOWN STEP	2026-10-03T15:01:31.6818471Z ^[[2mmise^[[0m ^[[38;5;11m⇢^[[0m node@26.8.1  0ms · already installed
web	UNKNOWN STEP	2026-10-03T15:01:31.6820195Z ^[[2mmise^[[0m ^[[36m████████████████^[[0m^[[31m^[[0m^[[2m^[[0m 2/2 · installed 0 tools · 2 already installed in 0ms
web	UNKNOWN STEP	2026-10-03T15:01:31.6821551Z ^[[2mmise^[[0m all tools are installed
web	UNKNOWN STEP	2026-10-03T15:01:31.6872416Z ##[endgroup]
web	UNKNOWN STEP	2026-10-03T15:01:31.6873453Z ##[group]Running mise ls
web	UNKNOWN STEP	2026-10-03T15:01:31.6890848Z [command]/home/runner/.local/share/mise/bin/mise ls
web	UNKNOWN STEP	2026-10-03T15:01:31.6991511Z bun   1.4.0   ~/work/ChronoShift/ChronoShift/mise.toml  1.4.0
web	UNKNOWN STEP	2026-10-03T15:01:31.6993683Z node  26.8.1  ~/work/ChronoShift/ChronoShift/mise.toml  26.8.1
web	UNKNOWN STEP	2026-10-03T15:01:31.7004539Z ##[endgroup]
web	UNKNOWN STEP	2026-10-03T15:01:31.7007682Z ##[group]Exporting mise environment variables
web	UNKNOWN STEP	2026-10-03T15:01:31.7155350Z [command]/home/runner/.local/share/mise/bin/mise env --json
web	UNKNOWN STEP	2026-10-03T15:01:31.7257160Z {
web	UNKNOWN STEP	2026-10-03T15:01:31.7260204Z   "PATH": "/home/runner/.local/share/mise/installs/bun/1.4.0/bin:/home/runner/.local/share/mise/installs/node/26.8.1/bin:/home/runner/.local/share/mise/shims:/home/runner/.local/share/mise/bin:/snap/bin:/home/runner/.local/bin:/opt/pipx_bin:/home/runner/.cargo/bin:/home/runner/.config/composer/vendor/bin:/usr/local/.ghcup/bin:/home/runner/.dotnet/tools:/usr/local/sbin:/usr/local/bin:/usr/sbin:/usr/bin:/sbin:/bin:/usr/games:/usr/local/games"
web	UNKNOWN STEP	2026-10-03T15:01:31.7261906Z }
web	UNKNOWN STEP	2026-10-03T15:01:31.7286394Z ##[endgroup]
web	UNKNOWN STEP	2026-10-03T15:01:31.7492188Z ##[group]Run bun install --frozen-lockfile
web	UNKNOWN STEP	2026-10-03T15:01:31.7492613Z ^[[36;1mbun install --frozen-lockfile^[[0m
web	UNKNOWN STEP	2026-10-03T15:01:31.7749262Z shell: /usr/bin/bash -e {0}
web	UNKNOWN STEP	2026-10-03T15:01:31.7749601Z env:
web	UNKNOWN STEP	2026-10-03T15:01:31.7749848Z   MISE_LOG_LEVEL: info
web	UNKNOWN STEP	2026-10-03T15:01:31.7753329Z   MISE_GITHUB_TOKEN: ***
web	UNKNOWN STEP	2026-10-03T15:01:31.7753751Z   MISE_TRUSTED_CONFIG_PATHS: /home/runner/work/ChronoShift/ChronoShift
web	UNKNOWN STEP	2026-10-03T15:01:31.7754215Z   MISE_YES: 1
web	UNKNOWN STEP	2026-10-03T15:01:31.7756401Z   PATH: /home/runner/.local/share/mise/installs/bun/1.4.0/bin:/home/runner/.local/share/mise/installs/node/26.8.1/bin:/home/runner/.local/share/mise/shims:/home/runner/.local/share/mise/bin:/snap/bin:/home/runner/.local/bin:/opt/pipx_bin:/home/runner/.cargo/bin:/home/runner/.config/composer/vendor/bin:/usr/local/.ghcup/bin:/home/runner/.dotnet/tools:/usr/local/sbin:/usr/local/bin:/usr/sbin:/usr/bin:/sbin:/bin:/usr/games:/usr/local/games
web	UNKNOWN STEP	2026-10-03T15:01:31.7758366Z ##[endgroup]
web	UNKNOWN STEP	2026-10-03T15:01:31.7995363Z bun install v1.4.0 (34cbb9a40)
web	UNKNOWN STEP	2026-10-03T15:01:32.1330015Z 
web	UNKNOWN STEP	2026-10-03T15:01:32.1330661Z + @axe-core/playwright@4.13.0
web	UNKNOWN STEP	2026-10-03T15:01:32.1331224Z + @playwright/test@1.63.0
web	UNKNOWN STEP	2026-10-03T15:01:32.1331664Z + @types/bun@1.4.2
web	UNKNOWN STEP	2026-10-03T15:01:32.1332026Z + @types/react@19.3.0
web	UNKNOWN STEP	2026-10-03T15:01:32.1332422Z + @types/react-dom@19.3.0
web	UNKNOWN STEP	2026-10-03T15:01:32.1332839Z + prettier@3.9.9
web	UNKNOWN STEP	2026-10-03T15:01:32.1333204Z + typescript@7.0.2
web	UNKNOWN STEP	2026-10-03T15:01:32.1333560Z + vite@8.3.2
web	UNKNOWN STEP	2026-10-03T15:01:32.1333920Z + @js-temporal/polyfill@0.5.1
web	UNKNOWN STEP	2026-10-03T15:01:32.1334362Z + chrono-node@2.10.2
web	UNKNOWN STEP	2026-10-03T15:01:32.1334691Z + react@19.3.0
web	UNKNOWN STEP	2026-10-03T15:01:32.1334901Z + react-dom@19.3.0
web	UNKNOWN STEP	2026-10-03T15:01:32.1335042Z 
web	UNKNOWN STEP	2026-10-03T15:01:32.1335406Z 38 packages installed [336.00ms]
web	UNKNOWN STEP	2026-10-03T15:01:32.1434067Z ##[group]Run bun run format:check
web	UNKNOWN STEP	2026-10-03T15:01:32.1434407Z ^[[36;1mbun run format:check^[[0m
web	UNKNOWN STEP	2026-10-03T15:01:32.1500923Z shell: /usr/bin/bash -e {0}
web	UNKNOWN STEP	2026-10-03T15:01:32.1501185Z env:
web	UNKNOWN STEP	2026-10-03T15:01:32.1501383Z   MISE_LOG_LEVEL: info
web	UNKNOWN STEP	2026-10-03T15:01:32.1504157Z   MISE_GITHUB_TOKEN: ***
web	UNKNOWN STEP	2026-10-03T15:01:32.1504513Z   MISE_TRUSTED_CONFIG_PATHS: /home/runner/work/ChronoShift/ChronoShift
web	UNKNOWN STEP	2026-10-03T15:01:32.1504889Z   MISE_YES: 1
web	UNKNOWN STEP	2026-10-03T15:01:32.1506952Z   PATH: /home/runner/.local/share/mise/installs/bun/1.4.0/bin:/home/runner/.local/share/mise/installs/node/26.8.1/bin:/home/runner/.local/share/mise/shims:/home/runner/.local/share/mise/bin:/snap/bin:/home/runner/.local/bin:/opt/pipx_bin:/home/runner/.cargo/bin:/home/runner/.config/composer/vendor/bin:/usr/local/.ghcup/bin:/home/runner/.dotnet/tools:/usr/local/sbin:/usr/local/bin:/usr/sbin:/usr/bin:/sbin:/bin:/usr/games:/usr/local/games
web	UNKNOWN STEP	2026-10-03T15:01:32.1508531Z ##[endgroup]
web	UNKNOWN STEP	2026-10-03T15:01:32.1703710Z $ bunx --bun prettier --check web scripts/*.ts tests e2e *.ts
web	UNKNOWN STEP	2026-10-03T15:01:32.3060632Z Checking formatting...
web	UNKNOWN STEP	2026-10-03T15:01:33.4426274Z All matched files use Prettier code style!
web	UNKNOWN STEP	2026-10-03T15:01:33.7587778Z ##[group]Run bun run check
web	UNKNOWN STEP	2026-10-03T15:01:33.7588089Z ^[[36;1mbun run check^[[0m
web	UNKNOWN STEP	2026-10-03T15:01:33.7653725Z shell: /usr/bin/bash -e {0}
web	UNKNOWN STEP	2026-10-03T15:01:33.7653982Z env:
web	UNKNOWN STEP	2026-10-03T15:01:33.7654174Z   MISE_LOG_LEVEL: info
web	UNKNOWN STEP	2026-10-03T15:01:33.7657115Z   MISE_GITHUB_TOKEN: ***
web	UNKNOWN STEP	2026-10-03T15:01:33.7657489Z   MISE_TRUSTED_CONFIG_PATHS: /home/runner/work/ChronoShift/ChronoShift
web	UNKNOWN STEP	2026-10-03T15:01:33.7657862Z   MISE_YES: 1
web	UNKNOWN STEP	2026-10-03T15:01:33.7659380Z   PATH: /home/runner/.local/share/mise/installs/bun/1.4.0/bin:/home/runner/.local/share/mise/installs/node/26.8.1/bin:/home/runner/.local/share/mise/shims:/home/runner/.local/share/mise/bin:/snap/bin:/home/runner/.local/bin:/opt/pipx_bin:/home/runner/.cargo/bin:/home/runner/.config/composer/vendor/bin:/usr/local/.ghcup/bin:/home/runner/.dotnet/tools:/usr/local/sbin:/usr/local/bin:/usr/sbin:/usr/bin:/sbin:/bin:/usr/games:/usr/local/games
web	UNKNOWN STEP	2026-10-03T15:01:33.7660974Z ##[endgroup]
web	UNKNOWN STEP	2026-10-03T15:01:33.7847734Z $ bun run typecheck && bun run test && bun run build
web	UNKNOWN STEP	2026-10-03T15:01:33.7881581Z $ bunx --bun tsc --noEmit
web	UNKNOWN STEP	2026-10-03T15:01:34.1304437Z $ bun test tests
web	UNKNOWN STEP	2026-10-03T15:01:34.1336046Z bun test v1.4.0 (34cbb9a40)
web	UNKNOWN STEP	2026-10-03T15:01:34.1365286Z 
web	UNKNOWN STEP	2026-10-03T15:01:34.1367869Z ##[group]tests/corpus.test.ts:
web	UNKNOWN STEP	2026-10-03T15:01:34.4465470Z (pass) all resilience corpus inputs execute the browser engine without crashing [234.28ms]
web	UNKNOWN STEP	2026-10-03T15:01:34.4466282Z 
web	UNKNOWN STEP	2026-10-03T15:01:34.4466912Z ##[endgroup]
web	UNKNOWN STEP	2026-10-03T15:01:34.4467129Z 
web	UNKNOWN STEP	2026-10-03T15:01:34.4467598Z ##[group]tests/conversion.test.ts:
web	UNKNOWN STEP	2026-10-03T15:01:34.4478897Z (pass) independently specified temporal fixtures > fixed EST in spring [0.81ms]
web	UNKNOWN STEP	2026-10-03T15:01:34.4482208Z (pass) independently specified temporal fixtures > fixed PST in summer [0.53ms]
web	UNKNOWN STEP	2026-10-03T15:01:34.4486941Z (pass) independently specified temporal fixtures > regional PT summer [0.46ms]
web	UNKNOWN STEP	2026-10-03T15:01:34.4491422Z (pass) independently specified temporal fixtures > regional PT winter [0.43ms]
web	UNKNOWN STEP	2026-10-03T15:01:34.4495917Z (pass) independently specified temporal fixtures > regional ET [0.44ms]
web	UNKNOWN STEP	2026-10-03T15:01:34.4501600Z (pass) independently specified temporal fixtures > CST ambiguity [0.56ms]
web	UNKNOWN STEP	2026-10-03T15:01:34.4508286Z (pass) independently specified temporal fixtures > IST ambiguity [0.65ms]
web	UNKNOWN STEP	2026-10-03T15:01:34.4514248Z (pass) independently specified temporal fixtures > BST ambiguity [0.59ms]
web	UNKNOWN STEP	2026-10-03T15:01:34.4520834Z (pass) independently specified temporal fixtures > AST ambiguity [0.65ms]
web	UNKNOWN STEP	2026-10-03T15:01:34.4542920Z (pass) independently specified temporal fixtures > quarter hour offset [2.18ms]
web	UNKNOWN STEP	2026-10-03T15:01:34.4550938Z (pass) independently specified temporal fixtures > negative half hour offset [0.76ms]
web	UNKNOWN STEP	2026-10-03T15:01:34.4557465Z (pass) independently specified temporal fixtures > invalid minutes [0.26ms]
web	UNKNOWN STEP	2026-10-03T15:01:34.4558333Z (pass) independently specified temporal fixtures > invalid offset bound [0.19ms]
web	UNKNOWN STEP	2026-10-03T15:01:34.4559490Z (pass) independently specified temporal fixtures > ISO offset [0.45ms]
web	UNKNOWN STEP	2026-10-03T15:01:34.4563306Z (pass) independently specified temporal fixtures > relative tomorrow [0.32ms]
web	UNKNOWN STEP	2026-10-03T15:01:34.4569156Z (pass) independently specified temporal fixtures > relative in Tokyo [0.60ms]
web	UNKNOWN STEP	2026-10-03T15:01:34.4574530Z (pass) independently specified temporal fixtures > source date across midnight [0.49ms]
web	UNKNOWN STEP	2026-10-03T15:01:34.4578695Z (pass) independently specified temporal fixtures > city Tokyo [0.46ms]
web	UNKNOWN STEP	2026-10-03T15:01:34.4582611Z (pass) independently specified temporal fixtures > city Mumbai [0.38ms]
web	UNKNOWN STEP	2026-10-03T15:01:34.4587343Z (pass) independently specified temporal fixtures > city Berlin summer [0.44ms]
web	UNKNOWN STEP	2026-10-03T15:01:34.4590895Z (pass) independently specified temporal fixtures > accented city [0.39ms]
web	UNKNOWN STEP	2026-10-03T15:01:34.4616373Z (pass) independently specified temporal fixtures > unique typo disclosure [0.95ms]
web	UNKNOWN STEP	2026-10-03T15:01:34.4636585Z (pass) independently specified temporal fixtures > unknown city [0.76ms]
web	UNKNOWN STEP	2026-10-03T15:01:34.4638491Z (pass) independently specified temporal fixtures > unknown abbreviation [0.19ms]
web	UNKNOWN STEP	2026-10-03T15:01:34.4639666Z (pass) independently specified temporal fixtures > IANA identity [0.62ms]
web	UNKNOWN STEP	2026-10-03T15:01:34.4640748Z (pass) independently specified temporal fixtures > spring gap [1.17ms]
web	UNKNOWN STEP	2026-10-03T15:01:34.4641812Z (pass) independently specified temporal fixtures > autumn fold [0.52ms]
web	UNKNOWN STEP	2026-10-03T15:01:34.4642907Z (pass) independently specified temporal fixtures > Sydney spring gap [0.60ms]
web	UNKNOWN STEP	2026-10-03T15:01:34.4644058Z (pass) independently specified temporal fixtures > Sydney autumn fold [0.38ms]
web	UNKNOWN STEP	2026-10-03T15:01:34.4645408Z (pass) independently specified temporal fixtures > date only [0.15ms]
web	UNKNOWN STEP	2026-10-03T15:01:34.4648368Z (pass) independently specified temporal fixtures > month day convention [0.35ms]
web	UNKNOWN STEP	2026-10-03T15:01:34.4653763Z (pass) independently specified temporal fixtures > day month convention [0.48ms]
web	UNKNOWN STEP	2026-10-03T15:01:34.4660657Z (pass) independently specified temporal fixtures > header date context [0.69ms]
web	UNKNOWN STEP	2026-10-03T15:01:34.4665668Z (pass) independently specified temporal fixtures > paragraph isolation [0.51ms]
web	UNKNOWN STEP	2026-10-03T15:01:34.4670692Z (pass) independently specified temporal fixtures > second explicit date [0.50ms]
web	UNKNOWN STEP	2026-10-03T15:01:34.4676779Z (pass) independently specified temporal fixtures > same date range [0.54ms]
web	UNKNOWN STEP	2026-10-03T15:01:34.4683608Z (pass) independently specified temporal fixtures > overnight range [0.65ms]
web	UNKNOWN STEP	2026-10-03T15:01:34.4685567Z (pass) independently specified temporal fixtures > Unix seconds [0.24ms]
web	UNKNOWN STEP	2026-10-03T15:01:34.4690615Z (pass) independently specified temporal fixtures > Unix text order [0.50ms]
web	UNKNOWN STEP	2026-10-03T15:01:34.4698023Z (pass) independently specified temporal fixtures > duplicate mentions [0.67ms]
web	UNKNOWN STEP	2026-10-03T15:01:34.4704477Z (pass) independently specified temporal fixtures > distinct dates retained [0.63ms]
web	UNKNOWN STEP	2026-10-03T15:01:34.4708867Z (pass) independently specified temporal fixtures > missing timezone source default [0.50ms]
web	UNKNOWN STEP	2026-10-03T15:01:34.4710226Z (pass) independently specified temporal fixtures > no matching time [0.08ms]
web	UNKNOWN STEP	2026-10-03T15:01:34.4713281Z (pass) independently specified temporal fixtures > HTML remains text [0.36ms]
web	UNKNOWN STEP	2026-10-03T15:01:34.4717636Z (pass) independently specified temporal fixtures > relative source date at UTC midnight [0.41ms]
web	UNKNOWN STEP	2026-10-03T15:01:34.4724003Z (pass) independently specified temporal fixtures > relative header in source zone [0.36ms]
web	UNKNOWN STEP	2026-10-03T15:01:34.4727467Z (pass) independently specified temporal fixtures > unrelated sentence date reset [0.61ms]
web	UNKNOWN STEP	2026-10-03T15:01:34.4731688Z (pass) independently specified temporal fixtures > military time with fixed zone [0.42ms]
web	UNKNOWN STEP	2026-10-03T15:01:34.4734461Z (pass) independently specified temporal fixtures > military Zulu [0.28ms]
web	UNKNOWN STEP	2026-10-03T15:01:34.4739426Z (pass) independently specified temporal fixtures > shorthand meridiem [0.48ms]
web	UNKNOWN STEP	2026-10-03T15:01:34.4747953Z (pass) independently specified temporal fixtures > between range [0.79ms]
web	UNKNOWN STEP	2026-10-03T15:01:34.4751186Z (pass) independently specified temporal fixtures > unknown IANA wins over adjacent UTC token [0.31ms]
web	UNKNOWN STEP	2026-10-03T15:01:34.4754950Z (pass) independently specified temporal fixtures > leap day retained [0.38ms]
web	UNKNOWN STEP	2026-10-03T15:01:34.4759798Z (pass) independently specified temporal fixtures > bare city summer rules [0.47ms]
web	UNKNOWN STEP	2026-10-03T15:01:34.4764957Z (pass) independently specified temporal fixtures > city before prose [0.52ms]
web	UNKNOWN STEP	2026-10-03T15:01:34.4780828Z (pass) independently specified temporal fixtures > NYC alias [0.54ms]
web	UNKNOWN STEP	2026-10-03T15:01:34.4781983Z (pass) independently specified temporal fixtures > Melbourne alias [0.44ms]
web	UNKNOWN STEP	2026-10-03T15:01:34.4783055Z (pass) independently specified temporal fixtures > 2015 Unix boundary [0.11ms]
web	UNKNOWN STEP	2026-10-03T15:01:34.4783776Z (pass) independently specified temporal fixtures > 2035 Unix boundary [0.17ms]
web	UNKNOWN STEP	2026-10-03T15:01:34.4786629Z (pass) independently specified temporal fixtures > explicit zone upgrades default duplicate [0.84ms]
web	UNKNOWN STEP	2026-10-03T15:01:34.4791140Z (pass) independently specified temporal fixtures > ISO fractional seconds [0.45ms]
web	UNKNOWN STEP	2026-10-03T15:01:34.4793202Z (pass) independently specified temporal fixtures > partial colloquial match must not convert wrong time [0.15ms]
web	UNKNOWN STEP	2026-10-03T15:01:34.4798787Z (pass) independently specified temporal fixtures > vague approximate hour [0.10ms]
web	UNKNOWN STEP	2026-10-03T15:01:34.4799915Z (pass) independently specified temporal fixtures > no invented end of business hour [0.07ms]
web	UNKNOWN STEP	2026-10-03T15:01:34.4822959Z (pass) formatting rolls into next day and copy includes full context [2.60ms]
web	UNKNOWN STEP	2026-10-03T15:01:34.4827170Z (pass) negative fractional offset never invents a location [0.65ms]
web	UNKNOWN STEP	2026-10-03T15:01:34.4836952Z (pass) short fuzzy city and unknown guesses are rejected [0.96ms]
web	UNKNOWN STEP	2026-10-03T15:01:34.4848391Z (pass) valid input at limit converts; arbitrary numbers and milliseconds stay unparsed [1.14ms]
web	UNKNOWN STEP	2026-10-03T15:01:34.4853834Z (pass) range keeps textual identities and both endpoints [0.55ms]
web	UNKNOWN STEP	2026-10-03T15:01:34.4855469Z (pass) input limit and invalid target give actionable errors [0.14ms]
web	UNKNOWN STEP	2026-10-03T15:01:34.4866563Z (pass) reference date override leaves source zone independent of target [1.00ms]
web	UNKNOWN STEP	2026-10-03T15:01:34.4896037Z 
web	UNKNOWN STEP	2026-10-03T15:01:34.4897316Z ##[endgroup]
web	UNKNOWN STEP	2026-10-03T15:01:34.4897529Z 
web	UNKNOWN STEP	2026-10-03T15:01:34.4897663Z  72 pass
web	UNKNOWN STEP	2026-10-03T15:01:34.4897953Z  0 fail
web	UNKNOWN STEP	2026-10-03T15:01:34.4898296Z  572 expect() calls
web	UNKNOWN STEP	2026-10-03T15:01:34.4898650Z Ran 72 tests across 2 files. [353.00ms]
web	UNKNOWN STEP	2026-10-03T15:01:34.4954105Z $ bun run typecheck && bun scripts/third-party-notices.ts && bunx --bun vite build && bun scripts/build-offline.ts
web	UNKNOWN STEP	2026-10-03T15:01:34.4988198Z $ bunx --bun tsc --noEmit
web	UNKNOWN STEP	2026-10-03T15:01:34.8427249Z Included notices for 6 production packages.
web	UNKNOWN STEP	2026-10-03T15:01:35.0738048Z ^[[36mvite v8.3.2 ^[[32mbuilding client environment for production...^[[36m^[[39m
web	UNKNOWN STEP	2026-10-03T15:01:35.0816465Z transforming...
web	UNKNOWN STEP	2026-10-03T15:01:35.2316256Z ✓ 24 modules transformed.
web	UNKNOWN STEP	2026-10-03T15:01:35.2579569Z rendering chunks...
web	UNKNOWN STEP	2026-10-03T15:01:35.3066106Z computing gzip size...
web	UNKNOWN STEP	2026-10-03T15:01:35.3150328Z dist/index.html                   0.79 kB │ gzip:   0.44 kB
web	UNKNOWN STEP	2026-10-03T15:01:35.3150758Z dist/assets/worker-Dcv-t75w.js  218.70 kB
web	UNKNOWN STEP	2026-10-03T15:01:35.3151190Z dist/assets/index-CuSIudKT.css   10.37 kB │ gzip:   2.97 kB
web	UNKNOWN STEP	2026-10-03T15:01:35.3151646Z dist/assets/index-BStsfkDs.js   399.15 kB │ gzip: 120.72 kB
web	UNKNOWN STEP	2026-10-03T15:01:35.3151894Z 
web	UNKNOWN STEP	2026-10-03T15:01:35.3153312Z ^[[32m✓ built in 241ms^[[39m
web	UNKNOWN STEP	2026-10-03T15:01:35.6690991Z Offline version 92046a33e415ab67: 10 local assets, /
web	UNKNOWN STEP	2026-10-03T15:01:35.6749954Z ##[group]Run bun run corpus:audit
web	UNKNOWN STEP	2026-10-03T15:01:35.6750308Z ^[[36;1mbun run corpus:audit^[[0m
web	UNKNOWN STEP	2026-10-03T15:01:35.6750653Z ^[[36;1mgit diff --exit-code -- docs/planning/corpus-audit.json^[[0m
web	UNKNOWN STEP	2026-10-03T15:01:35.6816220Z shell: /usr/bin/bash -e {0}
web	UNKNOWN STEP	2026-10-03T15:01:35.6816476Z env:
web	UNKNOWN STEP	2026-10-03T15:01:35.6816675Z   MISE_LOG_LEVEL: info
web	UNKNOWN STEP	2026-10-03T15:01:35.6819406Z   MISE_GITHUB_TOKEN: ***
web	UNKNOWN STEP	2026-10-03T15:01:35.6819768Z   MISE_TRUSTED_CONFIG_PATHS: /home/runner/work/ChronoShift/ChronoShift
web	UNKNOWN STEP	2026-10-03T15:01:35.6820171Z   MISE_YES: 1
web	UNKNOWN STEP	2026-10-03T15:01:35.6821762Z   PATH: /home/runner/.local/share/mise/installs/bun/1.4.0/bin:/home/runner/.local/share/mise/installs/node/26.8.1/bin:/home/runner/.local/share/mise/shims:/home/runner/.local/share/mise/bin:/snap/bin:/home/runner/.local/bin:/opt/pipx_bin:/home/runner/.cargo/bin:/home/runner/.config/composer/vendor/bin:/usr/local/.ghcup/bin:/home/runner/.dotnet/tools:/usr/local/sbin:/usr/local/bin:/usr/sbin:/usr/bin:/sbin:/bin:/usr/games:/usr/local/games
web	UNKNOWN STEP	2026-10-03T15:01:35.6823379Z ##[endgroup]
web	UNKNOWN STEP	2026-10-03T15:01:35.7016094Z $ bun scripts/audit-corpus.ts
web	UNKNOWN STEP	2026-10-03T15:01:36.0177148Z 353 real inputs exercised; 0 crashes; 29 cases need review of legacy expectations or parser gaps.
web	UNKNOWN STEP	2026-10-03T15:01:36.0315460Z ##[group]Run bunx --bun playwright install --with-deps chromium firefox webkit
web	UNKNOWN STEP	2026-10-03T15:01:36.0316083Z ^[[36;1mbunx --bun playwright install --with-deps chromium firefox webkit^[[0m
web	UNKNOWN STEP	2026-10-03T15:01:36.0378940Z shell: /usr/bin/bash -e {0}
web	UNKNOWN STEP	2026-10-03T15:01:36.0379205Z env:
web	UNKNOWN STEP	2026-10-03T15:01:36.0379398Z   MISE_LOG_LEVEL: info
web	UNKNOWN STEP	2026-10-03T15:01:36.0382194Z   MISE_GITHUB_TOKEN: ***
web	UNKNOWN STEP	2026-10-03T15:01:36.0382559Z   MISE_TRUSTED_CONFIG_PATHS: /home/runner/work/ChronoShift/ChronoShift
web	UNKNOWN STEP	2026-10-03T15:01:36.0382941Z   MISE_YES: 1
web	UNKNOWN STEP	2026-10-03T15:01:36.0384514Z   PATH: /home/runner/.local/share/mise/installs/bun/1.4.0/bin:/home/runner/.local/share/mise/installs/node/26.8.1/bin:/home/runner/.local/share/mise/shims:/home/runner/.local/share/mise/bin:/snap/bin:/home/runner/.local/bin:/opt/pipx_bin:/home/runner/.cargo/bin:/home/runner/.config/composer/vendor/bin:/usr/local/.ghcup/bin:/home/runner/.dotnet/tools:/usr/local/sbin:/usr/local/bin:/usr/sbin:/usr/bin:/sbin:/bin:/usr/games:/usr/local/games
web	UNKNOWN STEP	2026-10-03T15:01:36.0386425Z ##[endgroup]
web	UNKNOWN STEP	2026-10-03T15:01:36.8123189Z Installing dependencies...
web	UNKNOWN STEP	2026-10-03T15:01:36.8319314Z Switching to root user to install dependencies...
web	UNKNOWN STEP	2026-10-03T15:01:36.9116625Z Get:1 file:/etc/apt/apt-mirrors.txt Mirrorlist [144 B]
web	UNKNOWN STEP	2026-10-03T15:01:36.9394100Z Hit:2 http://azure.archive.ubuntu.com/ubuntu noble InRelease
web	UNKNOWN STEP	2026-10-03T15:01:36.9395443Z Get:6 https://packages.microsoft.com/ubuntu/24.04/prod noble InRelease [3600 B]
web	UNKNOWN STEP	2026-10-03T15:01:36.9415357Z Get:3 http://azure.archive.ubuntu.com/ubuntu noble-updates InRelease [126 kB]
web	UNKNOWN STEP	2026-10-03T15:01:36.9450370Z Get:4 http://azure.archive.ubuntu.com/ubuntu noble-backports InRelease [126 kB]
web	UNKNOWN STEP	2026-10-03T15:01:36.9476128Z Get:5 http://azure.archive.ubuntu.com/ubuntu noble-security InRelease [126 kB]
web	UNKNOWN STEP	2026-10-03T15:01:37.0721473Z Get:7 https://packages.microsoft.com/ubuntu/24.04/prod noble/main armhf Packages [12.6 kB]
web	UNKNOWN STEP	2026-10-03T15:01:37.0821115Z Get:8 https://packages.microsoft.com/ubuntu/24.04/prod noble/main arm64 Packages [458 kB]
web	UNKNOWN STEP	2026-10-03T15:01:37.0874161Z Get:9 https://packages.microsoft.com/ubuntu/24.04/prod noble/main amd64 Packages [511 kB]
web	UNKNOWN STEP	2026-10-03T15:01:37.1226307Z Get:10 http://azure.archive.ubuntu.com/ubuntu noble-updates/main amd64 Packages [1364 kB]
web	UNKNOWN STEP	2026-10-03T15:01:37.1288546Z Get:11 http://azure.archive.ubuntu.com/ubuntu noble-updates/main Translation-en [304 kB]
web	UNKNOWN STEP	2026-10-03T15:01:37.1317488Z Get:12 http://azure.archive.ubuntu.com/ubuntu noble-updates/main amd64 Components [181 kB]
web	UNKNOWN STEP	2026-10-03T15:01:37.1324528Z Get:13 http://azure.archive.ubuntu.com/ubuntu noble-updates/universe amd64 Packages [1699 kB]
web	UNKNOWN STEP	2026-10-03T15:01:37.1405627Z Get:14 http://azure.archive.ubuntu.com/ubuntu noble-updates/universe Translation-en [341 kB]
web	UNKNOWN STEP	2026-10-03T15:01:37.1422524Z Get:15 http://azure.archive.ubuntu.com/ubuntu noble-updates/universe amd64 Components [388 kB]
web	UNKNOWN STEP	2026-10-03T15:01:37.1445780Z Get:16 http://azure.archive.ubuntu.com/ubuntu noble-updates/restricted amd64 Packages [1720 kB]
web	UNKNOWN STEP	2026-10-03T15:01:37.1527280Z Get:17 http://azure.archive.ubuntu.com/ubuntu noble-updates/restricted Translation-en [394 kB]
web	UNKNOWN STEP	2026-10-03T15:01:37.1547214Z Get:18 http://azure.archive.ubuntu.com/ubuntu noble-updates/multiverse amd64 Components [940 B]
web	UNKNOWN STEP	2026-10-03T15:01:37.1816503Z Get:19 http://azure.archive.ubuntu.com/ubuntu noble-backports/main amd64 Components [5736 B]
web	UNKNOWN STEP	2026-10-03T15:01:37.2260056Z Get:20 http://azure.archive.ubuntu.com/ubuntu noble-backports/universe amd64 Components [12.6 kB]
web	UNKNOWN STEP	2026-10-03T15:01:37.2332372Z Get:21 http://azure.archive.ubuntu.com/ubuntu noble-security/main amd64 Packages [1069 kB]
web	UNKNOWN STEP	2026-10-03T15:01:37.2382018Z Get:22 http://azure.archive.ubuntu.com/ubuntu noble-security/main Translation-en [221 kB]
web	UNKNOWN STEP	2026-10-03T15:01:37.2397936Z Get:23 http://azure.archive.ubuntu.com/ubuntu noble-security/main amd64 Components [46.5 kB]
web	UNKNOWN STEP	2026-10-03T15:01:37.2406186Z Get:24 http://azure.archive.ubuntu.com/ubuntu noble-security/universe amd64 Packages [1216 kB]
web	UNKNOWN STEP	2026-10-03T15:01:37.2461981Z Get:25 http://azure.archive.ubuntu.com/ubuntu noble-security/universe Translation-en [244 kB]
web	UNKNOWN STEP	2026-10-03T15:01:37.2480654Z Get:26 http://azure.archive.ubuntu.com/ubuntu noble-security/universe amd64 Components [76.3 kB]
web	UNKNOWN STEP	2026-10-03T15:01:37.2495834Z Get:27 http://azure.archive.ubuntu.com/ubuntu noble-security/restricted amd64 Packages [1566 kB]
web	UNKNOWN STEP	2026-10-03T15:01:37.2560025Z Get:28 http://azure.archive.ubuntu.com/ubuntu noble-security/restricted Translation-en [361 kB]
web	UNKNOWN STEP	2026-10-03T15:01:41.5213953Z Fetched 12.6 MB in 1s (9359 kB/s)
web	UNKNOWN STEP	2026-10-03T15:01:42.3922021Z Reading package lists...
web	UNKNOWN STEP	2026-10-03T15:01:42.6297144Z Reading package lists...
web	UNKNOWN STEP	2026-10-03T15:01:42.8177135Z Building dependency tree...
web	UNKNOWN STEP	2026-10-03T15:01:42.8186604Z Reading state information...
web	UNKNOWN STEP	2026-10-03T15:01:42.8324104Z libasound2t64 is already the newest version (1.2.11-1ubuntu0.3).
web	UNKNOWN STEP	2026-10-03T15:01:42.8324818Z libasound2t64 set to manually installed.
web	UNKNOWN STEP	2026-10-03T15:01:42.8325652Z libatk-bridge2.0-0t64 is already the newest version (2.52.0-1build1).
web	UNKNOWN STEP	2026-10-03T15:01:42.8326379Z libatk-bridge2.0-0t64 set to manually installed.
web	UNKNOWN STEP	2026-10-03T15:01:42.8327033Z libatk1.0-0t64 is already the newest version (2.52.0-1build1).
web	UNKNOWN STEP	2026-10-03T15:01:42.8327650Z libatk1.0-0t64 set to manually installed.
web	UNKNOWN STEP	2026-10-03T15:01:42.8328273Z libatspi2.0-0t64 is already the newest version (2.52.0-1build1).
web	UNKNOWN STEP	2026-10-03T15:01:42.8328923Z libatspi2.0-0t64 set to manually installed.
web	UNKNOWN STEP	2026-10-03T15:01:42.8329511Z libcairo2 is already the newest version (1.18.0-3build1).
web	UNKNOWN STEP	2026-10-03T15:01:42.8330092Z libcairo2 set to manually installed.
web	UNKNOWN STEP	2026-10-03T15:01:42.8330698Z libcups2t64 is already the newest version (2.4.7-1.2ubuntu7.14).
web	UNKNOWN STEP	2026-10-03T15:01:42.8331334Z libcups2t64 set to manually installed.
web	UNKNOWN STEP	2026-10-03T15:01:42.8331924Z libdbus-1-3 is already the newest version (1.14.10-4ubuntu4.1).
web	UNKNOWN STEP	2026-10-03T15:01:42.8332545Z libdbus-1-3 set to manually installed.
web	UNKNOWN STEP	2026-10-03T15:01:42.8333152Z libdrm2 is already the newest version (2.4.125-1ubuntu0.1~24.04.2).
web	UNKNOWN STEP	2026-10-03T15:01:42.8333786Z libdrm2 set to manually installed.
web	UNKNOWN STEP	2026-10-03T15:01:42.8334382Z libglib2.0-0t64 is already the newest version (2.80.0-6ubuntu3.9).
web	UNKNOWN STEP	2026-10-03T15:01:42.8335028Z libglib2.0-0t64 set to manually installed.
web	UNKNOWN STEP	2026-10-03T15:01:42.8335827Z libnspr4 is already the newest version (2:4.35-1.1build1).
web	UNKNOWN STEP	2026-10-03T15:01:42.8336418Z libnspr4 set to manually installed.
web	UNKNOWN STEP	2026-10-03T15:01:42.8336965Z libnss3 is already the newest version (2:3.98-1ubuntu0.2).
web	UNKNOWN STEP	2026-10-03T15:01:42.8337540Z libnss3 set to manually installed.
web	UNKNOWN STEP	2026-10-03T15:01:42.8338129Z libpango-1.0-0 is already the newest version (1.52.1+ds-1build1).
web	UNKNOWN STEP	2026-10-03T15:01:42.8338765Z libpango-1.0-0 set to manually installed.
web	UNKNOWN STEP	2026-10-03T15:01:42.8339334Z libx11-6 is already the newest version (2:1.8.7-1build1).
web	UNKNOWN STEP	2026-10-03T15:01:42.8339903Z libx11-6 set to manually installed.
web	UNKNOWN STEP	2026-10-03T15:01:42.8340434Z libxcb1 is already the newest version (1.15-1ubuntu2).
web	UNKNOWN STEP	2026-10-03T15:01:42.8340988Z libxcb1 set to manually installed.
web	UNKNOWN STEP	2026-10-03T15:01:42.8341569Z libxcomposite1 is already the newest version (1:0.4.5-1build3).
web	UNKNOWN STEP	2026-10-03T15:01:42.8342222Z libxcomposite1 set to manually installed.
web	UNKNOWN STEP	2026-10-03T15:01:42.8342832Z libxdamage1 is already the newest version (1:1.1.6-1build1).
web	UNKNOWN STEP	2026-10-03T15:01:42.8343434Z libxdamage1 set to manually installed.
web	UNKNOWN STEP	2026-10-03T15:01:42.8343999Z libxext6 is already the newest version (2:1.3.4-1build2).
web	UNKNOWN STEP	2026-10-03T15:01:42.8344579Z libxext6 set to manually installed.
web	UNKNOWN STEP	2026-10-03T15:01:42.8345294Z libxfixes3 is already the newest version (1:6.0.0-2build1).
web	UNKNOWN STEP	2026-10-03T15:01:42.8345893Z libxfixes3 set to manually installed.
web	UNKNOWN STEP	2026-10-03T15:01:42.8346475Z libxkbcommon0 is already the newest version (1.6.0-1build1).
web	UNKNOWN STEP	2026-10-03T15:01:42.8347089Z libxkbcommon0 set to manually installed.
web	UNKNOWN STEP	2026-10-03T15:01:42.8347690Z libxrandr2 is already the newest version (2:1.5.2-2build1).
web	UNKNOWN STEP	2026-10-03T15:01:42.8348284Z libxrandr2 set to manually installed.
web	UNKNOWN STEP	2026-10-03T15:01:42.8348840Z xvfb is already the newest version (2:21.1.12-1ubuntu1.8).
web	UNKNOWN STEP	2026-10-03T15:01:42.8349630Z fonts-noto-color-emoji is already the newest version (2.047-0ubuntu0.24.04.1).
web	UNKNOWN STEP	2026-10-03T15:01:42.8350822Z libfontconfig1 is already the newest version (2.15.0-1.1ubuntu2).
web	UNKNOWN STEP	2026-10-03T15:01:42.8351485Z libfontconfig1 set to manually installed.
web	UNKNOWN STEP	2026-10-03T15:01:42.8352134Z libfreetype6 is already the newest version (2.13.2+dfsg-1ubuntu0.1).
web	UNKNOWN STEP	2026-10-03T15:01:42.8352997Z libfreetype6 set to manually installed.
web	UNKNOWN STEP	2026-10-03T15:01:42.8353594Z fonts-liberation is already the newest version (1:2.1.5-3).
web	UNKNOWN STEP	2026-10-03T15:01:42.8354242Z fonts-liberation set to manually installed.
web	UNKNOWN STEP	2026-10-03T15:01:42.8354903Z libcairo-gobject2 is already the newest version (1.18.0-3build1).
web	UNKNOWN STEP	2026-10-03T15:01:42.8355766Z libcairo-gobject2 set to manually installed.
web	UNKNOWN STEP	2026-10-03T15:01:42.8356470Z libgdk-pixbuf-2.0-0 is already the newest version (2.42.10+dfsg-3ubuntu3.3).
web	UNKNOWN STEP	2026-10-03T15:01:42.8357214Z libgdk-pixbuf-2.0-0 set to manually installed.
web	UNKNOWN STEP	2026-10-03T15:01:42.8357869Z libgtk-3-0t64 is already the newest version (3.24.41-4ubuntu1.3).
web	UNKNOWN STEP	2026-10-03T15:01:42.8358510Z libgtk-3-0t64 set to manually installed.
web	UNKNOWN STEP	2026-10-03T15:01:42.8359161Z libpangocairo-1.0-0 is already the newest version (1.52.1+ds-1build1).
web	UNKNOWN STEP	2026-10-03T15:01:42.8359865Z libpangocairo-1.0-0 set to manually installed.
web	UNKNOWN STEP	2026-10-03T15:01:42.8360485Z libx11-xcb1 is already the newest version (2:1.8.7-1build1).
web	UNKNOWN STEP	2026-10-03T15:01:42.8361021Z libx11-xcb1 set to manually installed.
web	UNKNOWN STEP	2026-10-03T15:01:42.8361518Z libxcb-shm0 is already the newest version (1.15-1ubuntu2).
web	UNKNOWN STEP	2026-10-03T15:01:42.8362013Z libxcb-shm0 set to manually installed.
web	UNKNOWN STEP	2026-10-03T15:01:42.8362500Z libxcursor1 is already the newest version (1:1.2.1-1build1).
web	UNKNOWN STEP	2026-10-03T15:01:42.8363017Z libxcursor1 set to manually installed.
web	UNKNOWN STEP	2026-10-03T15:01:42.8363494Z libxi6 is already the newest version (2:1.8.1-1build1).
web	UNKNOWN STEP	2026-10-03T15:01:42.8364023Z libxi6 set to manually installed.
web	UNKNOWN STEP	2026-10-03T15:01:42.8364704Z libxrender1 is already the newest version (1:0.9.10-1.1build1).
web	UNKNOWN STEP	2026-10-03T15:01:42.8365413Z libxrender1 set to manually installed.
web	UNKNOWN STEP	2026-10-03T15:01:42.8365905Z libicu74 is already the newest version (74.2-1ubuntu3.1).
web	UNKNOWN STEP	2026-10-03T15:01:42.8366518Z libatomic1 is already the newest version (14.2.0-4ubuntu2~24.04.1).
web	UNKNOWN STEP	2026-10-03T15:01:42.8367063Z libatomic1 set to manually installed.
web	UNKNOWN STEP	2026-10-03T15:01:42.8367552Z libenchant-2-2 is already the newest version (2.3.3-2build2).
web	UNKNOWN STEP	2026-10-03T15:01:42.8368079Z libenchant-2-2 set to manually installed.
web	UNKNOWN STEP	2026-10-03T15:01:42.8368557Z libepoxy0 is already the newest version (1.5.10-1build1).
web	UNKNOWN STEP	2026-10-03T15:01:42.8369057Z libepoxy0 set to manually installed.
web	UNKNOWN STEP	2026-10-03T15:01:42.8369581Z libgstreamer1.0-0 is already the newest version (1.24.2-1ubuntu0.1).
web	UNKNOWN STEP	2026-10-03T15:01:42.8370164Z libgstreamer1.0-0 set to manually installed.
web	UNKNOWN STEP	2026-10-03T15:01:42.8370687Z libharfbuzz0b is already the newest version (8.3.0-2build2).
web	UNKNOWN STEP	2026-10-03T15:01:42.8371207Z libharfbuzz0b set to manually installed.
web	UNKNOWN STEP	2026-10-03T15:01:42.8371739Z libjpeg-turbo8 is already the newest version (2.1.5-2ubuntu2).
web	UNKNOWN STEP	2026-10-03T15:01:42.9643762Z libjpeg-turbo8 set to manually installed.
web	UNKNOWN STEP	2026-10-03T15:01:42.9644511Z liblcms2-2 is already the newest version (2.14-2ubuntu0.1).
web	UNKNOWN STEP	2026-10-03T15:01:42.9645333Z liblcms2-2 set to manually installed.
web	UNKNOWN STEP	2026-10-03T15:01:42.9645972Z libpng16-16t64 is already the newest version (1.6.43-5ubuntu0.6).
web	UNKNOWN STEP	2026-10-03T15:01:42.9646625Z libpng16-16t64 set to manually installed.
web	UNKNOWN STEP	2026-10-03T15:01:42.9647325Z libwayland-client0 is already the newest version (1.22.0-2.1build1).
web	UNKNOWN STEP	2026-10-03T15:01:42.9648066Z libwayland-client0 set to manually installed.
web	UNKNOWN STEP	2026-10-03T15:01:42.9648738Z libwayland-egl1 is already the newest version (1.22.0-2.1build1).
web	UNKNOWN STEP	2026-10-03T15:01:42.9649375Z libwayland-egl1 set to manually installed.
web	UNKNOWN STEP	2026-10-03T15:01:42.9649961Z libwebp7 is already the newest version (1.3.2-0.4build3).
web	UNKNOWN STEP	2026-10-03T15:01:42.9650566Z libwebp7 set to manually installed.
web	UNKNOWN STEP	2026-10-03T15:01:42.9651135Z libwebpdemux2 is already the newest version (1.3.2-0.4build3).
web	UNKNOWN STEP	2026-10-03T15:01:42.9651754Z libwebpdemux2 set to manually installed.
web	UNKNOWN STEP	2026-10-03T15:01:42.9652360Z libxml2 is already the newest version (2.9.14+dfsg-1.3ubuntu3.9).
web	UNKNOWN STEP	2026-10-03T15:01:42.9653415Z libxml2 set to manually installed.
web	UNKNOWN STEP	2026-10-03T15:01:42.9654042Z libxslt1.1 is already the newest version (1.1.39-0exp1ubuntu0.24.04.3).
web	UNKNOWN STEP	2026-10-03T15:01:42.9654689Z libxslt1.1 set to manually installed.
web	UNKNOWN STEP	2026-10-03T15:01:42.9655667Z The following additional packages will be installed:
web	UNKNOWN STEP	2026-10-03T15:01:42.9656419Z   glib-networking glib-networking-common glib-networking-services
web	UNKNOWN STEP	2026-10-03T15:01:42.9657212Z   gsettings-desktop-schemas libaa1 libabsl20220623t64 libass9 libasyncns0
web	UNKNOWN STEP	2026-10-03T15:01:42.9658102Z   libavc1394-0 libavfilter9 libavformat60 libavtp0 libavutil58 libblas3
web	UNKNOWN STEP	2026-10-03T15:01:42.9658994Z   libbluray2 libbs2b0 libcaca0 libcairo-script-interpreter2 libcdparanoia0
web	UNKNOWN STEP	2026-10-03T15:01:42.9659889Z   libchromaprint1 libcjson1 libcodec2-1.2 libdav1d7 libdc1394-25 libdca0
web	UNKNOWN STEP	2026-10-03T15:01:42.9660706Z   libde265-0 libdecor-0-0 libdirectfb-1.7-7t64 libdv4t64 libdvdnav4
web	UNKNOWN STEP	2026-10-03T15:01:42.9661443Z   libdvdread8t64 libegl-mesa0 libegl1 libevent-core-2.1-7t64
web	UNKNOWN STEP	2026-10-03T15:01:42.9662252Z   libevent-pthreads-2.1-7t64 libfaad2 libflac12t64 libfluidsynth3 libfreeaptx0
web	UNKNOWN STEP	2026-10-03T15:01:42.9663136Z   libgav1-1 libgl1-mesa-dri libglx-mesa0 libgme0 libgraphene-1.0-0 libgsm1
web	UNKNOWN STEP	2026-10-03T15:01:42.9663703Z   libgssdp-1.6-0 libgstreamer-plugins-good1.0-0 libgtk-4-common libgupnp-1.6-0
web	UNKNOWN STEP	2026-10-03T15:01:42.9664243Z   libgupnp-igd-1.6-0 libhwy1t64 libiec61883-0 libimath-3-1-29t64
web	UNKNOWN STEP	2026-10-03T15:01:42.9664702Z   libinstpatch-1.0-2 libjack-jackd2-0 libjxl0.7 liblapack3 liblc3-1
web	UNKNOWN STEP	2026-10-03T15:01:42.9665449Z   libldacbt-enc2 liblilv-0-0 liblrdf0 libltc11 libmbedcrypto7t64 libmfx1
web	UNKNOWN STEP	2026-10-03T15:01:42.9665935Z   libmjpegutils-2.1-0t64 libmodplug1 libmp3lame0 libmpcdec6
web	UNKNOWN STEP	2026-10-03T15:01:42.9666383Z   libmpeg2encpp-2.1-0t64 libmpg123-0t64 libmplex2-2.1-0t64 libmysofa1
web	UNKNOWN STEP	2026-10-03T15:01:42.9666855Z   libneon27t64 libnice10 libopenal-data libopenal1 libopenexr-3-1-30
web	UNKNOWN STEP	2026-10-03T15:01:42.9667283Z   libopenh264-7 libopenmpt0t64 libopenni2-0 liborc-0.4-0t64
web	UNKNOWN STEP	2026-10-03T15:01:42.9667736Z   libpipewire-0.3-0t64 libplacebo338 libpocketsphinx3 libpostproc57
web	UNKNOWN STEP	2026-10-03T15:01:42.9668208Z   libproxy1v5 libpulse0 libqrencode4 libraptor2-0 librav1e0 libraw1394-11
web	UNKNOWN STEP	2026-10-03T15:01:42.9668707Z   librist4 librsvg2-2 librubberband2 libsamplerate0 libsbc1 libsdl2-2.0-0
web	UNKNOWN STEP	2026-10-03T15:01:42.9669201Z   libsecret-common libserd-0-0 libshine3 libshout3 libsndfile1 libsndio7.0
web	UNKNOWN STEP	2026-10-03T15:01:42.9669686Z   libsord-0-0 libsoundtouch1 libsoup-3.0-0 libsoup-3.0-common libsoxr0
web	UNKNOWN STEP	2026-10-03T15:01:42.9670187Z   libspa-0.2-modules libspandsp2t64 libspeex1 libsphinxbase3t64 libsratom-0-0
web	UNKNOWN STEP	2026-10-03T15:01:42.9670712Z   libsrt1.5-gnutls libsrtp2-1 libssh-gcrypt-4 libsvtav1enc1d1 libswresample4
web	UNKNOWN STEP	2026-10-03T15:01:42.9671225Z   libswscale7 libtag1v5 libtag1v5-vanilla libtheora0 libtwolame0 libudfread0
web	UNKNOWN STEP	2026-10-03T15:01:42.9671719Z   libunibreak5 libv4l-0t64 libv4lconvert0t64 libva-drm2 libva-x11-2 libva2
web	UNKNOWN STEP	2026-10-03T15:01:42.9672203Z   libvdpau1 libvidstab1.1 libvisual-0.4-0 libvo-aacenc0 libvo-amrwbenc0
web	UNKNOWN STEP	2026-10-03T15:01:42.9672705Z   libvorbisenc2 libvpl2 libwavpack1 libwebrtc-audio-processing1 libwildmidi2
web	UNKNOWN STEP	2026-10-03T15:01:42.9673215Z   libx265-199 libxcb-xkb1 libxkbcommon-x11-0 libxvidcore4 libyuv0 libzbar0t64
web	UNKNOWN STEP	2026-10-03T15:01:42.9673708Z   libzimg2 libzix-0-0 libzvbi-common libzvbi0t64 libzxing3 mesa-libgallium
web	UNKNOWN STEP	2026-10-03T15:01:42.9674219Z   ocl-icd-libopencl1 session-migration timgm6mb-soundfont xfonts-encodings
web	UNKNOWN STEP	2026-10-03T15:01:42.9674602Z   xfonts-utils
web	UNKNOWN STEP	2026-10-03T15:01:42.9674810Z Suggested packages:
web	UNKNOWN STEP	2026-10-03T15:01:42.9675377Z   frei0r-plugins gvfs libcuda1 libnvcuvid1 libnvidia-encode1 libbluray-bdj
web	UNKNOWN STEP	2026-10-03T15:01:42.9675923Z   libdirectfb-extra libdv-bin oss-compat libdvdcss2 libvisual-0.4-plugins
web	UNKNOWN STEP	2026-10-03T15:01:42.9676405Z   jackd2 liblrdf0-dev libportaudio2 opus-tools pipewire pulseaudio
web	UNKNOWN STEP	2026-10-03T15:01:42.9676855Z   raptor2-utils libraw1394-doc librsvg2-bin serdi sndiod sordi speex
web	UNKNOWN STEP	2026-10-03T15:01:42.9677268Z   libwildmidi-config opencl-icd fluid-soundfont-gm
web	UNKNOWN STEP	2026-10-03T15:01:42.9677591Z Recommended packages:
web	UNKNOWN STEP	2026-10-03T15:01:42.9678082Z   fonts-ipafont-mincho fonts-tlwg-loma gstreamer1.0-x libaacs0
web	UNKNOWN STEP	2026-10-03T15:01:42.9678560Z   default-libdecor-0-plugin-1 | libdecor-0-plugin-1 gstreamer1.0-gl
web	UNKNOWN STEP	2026-10-03T15:01:42.9679071Z   libgtk-4-bin librsvg2-common libgtk-4-media-gstreamer libpipewire-0.3-common
web	UNKNOWN STEP	2026-10-03T15:01:42.9679724Z   pocketsphinx-en-us va-driver-all | va-driver vdpau-driver-all | vdpau-driver
web	UNKNOWN STEP	2026-10-03T15:01:42.9680132Z   libmagickcore-6.q16-7-extra
web	UNKNOWN STEP	2026-10-03T15:01:43.2006248Z The following NEW packages will be installed:
web	UNKNOWN STEP	2026-10-03T15:01:43.2007161Z   fonts-freefont-ttf fonts-ipafont-gothic fonts-tlwg-loma-otf fonts-unifont
web	UNKNOWN STEP	2026-10-03T15:01:43.2008044Z   fonts-wqy-zenhei glib-networking glib-networking-common
web	UNKNOWN STEP	2026-10-03T15:01:43.2008878Z   glib-networking-services gsettings-desktop-schemas gstreamer1.0-libav
web	UNKNOWN STEP	2026-10-03T15:01:43.2009930Z   gstreamer1.0-plugins-bad gstreamer1.0-plugins-base gstreamer1.0-plugins-good
web	UNKNOWN STEP	2026-10-03T15:01:43.2010960Z   libaa1 libabsl20220623t64 libass9 libasyncns0 libavc1394-0 libavcodec60
web	UNKNOWN STEP	2026-10-03T15:01:43.2011887Z   libavfilter9 libavformat60 libavif16 libavtp0 libavutil58 libblas3
web	UNKNOWN STEP	2026-10-03T15:01:43.2012847Z   libbluray2 libbs2b0 libcaca0 libcairo-script-interpreter2 libcdparanoia0
web	UNKNOWN STEP	2026-10-03T15:01:43.2013790Z   libchromaprint1 libcjson1 libcodec2-1.2 libdav1d7 libdc1394-25 libdca0
web	UNKNOWN STEP	2026-10-03T15:01:43.2014663Z   libde265-0 libdecor-0-0 libdirectfb-1.7-7t64 libdv4t64 libdvdnav4
web	UNKNOWN STEP	2026-10-03T15:01:43.2015747Z   libdvdread8t64 libegl-mesa0 libegl1 libevent-2.1-7t64 libfaad2 libflac12t64
web	UNKNOWN STEP	2026-10-03T15:01:43.2016688Z   libflite1 libfluidsynth3 libfreeaptx0 libgav1-1 libgles2 libgme0
web	UNKNOWN STEP	2026-10-03T15:01:43.2017569Z   libgraphene-1.0-0 libgsm1 libgssdp-1.6-0 libgstreamer-gl1.0-0
web	UNKNOWN STEP	2026-10-03T15:01:43.2018469Z   libgstreamer-plugins-bad1.0-0 libgstreamer-plugins-base1.0-0
web	UNKNOWN STEP	2026-10-03T15:01:43.2019386Z   libgstreamer-plugins-good1.0-0 libgtk-4-1 libgtk-4-common libgupnp-1.6-0
web	UNKNOWN STEP	2026-10-03T15:01:43.2020333Z   libgupnp-igd-1.6-0 libharfbuzz-icu0 libhwy1t64 libhyphen0 libiec61883-0
web	UNKNOWN STEP	2026-10-03T15:01:43.2021265Z   libimath-3-1-29t64 libinstpatch-1.0-2 libjack-jackd2-0 libjxl0.7 liblapack3
web	UNKNOWN STEP	2026-10-03T15:01:43.2022184Z   liblc3-1 libldacbt-enc2 liblilv-0-0 liblrdf0 libltc11 libmanette-0.2-0
web	UNKNOWN STEP	2026-10-03T15:01:43.2023155Z   libmbedcrypto7t64 libmfx1 libmjpegutils-2.1-0t64 libmodplug1 libmp3lame0
web	UNKNOWN STEP	2026-10-03T15:01:43.2024071Z   libmpcdec6 libmpeg2encpp-2.1-0t64 libmpg123-0t64 libmplex2-2.1-0t64
web	UNKNOWN STEP	2026-10-03T15:01:43.2024930Z   libmysofa1 libneon27t64 libnice10 libopenal-data libopenal1
web	UNKNOWN STEP	2026-10-03T15:01:43.2025893Z   libopenexr-3-1-30 libopenh264-7 libopenmpt0t64 libopenni2-0 libopus0
web	UNKNOWN STEP	2026-10-03T15:01:43.2026720Z   liborc-0.4-0t64 libpipewire-0.3-0t64 libplacebo338 libpocketsphinx3
web	UNKNOWN STEP	2026-10-03T15:01:43.2027602Z   libpostproc57 libproxy1v5 libpulse0 libqrencode4 libraptor2-0 librav1e0
web	UNKNOWN STEP	2026-10-03T15:01:43.2028480Z   libraw1394-11 librist4 librsvg2-2 librubberband2 libsamplerate0 libsbc1
web	UNKNOWN STEP	2026-10-03T15:01:43.2029396Z   libsdl2-2.0-0 libsecret-1-0 libsecret-common libserd-0-0 libshine3 libshout3
web	UNKNOWN STEP	2026-10-03T15:01:43.2030345Z   libsndfile1 libsndio7.0 libsord-0-0 libsoundtouch1 libsoup-3.0-0
web	UNKNOWN STEP	2026-10-03T15:01:43.2031234Z   libsoup-3.0-common libsoxr0 libspa-0.2-modules libspandsp2t64 libspeex1
web	UNKNOWN STEP	2026-10-03T15:01:43.2032162Z   libsphinxbase3t64 libsratom-0-0 libsrt1.5-gnutls libsrtp2-1 libssh-gcrypt-4
web	UNKNOWN STEP	2026-10-03T15:01:43.2033124Z   libsvtav1enc1d1 libswresample4 libswscale7 libtag1v5 libtag1v5-vanilla
web	UNKNOWN STEP	2026-10-03T15:01:43.2033992Z   libtheora0 libtwolame0 libudfread0 libunibreak5 libv4l-0t64
web	UNKNOWN STEP	2026-10-03T15:01:43.2034846Z   libv4lconvert0t64 libva-drm2 libva-x11-2 libva2 libvdpau1 libvidstab1.1
web	UNKNOWN STEP	2026-10-03T15:01:43.2035963Z   libvisual-0.4-0 libvo-aacenc0 libvo-amrwbenc0 libvorbisenc2 libvpl2 libvpx9
web	UNKNOWN STEP	2026-10-03T15:01:43.2036935Z   libwavpack1 libwayland-server0 libwebrtc-audio-processing1 libwildmidi2
web	UNKNOWN STEP	2026-10-03T15:01:43.2037829Z   libwoff1 libx264-164 libx265-199 libxcb-xkb1 libxkbcommon-x11-0 libxvidcore4
web	UNKNOWN STEP	2026-10-03T15:01:43.2038734Z   libyuv0 libzbar0t64 libzimg2 libzix-0-0 libzvbi-common libzvbi0t64 libzxing3
web	UNKNOWN STEP	2026-10-03T15:01:43.2040191Z   ocl-icd-libopencl1 session-migration timgm6mb-soundfont xfonts-cyrillic
web	UNKNOWN STEP	2026-10-03T15:01:43.2040946Z   xfonts-encodings xfonts-scalable xfonts-utils
web	UNKNOWN STEP	2026-10-03T15:01:43.2041512Z The following packages will be upgraded:
web	UNKNOWN STEP	2026-10-03T15:01:43.2042201Z   libevent-core-2.1-7t64 libevent-pthreads-2.1-7t64 libgbm1 libgl1-mesa-dri
web	UNKNOWN STEP	2026-10-03T15:01:43.2043100Z   libglx-mesa0 mesa-libgallium
web	UNKNOWN STEP	2026-10-03T15:01:43.2251462Z 6 upgraded, 181 newly installed, 0 to remove and 19 not upgraded.
web	UNKNOWN STEP	2026-10-03T15:01:43.2251895Z Need to get 125 MB of archives.
web	UNKNOWN STEP	2026-10-03T15:01:43.2252252Z After this operation, 364 MB of additional disk space will be used.
web	UNKNOWN STEP	2026-10-03T15:01:43.2252842Z Get:1 file:/etc/apt/apt-mirrors.txt Mirrorlist [144 B]
web	UNKNOWN STEP	2026-10-03T15:01:43.3849360Z Get:2 http://azure.archive.ubuntu.com/ubuntu noble/universe amd64 fonts-ipafont-gothic all 00303-21ubuntu1 [3513 kB]
web	UNKNOWN STEP	2026-10-03T15:01:44.0609989Z Get:3 http://azure.archive.ubuntu.com/ubuntu noble/main amd64 fonts-freefont-ttf all 20211204+svn4273-2 [5641 kB]
web	UNKNOWN STEP	2026-10-03T15:01:44.2469892Z Get:4 http://azure.archive.ubuntu.com/ubuntu noble/universe amd64 fonts-tlwg-loma-otf all 1:0.7.3-1 [107 kB]
web	UNKNOWN STEP	2026-10-03T15:01:44.3204915Z Get:5 http://azure.archive.ubuntu.com/ubuntu noble/universe amd64 fonts-unifont all 1:15.1.01-1build1 [2993 kB]
web	UNKNOWN STEP	2026-10-03T15:01:44.4199340Z Get:6 http://azure.archive.ubuntu.com/ubuntu noble/universe amd64 fonts-wqy-zenhei all 0.9.45-8 [7472 kB]
web	UNKNOWN STEP	2026-10-03T15:01:44.6545007Z Get:7 http://azure.archive.ubuntu.com/ubuntu noble/main amd64 libproxy1v5 amd64 0.5.4-4build1 [26.5 kB]
web	UNKNOWN STEP	2026-10-03T15:01:44.7282128Z Get:8 http://azure.archive.ubuntu.com/ubuntu noble/main amd64 glib-networking-common all 2.80.0-1build1 [6702 B]
web	UNKNOWN STEP	2026-10-03T15:01:44.8011150Z Get:9 http://azure.archive.ubuntu.com/ubuntu noble/main amd64 glib-networking-services amd64 2.80.0-1build1 [12.8 kB]
web	UNKNOWN STEP	2026-10-03T15:01:44.8760370Z Get:10 http://azure.archive.ubuntu.com/ubuntu noble/main amd64 session-migration amd64 0.3.9build1 [9034 B]
web	UNKNOWN STEP	2026-10-03T15:01:44.9493742Z Get:11 http://azure.archive.ubuntu.com/ubuntu noble-updates/main amd64 gsettings-desktop-schemas all 46.1-0ubuntu1 [35.6 kB]
web	UNKNOWN STEP	2026-10-03T15:01:45.0226056Z Get:12 http://azure.archive.ubuntu.com/ubuntu noble/main amd64 glib-networking amd64 2.80.0-1build1 [64.1 kB]
web	UNKNOWN STEP	2026-10-03T15:01:45.0959915Z Get:13 http://azure.archive.ubuntu.com/ubuntu noble-updates/universe amd64 libva2 amd64 2.20.0-2ubuntu0.2 [66.4 kB]
web	UNKNOWN STEP	2026-10-03T15:01:45.1695433Z Get:14 http://azure.archive.ubuntu.com/ubuntu noble-updates/universe amd64 libva-drm2 amd64 2.20.0-2ubuntu0.2 [7124 B]
web	UNKNOWN STEP	2026-10-03T15:01:45.2424019Z Get:15 http://azure.archive.ubuntu.com/ubuntu noble-updates/universe amd64 libva-x11-2 amd64 2.20.0-2ubuntu0.2 [12.0 kB]
web	UNKNOWN STEP	2026-10-03T15:01:45.3151939Z Get:16 http://azure.archive.ubuntu.com/ubuntu noble/main amd64 libvdpau1 amd64 1.5-2build1 [27.8 kB]
web	UNKNOWN STEP	2026-10-03T15:01:45.3885399Z Get:17 http://azure.archive.ubuntu.com/ubuntu noble/universe amd64 libvpl2 amd64 2023.3.0-1build1 [99.8 kB]
web	UNKNOWN STEP	2026-10-03T15:01:45.4622014Z Get:18 http://azure.archive.ubuntu.com/ubuntu noble/universe amd64 ocl-icd-libopencl1 amd64 2.3.2-1build1 [38.5 kB]
web	UNKNOWN STEP	2026-10-03T15:01:45.5356190Z Get:19 http://azure.archive.ubuntu.com/ubuntu noble/universe amd64 libavutil58 amd64 7:6.1.1-3ubuntu5 [401 kB]
web	UNKNOWN STEP	2026-10-03T15:01:45.6113720Z Get:20 http://azure.archive.ubuntu.com/ubuntu noble/universe amd64 libcodec2-1.2 amd64 1.2.0-2build1 [8998 kB]
web	UNKNOWN STEP	2026-10-03T15:01:45.8953264Z Get:21 http://azure.archive.ubuntu.com/ubuntu noble/universe amd64 libdav1d7 amd64 1.4.1-1build1 [604 kB]
web	UNKNOWN STEP	2026-10-03T15:01:45.9774900Z Get:22 http://azure.archive.ubuntu.com/ubuntu noble/universe amd64 libgsm1 amd64 1.0.22-1build1 [27.8 kB]
web	UNKNOWN STEP	2026-10-03T15:01:46.0508501Z Get:23 http://azure.archive.ubuntu.com/ubuntu noble/universe amd64 libhwy1t64 amd64 1.0.7-8.1build1 [584 kB]
web	UNKNOWN STEP	2026-10-03T15:01:46.1363681Z Get:24 http://azure.archive.ubuntu.com/ubuntu noble-updates/universe amd64 libjxl0.7 amd64 0.7.0-10.2ubuntu6.1 [1001 kB]
web	UNKNOWN STEP	2026-10-03T15:01:46.2329973Z Get:25 http://azure.archive.ubuntu.com/ubuntu noble/main amd64 libmp3lame0 amd64 3.100-6build1 [142 kB]
web	UNKNOWN STEP	2026-10-03T15:01:46.3103721Z Get:26 http://azure.archive.ubuntu.com/ubuntu noble/main amd64 libopus0 amd64 1.4-1build1 [208 kB]
web	UNKNOWN STEP	2026-10-03T15:01:46.3872411Z Get:27 http://azure.archive.ubuntu.com/ubuntu noble/universe amd64 librav1e0 amd64 0.7.1-2 [1022 kB]
web	UNKNOWN STEP	2026-10-03T15:01:46.4831657Z Get:28 http://azure.archive.ubuntu.com/ubuntu noble/main amd64 librsvg2-2 amd64 2.58.0+dfsg-1build1 [2135 kB]
web	UNKNOWN STEP	2026-10-03T15:01:46.6064752Z Get:29 http://azure.archive.ubuntu.com/ubuntu noble/universe amd64 libshine3 amd64 3.1.1-2build1 [23.2 kB]
web	UNKNOWN STEP	2026-10-03T15:01:46.6799224Z Get:30 http://azure.archive.ubuntu.com/ubuntu noble-updates/main amd64 libspeex1 amd64 1.2.1-2ubuntu2.24.04.1 [59.6 kB]
web	UNKNOWN STEP	2026-10-03T15:01:46.7551709Z Get:31 http://azure.archive.ubuntu.com/ubuntu noble/universe amd64 libsvtav1enc1d1 amd64 1.7.0+dfsg-2build1 [2425 kB]
web	UNKNOWN STEP	2026-10-03T15:01:46.8839996Z Get:32 http://azure.archive.ubuntu.com/ubuntu noble/universe amd64 libsoxr0 amd64 0.1.3-4build3 [80.0 kB]
web	UNKNOWN STEP	2026-10-03T15:01:46.9597405Z Get:33 http://azure.archive.ubuntu.com/ubuntu noble/universe amd64 libswresample4 amd64 7:6.1.1-3ubuntu5 [63.8 kB]
web	UNKNOWN STEP	2026-10-03T15:01:47.0331714Z Get:34 http://azure.archive.ubuntu.com/ubuntu noble/main amd64 libtheora0 amd64 1.1.1+dfsg.1-16.1build3 [211 kB]
web	UNKNOWN STEP	2026-10-03T15:01:47.1075556Z Get:35 http://azure.archive.ubuntu.com/ubuntu noble/main amd64 libtwolame0 amd64 0.4.0-2build3 [52.3 kB]
web	UNKNOWN STEP	2026-10-03T15:01:47.1809005Z Get:36 http://azure.archive.ubuntu.com/ubuntu noble/main amd64 libvorbisenc2 amd64 1.3.7-1build3 [80.8 kB]
web	UNKNOWN STEP	2026-10-03T15:01:47.2549248Z Get:37 http://azure.archive.ubuntu.com/ubuntu noble-updates/main amd64 libvpx9 amd64 1.14.0-1ubuntu2.3 [1143 kB]
web	UNKNOWN STEP	2026-10-03T15:01:47.3379426Z Get:38 http://azure.archive.ubuntu.com/ubuntu noble/universe amd64 libx264-164 amd64 2:0.164.3108+git31e19f9-1 [604 kB]
web	UNKNOWN STEP	2026-10-03T15:01:47.4171632Z Get:39 http://azure.archive.ubuntu.com/ubuntu noble/universe amd64 libx265-199 amd64 3.5-2build1 [1226 kB]
web	UNKNOWN STEP	2026-10-03T15:01:47.5003621Z Get:40 http://azure.archive.ubuntu.com/ubuntu noble/universe amd64 libxvidcore4 amd64 2:1.3.7-1build1 [219 kB]
web	UNKNOWN STEP	2026-10-03T15:01:47.5739517Z Get:41 http://azure.archive.ubuntu.com/ubuntu noble/universe amd64 libzvbi-common all 0.2.42-2 [42.4 kB]
web	UNKNOWN STEP	2026-10-03T15:01:47.6477413Z Get:42 http://azure.archive.ubuntu.com/ubuntu noble/universe amd64 libzvbi0t64 amd64 0.2.42-2 [261 kB]
web	UNKNOWN STEP	2026-10-03T15:01:47.7220286Z Get:43 http://azure.archive.ubuntu.com/ubuntu noble/universe amd64 libavcodec60 amd64 7:6.1.1-3ubuntu5 [5851 kB]
web	UNKNOWN STEP	2026-10-03T15:01:47.8911340Z Get:44 http://azure.archive.ubuntu.com/ubuntu noble/universe amd64 libunibreak5 amd64 5.1-2build1 [25.0 kB]
web	UNKNOWN STEP	2026-10-03T15:01:47.9641944Z Get:45 http://azure.archive.ubuntu.com/ubuntu noble/universe amd64 libass9 amd64 1:0.17.1-2build1 [104 kB]
web	UNKNOWN STEP	2026-10-03T15:01:48.0379270Z Get:46 http://azure.archive.ubuntu.com/ubuntu noble/universe amd64 libudfread0 amd64 1.1.2-1build1 [19.0 kB]
web	UNKNOWN STEP	2026-10-03T15:01:48.1110628Z Get:47 http://azure.archive.ubuntu.com/ubuntu noble/universe amd64 libbluray2 amd64 1:1.3.4-1build1 [159 kB]
web	UNKNOWN STEP	2026-10-03T15:01:48.1851867Z Get:48 http://azure.archive.ubuntu.com/ubuntu noble/universe amd64 libchromaprint1 amd64 1.5.1-5 [30.5 kB]
web	UNKNOWN STEP	2026-10-03T15:01:48.2621495Z Get:49 http://azure.archive.ubuntu.com/ubuntu noble/universe amd64 libgme0 amd64 0.6.3-7build1 [134 kB]
web	UNKNOWN STEP	2026-10-03T15:01:48.3356408Z Get:50 http://azure.archive.ubuntu.com/ubuntu noble-updates/main amd64 libmpg123-0t64 amd64 1.32.5-1ubuntu1.1 [169 kB]
web	UNKNOWN STEP	2026-10-03T15:01:48.4120373Z Get:51 http://azure.archive.ubuntu.com/ubuntu noble/universe amd64 libopenmpt0t64 amd64 0.7.3-1.1build3 [647 kB]
web	UNKNOWN STEP	2026-10-03T15:01:48.4995054Z Get:52 http://azure.archive.ubuntu.com/ubuntu noble/universe amd64 libcjson1 amd64 1.7.17-1 [24.8 kB]
web	UNKNOWN STEP	2026-10-03T15:01:48.5728876Z Get:53 http://azure.archive.ubuntu.com/ubuntu noble/universe amd64 libmbedcrypto7t64 amd64 2.28.8-1 [209 kB]
web	UNKNOWN STEP	2026-10-03T15:01:48.6499513Z Get:54 http://azure.archive.ubuntu.com/ubuntu noble/universe amd64 librist4 amd64 0.2.10+dfsg-2 [74.9 kB]
web	UNKNOWN STEP	2026-10-03T15:01:48.7238843Z Get:55 http://azure.archive.ubuntu.com/ubuntu noble/universe amd64 libsrt1.5-gnutls amd64 1.5.3-1build2 [316 kB]
web	UNKNOWN STEP	2026-10-03T15:01:48.8037414Z Get:56 http://azure.archive.ubuntu.com/ubuntu noble-updates/main amd64 libssh-gcrypt-4 amd64 0.10.6-2ubuntu0.5 [226 kB]
web	UNKNOWN STEP	2026-10-03T15:01:48.8838476Z Get:57 http://azure.archive.ubuntu.com/ubuntu noble/universe amd64 libavformat60 amd64 7:6.1.1-3ubuntu5 [1153 kB]
web	UNKNOWN STEP	2026-10-03T15:01:48.9836820Z Get:58 http://azure.archive.ubuntu.com/ubuntu noble/universe amd64 libbs2b0 amd64 3.1.0+dfsg-7build1 [10.6 kB]
web	UNKNOWN STEP	2026-10-03T15:01:49.0569232Z Get:59 http://azure.archive.ubuntu.com/ubuntu noble/universe amd64 libflite1 amd64 2.2-6build3 [13.6 MB]
web	UNKNOWN STEP	2026-10-03T15:01:49.4474123Z Get:60 http://azure.archive.ubuntu.com/ubuntu noble/universe amd64 libserd-0-0 amd64 0.32.2-1 [43.6 kB]
web	UNKNOWN STEP	2026-10-03T15:01:49.5211571Z Get:61 http://azure.archive.ubuntu.com/ubuntu noble/universe amd64 libzix-0-0 amd64 0.4.2-2build1 [23.6 kB]
web	UNKNOWN STEP	2026-10-03T15:01:49.5943459Z Get:62 http://azure.archive.ubuntu.com/ubuntu noble/universe amd64 libsord-0-0 amd64 0.16.16-2build1 [15.8 kB]
web	UNKNOWN STEP	2026-10-03T15:01:49.6661671Z Get:63 http://azure.archive.ubuntu.com/ubuntu noble/universe amd64 libsratom-0-0 amd64 0.6.16-1build1 [17.3 kB]
web	UNKNOWN STEP	2026-10-03T15:01:49.7381753Z Get:64 http://azure.archive.ubuntu.com/ubuntu noble/universe amd64 liblilv-0-0 amd64 0.24.22-1build1 [41.0 kB]
web	UNKNOWN STEP	2026-10-03T15:01:49.8111852Z Get:65 http://azure.archive.ubuntu.com/ubuntu noble/universe amd64 libmysofa1 amd64 1.3.2+dfsg-2ubuntu2 [1158 kB]
web	UNKNOWN STEP	2026-10-03T15:01:49.9078326Z Get:66 http://azure.archive.ubuntu.com/ubuntu noble/universe amd64 libplacebo338 amd64 6.338.2-2build1 [2654 kB]
web	UNKNOWN STEP	2026-10-03T15:01:50.0395556Z Get:67 http://azure.archive.ubuntu.com/ubuntu noble-updates/main amd64 libblas3 amd64 3.12.0-3build1.1 [238 kB]
web	UNKNOWN STEP	2026-10-03T15:01:50.1162420Z Get:68 http://azure.archive.ubuntu.com/ubuntu noble-updates/main amd64 liblapack3 amd64 3.12.0-3build1.1 [2646 kB]
web	UNKNOWN STEP	2026-10-03T15:01:50.2468752Z Get:69 http://azure.archive.ubuntu.com/ubuntu noble/main amd64 libasyncns0 amd64 0.8-6build4 [11.3 kB]
web	UNKNOWN STEP	2026-10-03T15:01:50.3234043Z Get:70 http://azure.archive.ubuntu.com/ubuntu noble/main amd64 libflac12t64 amd64 1.4.3+ds-2.1ubuntu2 [197 kB]
web	UNKNOWN STEP	2026-10-03T15:01:50.3987978Z Get:71 http://azure.archive.ubuntu.com/ubuntu noble-updates/main amd64 libsndfile1 amd64 1.2.2-1ubuntu5.24.04.1 [209 kB]
web	UNKNOWN STEP	2026-10-03T15:01:50.4765544Z Get:72 http://azure.archive.ubuntu.com/ubuntu noble-updates/main amd64 libpulse0 amd64 1:16.1+dfsg1-2ubuntu10.1 [292 kB]
web	UNKNOWN STEP	2026-10-03T15:01:50.5527644Z Get:73 http://azure.archive.ubuntu.com/ubuntu noble/universe amd64 libsphinxbase3t64 amd64 0.8+5prealpha+1-17build2 [126 kB]
web	UNKNOWN STEP	2026-10-03T15:01:50.6267244Z Get:74 http://azure.archive.ubuntu.com/ubuntu noble/universe amd64 libpocketsphinx3 amd64 0.8.0+real5prealpha+1-15ubuntu5 [133 kB]
web	UNKNOWN STEP	2026-10-03T15:01:50.7016925Z Get:75 http://azure.archive.ubuntu.com/ubuntu noble/universe amd64 libpostproc57 amd64 7:6.1.1-3ubuntu5 [49.9 kB]
web	UNKNOWN STEP	2026-10-03T15:01:50.7745477Z Get:76 http://azure.archive.ubuntu.com/ubuntu noble/main amd64 libsamplerate0 amd64 0.2.2-4build1 [1344 kB]
web	UNKNOWN STEP	2026-10-03T15:01:50.8781073Z Get:77 http://azure.archive.ubuntu.com/ubuntu noble/universe amd64 librubberband2 amd64 3.3.0+dfsg-2build1 [130 kB]
web	UNKNOWN STEP	2026-10-03T15:01:50.9521356Z Get:78 http://azure.archive.ubuntu.com/ubuntu noble/universe amd64 libswscale7 amd64 7:6.1.1-3ubuntu5 [193 kB]
web	UNKNOWN STEP	2026-10-03T15:01:51.0274776Z Get:79 http://azure.archive.ubuntu.com/ubuntu noble/universe amd64 libvidstab1.1 amd64 1.1.0-2build1 [38.5 kB]
web	UNKNOWN STEP	2026-10-03T15:01:51.1001129Z Get:80 http://azure.archive.ubuntu.com/ubuntu noble/universe amd64 libzimg2 amd64 3.0.5+ds1-1build1 [254 kB]
web	UNKNOWN STEP	2026-10-03T15:01:51.1767157Z Get:81 http://azure.archive.ubuntu.com/ubuntu noble/universe amd64 libavfilter9 amd64 7:6.1.1-3ubuntu5 [4235 kB]
web	UNKNOWN STEP	2026-10-03T15:01:51.3462972Z Get:82 http://azure.archive.ubuntu.com/ubuntu noble-updates/main amd64 liborc-0.4-0t64 amd64 1:0.4.38-1ubuntu0.1 [207 kB]
web	UNKNOWN STEP	2026-10-03T15:01:51.4246906Z Get:83 http://azure.archive.ubuntu.com/ubuntu noble-updates/main amd64 libgstreamer-plugins-base1.0-0 amd64 1.24.2-1ubuntu0.5 [862 kB]
web	UNKNOWN STEP	2026-10-03T15:01:51.5948061Z Get:84 http://azure.archive.ubuntu.com/ubuntu noble/universe amd64 gstreamer1.0-libav amd64 1.24.1-1build1 [103 kB]
web	UNKNOWN STEP	2026-10-03T15:01:51.6681561Z Get:85 http://azure.archive.ubuntu.com/ubuntu noble/main amd64 libcdparanoia0 amd64 3.10.2+debian-14build3 [48.5 kB]
web	UNKNOWN STEP	2026-10-03T15:01:51.7407473Z Get:86 http://azure.archive.ubuntu.com/ubuntu noble/main amd64 libvisual-0.4-0 amd64 0.4.2-2build1 [115 kB]
web	UNKNOWN STEP	2026-10-03T15:01:51.8168389Z Get:87 http://azure.archive.ubuntu.com/ubuntu noble-updates/main amd64 gstreamer1.0-plugins-base amd64 1.24.2-1ubuntu0.5 [721 kB]
web	UNKNOWN STEP	2026-10-03T15:01:51.9024619Z Get:88 http://azure.archive.ubuntu.com/ubuntu noble/main amd64 libaa1 amd64 1.4p5-51.1 [49.9 kB]
web	UNKNOWN STEP	2026-10-03T15:01:51.9747166Z Get:89 http://azure.archive.ubuntu.com/ubuntu noble/main amd64 libraw1394-11 amd64 2.1.2-2build3 [26.2 kB]
web	UNKNOWN STEP	2026-10-03T15:01:52.0468024Z Get:90 http://azure.archive.ubuntu.com/ubuntu noble/main amd64 libavc1394-0 amd64 0.5.4-5build3 [15.4 kB]
web	UNKNOWN STEP	2026-10-03T15:01:52.1188921Z Get:91 http://azure.archive.ubuntu.com/ubuntu noble-updates/main amd64 libcaca0 amd64 0.99.beta20-4ubuntu0.2 [209 kB]
web	UNKNOWN STEP	2026-10-03T15:01:52.1949597Z Get:92 http://azure.archive.ubuntu.com/ubuntu noble/main amd64 libdv4t64 amd64 1.0.0-17.1build1 [63.2 kB]
web	UNKNOWN STEP	2026-10-03T15:01:52.2677102Z Get:93 http://azure.archive.ubuntu.com/ubuntu noble-updates/main amd64 libgstreamer-plugins-good1.0-0 amd64 1.24.2-1ubuntu1.8 [34.3 kB]
web	UNKNOWN STEP	2026-10-03T15:01:52.3403085Z Get:94 http://azure.archive.ubuntu.com/ubuntu noble/main amd64 libiec61883-0 amd64 1.2.0-6build1 [24.5 kB]
web	UNKNOWN STEP	2026-10-03T15:01:52.4126780Z Get:95 http://azure.archive.ubuntu.com/ubuntu noble/main amd64 libshout3 amd64 2.4.6-1build2 [50.3 kB]
web	UNKNOWN STEP	2026-10-03T15:01:52.4852982Z Get:96 http://azure.archive.ubuntu.com/ubuntu noble/main amd64 libtag1v5-vanilla amd64 1.13.1-1build1 [326 kB]
web	UNKNOWN STEP	2026-10-03T15:01:52.5636595Z Get:97 http://azure.archive.ubuntu.com/ubuntu noble/main amd64 libtag1v5 amd64 1.13.1-1build1 [11.7 kB]
web	UNKNOWN STEP	2026-10-03T15:01:52.6366798Z Get:98 http://azure.archive.ubuntu.com/ubuntu noble/main amd64 libv4lconvert0t64 amd64 1.26.1-4build3 [87.6 kB]
web	UNKNOWN STEP	2026-10-03T15:01:52.7089597Z Get:99 http://azure.archive.ubuntu.com/ubuntu noble/main amd64 libv4l-0t64 amd64 1.26.1-4build3 [46.9 kB]
web	UNKNOWN STEP	2026-10-03T15:01:52.7814308Z Get:100 http://azure.archive.ubuntu.com/ubuntu noble/main amd64 libwavpack1 amd64 5.6.0-1build1 [84.6 kB]
web	UNKNOWN STEP	2026-10-03T15:01:52.8542212Z Get:101 http://azure.archive.ubuntu.com/ubuntu noble-updates/main amd64 libsoup-3.0-common all 3.4.4-5ubuntu0.8 [11.7 kB]
web	UNKNOWN STEP	2026-10-03T15:01:52.9263344Z Get:102 http://azure.archive.ubuntu.com/ubuntu noble-updates/main amd64 libsoup-3.0-0 amd64 3.4.4-5ubuntu0.8 [290 kB]
web	UNKNOWN STEP	2026-10-03T15:01:53.0051645Z Get:103 http://azure.archive.ubuntu.com/ubuntu noble-updates/main amd64 gstreamer1.0-plugins-good amd64 1.24.2-1ubuntu1.8 [2236 kB]
web	UNKNOWN STEP	2026-10-03T15:01:53.4721816Z Get:104 http://azure.archive.ubuntu.com/ubuntu noble-updates/main amd64 libabsl20220623t64 amd64 20220623.1-3.1ubuntu3.2 [423 kB]
web	UNKNOWN STEP	2026-10-03T15:01:53.5488689Z Get:105 http://azure.archive.ubuntu.com/ubuntu noble/universe amd64 libgav1-1 amd64 0.18.0-1build3 [357 kB]
web	UNKNOWN STEP	2026-10-03T15:01:53.6301577Z Get:106 http://azure.archive.ubuntu.com/ubuntu noble/universe amd64 libyuv0 amd64 0.0~git202401110.af6ac82-1 [178 kB]
web	UNKNOWN STEP	2026-10-03T15:01:53.7045682Z Get:107 http://azure.archive.ubuntu.com/ubuntu noble/universe amd64 libavif16 amd64 1.0.4-1ubuntu3 [91.2 kB]
web	UNKNOWN STEP	2026-10-03T15:01:53.7779073Z Get:108 http://azure.archive.ubuntu.com/ubuntu noble/universe amd64 libavtp0 amd64 0.2.0-1build1 [6414 B]
web	UNKNOWN STEP	2026-10-03T15:01:53.8516581Z Get:109 http://azure.archive.ubuntu.com/ubuntu noble/main amd64 libcairo-script-interpreter2 amd64 1.18.0-3build1 [60.3 kB]
web	UNKNOWN STEP	2026-10-03T15:01:53.9240106Z Get:110 http://azure.archive.ubuntu.com/ubuntu noble/universe amd64 libdc1394-25 amd64 2.2.6-4build1 [90.1 kB]
web	UNKNOWN STEP	2026-10-03T15:01:53.9991480Z Get:111 http://azure.archive.ubuntu.com/ubuntu noble-updates/main amd64 libde265-0 amd64 1.0.15-1ubuntu0.1 [167 kB]
web	UNKNOWN STEP	2026-10-03T15:01:54.0740595Z Get:112 http://azure.archive.ubuntu.com/ubuntu noble/main amd64 libdecor-0-0 amd64 0.2.2-1build2 [16.5 kB]
web	UNKNOWN STEP	2026-10-03T15:01:54.1461488Z Get:113 http://azure.archive.ubuntu.com/ubuntu noble/main amd64 libgles2 amd64 1.7.0-1build1 [17.1 kB]
web	UNKNOWN STEP	2026-10-03T15:01:54.2181913Z Get:114 http://azure.archive.ubuntu.com/ubuntu noble/universe amd64 libdirectfb-1.7-7t64 amd64 1.7.7-11.1ubuntu2 [1035 kB]
web	UNKNOWN STEP	2026-10-03T15:01:54.3123338Z Get:115 http://azure.archive.ubuntu.com/ubuntu noble/universe amd64 libdvdread8t64 amd64 6.1.3-1.1build1 [54.7 kB]
web	UNKNOWN STEP	2026-10-03T15:01:54.3847840Z Get:116 http://azure.archive.ubuntu.com/ubuntu noble/universe amd64 libdvdnav4 amd64 6.1.1-3build1 [39.5 kB]
web	UNKNOWN STEP	2026-10-03T15:01:54.4572991Z Get:117 http://azure.archive.ubuntu.com/ubuntu noble-updates/main amd64 libgl1-mesa-dri amd64 25.2.8-0ubuntu0.24.04.4 [38.0 kB]
web	UNKNOWN STEP	2026-10-03T15:01:54.5294308Z Get:118 http://azure.archive.ubuntu.com/ubuntu noble-updates/main amd64 libglx-mesa0 amd64 25.2.8-0ubuntu0.24.04.4 [110 kB]
web	UNKNOWN STEP	2026-10-03T15:01:54.6026215Z Get:119 http://azure.archive.ubuntu.com/ubuntu noble-updates/main amd64 libgbm1 amd64 25.2.8-0ubuntu0.24.04.4 [34.2 kB]
web	UNKNOWN STEP	2026-10-03T15:01:54.6748033Z Get:120 http://azure.archive.ubuntu.com/ubuntu noble-updates/main amd64 mesa-libgallium amd64 25.2.8-0ubuntu0.24.04.4 [10.8 MB]
web	UNKNOWN STEP	2026-10-03T15:01:54.9935484Z Get:121 http://azure.archive.ubuntu.com/ubuntu noble-updates/main amd64 libegl-mesa0 amd64 25.2.8-0ubuntu0.24.04.4 [117 kB]
web	UNKNOWN STEP	2026-10-03T15:01:55.0664538Z Get:122 http://azure.archive.ubuntu.com/ubuntu noble-updates/main amd64 libevent-2.1-7t64 amd64 2.1.12-stable-9ubuntu2.2 [146 kB]
web	UNKNOWN STEP	2026-10-03T15:01:55.1412347Z Get:123 http://azure.archive.ubuntu.com/ubuntu noble-updates/main amd64 libevent-pthreads-2.1-7t64 amd64 2.1.12-stable-9ubuntu2.2 [7988 B]
web	UNKNOWN STEP	2026-10-03T15:01:55.2134326Z Get:124 http://azure.archive.ubuntu.com/ubuntu noble-updates/main amd64 libevent-core-2.1-7t64 amd64 2.1.12-stable-9ubuntu2.2 [91.9 kB]
web	UNKNOWN STEP	2026-10-03T15:01:55.2897967Z Get:125 http://azure.archive.ubuntu.com/ubuntu noble/universe amd64 libfaad2 amd64 2.11.1-1build1 [207 kB]
web	UNKNOWN STEP	2026-10-03T15:01:55.3734944Z Get:126 http://azure.archive.ubuntu.com/ubuntu noble/universe amd64 libinstpatch-1.0-2 amd64 1.1.6-1build2 [251 kB]
web	UNKNOWN STEP	2026-10-03T15:01:55.4600054Z Get:127 http://azure.archive.ubuntu.com/ubuntu noble/main amd64 libjack-jackd2-0 amd64 1.9.21~dfsg-3ubuntu3 [289 kB]
web	UNKNOWN STEP	2026-10-03T15:01:55.5490846Z Get:128 http://azure.archive.ubuntu.com/ubuntu noble/main amd64 libwebrtc-audio-processing1 amd64 0.3.1-0ubuntu6 [290 kB]
web	UNKNOWN STEP	2026-10-03T15:01:55.6669725Z Get:129 http://azure.archive.ubuntu.com/ubuntu noble-updates/main amd64 libspa-0.2-modules amd64 1.0.5-1ubuntu3.3 [628 kB]
web	UNKNOWN STEP	2026-10-03T15:01:55.7766859Z Get:130 http://azure.archive.ubuntu.com/ubuntu noble-updates/main amd64 libpipewire-0.3-0t64 amd64 1.0.5-1ubuntu3.3 [252 kB]
web	UNKNOWN STEP	2026-10-03T15:01:55.8625055Z Get:131 http://azure.archive.ubuntu.com/ubuntu noble-updates/main amd64 libsdl2-2.0-0 amd64 2.30.0+dfsg-1ubuntu3.1 [686 kB]
web	UNKNOWN STEP	2026-10-03T15:01:55.9747887Z Get:132 http://azure.archive.ubuntu.com/ubuntu noble/universe amd64 timgm6mb-soundfont all 1.3-5 [5427 kB]
web	UNKNOWN STEP	2026-10-03T15:01:56.3993624Z Get:133 http://azure.archive.ubuntu.com/ubuntu noble/universe amd64 libfluidsynth3 amd64 2.3.4-1build3 [249 kB]
web	UNKNOWN STEP	2026-10-03T15:01:56.4738398Z Get:134 http://azure.archive.ubuntu.com/ubuntu noble/main amd64 libfreeaptx0 amd64 0.1.1-2build1 [13.5 kB]
web	UNKNOWN STEP	2026-10-03T15:01:56.5457091Z Get:135 http://azure.archive.ubuntu.com/ubuntu noble/main amd64 libgraphene-1.0-0 amd64 1.10.8-3build2 [46.2 kB]
web	UNKNOWN STEP	2026-10-03T15:01:56.6178754Z Get:136 http://azure.archive.ubuntu.com/ubuntu noble/main amd64 libgssdp-1.6-0 amd64 1.6.3-1build3 [40.4 kB]
web	UNKNOWN STEP	2026-10-03T15:01:56.6898900Z Get:137 http://azure.archive.ubuntu.com/ubuntu noble/main amd64 libegl1 amd64 1.7.0-1build1 [28.7 kB]
web	UNKNOWN STEP	2026-10-03T15:01:56.7628302Z Get:138 http://azure.archive.ubuntu.com/ubuntu noble-updates/main amd64 libgstreamer-gl1.0-0 amd64 1.24.2-1ubuntu0.5 [214 kB]
web	UNKNOWN STEP	2026-10-03T15:01:56.8359905Z Get:139 http://azure.archive.ubuntu.com/ubuntu noble-updates/main amd64 libgtk-4-common all 4.14.5+ds-0ubuntu0.10 [1497 kB]
web	UNKNOWN STEP	2026-10-03T15:01:56.9281040Z Get:140 http://azure.archive.ubuntu.com/ubuntu noble-updates/main amd64 libgtk-4-1 amd64 4.14.5+ds-0ubuntu0.10 [3295 kB]
web	UNKNOWN STEP	2026-10-03T15:01:57.0747218Z Get:141 http://azure.archive.ubuntu.com/ubuntu noble/main amd64 libgupnp-1.6-0 amd64 1.6.6-1build3 [92.7 kB]
web	UNKNOWN STEP	2026-10-03T15:01:57.1472115Z Get:142 http://azure.archive.ubuntu.com/ubuntu noble/universe amd64 libgupnp-igd-1.6-0 amd64 1.6.0-3build3 [16.5 kB]
web	UNKNOWN STEP	2026-10-03T15:01:57.2192384Z Get:143 http://azure.archive.ubuntu.com/ubuntu noble/main amd64 libharfbuzz-icu0 amd64 8.3.0-2build2 [13.3 kB]
web	UNKNOWN STEP	2026-10-03T15:01:57.2909752Z Get:144 http://azure.archive.ubuntu.com/ubuntu noble/main amd64 libhyphen0 amd64 2.8.8-7build3 [26.5 kB]
web	UNKNOWN STEP	2026-10-03T15:01:57.3628466Z Get:145 http://azure.archive.ubuntu.com/ubuntu noble/universe amd64 libimath-3-1-29t64 amd64 3.1.9-3.1ubuntu2 [72.2 kB]
web	UNKNOWN STEP	2026-10-03T15:01:57.4353987Z Get:146 http://azure.archive.ubuntu.com/ubuntu noble/main amd64 liblc3-1 amd64 1.0.4-3build1 [69.7 kB]
web	UNKNOWN STEP	2026-10-03T15:01:57.5077425Z Get:147 http://azure.archive.ubuntu.com/ubuntu noble/main amd64 libldacbt-enc2 amd64 2.0.2.3+git20200429+ed310a0-4ubuntu2 [27.1 kB]
web	UNKNOWN STEP	2026-10-03T15:01:57.5797890Z Get:148 http://azure.archive.ubuntu.com/ubuntu noble-updates/main amd64 libraptor2-0 amd64 2.0.16-3ubuntu0.1 [165 kB]
web	UNKNOWN STEP	2026-10-03T15:01:57.6524855Z Get:149 http://azure.archive.ubuntu.com/ubuntu noble/universe amd64 liblrdf0 amd64 0.6.1-4build1 [18.5 kB]
web	UNKNOWN STEP	2026-10-03T15:01:57.7244503Z Get:150 http://azure.archive.ubuntu.com/ubuntu noble/universe amd64 libltc11 amd64 1.3.2-1build1 [13.0 kB]
web	UNKNOWN STEP	2026-10-03T15:01:57.7963076Z Get:151 http://azure.archive.ubuntu.com/ubuntu noble/main amd64 libmanette-0.2-0 amd64 0.2.7-1build2 [30.6 kB]
web	UNKNOWN STEP	2026-10-03T15:01:57.8687683Z Get:152 http://azure.archive.ubuntu.com/ubuntu noble/universe amd64 libmfx1 amd64 22.5.4-1 [3124 kB]
web	UNKNOWN STEP	2026-10-03T15:01:57.9650596Z Get:153 http://azure.archive.ubuntu.com/ubuntu noble/universe amd64 libmjpegutils-2.1-0t64 amd64 1:2.1.0+debian-8.1build1 [25.5 kB]
web	UNKNOWN STEP	2026-10-03T15:01:58.0371599Z Get:154 http://azure.archive.ubuntu.com/ubuntu noble/universe amd64 libmodplug1 amd64 1:0.8.9.0-3build1 [166 kB]
web	UNKNOWN STEP	2026-10-03T15:01:58.1100239Z Get:155 http://azure.archive.ubuntu.com/ubuntu noble/universe amd64 libmpcdec6 amd64 2:0.1~r495-2build1 [32.7 kB]
web	UNKNOWN STEP	2026-10-03T15:01:58.1820716Z Get:156 http://azure.archive.ubuntu.com/ubuntu noble/universe amd64 libmpeg2encpp-2.1-0t64 amd64 1:2.1.0+debian-8.1build1 [75.6 kB]
web	UNKNOWN STEP	2026-10-03T15:01:58.2546438Z Get:157 http://azure.archive.ubuntu.com/ubuntu noble/universe amd64 libmplex2-2.1-0t64 amd64 1:2.1.0+debian-8.1build1 [46.1 kB]
web	UNKNOWN STEP	2026-10-03T15:01:58.3277123Z Get:158 http://azure.archive.ubuntu.com/ubuntu noble/universe amd64 libneon27t64 amd64 0.33.0-1.1build3 [102 kB]
web	UNKNOWN STEP	2026-10-03T15:01:58.4003306Z Get:159 http://azure.archive.ubuntu.com/ubuntu noble/universe amd64 libnice10 amd64 0.1.21-2build3 [157 kB]
web	UNKNOWN STEP	2026-10-03T15:01:58.4730827Z Get:160 http://azure.archive.ubuntu.com/ubuntu noble/universe amd64 libopenal-data all 1:1.23.1-4build1 [161 kB]
web	UNKNOWN STEP	2026-10-03T15:01:58.5459613Z Get:161 http://azure.archive.ubuntu.com/ubuntu noble/universe amd64 libopenexr-3-1-30 amd64 3.1.5-5.1build3 [1004 kB]
web	UNKNOWN STEP	2026-10-03T15:01:58.6254070Z Get:162 http://azure.archive.ubuntu.com/ubuntu noble/universe amd64 libopenh264-7 amd64 2.4.1+dfsg-1 [409 kB]
web	UNKNOWN STEP	2026-10-03T15:01:58.7001717Z Get:163 http://azure.archive.ubuntu.com/ubuntu noble/universe amd64 libopenni2-0 amd64 2.2.0.33+dfsg-18 [370 kB]
web	UNKNOWN STEP	2026-10-03T15:01:58.7746490Z Get:164 http://azure.archive.ubuntu.com/ubuntu noble/universe amd64 libqrencode4 amd64 4.1.1-1build2 [25.0 kB]
web	UNKNOWN STEP	2026-10-03T15:01:58.8464084Z Get:165 http://azure.archive.ubuntu.com/ubuntu noble/main amd64 libsecret-common all 0.21.4-1build3 [4962 B]
web	UNKNOWN STEP	2026-10-03T15:01:58.9183279Z Get:166 http://azure.archive.ubuntu.com/ubuntu noble/main amd64 libsecret-1-0 amd64 0.21.4-1build3 [116 kB]
web	UNKNOWN STEP	2026-10-03T15:01:58.9907988Z Get:167 http://azure.archive.ubuntu.com/ubuntu noble/universe amd64 libsndio7.0 amd64 1.9.0-0.3build3 [29.6 kB]
web	UNKNOWN STEP	2026-10-03T15:01:59.0627888Z Get:168 http://azure.archive.ubuntu.com/ubuntu noble/universe amd64 libsoundtouch1 amd64 2.3.2+ds1-1build1 [60.5 kB]
web	UNKNOWN STEP	2026-10-03T15:01:59.1351869Z Get:169 http://azure.archive.ubuntu.com/ubuntu noble/universe amd64 libspandsp2t64 amd64 0.0.6+dfsg-2.1build1 [311 kB]
web	UNKNOWN STEP	2026-10-03T15:01:59.2090352Z Get:170 http://azure.archive.ubuntu.com/ubuntu noble/universe amd64 libsrtp2-1 amd64 2.5.0-3build1 [41.9 kB]
web	UNKNOWN STEP	2026-10-03T15:01:59.2811668Z Get:171 http://azure.archive.ubuntu.com/ubuntu noble/main amd64 libwayland-server0 amd64 1.22.0-2.1build1 [33.9 kB]
web	UNKNOWN STEP	2026-10-03T15:01:59.3532931Z Get:172 http://azure.archive.ubuntu.com/ubuntu noble/universe amd64 libwildmidi2 amd64 0.4.3-1build3 [68.5 kB]
web	UNKNOWN STEP	2026-10-03T15:01:59.4254962Z Get:173 http://azure.archive.ubuntu.com/ubuntu noble/main amd64 libwoff1 amd64 1.0.2-2build1 [45.3 kB]
web	UNKNOWN STEP	2026-10-03T15:01:59.4976934Z Get:174 http://azure.archive.ubuntu.com/ubuntu noble/main amd64 libxcb-xkb1 amd64 1.15-1ubuntu2 [32.3 kB]
web	UNKNOWN STEP	2026-10-03T15:01:59.5696378Z Get:175 http://azure.archive.ubuntu.com/ubuntu noble/main amd64 libxkbcommon-x11-0 amd64 1.6.0-1build1 [14.5 kB]
web	UNKNOWN STEP	2026-10-03T15:01:59.6418325Z Get:176 http://azure.archive.ubuntu.com/ubuntu noble/universe amd64 libzbar0t64 amd64 0.23.93-4build3 [123 kB]
web	UNKNOWN STEP	2026-10-03T15:01:59.7146194Z Get:177 http://azure.archive.ubuntu.com/ubuntu noble/universe amd64 libzxing3 amd64 2.2.1-3 [583 kB]
web	UNKNOWN STEP	2026-10-03T15:01:59.7903839Z Get:178 http://azure.archive.ubuntu.com/ubuntu noble/main amd64 xfonts-encodings all 1:1.0.5-0ubuntu2 [578 kB]
web	UNKNOWN STEP	2026-10-03T15:01:59.8661767Z Get:179 http://azure.archive.ubuntu.com/ubuntu noble/main amd64 xfonts-utils amd64 1:7.7+6build3 [94.4 kB]
web	UNKNOWN STEP	2026-10-03T15:01:59.9402697Z Get:180 http://azure.archive.ubuntu.com/ubuntu noble/universe amd64 xfonts-cyrillic all 1:1.0.5+nmu1 [384 kB]
web	UNKNOWN STEP	2026-10-03T15:02:00.0144556Z Get:181 http://azure.archive.ubuntu.com/ubuntu noble/main amd64 xfonts-scalable all 1:1.0.3-1.3 [304 kB]
web	UNKNOWN STEP	2026-10-03T15:02:00.0887031Z Get:182 http://azure.archive.ubuntu.com/ubuntu noble/universe amd64 libgstreamer-plugins-bad1.0-0 amd64 1.24.2-1ubuntu4 [797 kB]
web	UNKNOWN STEP	2026-10-03T15:02:00.1679974Z Get:183 http://azure.archive.ubuntu.com/ubuntu noble/universe amd64 libdca0 amd64 0.0.7-2build1 [93.8 kB]
web	UNKNOWN STEP	2026-10-03T15:02:00.2412647Z Get:184 http://azure.archive.ubuntu.com/ubuntu noble/universe amd64 libopenal1 amd64 1:1.23.1-4build1 [540 kB]
web	UNKNOWN STEP	2026-10-03T15:02:00.3183957Z Get:185 http://azure.archive.ubuntu.com/ubuntu noble/main amd64 libsbc1 amd64 2.0-1build1 [33.9 kB]
web	UNKNOWN STEP	2026-10-03T15:02:00.3902745Z Get:186 http://azure.archive.ubuntu.com/ubuntu noble/universe amd64 libvo-aacenc0 amd64 0.1.3-2build1 [67.8 kB]
web	UNKNOWN STEP	2026-10-03T15:02:00.4623940Z Get:187 http://azure.archive.ubuntu.com/ubuntu noble/universe amd64 libvo-amrwbenc0 amd64 0.1.3-2build1 [76.7 kB]
web	UNKNOWN STEP	2026-10-03T15:02:00.5346605Z Get:188 http://azure.archive.ubuntu.com/ubuntu noble/universe amd64 gstreamer1.0-plugins-bad amd64 1.24.2-1ubuntu4 [3081 kB]
web	UNKNOWN STEP	2026-10-03T15:02:00.9629713Z Fetched 125 MB in 17s (7219 kB/s)
web	UNKNOWN STEP	2026-10-03T15:02:00.9913146Z Selecting previously unselected package fonts-ipafont-gothic.
web	UNKNOWN STEP	2026-10-03T15:02:01.0189038Z (Reading database ... 
web	UNKNOWN STEP	2026-10-03T15:02:01.0189585Z (Reading database ... 5%
web	UNKNOWN STEP	2026-10-03T15:02:01.0190146Z (Reading database ... 10%
web	UNKNOWN STEP	2026-10-03T15:02:01.0190712Z (Reading database ... 15%
web	UNKNOWN STEP	2026-10-03T15:02:01.0191210Z (Reading database ... 20%
web	UNKNOWN STEP	2026-10-03T15:02:01.0191694Z (Reading database ... 25%
web	UNKNOWN STEP	2026-10-03T15:02:01.0192204Z (Reading database ... 30%
web	UNKNOWN STEP	2026-10-03T15:02:01.0192708Z (Reading database ... 35%
web	UNKNOWN STEP	2026-10-03T15:02:01.0193194Z (Reading database ... 40%
web	UNKNOWN STEP	2026-10-03T15:02:01.0193676Z (Reading database ... 45%
web	UNKNOWN STEP	2026-10-03T15:02:01.0194163Z (Reading database ... 50%
web	UNKNOWN STEP	2026-10-03T15:02:01.0234756Z (Reading database ... 55%
web	UNKNOWN STEP	2026-10-03T15:02:01.1305211Z (Reading database ... 60%
web	UNKNOWN STEP	2026-10-03T15:02:01.3149972Z (Reading database ... 65%
web	UNKNOWN STEP	2026-10-03T15:02:01.5200805Z (Reading database ... 70%
web	UNKNOWN STEP	2026-10-03T15:02:01.6672847Z (Reading database ... 75%
web	UNKNOWN STEP	2026-10-03T15:02:01.8254212Z (Reading database ... 80%
web	UNKNOWN STEP	2026-10-03T15:02:02.0134897Z (Reading database ... 85%
web	UNKNOWN STEP	2026-10-03T15:02:02.2195367Z (Reading database ... 90%
web	UNKNOWN STEP	2026-10-03T15:02:02.3803916Z (Reading database ... 95%
web	UNKNOWN STEP	2026-10-03T15:02:02.3804552Z (Reading database ... 100%
web	UNKNOWN STEP	2026-10-03T15:02:02.3805744Z (Reading database ... 202296 files and directories currently installed.)
web	UNKNOWN STEP	2026-10-03T15:02:02.3848003Z Preparing to unpack .../000-fonts-ipafont-gothic_00303-21ubuntu1_all.deb ...
web	UNKNOWN STEP	2026-10-03T15:02:02.3948201Z Unpacking fonts-ipafont-gothic (00303-21ubuntu1) ...
web	UNKNOWN STEP	2026-10-03T15:02:02.6306001Z Selecting previously unselected package fonts-freefont-ttf.
web	UNKNOWN STEP	2026-10-03T15:02:02.6432524Z Preparing to unpack .../001-fonts-freefont-ttf_20211204+svn4273-2_all.deb ...
web	UNKNOWN STEP	2026-10-03T15:02:02.6440451Z Unpacking fonts-freefont-ttf (20211204+svn4273-2) ...
web	UNKNOWN STEP	2026-10-03T15:02:02.7209988Z Selecting previously unselected package fonts-tlwg-loma-otf.
web	UNKNOWN STEP	2026-10-03T15:02:02.7338237Z Preparing to unpack .../002-fonts-tlwg-loma-otf_1%3a0.7.3-1_all.deb ...
web	UNKNOWN STEP	2026-10-03T15:02:02.7357194Z Unpacking fonts-tlwg-loma-otf (1:0.7.3-1) ...
web	UNKNOWN STEP	2026-10-03T15:02:02.7553796Z Selecting previously unselected package fonts-unifont.
web	UNKNOWN STEP	2026-10-03T15:02:02.7680884Z Preparing to unpack .../003-fonts-unifont_1%3a15.1.01-1build1_all.deb ...
web	UNKNOWN STEP	2026-10-03T15:02:02.7687454Z Unpacking fonts-unifont (1:15.1.01-1build1) ...
web	UNKNOWN STEP	2026-10-03T15:02:02.8750897Z Selecting previously unselected package fonts-wqy-zenhei.
web	UNKNOWN STEP	2026-10-03T15:02:02.8877705Z Preparing to unpack .../004-fonts-wqy-zenhei_0.9.45-8_all.deb ...
web	UNKNOWN STEP	2026-10-03T15:02:02.8973901Z Unpacking fonts-wqy-zenhei (0.9.45-8) ...
web	UNKNOWN STEP	2026-10-03T15:02:03.3622452Z Selecting previously unselected package libproxy1v5:amd64.
web	UNKNOWN STEP	2026-10-03T15:02:03.3751840Z Preparing to unpack .../005-libproxy1v5_0.5.4-4build1_amd64.deb ...
web	UNKNOWN STEP	2026-10-03T15:02:03.3765611Z Unpacking libproxy1v5:amd64 (0.5.4-4build1) ...
web	UNKNOWN STEP	2026-10-03T15:02:03.3964527Z Selecting previously unselected package glib-networking-common.
web	UNKNOWN STEP	2026-10-03T15:02:03.4091211Z Preparing to unpack .../006-glib-networking-common_2.80.0-1build1_all.deb ...
web	UNKNOWN STEP	2026-10-03T15:02:03.4096974Z Unpacking glib-networking-common (2.80.0-1build1) ...
web	UNKNOWN STEP	2026-10-03T15:02:03.4270693Z Selecting previously unselected package glib-networking-services.
web	UNKNOWN STEP	2026-10-03T15:02:03.4397196Z Preparing to unpack .../007-glib-networking-services_2.80.0-1build1_amd64.deb ...
web	UNKNOWN STEP	2026-10-03T15:02:03.4403896Z Unpacking glib-networking-services (2.80.0-1build1) ...
web	UNKNOWN STEP	2026-10-03T15:02:03.4599966Z Selecting previously unselected package session-migration.
web	UNKNOWN STEP	2026-10-03T15:02:03.4725668Z Preparing to unpack .../008-session-migration_0.3.9build1_amd64.deb ...
web	UNKNOWN STEP	2026-10-03T15:02:03.4731302Z Unpacking session-migration (0.3.9build1) ...
web	UNKNOWN STEP	2026-10-03T15:02:03.4949131Z Selecting previously unselected package gsettings-desktop-schemas.
web	UNKNOWN STEP	2026-10-03T15:02:03.5075845Z Preparing to unpack .../009-gsettings-desktop-schemas_46.1-0ubuntu1_all.deb ...
web	UNKNOWN STEP	2026-10-03T15:02:03.5082248Z Unpacking gsettings-desktop-schemas (46.1-0ubuntu1) ...
web	UNKNOWN STEP	2026-10-03T15:02:03.5335636Z Selecting previously unselected package glib-networking:amd64.
web	UNKNOWN STEP	2026-10-03T15:02:03.5467115Z Preparing to unpack .../010-glib-networking_2.80.0-1build1_amd64.deb ...
web	UNKNOWN STEP	2026-10-03T15:02:03.5473414Z Unpacking glib-networking:amd64 (2.80.0-1build1) ...
web	UNKNOWN STEP	2026-10-03T15:02:03.5672254Z Selecting previously unselected package libva2:amd64.
web	UNKNOWN STEP	2026-10-03T15:02:03.5796697Z Preparing to unpack .../011-libva2_2.20.0-2ubuntu0.2_amd64.deb ...
web	UNKNOWN STEP	2026-10-03T15:02:03.5802800Z Unpacking libva2:amd64 (2.20.0-2ubuntu0.2) ...
web	UNKNOWN STEP	2026-10-03T15:02:03.6001085Z Selecting previously unselected package libva-drm2:amd64.
web	UNKNOWN STEP	2026-10-03T15:02:03.6127572Z Preparing to unpack .../012-libva-drm2_2.20.0-2ubuntu0.2_amd64.deb ...
web	UNKNOWN STEP	2026-10-03T15:02:03.6134173Z Unpacking libva-drm2:amd64 (2.20.0-2ubuntu0.2) ...
web	UNKNOWN STEP	2026-10-03T15:02:03.6325282Z Selecting previously unselected package libva-x11-2:amd64.
web	UNKNOWN STEP	2026-10-03T15:02:03.6449143Z Preparing to unpack .../013-libva-x11-2_2.20.0-2ubuntu0.2_amd64.deb ...
web	UNKNOWN STEP	2026-10-03T15:02:03.6455764Z Unpacking libva-x11-2:amd64 (2.20.0-2ubuntu0.2) ...
web	UNKNOWN STEP	2026-10-03T15:02:03.6651678Z Selecting previously unselected package libvdpau1:amd64.
web	UNKNOWN STEP	2026-10-03T15:02:03.6778131Z Preparing to unpack .../014-libvdpau1_1.5-2build1_amd64.deb ...
web	UNKNOWN STEP	2026-10-03T15:02:03.6785132Z Unpacking libvdpau1:amd64 (1.5-2build1) ...
web	UNKNOWN STEP	2026-10-03T15:02:03.6982219Z Selecting previously unselected package libvpl2.
web	UNKNOWN STEP	2026-10-03T15:02:03.7104900Z Preparing to unpack .../015-libvpl2_2023.3.0-1build1_amd64.deb ...
web	UNKNOWN STEP	2026-10-03T15:02:03.7113675Z Unpacking libvpl2 (2023.3.0-1build1) ...
web	UNKNOWN STEP	2026-10-03T15:02:03.7315989Z Selecting previously unselected package ocl-icd-libopencl1:amd64.
web	UNKNOWN STEP	2026-10-03T15:02:03.7437658Z Preparing to unpack .../016-ocl-icd-libopencl1_2.3.2-1build1_amd64.deb ...
web	UNKNOWN STEP	2026-10-03T15:02:03.7444994Z Unpacking ocl-icd-libopencl1:amd64 (2.3.2-1build1) ...
web	UNKNOWN STEP	2026-10-03T15:02:03.7658311Z Selecting previously unselected package libavutil58:amd64.
web	UNKNOWN STEP	2026-10-03T15:02:03.7780188Z Preparing to unpack .../017-libavutil58_7%3a6.1.1-3ubuntu5_amd64.deb ...
web	UNKNOWN STEP	2026-10-03T15:02:03.7787147Z Unpacking libavutil58:amd64 (7:6.1.1-3ubuntu5) ...
web	UNKNOWN STEP	2026-10-03T15:02:03.8025878Z Selecting previously unselected package libcodec2-1.2:amd64.
web	UNKNOWN STEP	2026-10-03T15:02:03.8150286Z Preparing to unpack .../018-libcodec2-1.2_1.2.0-2build1_amd64.deb ...
web	UNKNOWN STEP	2026-10-03T15:02:03.8156241Z Unpacking libcodec2-1.2:amd64 (1.2.0-2build1) ...
web	UNKNOWN STEP	2026-10-03T15:02:03.8875840Z Selecting previously unselected package libdav1d7:amd64.
web	UNKNOWN STEP	2026-10-03T15:02:03.9002410Z Preparing to unpack .../019-libdav1d7_1.4.1-1build1_amd64.deb ...
web	UNKNOWN STEP	2026-10-03T15:02:03.9008784Z Unpacking libdav1d7:amd64 (1.4.1-1build1) ...
web	UNKNOWN STEP	2026-10-03T15:02:03.9262757Z Selecting previously unselected package libgsm1:amd64.
web	UNKNOWN STEP	2026-10-03T15:02:03.9389323Z Preparing to unpack .../020-libgsm1_1.0.22-1build1_amd64.deb ...
web	UNKNOWN STEP	2026-10-03T15:02:03.9396099Z Unpacking libgsm1:amd64 (1.0.22-1build1) ...
web	UNKNOWN STEP	2026-10-03T15:02:03.9598599Z Selecting previously unselected package libhwy1t64:amd64.
web	UNKNOWN STEP	2026-10-03T15:02:03.9725877Z Preparing to unpack .../021-libhwy1t64_1.0.7-8.1build1_amd64.deb ...
web	UNKNOWN STEP	2026-10-03T15:02:03.9733875Z Unpacking libhwy1t64:amd64 (1.0.7-8.1build1) ...
web	UNKNOWN STEP	2026-10-03T15:02:04.0034559Z Selecting previously unselected package libjxl0.7:amd64.
web	UNKNOWN STEP	2026-10-03T15:02:04.0162586Z Preparing to unpack .../022-libjxl0.7_0.7.0-10.2ubuntu6.1_amd64.deb ...
web	UNKNOWN STEP	2026-10-03T15:02:04.0168951Z Unpacking libjxl0.7:amd64 (0.7.0-10.2ubuntu6.1) ...
web	UNKNOWN STEP	2026-10-03T15:02:04.0496974Z Selecting previously unselected package libmp3lame0:amd64.
web	UNKNOWN STEP	2026-10-03T15:02:04.0625853Z Preparing to unpack .../023-libmp3lame0_3.100-6build1_amd64.deb ...
web	UNKNOWN STEP	2026-10-03T15:02:04.0632325Z Unpacking libmp3lame0:amd64 (3.100-6build1) ...
web	UNKNOWN STEP	2026-10-03T15:02:04.0856290Z Selecting previously unselected package libopus0:amd64.
web	UNKNOWN STEP	2026-10-03T15:02:04.0984560Z Preparing to unpack .../024-libopus0_1.4-1build1_amd64.deb ...
web	UNKNOWN STEP	2026-10-03T15:02:04.0992585Z Unpacking libopus0:amd64 (1.4-1build1) ...
web	UNKNOWN STEP	2026-10-03T15:02:04.1221152Z Selecting previously unselected package librav1e0:amd64.
web	UNKNOWN STEP	2026-10-03T15:02:04.1348865Z Preparing to unpack .../025-librav1e0_0.7.1-2_amd64.deb ...
web	UNKNOWN STEP	2026-10-03T15:02:04.1355471Z Unpacking librav1e0:amd64 (0.7.1-2) ...
web	UNKNOWN STEP	2026-10-03T15:02:04.1668283Z Selecting previously unselected package librsvg2-2:amd64.
web	UNKNOWN STEP	2026-10-03T15:02:04.1794721Z Preparing to unpack .../026-librsvg2-2_2.58.0+dfsg-1build1_amd64.deb ...
web	UNKNOWN STEP	2026-10-03T15:02:04.1801676Z Unpacking librsvg2-2:amd64 (2.58.0+dfsg-1build1) ...
web	UNKNOWN STEP	2026-10-03T15:02:04.2254836Z Selecting previously unselected package libshine3:amd64.
web	UNKNOWN STEP	2026-10-03T15:02:04.2383276Z Preparing to unpack .../027-libshine3_3.1.1-2build1_amd64.deb ...
web	UNKNOWN STEP	2026-10-03T15:02:04.2390882Z Unpacking libshine3:amd64 (3.1.1-2build1) ...
web	UNKNOWN STEP	2026-10-03T15:02:04.2587131Z Selecting previously unselected package libspeex1:amd64.
web	UNKNOWN STEP	2026-10-03T15:02:04.2715166Z Preparing to unpack .../028-libspeex1_1.2.1-2ubuntu2.24.04.1_amd64.deb ...
web	UNKNOWN STEP	2026-10-03T15:02:04.2723265Z Unpacking libspeex1:amd64 (1.2.1-2ubuntu2.24.04.1) ...
web	UNKNOWN STEP	2026-10-03T15:02:04.2924351Z Selecting previously unselected package libsvtav1enc1d1:amd64.
web	UNKNOWN STEP	2026-10-03T15:02:04.3053374Z Preparing to unpack .../029-libsvtav1enc1d1_1.7.0+dfsg-2build1_amd64.deb ...
web	UNKNOWN STEP	2026-10-03T15:02:04.3061927Z Unpacking libsvtav1enc1d1:amd64 (1.7.0+dfsg-2build1) ...
web	UNKNOWN STEP	2026-10-03T15:02:04.3554992Z Selecting previously unselected package libsoxr0:amd64.
web	UNKNOWN STEP	2026-10-03T15:02:04.3683083Z Preparing to unpack .../030-libsoxr0_0.1.3-4build3_amd64.deb ...
web	UNKNOWN STEP	2026-10-03T15:02:04.3690302Z Unpacking libsoxr0:amd64 (0.1.3-4build3) ...
web	UNKNOWN STEP	2026-10-03T15:02:04.3894631Z Selecting previously unselected package libswresample4:amd64.
web	UNKNOWN STEP	2026-10-03T15:02:04.4022035Z Preparing to unpack .../031-libswresample4_7%3a6.1.1-3ubuntu5_amd64.deb ...
web	UNKNOWN STEP	2026-10-03T15:02:04.4028881Z Unpacking libswresample4:amd64 (7:6.1.1-3ubuntu5) ...
web	UNKNOWN STEP	2026-10-03T15:02:04.4231945Z Selecting previously unselected package libtheora0:amd64.
web	UNKNOWN STEP	2026-10-03T15:02:04.4357676Z Preparing to unpack .../032-libtheora0_1.1.1+dfsg.1-16.1build3_amd64.deb ...
web	UNKNOWN STEP	2026-10-03T15:02:04.4364567Z Unpacking libtheora0:amd64 (1.1.1+dfsg.1-16.1build3) ...
web	UNKNOWN STEP	2026-10-03T15:02:04.4587644Z Selecting previously unselected package libtwolame0:amd64.
web	UNKNOWN STEP	2026-10-03T15:02:04.4711648Z Preparing to unpack .../033-libtwolame0_0.4.0-2build3_amd64.deb ...
web	UNKNOWN STEP	2026-10-03T15:02:04.4718806Z Unpacking libtwolame0:amd64 (0.4.0-2build3) ...
web	UNKNOWN STEP	2026-10-03T15:02:04.4914320Z Selecting previously unselected package libvorbisenc2:amd64.
web	UNKNOWN STEP	2026-10-03T15:02:04.5040404Z Preparing to unpack .../034-libvorbisenc2_1.3.7-1build3_amd64.deb ...
web	UNKNOWN STEP	2026-10-03T15:02:04.5047353Z Unpacking libvorbisenc2:amd64 (1.3.7-1build3) ...
web	UNKNOWN STEP	2026-10-03T15:02:04.5262034Z Selecting previously unselected package libvpx9:amd64.
web	UNKNOWN STEP	2026-10-03T15:02:04.5385789Z Preparing to unpack .../035-libvpx9_1.14.0-1ubuntu2.3_amd64.deb ...
web	UNKNOWN STEP	2026-10-03T15:02:04.5393208Z Unpacking libvpx9:amd64 (1.14.0-1ubuntu2.3) ...
web	UNKNOWN STEP	2026-10-03T15:02:04.5721071Z Selecting previously unselected package libx264-164:amd64.
web	UNKNOWN STEP	2026-10-03T15:02:04.5850649Z Preparing to unpack .../036-libx264-164_2%3a0.164.3108+git31e19f9-1_amd64.deb ...
web	UNKNOWN STEP	2026-10-03T15:02:04.5859835Z Unpacking libx264-164:amd64 (2:0.164.3108+git31e19f9-1) ...
web	UNKNOWN STEP	2026-10-03T15:02:04.6134568Z Selecting previously unselected package libx265-199:amd64.
web	UNKNOWN STEP	2026-10-03T15:02:04.6261255Z Preparing to unpack .../037-libx265-199_3.5-2build1_amd64.deb ...
web	UNKNOWN STEP	2026-10-03T15:02:04.6267850Z Unpacking libx265-199:amd64 (3.5-2build1) ...
web	UNKNOWN STEP	2026-10-03T15:02:04.6928937Z Selecting previously unselected package libxvidcore4:amd64.
web	UNKNOWN STEP	2026-10-03T15:02:04.7056368Z Preparing to unpack .../038-libxvidcore4_2%3a1.3.7-1build1_amd64.deb ...
web	UNKNOWN STEP	2026-10-03T15:02:04.7063663Z Unpacking libxvidcore4:amd64 (2:1.3.7-1build1) ...
web	UNKNOWN STEP	2026-10-03T15:02:04.7274114Z Selecting previously unselected package libzvbi-common.
web	UNKNOWN STEP	2026-10-03T15:02:04.7399769Z Preparing to unpack .../039-libzvbi-common_0.2.42-2_all.deb ...
web	UNKNOWN STEP	2026-10-03T15:02:04.7407094Z Unpacking libzvbi-common (0.2.42-2) ...
web	UNKNOWN STEP	2026-10-03T15:02:04.7665614Z Selecting previously unselected package libzvbi0t64:amd64.
web	UNKNOWN STEP	2026-10-03T15:02:04.7791123Z Preparing to unpack .../040-libzvbi0t64_0.2.42-2_amd64.deb ...
web	UNKNOWN STEP	2026-10-03T15:02:04.7798016Z Unpacking libzvbi0t64:amd64 (0.2.42-2) ...
web	UNKNOWN STEP	2026-10-03T15:02:04.8028096Z Selecting previously unselected package libavcodec60:amd64.
web	UNKNOWN STEP	2026-10-03T15:02:04.8153086Z Preparing to unpack .../041-libavcodec60_7%3a6.1.1-3ubuntu5_amd64.deb ...
web	UNKNOWN STEP	2026-10-03T15:02:04.8160361Z Unpacking libavcodec60:amd64 (7:6.1.1-3ubuntu5) ...
web	UNKNOWN STEP	2026-10-03T15:02:04.8959738Z Selecting previously unselected package libunibreak5:amd64.
web	UNKNOWN STEP	2026-10-03T15:02:04.9086348Z Preparing to unpack .../042-libunibreak5_5.1-2build1_amd64.deb ...
web	UNKNOWN STEP	2026-10-03T15:02:04.9092736Z Unpacking libunibreak5:amd64 (5.1-2build1) ...
web	UNKNOWN STEP	2026-10-03T15:02:04.9290515Z Selecting previously unselected package libass9:amd64.
web	UNKNOWN STEP	2026-10-03T15:02:04.9416792Z Preparing to unpack .../043-libass9_1%3a0.17.1-2build1_amd64.deb ...
web	UNKNOWN STEP	2026-10-03T15:02:04.9423718Z Unpacking libass9:amd64 (1:0.17.1-2build1) ...
web	UNKNOWN STEP	2026-10-03T15:02:04.9623040Z Selecting previously unselected package libudfread0:amd64.
web	UNKNOWN STEP	2026-10-03T15:02:04.9748879Z Preparing to unpack .../044-libudfread0_1.1.2-1build1_amd64.deb ...
web	UNKNOWN STEP	2026-10-03T15:02:04.9755521Z Unpacking libudfread0:amd64 (1.1.2-1build1) ...
web	UNKNOWN STEP	2026-10-03T15:02:04.9943752Z Selecting previously unselected package libbluray2:amd64.
web	UNKNOWN STEP	2026-10-03T15:02:05.0068378Z Preparing to unpack .../045-libbluray2_1%3a1.3.4-1build1_amd64.deb ...
web	UNKNOWN STEP	2026-10-03T15:02:05.0075893Z Unpacking libbluray2:amd64 (1:1.3.4-1build1) ...
web	UNKNOWN STEP	2026-10-03T15:02:05.0287177Z Selecting previously unselected package libchromaprint1:amd64.
web	UNKNOWN STEP	2026-10-03T15:02:05.0410341Z Preparing to unpack .../046-libchromaprint1_1.5.1-5_amd64.deb ...
web	UNKNOWN STEP	2026-10-03T15:02:05.0417848Z Unpacking libchromaprint1:amd64 (1.5.1-5) ...
web	UNKNOWN STEP	2026-10-03T15:02:05.0612145Z Selecting previously unselected package libgme0:amd64.
web	UNKNOWN STEP	2026-10-03T15:02:05.0735814Z Preparing to unpack .../047-libgme0_0.6.3-7build1_amd64.deb ...
web	UNKNOWN STEP	2026-10-03T15:02:05.0743923Z Unpacking libgme0:amd64 (0.6.3-7build1) ...
web	UNKNOWN STEP	2026-10-03T15:02:05.0950692Z Selecting previously unselected package libmpg123-0t64:amd64.
web	UNKNOWN STEP	2026-10-03T15:02:05.1075814Z Preparing to unpack .../048-libmpg123-0t64_1.32.5-1ubuntu1.1_amd64.deb ...
web	UNKNOWN STEP	2026-10-03T15:02:05.1081946Z Unpacking libmpg123-0t64:amd64 (1.32.5-1ubuntu1.1) ...
web	UNKNOWN STEP	2026-10-03T15:02:05.1292346Z Selecting previously unselected package libopenmpt0t64:amd64.
web	UNKNOWN STEP	2026-10-03T15:02:05.1417183Z Preparing to unpack .../049-libopenmpt0t64_0.7.3-1.1build3_amd64.deb ...
web	UNKNOWN STEP	2026-10-03T15:02:05.1424343Z Unpacking libopenmpt0t64:amd64 (0.7.3-1.1build3) ...
web	UNKNOWN STEP	2026-10-03T15:02:05.1682515Z Selecting previously unselected package libcjson1:amd64.
web	UNKNOWN STEP	2026-10-03T15:02:05.1806066Z Preparing to unpack .../050-libcjson1_1.7.17-1_amd64.deb ...
web	UNKNOWN STEP	2026-10-03T15:02:05.1813537Z Unpacking libcjson1:amd64 (1.7.17-1) ...
web	UNKNOWN STEP	2026-10-03T15:02:05.2009368Z Selecting previously unselected package libmbedcrypto7t64:amd64.
web	UNKNOWN STEP	2026-10-03T15:02:05.2131969Z Preparing to unpack .../051-libmbedcrypto7t64_2.28.8-1_amd64.deb ...
web	UNKNOWN STEP	2026-10-03T15:02:05.2139035Z Unpacking libmbedcrypto7t64:amd64 (2.28.8-1) ...
web	UNKNOWN STEP	2026-10-03T15:02:05.2357016Z Selecting previously unselected package librist4:amd64.
web	UNKNOWN STEP	2026-10-03T15:02:05.2482327Z Preparing to unpack .../052-librist4_0.2.10+dfsg-2_amd64.deb ...
web	UNKNOWN STEP	2026-10-03T15:02:05.2489121Z Unpacking librist4:amd64 (0.2.10+dfsg-2) ...
web	UNKNOWN STEP	2026-10-03T15:02:05.2693226Z Selecting previously unselected package libsrt1.5-gnutls:amd64.
web	UNKNOWN STEP	2026-10-03T15:02:05.2819712Z Preparing to unpack .../053-libsrt1.5-gnutls_1.5.3-1build2_amd64.deb ...
web	UNKNOWN STEP	2026-10-03T15:02:05.2827222Z Unpacking libsrt1.5-gnutls:amd64 (1.5.3-1build2) ...
web	UNKNOWN STEP	2026-10-03T15:02:05.3054882Z Selecting previously unselected package libssh-gcrypt-4:amd64.
web	UNKNOWN STEP	2026-10-03T15:02:05.3179620Z Preparing to unpack .../054-libssh-gcrypt-4_0.10.6-2ubuntu0.5_amd64.deb ...
web	UNKNOWN STEP	2026-10-03T15:02:05.3186971Z Unpacking libssh-gcrypt-4:amd64 (0.10.6-2ubuntu0.5) ...
web	UNKNOWN STEP	2026-10-03T15:02:05.3404145Z Selecting previously unselected package libavformat60:amd64.
web	UNKNOWN STEP	2026-10-03T15:02:05.3528002Z Preparing to unpack .../055-libavformat60_7%3a6.1.1-3ubuntu5_amd64.deb ...
web	UNKNOWN STEP	2026-10-03T15:02:05.3536352Z Unpacking libavformat60:amd64 (7:6.1.1-3ubuntu5) ...
web	UNKNOWN STEP	2026-10-03T15:02:05.3834499Z Selecting previously unselected package libbs2b0:amd64.
web	UNKNOWN STEP	2026-10-03T15:02:05.3960886Z Preparing to unpack .../056-libbs2b0_3.1.0+dfsg-7build1_amd64.deb ...
web	UNKNOWN STEP	2026-10-03T15:02:05.3969114Z Unpacking libbs2b0:amd64 (3.1.0+dfsg-7build1) ...
web	UNKNOWN STEP	2026-10-03T15:02:05.4181062Z Selecting previously unselected package libflite1:amd64.
web	UNKNOWN STEP	2026-10-03T15:02:05.4306736Z Preparing to unpack .../057-libflite1_2.2-6build3_amd64.deb ...
web	UNKNOWN STEP	2026-10-03T15:02:05.4312904Z Unpacking libflite1:amd64 (2.2-6build3) ...
web	UNKNOWN STEP	2026-10-03T15:02:05.5362359Z Selecting previously unselected package libserd-0-0:amd64.
web	UNKNOWN STEP	2026-10-03T15:02:05.5490625Z Preparing to unpack .../058-libserd-0-0_0.32.2-1_amd64.deb ...
web	UNKNOWN STEP	2026-10-03T15:02:05.5497082Z Unpacking libserd-0-0:amd64 (0.32.2-1) ...
web	UNKNOWN STEP	2026-10-03T15:02:05.5688872Z Selecting previously unselected package libzix-0-0:amd64.
web	UNKNOWN STEP	2026-10-03T15:02:05.5816847Z Preparing to unpack .../059-libzix-0-0_0.4.2-2build1_amd64.deb ...
web	UNKNOWN STEP	2026-10-03T15:02:05.5824388Z Unpacking libzix-0-0:amd64 (0.4.2-2build1) ...
web	UNKNOWN STEP	2026-10-03T15:02:05.6017401Z Selecting previously unselected package libsord-0-0:amd64.
web	UNKNOWN STEP	2026-10-03T15:02:05.6142684Z Preparing to unpack .../060-libsord-0-0_0.16.16-2build1_amd64.deb ...
web	UNKNOWN STEP	2026-10-03T15:02:05.6150175Z Unpacking libsord-0-0:amd64 (0.16.16-2build1) ...
web	UNKNOWN STEP	2026-10-03T15:02:05.6342096Z Selecting previously unselected package libsratom-0-0:amd64.
web	UNKNOWN STEP	2026-10-03T15:02:05.6465885Z Preparing to unpack .../061-libsratom-0-0_0.6.16-1build1_amd64.deb ...
web	UNKNOWN STEP	2026-10-03T15:02:05.6472905Z Unpacking libsratom-0-0:amd64 (0.6.16-1build1) ...
web	UNKNOWN STEP	2026-10-03T15:02:05.6665764Z Selecting previously unselected package liblilv-0-0:amd64.
web	UNKNOWN STEP	2026-10-03T15:02:05.6789029Z Preparing to unpack .../062-liblilv-0-0_0.24.22-1build1_amd64.deb ...
web	UNKNOWN STEP	2026-10-03T15:02:05.6795791Z Unpacking liblilv-0-0:amd64 (0.24.22-1build1) ...
web	UNKNOWN STEP	2026-10-03T15:02:05.6990235Z Selecting previously unselected package libmysofa1:amd64.
web	UNKNOWN STEP	2026-10-03T15:02:05.7112560Z Preparing to unpack .../063-libmysofa1_1.3.2+dfsg-2ubuntu2_amd64.deb ...
web	UNKNOWN STEP	2026-10-03T15:02:05.7119504Z Unpacking libmysofa1:amd64 (1.3.2+dfsg-2ubuntu2) ...
web	UNKNOWN STEP	2026-10-03T15:02:05.7361221Z Selecting previously unselected package libplacebo338:amd64.
web	UNKNOWN STEP	2026-10-03T15:02:05.7484437Z Preparing to unpack .../064-libplacebo338_6.338.2-2build1_amd64.deb ...
web	UNKNOWN STEP	2026-10-03T15:02:05.7492356Z Unpacking libplacebo338:amd64 (6.338.2-2build1) ...
web	UNKNOWN STEP	2026-10-03T15:02:05.8040878Z Selecting previously unselected package libblas3:amd64.
web	UNKNOWN STEP	2026-10-03T15:02:05.8169083Z Preparing to unpack .../065-libblas3_3.12.0-3build1.1_amd64.deb ...
web	UNKNOWN STEP	2026-10-03T15:02:05.8199290Z Unpacking libblas3:amd64 (3.12.0-3build1.1) ...
web	UNKNOWN STEP	2026-10-03T15:02:05.8428302Z Selecting previously unselected package liblapack3:amd64.
web	UNKNOWN STEP	2026-10-03T15:02:05.8554353Z Preparing to unpack .../066-liblapack3_3.12.0-3build1.1_amd64.deb ...
web	UNKNOWN STEP	2026-10-03T15:02:05.8581933Z Unpacking liblapack3:amd64 (3.12.0-3build1.1) ...
web	UNKNOWN STEP	2026-10-03T15:02:05.9093255Z Selecting previously unselected package libasyncns0:amd64.
web	UNKNOWN STEP	2026-10-03T15:02:05.9222106Z Preparing to unpack .../067-libasyncns0_0.8-6build4_amd64.deb ...
web	UNKNOWN STEP	2026-10-03T15:02:05.9231149Z Unpacking libasyncns0:amd64 (0.8-6build4) ...
web	UNKNOWN STEP	2026-10-03T15:02:05.9434606Z Selecting previously unselected package libflac12t64:amd64.
web	UNKNOWN STEP	2026-10-03T15:02:05.9564115Z Preparing to unpack .../068-libflac12t64_1.4.3+ds-2.1ubuntu2_amd64.deb ...
web	UNKNOWN STEP	2026-10-03T15:02:05.9570830Z Unpacking libflac12t64:amd64 (1.4.3+ds-2.1ubuntu2) ...
web	UNKNOWN STEP	2026-10-03T15:02:05.9797105Z Selecting previously unselected package libsndfile1:amd64.
web	UNKNOWN STEP	2026-10-03T15:02:05.9923354Z Preparing to unpack .../069-libsndfile1_1.2.2-1ubuntu5.24.04.1_amd64.deb ...
web	UNKNOWN STEP	2026-10-03T15:02:05.9930275Z Unpacking libsndfile1:amd64 (1.2.2-1ubuntu5.24.04.1) ...
web	UNKNOWN STEP	2026-10-03T15:02:06.0161413Z Selecting previously unselected package libpulse0:amd64.
web	UNKNOWN STEP	2026-10-03T15:02:06.0289322Z Preparing to unpack .../070-libpulse0_1%3a16.1+dfsg1-2ubuntu10.1_amd64.deb ...
web	UNKNOWN STEP	2026-10-03T15:02:06.0349432Z Unpacking libpulse0:amd64 (1:16.1+dfsg1-2ubuntu10.1) ...
web	UNKNOWN STEP	2026-10-03T15:02:06.0661768Z Selecting previously unselected package libsphinxbase3t64:amd64.
web	UNKNOWN STEP	2026-10-03T15:02:06.0788125Z Preparing to unpack .../071-libsphinxbase3t64_0.8+5prealpha+1-17build2_amd64.deb ...
web	UNKNOWN STEP	2026-10-03T15:02:06.0795853Z Unpacking libsphinxbase3t64:amd64 (0.8+5prealpha+1-17build2) ...
web	UNKNOWN STEP	2026-10-03T15:02:06.1000360Z Selecting previously unselected package libpocketsphinx3:amd64.
web	UNKNOWN STEP	2026-10-03T15:02:06.1129038Z Preparing to unpack .../072-libpocketsphinx3_0.8.0+real5prealpha+1-15ubuntu5_amd64.deb ...
web	UNKNOWN STEP	2026-10-03T15:02:06.1135937Z Unpacking libpocketsphinx3:amd64 (0.8.0+real5prealpha+1-15ubuntu5) ...
web	UNKNOWN STEP	2026-10-03T15:02:06.1337484Z Selecting previously unselected package libpostproc57:amd64.
web	UNKNOWN STEP	2026-10-03T15:02:06.1461532Z Preparing to unpack .../073-libpostproc57_7%3a6.1.1-3ubuntu5_amd64.deb ...
web	UNKNOWN STEP	2026-10-03T15:02:06.1469106Z Unpacking libpostproc57:amd64 (7:6.1.1-3ubuntu5) ...
web	UNKNOWN STEP	2026-10-03T15:02:06.1664360Z Selecting previously unselected package libsamplerate0:amd64.
web	UNKNOWN STEP	2026-10-03T15:02:06.1789420Z Preparing to unpack .../074-libsamplerate0_0.2.2-4build1_amd64.deb ...
web	UNKNOWN STEP	2026-10-03T15:02:06.1796931Z Unpacking libsamplerate0:amd64 (0.2.2-4build1) ...
web	UNKNOWN STEP	2026-10-03T15:02:06.2041780Z Selecting previously unselected package librubberband2:amd64.
web	UNKNOWN STEP	2026-10-03T15:02:06.2166825Z Preparing to unpack .../075-librubberband2_3.3.0+dfsg-2build1_amd64.deb ...
web	UNKNOWN STEP	2026-10-03T15:02:06.2174634Z Unpacking librubberband2:amd64 (3.3.0+dfsg-2build1) ...
web	UNKNOWN STEP	2026-10-03T15:02:06.2387987Z Selecting previously unselected package libswscale7:amd64.
web	UNKNOWN STEP	2026-10-03T15:02:06.2512284Z Preparing to unpack .../076-libswscale7_7%3a6.1.1-3ubuntu5_amd64.deb ...
web	UNKNOWN STEP	2026-10-03T15:02:06.2519880Z Unpacking libswscale7:amd64 (7:6.1.1-3ubuntu5) ...
web	UNKNOWN STEP	2026-10-03T15:02:06.2743163Z Selecting previously unselected package libvidstab1.1:amd64.
web	UNKNOWN STEP	2026-10-03T15:02:06.2865613Z Preparing to unpack .../077-libvidstab1.1_1.1.0-2build1_amd64.deb ...
web	UNKNOWN STEP	2026-10-03T15:02:06.2873676Z Unpacking libvidstab1.1:amd64 (1.1.0-2build1) ...
web	UNKNOWN STEP	2026-10-03T15:02:06.3062857Z Selecting previously unselected package libzimg2:amd64.
web	UNKNOWN STEP	2026-10-03T15:02:06.3185910Z Preparing to unpack .../078-libzimg2_3.0.5+ds1-1build1_amd64.deb ...
web	UNKNOWN STEP	2026-10-03T15:02:06.3192480Z Unpacking libzimg2:amd64 (3.0.5+ds1-1build1) ...
web	UNKNOWN STEP	2026-10-03T15:02:06.3445722Z Selecting previously unselected package libavfilter9:amd64.
web	UNKNOWN STEP	2026-10-03T15:02:06.3567827Z Preparing to unpack .../079-libavfilter9_7%3a6.1.1-3ubuntu5_amd64.deb ...
web	UNKNOWN STEP	2026-10-03T15:02:06.3574540Z Unpacking libavfilter9:amd64 (7:6.1.1-3ubuntu5) ...
web	UNKNOWN STEP	2026-10-03T15:02:06.4238073Z Selecting previously unselected package liborc-0.4-0t64:amd64.
web	UNKNOWN STEP	2026-10-03T15:02:06.4365511Z Preparing to unpack .../080-liborc-0.4-0t64_1%3a0.4.38-1ubuntu0.1_amd64.deb ...
web	UNKNOWN STEP	2026-10-03T15:02:06.4371786Z Unpacking liborc-0.4-0t64:amd64 (1:0.4.38-1ubuntu0.1) ...
web	UNKNOWN STEP	2026-10-03T15:02:06.4606643Z Selecting previously unselected package libgstreamer-plugins-base1.0-0:amd64.
web	UNKNOWN STEP	2026-10-03T15:02:06.4734034Z Preparing to unpack .../081-libgstreamer-plugins-base1.0-0_1.24.2-1ubuntu0.5_amd64.deb ...
web	UNKNOWN STEP	2026-10-03T15:02:06.4740659Z Unpacking libgstreamer-plugins-base1.0-0:amd64 (1.24.2-1ubuntu0.5) ...
web	UNKNOWN STEP	2026-10-03T15:02:06.5308709Z Selecting previously unselected package gstreamer1.0-libav:amd64.
web	UNKNOWN STEP	2026-10-03T15:02:06.5435053Z Preparing to unpack .../082-gstreamer1.0-libav_1.24.1-1build1_amd64.deb ...
web	UNKNOWN STEP	2026-10-03T15:02:06.5441424Z Unpacking gstreamer1.0-libav:amd64 (1.24.1-1build1) ...
web	UNKNOWN STEP	2026-10-03T15:02:06.5662265Z Selecting previously unselected package libcdparanoia0:amd64.
web	UNKNOWN STEP	2026-10-03T15:02:06.5786824Z Preparing to unpack .../083-libcdparanoia0_3.10.2+debian-14build3_amd64.deb ...
web	UNKNOWN STEP	2026-10-03T15:02:06.5794368Z Unpacking libcdparanoia0:amd64 (3.10.2+debian-14build3) ...
web	UNKNOWN STEP	2026-10-03T15:02:06.5996193Z Selecting previously unselected package libvisual-0.4-0:amd64.
web	UNKNOWN STEP	2026-10-03T15:02:06.6121003Z Preparing to unpack .../084-libvisual-0.4-0_0.4.2-2build1_amd64.deb ...
web	UNKNOWN STEP	2026-10-03T15:02:06.6127806Z Unpacking libvisual-0.4-0:amd64 (0.4.2-2build1) ...
web	UNKNOWN STEP	2026-10-03T15:02:06.6337329Z Selecting previously unselected package gstreamer1.0-plugins-base:amd64.
web	UNKNOWN STEP	2026-10-03T15:02:06.6462004Z Preparing to unpack .../085-gstreamer1.0-plugins-base_1.24.2-1ubuntu0.5_amd64.deb ...
web	UNKNOWN STEP	2026-10-03T15:02:06.6469229Z Unpacking gstreamer1.0-plugins-base:amd64 (1.24.2-1ubuntu0.5) ...
web	UNKNOWN STEP	2026-10-03T15:02:06.6801834Z Selecting previously unselected package libaa1:amd64.
web	UNKNOWN STEP	2026-10-03T15:02:06.6930841Z Preparing to unpack .../086-libaa1_1.4p5-51.1_amd64.deb ...
web	UNKNOWN STEP	2026-10-03T15:02:06.6939499Z Unpacking libaa1:amd64 (1.4p5-51.1) ...
web	UNKNOWN STEP	2026-10-03T15:02:06.7142479Z Selecting previously unselected package libraw1394-11:amd64.
web	UNKNOWN STEP	2026-10-03T15:02:06.7268017Z Preparing to unpack .../087-libraw1394-11_2.1.2-2build3_amd64.deb ...
web	UNKNOWN STEP	2026-10-03T15:02:06.7275571Z Unpacking libraw1394-11:amd64 (2.1.2-2build3) ...
web	UNKNOWN STEP	2026-10-03T15:02:06.7471375Z Selecting previously unselected package libavc1394-0:amd64.
web	UNKNOWN STEP	2026-10-03T15:02:06.7595863Z Preparing to unpack .../088-libavc1394-0_0.5.4-5build3_amd64.deb ...
web	UNKNOWN STEP	2026-10-03T15:02:06.7602536Z Unpacking libavc1394-0:amd64 (0.5.4-5build3) ...
web	UNKNOWN STEP	2026-10-03T15:02:06.7801328Z Selecting previously unselected package libcaca0:amd64.
web	UNKNOWN STEP	2026-10-03T15:02:06.7926779Z Preparing to unpack .../089-libcaca0_0.99.beta20-4ubuntu0.2_amd64.deb ...
web	UNKNOWN STEP	2026-10-03T15:02:06.7933331Z Unpacking libcaca0:amd64 (0.99.beta20-4ubuntu0.2) ...
web	UNKNOWN STEP	2026-10-03T15:02:06.8174212Z Selecting previously unselected package libdv4t64:amd64.
web	UNKNOWN STEP	2026-10-03T15:02:06.8299389Z Preparing to unpack .../090-libdv4t64_1.0.0-17.1build1_amd64.deb ...
web	UNKNOWN STEP	2026-10-03T15:02:06.8306373Z Unpacking libdv4t64:amd64 (1.0.0-17.1build1) ...
web	UNKNOWN STEP	2026-10-03T15:02:06.8511685Z Selecting previously unselected package libgstreamer-plugins-good1.0-0:amd64.
web	UNKNOWN STEP	2026-10-03T15:02:06.8636474Z Preparing to unpack .../091-libgstreamer-plugins-good1.0-0_1.24.2-1ubuntu1.8_amd64.deb ...
web	UNKNOWN STEP	2026-10-03T15:02:06.8642980Z Unpacking libgstreamer-plugins-good1.0-0:amd64 (1.24.2-1ubuntu1.8) ...
web	UNKNOWN STEP	2026-10-03T15:02:06.8842222Z Selecting previously unselected package libiec61883-0:amd64.
web	UNKNOWN STEP	2026-10-03T15:02:06.8966499Z Preparing to unpack .../092-libiec61883-0_1.2.0-6build1_amd64.deb ...
web	UNKNOWN STEP	2026-10-03T15:02:06.8978694Z Unpacking libiec61883-0:amd64 (1.2.0-6build1) ...
web	UNKNOWN STEP	2026-10-03T15:02:06.9173365Z Selecting previously unselected package libshout3:amd64.
web	UNKNOWN STEP	2026-10-03T15:02:06.9296903Z Preparing to unpack .../093-libshout3_2.4.6-1build2_amd64.deb ...
web	UNKNOWN STEP	2026-10-03T15:02:06.9303247Z Unpacking libshout3:amd64 (2.4.6-1build2) ...
web	UNKNOWN STEP	2026-10-03T15:02:06.9508089Z Selecting previously unselected package libtag1v5-vanilla:amd64.
web	UNKNOWN STEP	2026-10-03T15:02:06.9631202Z Preparing to unpack .../094-libtag1v5-vanilla_1.13.1-1build1_amd64.deb ...
web	UNKNOWN STEP	2026-10-03T15:02:06.9640064Z Unpacking libtag1v5-vanilla:amd64 (1.13.1-1build1) ...
web	UNKNOWN STEP	2026-10-03T15:02:06.9873092Z Selecting previously unselected package libtag1v5:amd64.
web	UNKNOWN STEP	2026-10-03T15:02:06.9999892Z Preparing to unpack .../095-libtag1v5_1.13.1-1build1_amd64.deb ...
web	UNKNOWN STEP	2026-10-03T15:02:07.0006666Z Unpacking libtag1v5:amd64 (1.13.1-1build1) ...
web	UNKNOWN STEP	2026-10-03T15:02:07.0196762Z Selecting previously unselected package libv4lconvert0t64:amd64.
web	UNKNOWN STEP	2026-10-03T15:02:07.0323212Z Preparing to unpack .../096-libv4lconvert0t64_1.26.1-4build3_amd64.deb ...
web	UNKNOWN STEP	2026-10-03T15:02:07.0329392Z Unpacking libv4lconvert0t64:amd64 (1.26.1-4build3) ...
web	UNKNOWN STEP	2026-10-03T15:02:07.0537331Z Selecting previously unselected package libv4l-0t64:amd64.
web	UNKNOWN STEP	2026-10-03T15:02:07.0660896Z Preparing to unpack .../097-libv4l-0t64_1.26.1-4build3_amd64.deb ...
web	UNKNOWN STEP	2026-10-03T15:02:07.0667286Z Unpacking libv4l-0t64:amd64 (1.26.1-4build3) ...
web	UNKNOWN STEP	2026-10-03T15:02:07.0884551Z Selecting previously unselected package libwavpack1:amd64.
web	UNKNOWN STEP	2026-10-03T15:02:07.1010886Z Preparing to unpack .../098-libwavpack1_5.6.0-1build1_amd64.deb ...
web	UNKNOWN STEP	2026-10-03T15:02:07.1017031Z Unpacking libwavpack1:amd64 (5.6.0-1build1) ...
web	UNKNOWN STEP	2026-10-03T15:02:07.1214110Z Selecting previously unselected package libsoup-3.0-common.
web	UNKNOWN STEP	2026-10-03T15:02:07.1339262Z Preparing to unpack .../099-libsoup-3.0-common_3.4.4-5ubuntu0.8_all.deb ...
web	UNKNOWN STEP	2026-10-03T15:02:07.1345792Z Unpacking libsoup-3.0-common (3.4.4-5ubuntu0.8) ...
web	UNKNOWN STEP	2026-10-03T15:02:07.1537183Z Selecting previously unselected package libsoup-3.0-0:amd64.
web	UNKNOWN STEP	2026-10-03T15:02:07.1661056Z Preparing to unpack .../100-libsoup-3.0-0_3.4.4-5ubuntu0.8_amd64.deb ...
web	UNKNOWN STEP	2026-10-03T15:02:07.1667373Z Unpacking libsoup-3.0-0:amd64 (3.4.4-5ubuntu0.8) ...
web	UNKNOWN STEP	2026-10-03T15:02:07.1886911Z Selecting previously unselected package gstreamer1.0-plugins-good:amd64.
web	UNKNOWN STEP	2026-10-03T15:02:07.2012270Z Preparing to unpack .../101-gstreamer1.0-plugins-good_1.24.2-1ubuntu1.8_amd64.deb ...
web	UNKNOWN STEP	2026-10-03T15:02:07.2018987Z Unpacking gstreamer1.0-plugins-good:amd64 (1.24.2-1ubuntu1.8) ...
web	UNKNOWN STEP	2026-10-03T15:02:07.2584790Z Selecting previously unselected package libabsl20220623t64:amd64.
web	UNKNOWN STEP	2026-10-03T15:02:07.2713164Z Preparing to unpack .../102-libabsl20220623t64_20220623.1-3.1ubuntu3.2_amd64.deb ...
web	UNKNOWN STEP	2026-10-03T15:02:07.2720562Z Unpacking libabsl20220623t64:amd64 (20220623.1-3.1ubuntu3.2) ...
web	UNKNOWN STEP	2026-10-03T15:02:07.3113773Z Selecting previously unselected package libgav1-1:amd64.
web	UNKNOWN STEP	2026-10-03T15:02:07.3240429Z Preparing to unpack .../103-libgav1-1_0.18.0-1build3_amd64.deb ...
web	UNKNOWN STEP	2026-10-03T15:02:07.3247692Z Unpacking libgav1-1:amd64 (0.18.0-1build3) ...
web	UNKNOWN STEP	2026-10-03T15:02:07.3477899Z Selecting previously unselected package libyuv0:amd64.
web	UNKNOWN STEP	2026-10-03T15:02:07.3605085Z Preparing to unpack .../104-libyuv0_0.0~git202401110.af6ac82-1_amd64.deb ...
web	UNKNOWN STEP	2026-10-03T15:02:07.3613067Z Unpacking libyuv0:amd64 (0.0~git202401110.af6ac82-1) ...
web	UNKNOWN STEP	2026-10-03T15:02:07.3827177Z Selecting previously unselected package libavif16:amd64.
web	UNKNOWN STEP	2026-10-03T15:02:07.3950788Z Preparing to unpack .../105-libavif16_1.0.4-1ubuntu3_amd64.deb ...
web	UNKNOWN STEP	2026-10-03T15:02:07.3957237Z Unpacking libavif16:amd64 (1.0.4-1ubuntu3) ...
web	UNKNOWN STEP	2026-10-03T15:02:07.4157896Z Selecting previously unselected package libavtp0:amd64.
web	UNKNOWN STEP	2026-10-03T15:02:07.4280038Z Preparing to unpack .../106-libavtp0_0.2.0-1build1_amd64.deb ...
web	UNKNOWN STEP	2026-10-03T15:02:07.4286841Z Unpacking libavtp0:amd64 (0.2.0-1build1) ...
web	UNKNOWN STEP	2026-10-03T15:02:07.4484365Z Selecting previously unselected package libcairo-script-interpreter2:amd64.
web	UNKNOWN STEP	2026-10-03T15:02:07.4609581Z Preparing to unpack .../107-libcairo-script-interpreter2_1.18.0-3build1_amd64.deb ...
web	UNKNOWN STEP	2026-10-03T15:02:07.4615837Z Unpacking libcairo-script-interpreter2:amd64 (1.18.0-3build1) ...
web	UNKNOWN STEP	2026-10-03T15:02:07.4820021Z Selecting previously unselected package libdc1394-25:amd64.
web	UNKNOWN STEP	2026-10-03T15:02:07.4945655Z Preparing to unpack .../108-libdc1394-25_2.2.6-4build1_amd64.deb ...
web	UNKNOWN STEP	2026-10-03T15:02:07.4951966Z Unpacking libdc1394-25:amd64 (2.2.6-4build1) ...
web	UNKNOWN STEP	2026-10-03T15:02:07.5161522Z Selecting previously unselected package libde265-0:amd64.
web	UNKNOWN STEP	2026-10-03T15:02:07.5287233Z Preparing to unpack .../109-libde265-0_1.0.15-1ubuntu0.1_amd64.deb ...
web	UNKNOWN STEP	2026-10-03T15:02:07.5294212Z Unpacking libde265-0:amd64 (1.0.15-1ubuntu0.1) ...
web	UNKNOWN STEP	2026-10-03T15:02:07.5502005Z Selecting previously unselected package libdecor-0-0:amd64.
web	UNKNOWN STEP	2026-10-03T15:02:07.5625596Z Preparing to unpack .../110-libdecor-0-0_0.2.2-1build2_amd64.deb ...
web	UNKNOWN STEP	2026-10-03T15:02:07.5637036Z Unpacking libdecor-0-0:amd64 (0.2.2-1build2) ...
web	UNKNOWN STEP	2026-10-03T15:02:07.5828964Z Selecting previously unselected package libgles2:amd64.
web	UNKNOWN STEP	2026-10-03T15:02:07.5951730Z Preparing to unpack .../111-libgles2_1.7.0-1build1_amd64.deb ...
web	UNKNOWN STEP	2026-10-03T15:02:07.5958076Z Unpacking libgles2:amd64 (1.7.0-1build1) ...
web	UNKNOWN STEP	2026-10-03T15:02:07.6154084Z Selecting previously unselected package libdirectfb-1.7-7t64:amd64.
web	UNKNOWN STEP	2026-10-03T15:02:07.6278319Z Preparing to unpack .../112-libdirectfb-1.7-7t64_1.7.7-11.1ubuntu2_amd64.deb ...
web	UNKNOWN STEP	2026-10-03T15:02:07.6286247Z Unpacking libdirectfb-1.7-7t64:amd64 (1.7.7-11.1ubuntu2) ...
web	UNKNOWN STEP	2026-10-03T15:02:07.6680827Z Selecting previously unselected package libdvdread8t64:amd64.
web	UNKNOWN STEP	2026-10-03T15:02:07.6808851Z Preparing to unpack .../113-libdvdread8t64_6.1.3-1.1build1_amd64.deb ...
web	UNKNOWN STEP	2026-10-03T15:02:07.6816193Z Unpacking libdvdread8t64:amd64 (6.1.3-1.1build1) ...
web	UNKNOWN STEP	2026-10-03T15:02:07.7023599Z Selecting previously unselected package libdvdnav4:amd64.
web	UNKNOWN STEP	2026-10-03T15:02:07.7148881Z Preparing to unpack .../114-libdvdnav4_6.1.1-3build1_amd64.deb ...
web	UNKNOWN STEP	2026-10-03T15:02:07.7155637Z Unpacking libdvdnav4:amd64 (6.1.1-3build1) ...
web	UNKNOWN STEP	2026-10-03T15:02:07.7492328Z Preparing to unpack .../115-libgl1-mesa-dri_25.2.8-0ubuntu0.24.04.4_amd64.deb ...
web	UNKNOWN STEP	2026-10-03T15:02:07.7634357Z Unpacking libgl1-mesa-dri:amd64 (25.2.8-0ubuntu0.24.04.4) over (25.2.8-0ubuntu0.24.04.2) ...
web	UNKNOWN STEP	2026-10-03T15:02:07.8109326Z Preparing to unpack .../116-libglx-mesa0_25.2.8-0ubuntu0.24.04.4_amd64.deb ...
web	UNKNOWN STEP	2026-10-03T15:02:07.8132006Z Unpacking libglx-mesa0:amd64 (25.2.8-0ubuntu0.24.04.4) over (25.2.8-0ubuntu0.24.04.2) ...
web	UNKNOWN STEP	2026-10-03T15:02:07.8482211Z Preparing to unpack .../117-libgbm1_25.2.8-0ubuntu0.24.04.4_amd64.deb ...
web	UNKNOWN STEP	2026-10-03T15:02:07.8519671Z Unpacking libgbm1:amd64 (25.2.8-0ubuntu0.24.04.4) over (25.2.8-0ubuntu0.24.04.2) ...
web	UNKNOWN STEP	2026-10-03T15:02:07.8864930Z Preparing to unpack .../118-mesa-libgallium_25.2.8-0ubuntu0.24.04.4_amd64.deb ...
web	UNKNOWN STEP	2026-10-03T15:02:07.8887953Z Unpacking mesa-libgallium:amd64 (25.2.8-0ubuntu0.24.04.4) over (25.2.8-0ubuntu0.24.04.2) ...
web	UNKNOWN STEP	2026-10-03T15:02:08.0527557Z Selecting previously unselected package libegl-mesa0:amd64.
web	UNKNOWN STEP	2026-10-03T15:02:08.0656387Z Preparing to unpack .../119-libegl-mesa0_25.2.8-0ubuntu0.24.04.4_amd64.deb ...
web	UNKNOWN STEP	2026-10-03T15:02:08.0664114Z Unpacking libegl-mesa0:amd64 (25.2.8-0ubuntu0.24.04.4) ...
web	UNKNOWN STEP	2026-10-03T15:02:08.0903005Z Selecting previously unselected package libevent-2.1-7t64:amd64.
web	UNKNOWN STEP	2026-10-03T15:02:08.1030545Z Preparing to unpack .../120-libevent-2.1-7t64_2.1.12-stable-9ubuntu2.2_amd64.deb ...
web	UNKNOWN STEP	2026-10-03T15:02:08.1037532Z Unpacking libevent-2.1-7t64:amd64 (2.1.12-stable-9ubuntu2.2) ...
web	UNKNOWN STEP	2026-10-03T15:02:08.1375693Z Preparing to unpack .../121-libevent-pthreads-2.1-7t64_2.1.12-stable-9ubuntu2.2_amd64.deb ...
web	UNKNOWN STEP	2026-10-03T15:02:08.1723239Z Unpacking libevent-pthreads-2.1-7t64:amd64 (2.1.12-stable-9ubuntu2.2) over (2.1.12-stable-9ubuntu2.1) ...
web	UNKNOWN STEP	2026-10-03T15:02:08.2080034Z Preparing to unpack .../122-libevent-core-2.1-7t64_2.1.12-stable-9ubuntu2.2_amd64.deb ...
web	UNKNOWN STEP	2026-10-03T15:02:08.2359990Z Unpacking libevent-core-2.1-7t64:amd64 (2.1.12-stable-9ubuntu2.2) over (2.1.12-stable-9ubuntu2.1) ...
web	UNKNOWN STEP	2026-10-03T15:02:08.2583449Z Selecting previously unselected package libfaad2:amd64.
web	UNKNOWN STEP	2026-10-03T15:02:08.2713232Z Preparing to unpack .../123-libfaad2_2.11.1-1build1_amd64.deb ...
web	UNKNOWN STEP	2026-10-03T15:02:08.2720017Z Unpacking libfaad2:amd64 (2.11.1-1build1) ...
web	UNKNOWN STEP	2026-10-03T15:02:08.2939799Z Selecting previously unselected package libinstpatch-1.0-2:amd64.
web	UNKNOWN STEP	2026-10-03T15:02:08.3066980Z Preparing to unpack .../124-libinstpatch-1.0-2_1.1.6-1build2_amd64.deb ...
web	UNKNOWN STEP	2026-10-03T15:02:08.3077489Z Unpacking libinstpatch-1.0-2:amd64 (1.1.6-1build2) ...
web	UNKNOWN STEP	2026-10-03T15:02:08.3302302Z Selecting previously unselected package libjack-jackd2-0:amd64.
web	UNKNOWN STEP	2026-10-03T15:02:08.3430647Z Preparing to unpack .../125-libjack-jackd2-0_1.9.21~dfsg-3ubuntu3_amd64.deb ...
web	UNKNOWN STEP	2026-10-03T15:02:08.3437455Z Unpacking libjack-jackd2-0:amd64 (1.9.21~dfsg-3ubuntu3) ...
web	UNKNOWN STEP	2026-10-03T15:02:08.3674615Z Selecting previously unselected package libwebrtc-audio-processing1:amd64.
web	UNKNOWN STEP	2026-10-03T15:02:08.3801028Z Preparing to unpack .../126-libwebrtc-audio-processing1_0.3.1-0ubuntu6_amd64.deb ...
web	UNKNOWN STEP	2026-10-03T15:02:08.3807722Z Unpacking libwebrtc-audio-processing1:amd64 (0.3.1-0ubuntu6) ...
web	UNKNOWN STEP	2026-10-03T15:02:08.4017460Z Selecting previously unselected package libspa-0.2-modules:amd64.
web	UNKNOWN STEP	2026-10-03T15:02:08.4143191Z Preparing to unpack .../127-libspa-0.2-modules_1.0.5-1ubuntu3.3_amd64.deb ...
web	UNKNOWN STEP	2026-10-03T15:02:08.4148840Z Unpacking libspa-0.2-modules:amd64 (1.0.5-1ubuntu3.3) ...
web	UNKNOWN STEP	2026-10-03T15:02:08.4446208Z Selecting previously unselected package libpipewire-0.3-0t64:amd64.
web	UNKNOWN STEP	2026-10-03T15:02:08.4572677Z Preparing to unpack .../128-libpipewire-0.3-0t64_1.0.5-1ubuntu3.3_amd64.deb ...
web	UNKNOWN STEP	2026-10-03T15:02:08.4581095Z Unpacking libpipewire-0.3-0t64:amd64 (1.0.5-1ubuntu3.3) ...
web	UNKNOWN STEP	2026-10-03T15:02:08.4813626Z Selecting previously unselected package libsdl2-2.0-0:amd64.
web	UNKNOWN STEP	2026-10-03T15:02:08.4941450Z Preparing to unpack .../129-libsdl2-2.0-0_2.30.0+dfsg-1ubuntu3.1_amd64.deb ...
web	UNKNOWN STEP	2026-10-03T15:02:08.4950402Z Unpacking libsdl2-2.0-0:amd64 (2.30.0+dfsg-1ubuntu3.1) ...
web	UNKNOWN STEP	2026-10-03T15:02:08.5235918Z Selecting previously unselected package timgm6mb-soundfont.
web	UNKNOWN STEP	2026-10-03T15:02:08.5364437Z Preparing to unpack .../130-timgm6mb-soundfont_1.3-5_all.deb ...
web	UNKNOWN STEP	2026-10-03T15:02:08.5370633Z Unpacking timgm6mb-soundfont (1.3-5) ...
web	UNKNOWN STEP	2026-10-03T15:02:08.8735536Z Selecting previously unselected package libfluidsynth3:amd64.
web	UNKNOWN STEP	2026-10-03T15:02:08.8863505Z Preparing to unpack .../131-libfluidsynth3_2.3.4-1build3_amd64.deb ...
web	UNKNOWN STEP	2026-10-03T15:02:08.8870255Z Unpacking libfluidsynth3:amd64 (2.3.4-1build3) ...
web	UNKNOWN STEP	2026-10-03T15:02:08.9092846Z Selecting previously unselected package libfreeaptx0:amd64.
web	UNKNOWN STEP	2026-10-03T15:02:08.9219371Z Preparing to unpack .../132-libfreeaptx0_0.1.1-2build1_amd64.deb ...
web	UNKNOWN STEP	2026-10-03T15:02:08.9249684Z Unpacking libfreeaptx0:amd64 (0.1.1-2build1) ...
web	UNKNOWN STEP	2026-10-03T15:02:08.9444282Z Selecting previously unselected package libgraphene-1.0-0:amd64.
web	UNKNOWN STEP	2026-10-03T15:02:08.9569454Z Preparing to unpack .../133-libgraphene-1.0-0_1.10.8-3build2_amd64.deb ...
web	UNKNOWN STEP	2026-10-03T15:02:08.9576875Z Unpacking libgraphene-1.0-0:amd64 (1.10.8-3build2) ...
web	UNKNOWN STEP	2026-10-03T15:02:08.9777846Z Selecting previously unselected package libgssdp-1.6-0:amd64.
web	UNKNOWN STEP	2026-10-03T15:02:08.9904031Z Preparing to unpack .../134-libgssdp-1.6-0_1.6.3-1build3_amd64.deb ...
web	UNKNOWN STEP	2026-10-03T15:02:08.9910787Z Unpacking libgssdp-1.6-0:amd64 (1.6.3-1build3) ...
web	UNKNOWN STEP	2026-10-03T15:02:09.0110790Z Selecting previously unselected package libegl1:amd64.
web	UNKNOWN STEP	2026-10-03T15:02:09.0237061Z Preparing to unpack .../135-libegl1_1.7.0-1build1_amd64.deb ...
web	UNKNOWN STEP	2026-10-03T15:02:09.0244559Z Unpacking libegl1:amd64 (1.7.0-1build1) ...
web	UNKNOWN STEP	2026-10-03T15:02:09.0447289Z Selecting previously unselected package libgstreamer-gl1.0-0:amd64.
web	UNKNOWN STEP	2026-10-03T15:02:09.0573993Z Preparing to unpack .../136-libgstreamer-gl1.0-0_1.24.2-1ubuntu0.5_amd64.deb ...
web	UNKNOWN STEP	2026-10-03T15:02:09.0581057Z Unpacking libgstreamer-gl1.0-0:amd64 (1.24.2-1ubuntu0.5) ...
web	UNKNOWN STEP	2026-10-03T15:02:09.0808242Z Selecting previously unselected package libgtk-4-common.
web	UNKNOWN STEP	2026-10-03T15:02:09.0937170Z Preparing to unpack .../137-libgtk-4-common_4.14.5+ds-0ubuntu0.10_all.deb ...
web	UNKNOWN STEP	2026-10-03T15:02:09.0944604Z Unpacking libgtk-4-common (4.14.5+ds-0ubuntu0.10) ...
web	UNKNOWN STEP	2026-10-03T15:02:09.1441717Z Selecting previously unselected package libgtk-4-1:amd64.
web	UNKNOWN STEP	2026-10-03T15:02:09.1569606Z Preparing to unpack .../138-libgtk-4-1_4.14.5+ds-0ubuntu0.10_amd64.deb ...
web	UNKNOWN STEP	2026-10-03T15:02:09.1686889Z Unpacking libgtk-4-1:amd64 (4.14.5+ds-0ubuntu0.10) ...
web	UNKNOWN STEP	2026-10-03T15:02:09.2302015Z Selecting previously unselected package libgupnp-1.6-0:amd64.
web	UNKNOWN STEP	2026-10-03T15:02:09.2430352Z Preparing to unpack .../139-libgupnp-1.6-0_1.6.6-1build3_amd64.deb ...
web	UNKNOWN STEP	2026-10-03T15:02:09.2437129Z Unpacking libgupnp-1.6-0:amd64 (1.6.6-1build3) ...
web	UNKNOWN STEP	2026-10-03T15:02:09.2656266Z Selecting previously unselected package libgupnp-igd-1.6-0:amd64.
web	UNKNOWN STEP	2026-10-03T15:02:09.2784346Z Preparing to unpack .../140-libgupnp-igd-1.6-0_1.6.0-3build3_amd64.deb ...
web	UNKNOWN STEP	2026-10-03T15:02:09.2791925Z Unpacking libgupnp-igd-1.6-0:amd64 (1.6.0-3build3) ...
web	UNKNOWN STEP	2026-10-03T15:02:09.2992471Z Selecting previously unselected package libharfbuzz-icu0:amd64.
web	UNKNOWN STEP	2026-10-03T15:02:09.3118348Z Preparing to unpack .../141-libharfbuzz-icu0_8.3.0-2build2_amd64.deb ...
web	UNKNOWN STEP	2026-10-03T15:02:09.3124864Z Unpacking libharfbuzz-icu0:amd64 (8.3.0-2build2) ...
web	UNKNOWN STEP	2026-10-03T15:02:09.3330053Z Selecting previously unselected package libhyphen0:amd64.
web	UNKNOWN STEP	2026-10-03T15:02:09.3455649Z Preparing to unpack .../142-libhyphen0_2.8.8-7build3_amd64.deb ...
web	UNKNOWN STEP	2026-10-03T15:02:09.3462049Z Unpacking libhyphen0:amd64 (2.8.8-7build3) ...
web	UNKNOWN STEP	2026-10-03T15:02:09.3659941Z Selecting previously unselected package libimath-3-1-29t64:amd64.
web	UNKNOWN STEP	2026-10-03T15:02:09.3787360Z Preparing to unpack .../143-libimath-3-1-29t64_3.1.9-3.1ubuntu2_amd64.deb ...
web	UNKNOWN STEP	2026-10-03T15:02:09.3819376Z Unpacking libimath-3-1-29t64:amd64 (3.1.9-3.1ubuntu2) ...
web	UNKNOWN STEP	2026-10-03T15:02:09.4032922Z Selecting previously unselected package liblc3-1:amd64.
web	UNKNOWN STEP	2026-10-03T15:02:09.4158463Z Preparing to unpack .../144-liblc3-1_1.0.4-3build1_amd64.deb ...
web	UNKNOWN STEP	2026-10-03T15:02:09.4168277Z Unpacking liblc3-1:amd64 (1.0.4-3build1) ...
web	UNKNOWN STEP	2026-10-03T15:02:09.4369312Z Selecting previously unselected package libldacbt-enc2:amd64.
web	UNKNOWN STEP	2026-10-03T15:02:09.4495953Z Preparing to unpack .../145-libldacbt-enc2_2.0.2.3+git20200429+ed310a0-4ubuntu2_amd64.deb ...
web	UNKNOWN STEP	2026-10-03T15:02:09.4505348Z Unpacking libldacbt-enc2:amd64 (2.0.2.3+git20200429+ed310a0-4ubuntu2) ...
web	UNKNOWN STEP	2026-10-03T15:02:09.4707359Z Selecting previously unselected package libraptor2-0:amd64.
web	UNKNOWN STEP	2026-10-03T15:02:09.4832301Z Preparing to unpack .../146-libraptor2-0_2.0.16-3ubuntu0.1_amd64.deb ...
web	UNKNOWN STEP	2026-10-03T15:02:09.4838891Z Unpacking libraptor2-0:amd64 (2.0.16-3ubuntu0.1) ...
web	UNKNOWN STEP	2026-10-03T15:02:09.5071847Z Selecting previously unselected package liblrdf0:amd64.
web	UNKNOWN STEP	2026-10-03T15:02:09.5197343Z Preparing to unpack .../147-liblrdf0_0.6.1-4build1_amd64.deb ...
web	UNKNOWN STEP	2026-10-03T15:02:09.5204464Z Unpacking liblrdf0:amd64 (0.6.1-4build1) ...
web	UNKNOWN STEP	2026-10-03T15:02:09.5409152Z Selecting previously unselected package libltc11:amd64.
web	UNKNOWN STEP	2026-10-03T15:02:09.5533208Z Preparing to unpack .../148-libltc11_1.3.2-1build1_amd64.deb ...
web	UNKNOWN STEP	2026-10-03T15:02:09.5539884Z Unpacking libltc11:amd64 (1.3.2-1build1) ...
web	UNKNOWN STEP	2026-10-03T15:02:09.5733303Z Selecting previously unselected package libmanette-0.2-0:amd64.
web	UNKNOWN STEP	2026-10-03T15:02:09.5857544Z Preparing to unpack .../149-libmanette-0.2-0_0.2.7-1build2_amd64.deb ...
web	UNKNOWN STEP	2026-10-03T15:02:09.5864071Z Unpacking libmanette-0.2-0:amd64 (0.2.7-1build2) ...
web	UNKNOWN STEP	2026-10-03T15:02:09.6062105Z Selecting previously unselected package libmfx1:amd64.
web	UNKNOWN STEP	2026-10-03T15:02:09.6190523Z Preparing to unpack .../150-libmfx1_22.5.4-1_amd64.deb ...
web	UNKNOWN STEP	2026-10-03T15:02:09.6198430Z Unpacking libmfx1:amd64 (22.5.4-1) ...
web	UNKNOWN STEP	2026-10-03T15:02:09.7140111Z Selecting previously unselected package libmjpegutils-2.1-0t64:amd64.
web	UNKNOWN STEP	2026-10-03T15:02:09.7267047Z Preparing to unpack .../151-libmjpegutils-2.1-0t64_1%3a2.1.0+debian-8.1build1_amd64.deb ...
web	UNKNOWN STEP	2026-10-03T15:02:09.7273943Z Unpacking libmjpegutils-2.1-0t64:amd64 (1:2.1.0+debian-8.1build1) ...
web	UNKNOWN STEP	2026-10-03T15:02:09.7485621Z Selecting previously unselected package libmodplug1:amd64.
web	UNKNOWN STEP	2026-10-03T15:02:09.7612633Z Preparing to unpack .../152-libmodplug1_1%3a0.8.9.0-3build1_amd64.deb ...
web	UNKNOWN STEP	2026-10-03T15:02:09.7620220Z Unpacking libmodplug1:amd64 (1:0.8.9.0-3build1) ...
web	UNKNOWN STEP	2026-10-03T15:02:09.7832122Z Selecting previously unselected package libmpcdec6:amd64.
web	UNKNOWN STEP	2026-10-03T15:02:09.7962875Z Preparing to unpack .../153-libmpcdec6_2%3a0.1~r495-2build1_amd64.deb ...
web	UNKNOWN STEP	2026-10-03T15:02:09.7971140Z Unpacking libmpcdec6:amd64 (2:0.1~r495-2build1) ...
web	UNKNOWN STEP	2026-10-03T15:02:09.8177836Z Selecting previously unselected package libmpeg2encpp-2.1-0t64:amd64.
web	UNKNOWN STEP	2026-10-03T15:02:09.8303846Z Preparing to unpack .../154-libmpeg2encpp-2.1-0t64_1%3a2.1.0+debian-8.1build1_amd64.deb ...
web	UNKNOWN STEP	2026-10-03T15:02:09.8310756Z Unpacking libmpeg2encpp-2.1-0t64:amd64 (1:2.1.0+debian-8.1build1) ...
web	UNKNOWN STEP	2026-10-03T15:02:09.8518759Z Selecting previously unselected package libmplex2-2.1-0t64:amd64.
web	UNKNOWN STEP	2026-10-03T15:02:09.8646183Z Preparing to unpack .../155-libmplex2-2.1-0t64_1%3a2.1.0+debian-8.1build1_amd64.deb ...
web	UNKNOWN STEP	2026-10-03T15:02:09.8653361Z Unpacking libmplex2-2.1-0t64:amd64 (1:2.1.0+debian-8.1build1) ...
web	UNKNOWN STEP	2026-10-03T15:02:09.8867387Z Selecting previously unselected package libneon27t64:amd64.
web	UNKNOWN STEP	2026-10-03T15:02:09.8992875Z Preparing to unpack .../156-libneon27t64_0.33.0-1.1build3_amd64.deb ...
web	UNKNOWN STEP	2026-10-03T15:02:09.8999679Z Unpacking libneon27t64:amd64 (0.33.0-1.1build3) ...
web	UNKNOWN STEP	2026-10-03T15:02:09.9224277Z Selecting previously unselected package libnice10:amd64.
web	UNKNOWN STEP	2026-10-03T15:02:09.9353175Z Preparing to unpack .../157-libnice10_0.1.21-2build3_amd64.deb ...
web	UNKNOWN STEP	2026-10-03T15:02:09.9360029Z Unpacking libnice10:amd64 (0.1.21-2build3) ...
web	UNKNOWN STEP	2026-10-03T15:02:09.9569318Z Selecting previously unselected package libopenal-data.
web	UNKNOWN STEP	2026-10-03T15:02:09.9698036Z Preparing to unpack .../158-libopenal-data_1%3a1.23.1-4build1_all.deb ...
web	UNKNOWN STEP	2026-10-03T15:02:09.9705109Z Unpacking libopenal-data (1:1.23.1-4build1) ...
web	UNKNOWN STEP	2026-10-03T15:02:10.0187995Z Selecting previously unselected package libopenexr-3-1-30:amd64.
web	UNKNOWN STEP	2026-10-03T15:02:10.0316941Z Preparing to unpack .../159-libopenexr-3-1-30_3.1.5-5.1build3_amd64.deb ...
web	UNKNOWN STEP	2026-10-03T15:02:10.0324251Z Unpacking libopenexr-3-1-30:amd64 (3.1.5-5.1build3) ...
web	UNKNOWN STEP	2026-10-03T15:02:10.0676126Z Selecting previously unselected package libopenh264-7:amd64.
web	UNKNOWN STEP	2026-10-03T15:02:10.0803592Z Preparing to unpack .../160-libopenh264-7_2.4.1+dfsg-1_amd64.deb ...
web	UNKNOWN STEP	2026-10-03T15:02:10.0811411Z Unpacking libopenh264-7:amd64 (2.4.1+dfsg-1) ...
web	UNKNOWN STEP	2026-10-03T15:02:10.1061069Z Selecting previously unselected package libopenni2-0:amd64.
web	UNKNOWN STEP	2026-10-03T15:02:10.1187780Z Preparing to unpack .../161-libopenni2-0_2.2.0.33+dfsg-18_amd64.deb ...
web	UNKNOWN STEP	2026-10-03T15:02:10.1216845Z Unpacking libopenni2-0:amd64 (2.2.0.33+dfsg-18) ...
web	UNKNOWN STEP	2026-10-03T15:02:10.1475863Z Selecting previously unselected package libqrencode4:amd64.
web	UNKNOWN STEP	2026-10-03T15:02:10.1601824Z Preparing to unpack .../162-libqrencode4_4.1.1-1build2_amd64.deb ...
web	UNKNOWN STEP	2026-10-03T15:02:10.1609196Z Unpacking libqrencode4:amd64 (4.1.1-1build2) ...
web	UNKNOWN STEP	2026-10-03T15:02:10.1797097Z Selecting previously unselected package libsecret-common.
web	UNKNOWN STEP	2026-10-03T15:02:10.1922745Z Preparing to unpack .../163-libsecret-common_0.21.4-1build3_all.deb ...
web	UNKNOWN STEP	2026-10-03T15:02:10.1929488Z Unpacking libsecret-common (0.21.4-1build3) ...
web	UNKNOWN STEP	2026-10-03T15:02:10.2122730Z Selecting previously unselected package libsecret-1-0:amd64.
web	UNKNOWN STEP	2026-10-03T15:02:10.2247201Z Preparing to unpack .../164-libsecret-1-0_0.21.4-1build3_amd64.deb ...
web	UNKNOWN STEP	2026-10-03T15:02:10.2256614Z Unpacking libsecret-1-0:amd64 (0.21.4-1build3) ...
web	UNKNOWN STEP	2026-10-03T15:02:10.2467475Z Selecting previously unselected package libsndio7.0:amd64.
web	UNKNOWN STEP	2026-10-03T15:02:10.2602420Z Preparing to unpack .../165-libsndio7.0_1.9.0-0.3build3_amd64.deb ...
web	UNKNOWN STEP	2026-10-03T15:02:10.2603234Z Unpacking libsndio7.0:amd64 (1.9.0-0.3build3) ...
web	UNKNOWN STEP	2026-10-03T15:02:10.2798019Z Selecting previously unselected package libsoundtouch1:amd64.
web	UNKNOWN STEP	2026-10-03T15:02:10.2923210Z Preparing to unpack .../166-libsoundtouch1_2.3.2+ds1-1build1_amd64.deb ...
web	UNKNOWN STEP	2026-10-03T15:02:10.2930410Z Unpacking libsoundtouch1:amd64 (2.3.2+ds1-1build1) ...
web	UNKNOWN STEP	2026-10-03T15:02:10.3161776Z Selecting previously unselected package libspandsp2t64:amd64.
web	UNKNOWN STEP	2026-10-03T15:02:10.3287739Z Preparing to unpack .../167-libspandsp2t64_0.0.6+dfsg-2.1build1_amd64.deb ...
web	UNKNOWN STEP	2026-10-03T15:02:10.3295590Z Unpacking libspandsp2t64:amd64 (0.0.6+dfsg-2.1build1) ...
web	UNKNOWN STEP	2026-10-03T15:02:10.3522933Z Selecting previously unselected package libsrtp2-1:amd64.
web	UNKNOWN STEP	2026-10-03T15:02:10.3647057Z Preparing to unpack .../168-libsrtp2-1_2.5.0-3build1_amd64.deb ...
web	UNKNOWN STEP	2026-10-03T15:02:10.3653522Z Unpacking libsrtp2-1:amd64 (2.5.0-3build1) ...
web	UNKNOWN STEP	2026-10-03T15:02:10.3855705Z Selecting previously unselected package libwayland-server0:amd64.
web	UNKNOWN STEP	2026-10-03T15:02:10.3980437Z Preparing to unpack .../169-libwayland-server0_1.22.0-2.1build1_amd64.deb ...
web	UNKNOWN STEP	2026-10-03T15:02:10.3989252Z Unpacking libwayland-server0:amd64 (1.22.0-2.1build1) ...
web	UNKNOWN STEP	2026-10-03T15:02:10.4194617Z Selecting previously unselected package libwildmidi2:amd64.
web	UNKNOWN STEP	2026-10-03T15:02:10.4320099Z Preparing to unpack .../170-libwildmidi2_0.4.3-1build3_amd64.deb ...
web	UNKNOWN STEP	2026-10-03T15:02:10.4326891Z Unpacking libwildmidi2:amd64 (0.4.3-1build3) ...
web	UNKNOWN STEP	2026-10-03T15:02:10.4531208Z Selecting previously unselected package libwoff1:amd64.
web	UNKNOWN STEP	2026-10-03T15:02:10.4655522Z Preparing to unpack .../171-libwoff1_1.0.2-2build1_amd64.deb ...
web	UNKNOWN STEP	2026-10-03T15:02:10.4661829Z Unpacking libwoff1:amd64 (1.0.2-2build1) ...
web	UNKNOWN STEP	2026-10-03T15:02:10.4865928Z Selecting previously unselected package libxcb-xkb1:amd64.
web	UNKNOWN STEP	2026-10-03T15:02:10.4990686Z Preparing to unpack .../172-libxcb-xkb1_1.15-1ubuntu2_amd64.deb ...
web	UNKNOWN STEP	2026-10-03T15:02:10.4997256Z Unpacking libxcb-xkb1:amd64 (1.15-1ubuntu2) ...
web	UNKNOWN STEP	2026-10-03T15:02:10.5201934Z Selecting previously unselected package libxkbcommon-x11-0:amd64.
web	UNKNOWN STEP	2026-10-03T15:02:10.5328550Z Preparing to unpack .../173-libxkbcommon-x11-0_1.6.0-1build1_amd64.deb ...
web	UNKNOWN STEP	2026-10-03T15:02:10.5334668Z Unpacking libxkbcommon-x11-0:amd64 (1.6.0-1build1) ...
web	UNKNOWN STEP	2026-10-03T15:02:10.5536683Z Selecting previously unselected package libzbar0t64:amd64.
web	UNKNOWN STEP	2026-10-03T15:02:10.5663101Z Preparing to unpack .../174-libzbar0t64_0.23.93-4build3_amd64.deb ...
web	UNKNOWN STEP	2026-10-03T15:02:10.5670497Z Unpacking libzbar0t64:amd64 (0.23.93-4build3) ...
web	UNKNOWN STEP	2026-10-03T15:02:10.5880355Z Selecting previously unselected package libzxing3:amd64.
web	UNKNOWN STEP	2026-10-03T15:02:10.6007116Z Preparing to unpack .../175-libzxing3_2.2.1-3_amd64.deb ...
web	UNKNOWN STEP	2026-10-03T15:02:10.6013265Z Unpacking libzxing3:amd64 (2.2.1-3) ...
web	UNKNOWN STEP	2026-10-03T15:02:10.6253046Z Selecting previously unselected package xfonts-encodings.
web	UNKNOWN STEP	2026-10-03T15:02:10.6378455Z Preparing to unpack .../176-xfonts-encodings_1%3a1.0.5-0ubuntu2_all.deb ...
web	UNKNOWN STEP	2026-10-03T15:02:10.6387000Z Unpacking xfonts-encodings (1:1.0.5-0ubuntu2) ...
web	UNKNOWN STEP	2026-10-03T15:02:10.6666092Z Selecting previously unselected package xfonts-utils.
web	UNKNOWN STEP	2026-10-03T15:02:10.6790547Z Preparing to unpack .../177-xfonts-utils_1%3a7.7+6build3_amd64.deb ...
web	UNKNOWN STEP	2026-10-03T15:02:10.6797098Z Unpacking xfonts-utils (1:7.7+6build3) ...
web	UNKNOWN STEP	2026-10-03T15:02:10.7115032Z Selecting previously unselected package xfonts-cyrillic.
web	UNKNOWN STEP	2026-10-03T15:02:10.7239232Z Preparing to unpack .../178-xfonts-cyrillic_1%3a1.0.5+nmu1_all.deb ...
web	UNKNOWN STEP	2026-10-03T15:02:10.7248670Z Unpacking xfonts-cyrillic (1:1.0.5+nmu1) ...
web	UNKNOWN STEP	2026-10-03T15:02:10.7587824Z Selecting previously unselected package xfonts-scalable.
web	UNKNOWN STEP	2026-10-03T15:02:10.7714297Z Preparing to unpack .../179-xfonts-scalable_1%3a1.0.3-1.3_all.deb ...
web	UNKNOWN STEP	2026-10-03T15:02:10.7722320Z Unpacking xfonts-scalable (1:1.0.3-1.3) ...
web	UNKNOWN STEP	2026-10-03T15:02:10.7976772Z Selecting previously unselected package libgstreamer-plugins-bad1.0-0:amd64.
web	UNKNOWN STEP	2026-10-03T15:02:10.8100968Z Preparing to unpack .../180-libgstreamer-plugins-bad1.0-0_1.24.2-1ubuntu4_amd64.deb ...
web	UNKNOWN STEP	2026-10-03T15:02:10.8107846Z Unpacking libgstreamer-plugins-bad1.0-0:amd64 (1.24.2-1ubuntu4) ...
web	UNKNOWN STEP	2026-10-03T15:02:10.8462856Z Selecting previously unselected package libdca0:amd64.
web	UNKNOWN STEP	2026-10-03T15:02:10.8586628Z Preparing to unpack .../181-libdca0_0.0.7-2build1_amd64.deb ...
web	UNKNOWN STEP	2026-10-03T15:02:10.8593715Z Unpacking libdca0:amd64 (0.0.7-2build1) ...
web	UNKNOWN STEP	2026-10-03T15:02:10.8808376Z Selecting previously unselected package libopenal1:amd64.
web	UNKNOWN STEP	2026-10-03T15:02:10.8931670Z Preparing to unpack .../182-libopenal1_1%3a1.23.1-4build1_amd64.deb ...
web	UNKNOWN STEP	2026-10-03T15:02:10.8940556Z Unpacking libopenal1:amd64 (1:1.23.1-4build1) ...
web	UNKNOWN STEP	2026-10-03T15:02:10.9187191Z Selecting previously unselected package libsbc1:amd64.
web	UNKNOWN STEP	2026-10-03T15:02:10.9311205Z Preparing to unpack .../183-libsbc1_2.0-1build1_amd64.deb ...
web	UNKNOWN STEP	2026-10-03T15:02:10.9319379Z Unpacking libsbc1:amd64 (2.0-1build1) ...
web	UNKNOWN STEP	2026-10-03T15:02:10.9515319Z Selecting previously unselected package libvo-aacenc0:amd64.
web	UNKNOWN STEP	2026-10-03T15:02:10.9639211Z Preparing to unpack .../184-libvo-aacenc0_0.1.3-2build1_amd64.deb ...
web	UNKNOWN STEP	2026-10-03T15:02:10.9647429Z Unpacking libvo-aacenc0:amd64 (0.1.3-2build1) ...
web	UNKNOWN STEP	2026-10-03T15:02:10.9850822Z Selecting previously unselected package libvo-amrwbenc0:amd64.
web	UNKNOWN STEP	2026-10-03T15:02:10.9973328Z Preparing to unpack .../185-libvo-amrwbenc0_0.1.3-2build1_amd64.deb ...
web	UNKNOWN STEP	2026-10-03T15:02:10.9980244Z Unpacking libvo-amrwbenc0:amd64 (0.1.3-2build1) ...
web	UNKNOWN STEP	2026-10-03T15:02:11.0201124Z Selecting previously unselected package gstreamer1.0-plugins-bad:amd64.
web	UNKNOWN STEP	2026-10-03T15:02:11.0329130Z Preparing to unpack .../186-gstreamer1.0-plugins-bad_1.24.2-1ubuntu4_amd64.deb ...
web	UNKNOWN STEP	2026-10-03T15:02:11.0335987Z Unpacking gstreamer1.0-plugins-bad:amd64 (1.24.2-1ubuntu4) ...
web	UNKNOWN STEP	2026-10-03T15:02:11.1681607Z Setting up libgme0:amd64 (0.6.3-7build1) ...
web	UNKNOWN STEP	2026-10-03T15:02:11.1705687Z Setting up libchromaprint1:amd64 (1.5.1-5) ...
web	UNKNOWN STEP	2026-10-03T15:02:11.1721248Z Setting up libssh-gcrypt-4:amd64 (0.10.6-2ubuntu0.5) ...
web	UNKNOWN STEP	2026-10-03T15:02:11.1740064Z Setting up libhwy1t64:amd64 (1.0.7-8.1build1) ...
web	UNKNOWN STEP	2026-10-03T15:02:11.1758212Z Setting up libcairo-script-interpreter2:amd64 (1.18.0-3build1) ...
web	UNKNOWN STEP	2026-10-03T15:02:11.1773664Z Setting up libfreeaptx0:amd64 (0.1.1-2build1) ...
web	UNKNOWN STEP	2026-10-03T15:02:11.1791158Z Setting up libdvdread8t64:amd64 (6.1.3-1.1build1) ...
web	UNKNOWN STEP	2026-10-03T15:02:11.1809001Z Setting up libudfread0:amd64 (1.1.2-1build1) ...
web	UNKNOWN STEP	2026-10-03T15:02:11.1828130Z Setting up libmodplug1:amd64 (1:0.8.9.0-3build1) ...
web	UNKNOWN STEP	2026-10-03T15:02:11.1848909Z Setting up libcdparanoia0:amd64 (3.10.2+debian-14build3) ...
web	UNKNOWN STEP	2026-10-03T15:02:11.1866272Z Setting up libwayland-server0:amd64 (1.22.0-2.1build1) ...
web	UNKNOWN STEP	2026-10-03T15:02:11.1888975Z Setting up libvo-amrwbenc0:amd64 (0.1.3-2build1) ...
web	UNKNOWN STEP	2026-10-03T15:02:11.1906233Z Setting up mesa-libgallium:amd64 (25.2.8-0ubuntu0.24.04.4) ...
web	UNKNOWN STEP	2026-10-03T15:02:11.1922568Z Setting up session-migration (0.3.9build1) ...
web	UNKNOWN STEP	2026-10-03T15:02:11.3060744Z Created symlink /etc/systemd/user/graphical-session-pre.target.wants/session-migration.service → /usr/lib/systemd/user/session-migration.service.
web	UNKNOWN STEP	2026-10-03T15:02:11.3061406Z 
web	UNKNOWN STEP	2026-10-03T15:02:11.3092221Z Setting up libraw1394-11:amd64 (2.1.2-2build3) ...
web	UNKNOWN STEP	2026-10-03T15:02:11.3110359Z Setting up libsbc1:amd64 (2.0-1build1) ...
web	UNKNOWN STEP	2026-10-03T15:02:11.3128054Z Setting up libproxy1v5:amd64 (0.5.4-4build1) ...
web	UNKNOWN STEP	2026-10-03T15:02:11.3149277Z Setting up libneon27t64:amd64 (0.33.0-1.1build3) ...
web	UNKNOWN STEP	2026-10-03T15:02:11.3171165Z Setting up libtag1v5-vanilla:amd64 (1.13.1-1build1) ...
web	UNKNOWN STEP	2026-10-03T15:02:11.3191436Z Setting up libharfbuzz-icu0:amd64 (8.3.0-2build2) ...
web	UNKNOWN STEP	2026-10-03T15:02:11.3210773Z Setting up libopenni2-0:amd64 (2.2.0.33+dfsg-18) ...
web	UNKNOWN STEP	2026-10-03T15:02:11.3376674Z Setting up libspeex1:amd64 (1.2.1-2ubuntu2.24.04.1) ...
web	UNKNOWN STEP	2026-10-03T15:02:11.3395042Z Setting up libshine3:amd64 (3.1.1-2build1) ...
web	UNKNOWN STEP	2026-10-03T15:02:11.3413556Z Setting up libcaca0:amd64 (0.99.beta20-4ubuntu0.2) ...
web	UNKNOWN STEP	2026-10-03T15:02:11.3434182Z Setting up libvpl2 (2023.3.0-1build1) ...
web	UNKNOWN STEP	2026-10-03T15:02:11.3454102Z Setting up libv4lconvert0t64:amd64 (1.26.1-4build3) ...
web	UNKNOWN STEP	2026-10-03T15:02:11.3471927Z Setting up libx264-164:amd64 (2:0.164.3108+git31e19f9-1) ...
web	UNKNOWN STEP	2026-10-03T15:02:11.3488927Z Setting up libtwolame0:amd64 (0.4.0-2build3) ...
web	UNKNOWN STEP	2026-10-03T15:02:11.3506507Z Setting up libmbedcrypto7t64:amd64 (2.28.8-1) ...
web	UNKNOWN STEP	2026-10-03T15:02:11.3523397Z Setting up libwoff1:amd64 (1.0.2-2build1) ...
web	UNKNOWN STEP	2026-10-03T15:02:11.3544443Z Setting up liblc3-1:amd64 (1.0.4-3build1) ...
web	UNKNOWN STEP	2026-10-03T15:02:11.3562323Z Setting up libqrencode4:amd64 (4.1.1-1build2) ...
web	UNKNOWN STEP	2026-10-03T15:02:11.3579214Z Setting up libhyphen0:amd64 (2.8.8-7build3) ...
web	UNKNOWN STEP	2026-10-03T15:02:11.3595682Z Setting up libgbm1:amd64 (25.2.8-0ubuntu0.24.04.4) ...
web	UNKNOWN STEP	2026-10-03T15:02:11.3612474Z Setting up libgsm1:amd64 (1.0.22-1build1) ...
web	UNKNOWN STEP	2026-10-03T15:02:11.3629020Z Setting up libvisual-0.4-0:amd64 (0.4.2-2build1) ...
web	UNKNOWN STEP	2026-10-03T15:02:11.3645807Z Setting up libsoxr0:amd64 (0.1.3-4build3) ...
web	UNKNOWN STEP	2026-10-03T15:02:11.3662771Z Setting up libzix-0-0:amd64 (0.4.2-2build1) ...
web	UNKNOWN STEP	2026-10-03T15:02:11.3679450Z Setting up libcodec2-1.2:amd64 (1.2.0-2build1) ...
web	UNKNOWN STEP	2026-10-03T15:02:11.3713445Z Setting up libmanette-0.2-0:amd64 (0.2.7-1build2) ...
web	UNKNOWN STEP	2026-10-03T15:02:11.3731154Z Setting up libsrtp2-1:amd64 (2.5.0-3build1) ...
web	UNKNOWN STEP	2026-10-03T15:02:11.3749199Z Setting up libgl1-mesa-dri:amd64 (25.2.8-0ubuntu0.24.04.4) ...
web	UNKNOWN STEP	2026-10-03T15:02:11.3822759Z Setting up libmysofa1:amd64 (1.3.2+dfsg-2ubuntu2) ...
web	UNKNOWN STEP	2026-10-03T15:02:11.3840390Z Setting up libraptor2-0:amd64 (2.0.16-3ubuntu0.1) ...
web	UNKNOWN STEP	2026-10-03T15:02:11.3858845Z Setting up libldacbt-enc2:amd64 (2.0.2.3+git20200429+ed310a0-4ubuntu2) ...
web	UNKNOWN STEP	2026-10-03T15:02:11.3874921Z Setting up fonts-wqy-zenhei (0.9.45-8) ...
web	UNKNOWN STEP	2026-10-03T15:02:11.3982188Z Setting up libwebrtc-audio-processing1:amd64 (0.3.1-0ubuntu6) ...
web	UNKNOWN STEP	2026-10-03T15:02:11.4001021Z Setting up fonts-freefont-ttf (20211204+svn4273-2) ...
web	UNKNOWN STEP	2026-10-03T15:02:11.4020270Z Setting up libevent-2.1-7t64:amd64 (2.1.12-stable-9ubuntu2.2) ...
web	UNKNOWN STEP	2026-10-03T15:02:11.4037177Z Setting up libsvtav1enc1d1:amd64 (1.7.0+dfsg-2build1) ...
web	UNKNOWN STEP	2026-10-03T15:02:11.4053441Z Setting up libsoup-3.0-common (3.4.4-5ubuntu0.8) ...
web	UNKNOWN STEP	2026-10-03T15:02:11.4069251Z Setting up libmpg123-0t64:amd64 (1.32.5-1ubuntu1.1) ...
web	UNKNOWN STEP	2026-10-03T15:02:11.4086937Z Setting up libcjson1:amd64 (1.7.17-1) ...
web	UNKNOWN STEP	2026-10-03T15:02:11.4102903Z Setting up libxvidcore4:amd64 (2:1.3.7-1build1) ...
web	UNKNOWN STEP	2026-10-03T15:02:11.4119607Z Setting up libmpcdec6:amd64 (2:0.1~r495-2build1) ...
web	UNKNOWN STEP	2026-10-03T15:02:11.4136913Z Setting up libmjpegutils-2.1-0t64:amd64 (1:2.1.0+debian-8.1build1) ...
web	UNKNOWN STEP	2026-10-03T15:02:11.4152701Z Setting up librav1e0:amd64 (0.7.1-2) ...
web	UNKNOWN STEP	2026-10-03T15:02:11.4170438Z Setting up liborc-0.4-0t64:amd64 (1:0.4.38-1ubuntu0.1) ...
web	UNKNOWN STEP	2026-10-03T15:02:11.4188814Z Setting up libxcb-xkb1:amd64 (1.15-1ubuntu2) ...
web	UNKNOWN STEP	2026-10-03T15:02:11.4205448Z Setting up libvo-aacenc0:amd64 (0.1.3-2build1) ...
web	UNKNOWN STEP	2026-10-03T15:02:11.4223659Z Setting up librist4:amd64 (0.2.10+dfsg-2) ...
web	UNKNOWN STEP	2026-10-03T15:02:11.4242340Z Setting up librsvg2-2:amd64 (2.58.0+dfsg-1build1) ...
web	UNKNOWN STEP	2026-10-03T15:02:11.4260535Z Setting up libblas3:amd64 (3.12.0-3build1.1) ...
web	UNKNOWN STEP	2026-10-03T15:02:11.4320043Z update-alternatives: using /usr/lib/x86_64-linux-gnu/blas/libblas.so.3 to provide /usr/lib/x86_64-linux-gnu/libblas.so.3 (libblas.so.3-x86_64-linux-gnu) in auto mode
web	UNKNOWN STEP	2026-10-03T15:02:11.4334488Z Setting up libegl-mesa0:amd64 (25.2.8-0ubuntu0.24.04.4) ...
web	UNKNOWN STEP	2026-10-03T15:02:11.4353048Z Setting up libsoundtouch1:amd64 (2.3.2+ds1-1build1) ...
web	UNKNOWN STEP	2026-10-03T15:02:11.4370386Z Setting up libplacebo338:amd64 (6.338.2-2build1) ...
web	UNKNOWN STEP	2026-10-03T15:02:11.4387571Z Setting up libgles2:amd64 (1.7.0-1build1) ...
web	UNKNOWN STEP	2026-10-03T15:02:11.4404485Z Setting up fonts-tlwg-loma-otf (1:0.7.3-1) ...
web	UNKNOWN STEP	2026-10-03T15:02:11.4423136Z Setting up libva2:amd64 (2.20.0-2ubuntu0.2) ...
web	UNKNOWN STEP	2026-10-03T15:02:11.4440920Z Setting up libspa-0.2-modules:amd64 (1.0.5-1ubuntu3.3) ...
web	UNKNOWN STEP	2026-10-03T15:02:11.4457354Z Setting up libzxing3:amd64 (2.2.1-3) ...
web	UNKNOWN STEP	2026-10-03T15:02:11.4473751Z Setting up xfonts-encodings (1:1.0.5-0ubuntu2) ...
web	UNKNOWN STEP	2026-10-03T15:02:11.4491682Z Setting up libopus0:amd64 (1.4-1build1) ...
web	UNKNOWN STEP	2026-10-03T15:02:11.4509271Z Setting up libfaad2:amd64 (2.11.1-1build1) ...
web	UNKNOWN STEP	2026-10-03T15:02:11.4525911Z Setting up libxkbcommon-x11-0:amd64 (1.6.0-1build1) ...
web	UNKNOWN STEP	2026-10-03T15:02:11.4542709Z Setting up libdc1394-25:amd64 (2.2.6-4build1) ...
web	UNKNOWN STEP	2026-10-03T15:02:11.4560594Z Setting up libimath-3-1-29t64:amd64 (3.1.9-3.1ubuntu2) ...
web	UNKNOWN STEP	2026-10-03T15:02:11.4578148Z Setting up libunibreak5:amd64 (5.1-2build1) ...
web	UNKNOWN STEP	2026-10-03T15:02:11.4594895Z Setting up libdv4t64:amd64 (1.0.0-17.1build1) ...
web	UNKNOWN STEP	2026-10-03T15:02:11.4612281Z Setting up libjxl0.7:amd64 (0.7.0-10.2ubuntu6.1) ...
web	UNKNOWN STEP	2026-10-03T15:02:11.4628571Z Setting up libopenh264-7:amd64 (2.4.1+dfsg-1) ...
web	UNKNOWN STEP	2026-10-03T15:02:11.4649103Z Setting up libltc11:amd64 (1.3.2-1build1) ...
web	UNKNOWN STEP	2026-10-03T15:02:11.4667074Z Setting up libx265-199:amd64 (3.5-2build1) ...
web	UNKNOWN STEP	2026-10-03T15:02:11.4954617Z Setting up libv4l-0t64:amd64 (1.26.1-4build3) ...
web	UNKNOWN STEP	2026-10-03T15:02:11.4972784Z Setting up libavtp0:amd64 (0.2.0-1build1) ...
web	UNKNOWN STEP	2026-10-03T15:02:11.4989312Z Setting up libsndio7.0:amd64 (1.9.0-0.3build3) ...
web	UNKNOWN STEP	2026-10-03T15:02:11.5006425Z Setting up libdirectfb-1.7-7t64:amd64 (1.7.7-11.1ubuntu2) ...
web	UNKNOWN STEP	2026-10-03T15:02:11.5022886Z Setting up libspandsp2t64:amd64 (0.0.6+dfsg-2.1build1) ...
web	UNKNOWN STEP	2026-10-03T15:02:11.5040751Z Setting up libvidstab1.1:amd64 (1.1.0-2build1) ...
web	UNKNOWN STEP	2026-10-03T15:02:11.5057370Z Setting up libvpx9:amd64 (1.14.0-1ubuntu2.3) ...
web	UNKNOWN STEP	2026-10-03T15:02:11.5074973Z Setting up libsrt1.5-gnutls:amd64 (1.5.3-1build2) ...
web	UNKNOWN STEP	2026-10-03T15:02:11.5091743Z Setting up libtag1v5:amd64 (1.13.1-1build1) ...
web	UNKNOWN STEP	2026-10-03T15:02:11.5112624Z Setting up libflite1:amd64 (2.2-6build3) ...
web	UNKNOWN STEP	2026-10-03T15:02:11.5129457Z Setting up libdav1d7:amd64 (1.4.1-1build1) ...
web	UNKNOWN STEP	2026-10-03T15:02:11.5145541Z Setting up libva-drm2:amd64 (2.20.0-2ubuntu0.2) ...
web	UNKNOWN STEP	2026-10-03T15:02:11.5162545Z Setting up fonts-ipafont-gothic (00303-21ubuntu1) ...
web	UNKNOWN STEP	2026-10-03T15:02:11.5229988Z update-alternatives: using /usr/share/fonts/opentype/ipafont-gothic/ipag.ttf to provide /usr/share/fonts/truetype/fonts-japanese-gothic.ttf (fonts-japanese-gothic.ttf) in auto mode
web	UNKNOWN STEP	2026-10-03T15:02:11.5245506Z Setting up ocl-icd-libopencl1:amd64 (2.3.2-1build1) ...
web	UNKNOWN STEP	2026-10-03T15:02:11.5264258Z Setting up libasyncns0:amd64 (0.8-6build4) ...
web	UNKNOWN STEP	2026-10-03T15:02:11.5283185Z Setting up libwildmidi2:amd64 (0.4.3-1build3) ...
web	UNKNOWN STEP	2026-10-03T15:02:11.5299587Z Setting up libvdpau1:amd64 (1.5-2build1) ...
web	UNKNOWN STEP	2026-10-03T15:02:11.5324112Z Setting up libwavpack1:amd64 (5.6.0-1build1) ...
web	UNKNOWN STEP	2026-10-03T15:02:11.5342733Z Setting up libbs2b0:amd64 (3.1.0+dfsg-7build1) ...
web	UNKNOWN STEP	2026-10-03T15:02:11.5361683Z Setting up libtheora0:amd64 (1.1.1+dfsg.1-16.1build3) ...
web	UNKNOWN STEP	2026-10-03T15:02:11.5380291Z Setting up libegl1:amd64 (1.7.0-1build1) ...
web	UNKNOWN STEP	2026-10-03T15:02:11.5397893Z Setting up libdecor-0-0:amd64 (0.2.2-1build2) ...
web	UNKNOWN STEP	2026-10-03T15:02:11.5416470Z Setting up libdca0:amd64 (0.0.7-2build1) ...
web	UNKNOWN STEP	2026-10-03T15:02:11.5436785Z Setting up libzimg2:amd64 (3.0.5+ds1-1build1) ...
web	UNKNOWN STEP	2026-10-03T15:02:11.5452779Z Setting up libopenal-data (1:1.23.1-4build1) ...
web	UNKNOWN STEP	2026-10-03T15:02:11.5475236Z Setting up libevent-core-2.1-7t64:amd64 (2.1.12-stable-9ubuntu2.2) ...
web	UNKNOWN STEP	2026-10-03T15:02:11.5491729Z Setting up libabsl20220623t64:amd64 (20220623.1-3.1ubuntu3.2) ...
web	UNKNOWN STEP	2026-10-03T15:02:11.5507493Z Setting up libflac12t64:amd64 (1.4.3+ds-2.1ubuntu2) ...
web	UNKNOWN STEP	2026-10-03T15:02:11.5525565Z Setting up libgtk-4-common (4.14.5+ds-0ubuntu0.10) ...
web	UNKNOWN STEP	2026-10-03T15:02:11.5542060Z Setting up libmpeg2encpp-2.1-0t64:amd64 (1:2.1.0+debian-8.1build1) ...
web	UNKNOWN STEP	2026-10-03T15:02:11.5559031Z Setting up glib-networking-common (2.80.0-1build1) ...
web	UNKNOWN STEP	2026-10-03T15:02:11.5577593Z Setting up libmfx1:amd64 (22.5.4-1) ...
web	UNKNOWN STEP	2026-10-03T15:02:11.5595328Z Setting up libbluray2:amd64 (1:1.3.4-1build1) ...
web	UNKNOWN STEP	2026-10-03T15:02:11.5611423Z Setting up libde265-0:amd64 (1.0.15-1ubuntu0.1) ...
web	UNKNOWN STEP	2026-10-03T15:02:11.5629334Z Setting up libsamplerate0:amd64 (0.2.2-4build1) ...
web	UNKNOWN STEP	2026-10-03T15:02:11.5647296Z Setting up timgm6mb-soundfont (1.3-5) ...
web	UNKNOWN STEP	2026-10-03T15:02:11.5727038Z update-alternatives: using /usr/share/sounds/sf2/TimGM6mb.sf2 to provide /usr/share/sounds/sf2/default-GM.sf2 (default-GM.sf2) in auto mode
web	UNKNOWN STEP	2026-10-03T15:02:11.5772641Z update-alternatives: using /usr/share/sounds/sf2/TimGM6mb.sf2 to provide /usr/share/sounds/sf3/default-GM.sf3 (default-GM.sf3) in auto mode
web	UNKNOWN STEP	2026-10-03T15:02:11.5785886Z Setting up libva-x11-2:amd64 (2.20.0-2ubuntu0.2) ...
web	UNKNOWN STEP	2026-10-03T15:02:11.5802805Z Setting up libyuv0:amd64 (0.0~git202401110.af6ac82-1) ...
web	UNKNOWN STEP	2026-10-03T15:02:11.5820468Z Setting up libmplex2-2.1-0t64:amd64 (1:2.1.0+debian-8.1build1) ...
web	UNKNOWN STEP	2026-10-03T15:02:11.5837374Z Setting up libpipewire-0.3-0t64:amd64 (1.0.5-1ubuntu3.3) ...
web	UNKNOWN STEP	2026-10-03T15:02:11.5853385Z Setting up libopenmpt0t64:amd64 (0.7.3-1.1build3) ...
web	UNKNOWN STEP	2026-10-03T15:02:11.5870662Z Setting up libzvbi-common (0.2.42-2) ...
web	UNKNOWN STEP	2026-10-03T15:02:11.5889393Z Setting up libsecret-common (0.21.4-1build3) ...
web	UNKNOWN STEP	2026-10-03T15:02:11.5907203Z Setting up libmp3lame0:amd64 (3.100-6build1) ...
web	UNKNOWN STEP	2026-10-03T15:02:11.5925619Z Setting up libgraphene-1.0-0:amd64 (1.10.8-3build2) ...
web	UNKNOWN STEP	2026-10-03T15:02:11.5942546Z Setting up libvorbisenc2:amd64 (1.3.7-1build3) ...
web	UNKNOWN STEP	2026-10-03T15:02:11.5959772Z Setting up libdvdnav4:amd64 (6.1.1-3build1) ...
web	UNKNOWN STEP	2026-10-03T15:02:11.5976016Z Setting up fonts-unifont (1:15.1.01-1build1) ...
web	UNKNOWN STEP	2026-10-03T15:02:11.5993358Z Setting up libaa1:amd64 (1.4p5-51.1) ...
web	UNKNOWN STEP	2026-10-03T15:02:11.6010948Z Setting up libiec61883-0:amd64 (1.2.0-6build1) ...
web	UNKNOWN STEP	2026-10-03T15:02:11.6028858Z Setting up libserd-0-0:amd64 (0.32.2-1) ...
web	UNKNOWN STEP	2026-10-03T15:02:11.6067283Z Setting up libavc1394-0:amd64 (0.5.4-5build3) ...
web	UNKNOWN STEP	2026-10-03T15:02:11.6084561Z Setting up gsettings-desktop-schemas (46.1-0ubuntu1) ...
web	UNKNOWN STEP	2026-10-03T15:02:11.6101129Z Setting up glib-networking-services (2.80.0-1build1) ...
web	UNKNOWN STEP	2026-10-03T15:02:11.6117073Z Setting up liblapack3:amd64 (3.12.0-3build1.1) ...
web	UNKNOWN STEP	2026-10-03T15:02:11.6176540Z update-alternatives: using /usr/lib/x86_64-linux-gnu/lapack/liblapack.so.3 to provide /usr/lib/x86_64-linux-gnu/liblapack.so.3 (liblapack.so.3-x86_64-linux-gnu) in auto mode
web	UNKNOWN STEP	2026-10-03T15:02:11.6192457Z Setting up libglx-mesa0:amd64 (25.2.8-0ubuntu0.24.04.4) ...
web	UNKNOWN STEP	2026-10-03T15:02:11.6211028Z Setting up libzvbi0t64:amd64 (0.2.42-2) ...
web	UNKNOWN STEP	2026-10-03T15:02:11.6228580Z Setting up libevent-pthreads-2.1-7t64:amd64 (2.1.12-stable-9ubuntu2.2) ...
web	UNKNOWN STEP	2026-10-03T15:02:11.6245422Z Setting up liblrdf0:amd64 (0.6.1-4build1) ...
web	UNKNOWN STEP	2026-10-03T15:02:11.6262702Z Setting up libzbar0t64:amd64 (0.23.93-4build3) ...
web	UNKNOWN STEP	2026-10-03T15:02:11.6280154Z Setting up libgstreamer-plugins-base1.0-0:amd64 (1.24.2-1ubuntu0.5) ...
web	UNKNOWN STEP	2026-10-03T15:02:11.6296717Z Setting up libavutil58:amd64 (7:6.1.1-3ubuntu5) ...
web	UNKNOWN STEP	2026-10-03T15:02:11.6313453Z Setting up libopenal1:amd64 (1:1.23.1-4build1) ...
web	UNKNOWN STEP	2026-10-03T15:02:11.6331447Z Setting up xfonts-utils (1:7.7+6build3) ...
web	UNKNOWN STEP	2026-10-03T15:02:11.6370744Z Setting up libsecret-1-0:amd64 (0.21.4-1build3) ...
web	UNKNOWN STEP	2026-10-03T15:02:11.6389852Z Setting up libgstreamer-plugins-good1.0-0:amd64 (1.24.2-1ubuntu1.8) ...
web	UNKNOWN STEP	2026-10-03T15:02:11.6407386Z Setting up libgstreamer-gl1.0-0:amd64 (1.24.2-1ubuntu0.5) ...
web	UNKNOWN STEP	2026-10-03T15:02:11.6424471Z Setting up gstreamer1.0-plugins-base:amd64 (1.24.2-1ubuntu0.5) ...
web	UNKNOWN STEP	2026-10-03T15:02:11.6441090Z Setting up libass9:amd64 (1:0.17.1-2build1) ...
web	UNKNOWN STEP	2026-10-03T15:02:11.6458968Z Setting up libswresample4:amd64 (7:6.1.1-3ubuntu5) ...
web	UNKNOWN STEP	2026-10-03T15:02:11.6475591Z Setting up libopenexr-3-1-30:amd64 (3.1.5-5.1build3) ...
web	UNKNOWN STEP	2026-10-03T15:02:11.6492175Z Setting up libshout3:amd64 (2.4.6-1build2) ...
web	UNKNOWN STEP	2026-10-03T15:02:11.6508568Z Setting up libgav1-1:amd64 (0.18.0-1build3) ...
web	UNKNOWN STEP	2026-10-03T15:02:11.6527593Z Setting up libavcodec60:amd64 (7:6.1.1-3ubuntu5) ...
web	UNKNOWN STEP	2026-10-03T15:02:11.6545599Z Setting up librubberband2:amd64 (3.3.0+dfsg-2build1) ...
web	UNKNOWN STEP	2026-10-03T15:02:11.6562607Z Setting up libjack-jackd2-0:amd64 (1.9.21~dfsg-3ubuntu3) ...
web	UNKNOWN STEP	2026-10-03T15:02:11.6580634Z Setting up libsord-0-0:amd64 (0.16.16-2build1) ...
web	UNKNOWN STEP	2026-10-03T15:02:11.6598370Z Setting up xfonts-cyrillic (1:1.0.5+nmu1) ...
web	UNKNOWN STEP	2026-10-03T15:02:11.6890305Z Setting up libpostproc57:amd64 (7:6.1.1-3ubuntu5) ...
web	UNKNOWN STEP	2026-10-03T15:02:11.6908905Z Setting up libsratom-0-0:amd64 (0.6.16-1build1) ...
web	UNKNOWN STEP	2026-10-03T15:02:11.6925976Z Setting up libsndfile1:amd64 (1.2.2-1ubuntu5.24.04.1) ...
web	UNKNOWN STEP	2026-10-03T15:02:11.6945405Z Setting up liblilv-0-0:amd64 (0.24.22-1build1) ...
web	UNKNOWN STEP	2026-10-03T15:02:11.7233374Z Setting up libinstpatch-1.0-2:amd64 (1.1.6-1build2) ...
web	UNKNOWN STEP	2026-10-03T15:02:11.7250384Z Setting up xfonts-scalable (1:1.0.3-1.3) ...
web	UNKNOWN STEP	2026-10-03T15:02:11.7519230Z Setting up libswscale7:amd64 (7:6.1.1-3ubuntu5) ...
web	UNKNOWN STEP	2026-10-03T15:02:11.7535740Z Setting up libavif16:amd64 (1.0.4-1ubuntu3) ...
web	UNKNOWN STEP	2026-10-03T15:02:11.7552122Z Setting up libpulse0:amd64 (1:16.1+dfsg1-2ubuntu10.1) ...
web	UNKNOWN STEP	2026-10-03T15:02:11.7616611Z Setting up libavformat60:amd64 (7:6.1.1-3ubuntu5) ...
web	UNKNOWN STEP	2026-10-03T15:02:11.7639278Z Setting up libsphinxbase3t64:amd64 (0.8+5prealpha+1-17build2) ...
web	UNKNOWN STEP	2026-10-03T15:02:11.7656625Z Setting up libsdl2-2.0-0:amd64 (2.30.0+dfsg-1ubuntu3.1) ...
web	UNKNOWN STEP	2026-10-03T15:02:11.7673937Z Setting up libfluidsynth3:amd64 (2.3.4-1build3) ...
web	UNKNOWN STEP	2026-10-03T15:02:11.7690585Z Setting up libpocketsphinx3:amd64 (0.8.0+real5prealpha+1-15ubuntu5) ...
web	UNKNOWN STEP	2026-10-03T15:02:11.7707633Z Setting up libavfilter9:amd64 (7:6.1.1-3ubuntu5) ...
web	UNKNOWN STEP	2026-10-03T15:02:11.7724436Z Setting up gstreamer1.0-libav:amd64 (1.24.1-1build1) ...
web	UNKNOWN STEP	2026-10-03T15:02:11.7972953Z Processing triggers for fontconfig (2.15.0-1.1ubuntu2) ...
web	UNKNOWN STEP	2026-10-03T15:02:11.8830013Z Processing triggers for libc-bin (2.39-0ubuntu8.9) ...
web	UNKNOWN STEP	2026-10-03T15:02:11.9281649Z Processing triggers for man-db (2.12.0-4build2) ...
web	UNKNOWN STEP	2026-10-03T15:02:11.9301755Z Not building database; man-db/auto-update is not 'true'.
web	UNKNOWN STEP	2026-10-03T15:02:11.9327230Z Processing triggers for libglib2.0-0t64:amd64 (2.80.0-6ubuntu3.9) ...
web	UNKNOWN STEP	2026-10-03T15:02:11.9602734Z Setting up libgtk-4-1:amd64 (4.14.5+ds-0ubuntu0.10) ...
web	UNKNOWN STEP	2026-10-03T15:02:12.1196778Z Setting up glib-networking:amd64 (2.80.0-1build1) ...
web	UNKNOWN STEP	2026-10-03T15:02:12.1234719Z Setting up libsoup-3.0-0:amd64 (3.4.4-5ubuntu0.8) ...
web	UNKNOWN STEP	2026-10-03T15:02:12.1263542Z Setting up libgssdp-1.6-0:amd64 (1.6.3-1build3) ...
web	UNKNOWN STEP	2026-10-03T15:02:12.1331971Z Setting up gstreamer1.0-plugins-good:amd64 (1.24.2-1ubuntu1.8) ...
web	UNKNOWN STEP	2026-10-03T15:02:12.1356332Z Setting up libgupnp-1.6-0:amd64 (1.6.6-1build3) ...
web	UNKNOWN STEP	2026-10-03T15:02:12.1412394Z Setting up libgupnp-igd-1.6-0:amd64 (1.6.0-3build3) ...
web	UNKNOWN STEP	2026-10-03T15:02:12.1444442Z Setting up libnice10:amd64 (0.1.21-2build3) ...
web	UNKNOWN STEP	2026-10-03T15:02:12.1490768Z Setting up libgstreamer-plugins-bad1.0-0:amd64 (1.24.2-1ubuntu4) ...
web	UNKNOWN STEP	2026-10-03T15:02:12.1527982Z Setting up gstreamer1.0-plugins-bad:amd64 (1.24.2-1ubuntu4) ...
web	UNKNOWN STEP	2026-10-03T15:02:12.1549229Z Processing triggers for libc-bin (2.39-0ubuntu8.9) ...
web	UNKNOWN STEP	2026-10-03T15:02:12.8045162Z 
web	UNKNOWN STEP	2026-10-03T15:02:12.8045959Z Running kernel seems to be up-to-date.
web	UNKNOWN STEP	2026-10-03T15:02:12.8046366Z 
web	UNKNOWN STEP	2026-10-03T15:02:12.8046547Z No services need to be restarted.
web	UNKNOWN STEP	2026-10-03T15:02:12.8046901Z 
web	UNKNOWN STEP	2026-10-03T15:02:12.8047071Z No containers need to be restarted.
web	UNKNOWN STEP	2026-10-03T15:02:12.8047379Z 
web	UNKNOWN STEP	2026-10-03T15:02:12.8047605Z No user sessions are running outdated binaries.
web	UNKNOWN STEP	2026-10-03T15:02:12.8047972Z 
web	UNKNOWN STEP	2026-10-03T15:02:12.8048311Z No VM guests are running outdated hypervisor (qemu) binaries on this host.
web	UNKNOWN STEP	2026-10-03T15:02:13.6425537Z Downloading Chrome for Testing 153.0.8010.12 (playwright chromium v1243) from https://cdn.playwright.dev/builds/cft/153.0.8010.12/linux64/chrome-linux64.zip
web	UNKNOWN STEP	2026-10-03T15:02:14.0521122Z |                                                                                |   0% of 186.8 MiB
web	UNKNOWN STEP	2026-10-03T15:02:14.2016047Z |■■■■■■■■                                                                        |  10% of 186.8 MiB
web	UNKNOWN STEP	2026-10-03T15:02:14.3004332Z |■■■■■■■■■■■■■■■■                                                                |  20% of 186.8 MiB
web	UNKNOWN STEP	2026-10-03T15:02:14.4078326Z |■■■■■■■■■■■■■■■■■■■■■■■■                                                        |  30% of 186.8 MiB
web	UNKNOWN STEP	2026-10-03T15:02:14.5269093Z |■■■■■■■■■■■■■■■■■■■■■■■■■■■■■■■■                                                |  40% of 186.8 MiB
web	UNKNOWN STEP	2026-10-03T15:02:14.6449133Z |■■■■■■■■■■■■■■■■■■■■■■■■■■■■■■■■■■■■■■■■                                        |  50% of 186.8 MiB
web	UNKNOWN STEP	2026-10-03T15:02:14.7472407Z |■■■■■■■■■■■■■■■■■■■■■■■■■■■■■■■■■■■■■■■■■■■■■■■■                                |  60% of 186.8 MiB
web	UNKNOWN STEP	2026-10-03T15:02:14.8739677Z |■■■■■■■■■■■■■■■■■■■■■■■■■■■■■■■■■■■■■■■■■■■■■■■■■■■■■■■■                        |  70% of 186.8 MiB
web	UNKNOWN STEP	2026-10-03T15:02:14.9891616Z |■■■■■■■■■■■■■■■■■■■■■■■■■■■■■■■■■■■■■■■■■■■■■■■■■■■■■■■■■■■■■■■■                |  80% of 186.8 MiB
web	UNKNOWN STEP	2026-10-03T15:02:15.1146374Z |■■■■■■■■■■■■■■■■■■■■■■■■■■■■■■■■■■■■■■■■■■■■■■■■■■■■■■■■■■■■■■■■■■■■■■■■        |  90% of 186.8 MiB
web	UNKNOWN STEP	2026-10-03T15:02:15.2419278Z |■■■■■■■■■■■■■■■■■■■■■■■■■■■■■■■■■■■■■■■■■■■■■■■■■■■■■■■■■■■■■■■■■■■■■■■■■■■■■■■■| 100% of 186.8 MiB
web	UNKNOWN STEP	2026-10-03T15:02:18.4572484Z Chrome for Testing 153.0.8010.12 (playwright chromium v1243) downloaded to /home/runner/.cache/ms-playwright/chromium-1243
web	UNKNOWN STEP	2026-10-03T15:02:18.4575953Z Downloading FFmpeg (playwright ffmpeg v1011) from https://cdn.playwright.dev/dbazure/download/playwright/builds/ffmpeg/1011/ffmpeg-linux.zip
web	UNKNOWN STEP	2026-10-03T15:02:18.7893289Z |                                                                                |   2% of 2.3 MiB
web	UNKNOWN STEP	2026-10-03T15:02:18.7916326Z |■■■■■■■■                                                                        |  10% of 2.3 MiB
web	UNKNOWN STEP	2026-10-03T15:02:18.7924536Z |■■■■■■■■■■■■■■■■                                                                |  22% of 2.3 MiB
web	UNKNOWN STEP	2026-10-03T15:02:18.7930112Z |■■■■■■■■■■■■■■■■■■■■■■■■                                                        |  30% of 2.3 MiB
web	UNKNOWN STEP	2026-10-03T15:02:18.7949354Z |■■■■■■■■■■■■■■■■■■■■■■■■■■■■■■■■■■■■■■■■                                        |  57% of 2.3 MiB
web	UNKNOWN STEP	2026-10-03T15:02:18.7996242Z |■■■■■■■■■■■■■■■■■■■■■■■■■■■■■■■■■■■■■■■■■■■■■■■■                                |  60% of 2.3 MiB
web	UNKNOWN STEP	2026-10-03T15:02:18.8016197Z |■■■■■■■■■■■■■■■■■■■■■■■■■■■■■■■■■■■■■■■■■■■■■■■■■■■■■■■■■■■■■■■■                |  88% of 2.3 MiB
web	UNKNOWN STEP	2026-10-03T15:02:18.8022641Z |■■■■■■■■■■■■■■■■■■■■■■■■■■■■■■■■■■■■■■■■■■■■■■■■■■■■■■■■■■■■■■■■■■■■■■■■■■■■■■■■| 100% of 2.3 MiB
web	UNKNOWN STEP	2026-10-03T15:02:18.8649984Z FFmpeg (playwright ffmpeg v1011) downloaded to /home/runner/.cache/ms-playwright/ffmpeg-1011
web	UNKNOWN STEP	2026-10-03T15:02:18.8652507Z Downloading Chrome Headless Shell 153.0.8010.12 (playwright chromium-headless-shell v1243) from https://cdn.playwright.dev/builds/cft/153.0.8010.12/linux64/chrome-headless-shell-linux64.zip
web	UNKNOWN STEP	2026-10-03T15:02:19.2657688Z |                                                                                |   0% of 114.3 MiB
web	UNKNOWN STEP	2026-10-03T15:02:19.3431026Z |■■■■■■■■                                                                        |  10% of 114.3 MiB
web	UNKNOWN STEP	2026-10-03T15:02:19.3997954Z |■■■■■■■■■■■■■■■■                                                                |  20% of 114.3 MiB
web	UNKNOWN STEP	2026-10-03T15:02:19.4488538Z |■■■■■■■■■■■■■■■■■■■■■■■■                                                        |  30% of 114.3 MiB
web	UNKNOWN STEP	2026-10-03T15:02:19.4984919Z |■■■■■■■■■■■■■■■■■■■■■■■■■■■■■■■■                                                |  40% of 114.3 MiB
web	UNKNOWN STEP	2026-10-03T15:02:19.5552385Z |■■■■■■■■■■■■■■■■■■■■■■■■■■■■■■■■■■■■■■■■                                        |  50% of 114.3 MiB
web	UNKNOWN STEP	2026-10-03T15:02:19.6131636Z |■■■■■■■■■■■■■■■■■■■■■■■■■■■■■■■■■■■■■■■■■■■■■■■■                                |  60% of 114.3 MiB
web	UNKNOWN STEP	2026-10-03T15:02:19.6635918Z |■■■■■■■■■■■■■■■■■■■■■■■■■■■■■■■■■■■■■■■■■■■■■■■■■■■■■■■■                        |  70% of 114.3 MiB
web	UNKNOWN STEP	2026-10-03T15:02:19.7353068Z |■■■■■■■■■■■■■■■■■■■■■■■■■■■■■■■■■■■■■■■■■■■■■■■■■■■■■■■■■■■■■■■■                |  80% of 114.3 MiB
web	UNKNOWN STEP	2026-10-03T15:02:19.7805838Z |■■■■■■■■■■■■■■■■■■■■■■■■■■■■■■■■■■■■■■■■■■■■■■■■■■■■■■■■■■■■■■■■■■■■■■■■        |  90% of 114.3 MiB
web	UNKNOWN STEP	2026-10-03T15:02:19.8341337Z |■■■■■■■■■■■■■■■■■■■■■■■■■■■■■■■■■■■■■■■■■■■■■■■■■■■■■■■■■■■■■■■■■■■■■■■■■■■■■■■■| 100% of 114.3 MiB
web	UNKNOWN STEP	2026-10-03T15:02:22.1141434Z Chrome Headless Shell 153.0.8010.12 (playwright chromium-headless-shell v1243) downloaded to /home/runner/.cache/ms-playwright/chromium_headless_shell-1243
web	UNKNOWN STEP	2026-10-03T15:02:22.1144385Z Downloading Firefox 155.0 (playwright firefox v1543) from https://cdn.playwright.dev/dbazure/download/playwright/builds/firefox/1543/firefox-ubuntu-24.04.zip
web	UNKNOWN STEP	2026-10-03T15:02:22.4578104Z |                                                                                |   0% of 109.5 MiB
web	UNKNOWN STEP	2026-10-03T15:02:22.4910940Z |■■■■■■■■                                                                        |  10% of 109.5 MiB
web	UNKNOWN STEP	2026-10-03T15:02:22.5215436Z |■■■■■■■■■■■■■■■■                                                                |  20% of 109.5 MiB
web	UNKNOWN STEP	2026-10-03T15:02:22.5428988Z |■■■■■■■■■■■■■■■■■■■■■■■■                                                        |  30% of 109.5 MiB
web	UNKNOWN STEP	2026-10-03T15:02:22.5663093Z |■■■■■■■■■■■■■■■■■■■■■■■■■■■■■■■■                                                |  40% of 109.5 MiB
web	UNKNOWN STEP	2026-10-03T15:02:22.6087113Z |■■■■■■■■■■■■■■■■■■■■■■■■■■■■■■■■■■■■■■■■                                        |  50% of 109.5 MiB
web	UNKNOWN STEP	2026-10-03T15:02:22.6345058Z |■■■■■■■■■■■■■■■■■■■■■■■■■■■■■■■■■■■■■■■■■■■■■■■■                                |  60% of 109.5 MiB
web	UNKNOWN STEP	2026-10-03T15:02:22.6752250Z |■■■■■■■■■■■■■■■■■■■■■■■■■■■■■■■■■■■■■■■■■■■■■■■■■■■■■■■■                        |  70% of 109.5 MiB
web	UNKNOWN STEP	2026-10-03T15:02:22.6985573Z |■■■■■■■■■■■■■■■■■■■■■■■■■■■■■■■■■■■■■■■■■■■■■■■■■■■■■■■■■■■■■■■■                |  80% of 109.5 MiB
web	UNKNOWN STEP	2026-10-03T15:02:22.7258915Z |■■■■■■■■■■■■■■■■■■■■■■■■■■■■■■■■■■■■■■■■■■■■■■■■■■■■■■■■■■■■■■■■■■■■■■■■        |  90% of 109.5 MiB
web	UNKNOWN STEP	2026-10-03T15:02:22.7440428Z |■■■■■■■■■■■■■■■■■■■■■■■■■■■■■■■■■■■■■■■■■■■■■■■■■■■■■■■■■■■■■■■■■■■■■■■■■■■■■■■■| 100% of 109.5 MiB
web	UNKNOWN STEP	2026-10-03T15:02:25.0347083Z Firefox 155.0 (playwright firefox v1543) downloaded to /home/runner/.cache/ms-playwright/firefox-1543
web	UNKNOWN STEP	2026-10-03T15:02:25.0350409Z Downloading WebKit 26.6 (playwright webkit v2359) from https://cdn.playwright.dev/dbazure/download/playwright/builds/webkit/2359/webkit-ubuntu-24.04.zip
web	UNKNOWN STEP	2026-10-03T15:02:25.3852610Z |                                                                                |   0% of 102.3 MiB
web	UNKNOWN STEP	2026-10-03T15:02:25.4291290Z |■■■■■■■■                                                                        |  10% of 102.3 MiB
web	UNKNOWN STEP	2026-10-03T15:02:25.4661594Z |■■■■■■■■■■■■■■■■                                                                |  20% of 102.3 MiB
web	UNKNOWN STEP	2026-10-03T15:02:25.4935663Z |■■■■■■■■■■■■■■■■■■■■■■■■                                                        |  30% of 102.3 MiB
web	UNKNOWN STEP	2026-10-03T15:02:25.5275483Z |■■■■■■■■■■■■■■■■■■■■■■■■■■■■■■■■                                                |  40% of 102.3 MiB
web	UNKNOWN STEP	2026-10-03T15:02:25.5638317Z |■■■■■■■■■■■■■■■■■■■■■■■■■■■■■■■■■■■■■■■■                                        |  50% of 102.3 MiB
web	UNKNOWN STEP	2026-10-03T15:02:25.5924063Z |■■■■■■■■■■■■■■■■■■■■■■■■■■■■■■■■■■■■■■■■■■■■■■■■                                |  60% of 102.3 MiB
web	UNKNOWN STEP	2026-10-03T15:02:25.6152285Z |■■■■■■■■■■■■■■■■■■■■■■■■■■■■■■■■■■■■■■■■■■■■■■■■■■■■■■■■                        |  70% of 102.3 MiB
web	UNKNOWN STEP	2026-10-03T15:02:25.6445778Z |■■■■■■■■■■■■■■■■■■■■■■■■■■■■■■■■■■■■■■■■■■■■■■■■■■■■■■■■■■■■■■■■                |  80% of 102.3 MiB
web	UNKNOWN STEP	2026-10-03T15:02:25.6640533Z |■■■■■■■■■■■■■■■■■■■■■■■■■■■■■■■■■■■■■■■■■■■■■■■■■■■■■■■■■■■■■■■■■■■■■■■■        |  90% of 102.3 MiB
web	UNKNOWN STEP	2026-10-03T15:02:25.6892208Z |■■■■■■■■■■■■■■■■■■■■■■■■■■■■■■■■■■■■■■■■■■■■■■■■■■■■■■■■■■■■■■■■■■■■■■■■■■■■■■■■| 100% of 102.3 MiB
web	UNKNOWN STEP	2026-10-03T15:02:27.8920666Z WebKit 26.6 (playwright webkit v2359) downloaded to /home/runner/.cache/ms-playwright/webkit-2359
web	UNKNOWN STEP	2026-10-03T15:02:28.1736001Z ##[group]Run bun run test:browser
web	UNKNOWN STEP	2026-10-03T15:02:28.1736603Z ^[[36;1mbun run test:browser^[[0m
web	UNKNOWN STEP	2026-10-03T15:02:28.1805392Z shell: /usr/bin/bash -e {0}
web	UNKNOWN STEP	2026-10-03T15:02:28.1805679Z env:
web	UNKNOWN STEP	2026-10-03T15:02:28.1805886Z   MISE_LOG_LEVEL: info
web	UNKNOWN STEP	2026-10-03T15:02:28.1808619Z   MISE_GITHUB_TOKEN: ***
web	UNKNOWN STEP	2026-10-03T15:02:28.1808976Z   MISE_TRUSTED_CONFIG_PATHS: /home/runner/work/ChronoShift/ChronoShift
web	UNKNOWN STEP	2026-10-03T15:02:28.1809354Z   MISE_YES: 1
web	UNKNOWN STEP	2026-10-03T15:02:28.1810891Z   PATH: /home/runner/.local/share/mise/installs/bun/1.4.0/bin:/home/runner/.local/share/mise/installs/node/26.8.1/bin:/home/runner/.local/share/mise/shims:/home/runner/.local/share/mise/bin:/snap/bin:/home/runner/.local/bin:/opt/pipx_bin:/home/runner/.cargo/bin:/home/runner/.config/composer/vendor/bin:/usr/local/.ghcup/bin:/home/runner/.dotnet/tools:/usr/local/sbin:/usr/local/bin:/usr/sbin:/usr/bin:/sbin:/bin:/usr/games:/usr/local/games
web	UNKNOWN STEP	2026-10-03T15:02:28.1812447Z ##[endgroup]
web	UNKNOWN STEP	2026-10-03T15:02:28.1993542Z $ bunx --bun playwright test
web	UNKNOWN STEP	2026-10-03T15:02:29.3155260Z 
web	UNKNOWN STEP	2026-10-03T15:02:29.3156170Z Running 68 tests using 2 workers
web	UNKNOWN STEP	2026-10-03T15:02:29.3156555Z 
web	UNKNOWN STEP	2026-10-03T15:02:31.0296326Z   ✓   2 [foldable] › e2e/foldable.spec.ts:59:0 › tabletop posture confines the scrollable task to the upper screen (1.1s)
web	UNKNOWN STEP	2026-10-03T15:02:31.1102668Z   ✓   1 [foldable] › e2e/foldable.spec.ts:3:0 › input and results avoid a vertical hinge and survive folding (1.1s)
web	UNKNOWN STEP	2026-10-03T15:02:31.4512971Z   ✓   3 [foldable] › e2e/foldable.spec.ts:102:0 › notch and home-indicator safe areas inset the task (411ms)
web	UNKNOWN STEP	2026-10-03T15:02:33.6296136Z   ✓   5 [chromium] › e2e/app.spec.ts:64:0 › missing cache reports incomplete and reconnect repairs the complete offline app (1.5s)
web	UNKNOWN STEP	2026-10-03T15:02:34.2077471Z   ✓   4 [chromium] › e2e/app.spec.ts:4:0 › worker failure recovers and a late response cannot resurrect cleared input (2.4s)
web	UNKNOWN STEP	2026-10-03T15:02:34.2656468Z   ✓   6 [chromium] › e2e/app.spec.ts:96:0 › pasted HTML cannot execute or fetch its URL (622ms)
web	UNKNOWN STEP	2026-10-03T15:02:35.3617849Z   ✓   8 [chromium] › e2e/app.spec.ts:150:0 › close and reopen offline, then convert previously unseen input (1.1s)
web	UNKNOWN STEP	2026-10-03T15:02:35.3934454Z   ✓   7 [chromium] › e2e/app.spec.ts:117:0 › convert, inspect ambiguity, copy manually and protect privacy (1.2s)
web	UNKNOWN STEP	2026-10-03T15:02:36.8384250Z   ✓   9 [chromium] › e2e/app.spec.ts:169:0 › preferences persist, input does not; denied storage still converts (1.5s)
web	UNKNOWN STEP	2026-10-03T15:02:36.9556717Z   ✓  10 [chromium] › e2e/app.spec.ts:191:0 › input errors recover, edits invalidate results, keyboard keeps multiline input (1.6s)
web	UNKNOWN STEP	2026-10-03T15:02:37.8427776Z   ✓  12 [chromium] › e2e/app.spec.ts:243:0 › offline POST share is single-use and never places message in URL (876ms)
web	UNKNOWN STEP	2026-10-03T15:02:39.0283792Z   ✓  11 [chromium] › e2e/app.spec.ts:214:0 › readable at 320px, dark mode, with no serious accessibility violations (2.2s)
web	UNKNOWN STEP	2026-10-03T15:02:39.7335988Z   ✓  14 [chromium] › e2e/engine.spec.ts:4:0 › independent exact fixture expectations run in the production browser worker (694ms)
web	UNKNOWN STEP	2026-10-03T15:02:40.4957311Z   ✓  13 [chromium] › e2e/app.spec.ts:281:0 › an update waits, preserves draft on opt-in, and survives a partial next update (2.6s)
web	UNKNOWN STEP	2026-10-03T15:02:41.3884572Z   ✓  16 [chromium] › e2e/responsive.spec.ts:57:0 › touch-sized controls and keyboard navigation remain usable in a short viewport (877ms)
web	UNKNOWN STEP	2026-10-03T15:02:41.6770029Z   ✓  15 [chromium] › e2e/responsive.spec.ts:3:0 › reflows across cover screens, phones, tablets and desktops without losing work (1.9s)
web	UNKNOWN STEP	2026-10-03T15:02:45.7844407Z   ✓  18 [firefox] › e2e/app.spec.ts:64:0 › missing cache reports incomplete and reconnect repairs the complete offline app (3.2s)
web	UNKNOWN STEP	2026-10-03T15:02:46.7065945Z   ✓  19 [firefox] › e2e/app.spec.ts:96:0 › pasted HTML cannot execute or fetch its URL (912ms)
web	UNKNOWN STEP	2026-10-03T15:02:47.3281946Z   ✓  17 [firefox] › e2e/app.spec.ts:4:0 › worker failure recovers and a late response cannot resurrect cleared input (4.2s)
web	UNKNOWN STEP	2026-10-03T15:02:47.9945087Z   ✓  20 [firefox] › e2e/app.spec.ts:117:0 › convert, inspect ambiguity, copy manually and protect privacy (1.3s)
web	UNKNOWN STEP	2026-10-03T15:02:49.0367239Z   ✓  21 [firefox] › e2e/app.spec.ts:150:0 › close and reopen offline, then convert previously unseen input (1.7s)
web	UNKNOWN STEP	2026-10-03T15:02:49.9971099Z   ✓  22 [firefox] › e2e/app.spec.ts:169:0 › preferences persist, input does not; denied storage still converts (2.0s)
web	UNKNOWN STEP	2026-10-03T15:02:51.0922250Z   ✓  23 [firefox] › e2e/app.spec.ts:191:0 › input errors recover, edits invalidate results, keyboard keeps multiline input (2.0s)
web	UNKNOWN STEP	2026-10-03T15:02:52.5098013Z   ✓  25 [firefox] › e2e/app.spec.ts:243:0 › offline POST share is single-use and never places message in URL (1.4s)
web	UNKNOWN STEP	2026-10-03T15:02:53.6632930Z   ✓  24 [firefox] › e2e/app.spec.ts:214:0 › readable at 320px, dark mode, with no serious accessibility violations (3.7s)
web	UNKNOWN STEP	2026-10-03T15:02:54.5516501Z   ✓  27 [firefox] › e2e/engine.spec.ts:4:0 › independent exact fixture expectations run in the production browser worker (875ms)
web	UNKNOWN STEP	2026-10-03T15:02:56.8352711Z   ✓  26 [firefox] › e2e/app.spec.ts:281:0 › an update waits, preserves draft on opt-in, and survives a partial next update (4.3s)
web	UNKNOWN STEP	2026-10-03T15:02:57.3752685Z   ✓  28 [firefox] › e2e/responsive.spec.ts:3:0 › reflows across cover screens, phones, tablets and desktops without losing work (2.8s)
web	UNKNOWN STEP	2026-10-03T15:02:58.1376547Z   ✓  29 [firefox] › e2e/responsive.spec.ts:57:0 › touch-sized controls and keyboard navigation remain usable in a short viewport (1.3s)
web	UNKNOWN STEP	2026-10-03T15:03:07.0656603Z   ✓  31 [webkit] › e2e/app.spec.ts:64:0 › missing cache reports incomplete and reconnect repairs the complete offline app (8.0s)
web	UNKNOWN STEP	2026-10-03T15:03:08.4093050Z   ✓  30 [webkit] › e2e/app.spec.ts:4:0 › worker failure recovers and a late response cannot resurrect cleared input (9.5s)
web	UNKNOWN STEP	2026-10-03T15:03:08.4533246Z   ✓  32 [webkit] › e2e/app.spec.ts:96:0 › pasted HTML cannot execute or fetch its URL (1.4s)
web	UNKNOWN STEP	2026-10-03T15:03:10.8228206Z   ✓  33 [webkit] › e2e/app.spec.ts:117:0 › convert, inspect ambiguity, copy manually and protect privacy (2.4s)
web	UNKNOWN STEP	2026-10-03T15:03:10.8983040Z   ✓  34 [webkit] › e2e/app.spec.ts:150:0 › close and reopen offline, then convert previously unseen input (2.4s)
web	UNKNOWN STEP	2026-10-03T15:03:13.7659867Z   ✓  35 [webkit] › e2e/app.spec.ts:169:0 › preferences persist, input does not; denied storage still converts (2.9s)
web	UNKNOWN STEP	2026-10-03T15:03:13.9949494Z   ✓  36 [webkit] › e2e/app.spec.ts:191:0 › input errors recover, edits invalidate results, keyboard keeps multiline input (3.1s)
web	UNKNOWN STEP	2026-10-03T15:03:15.7267992Z   ✓  38 [webkit] › e2e/app.spec.ts:243:0 › offline POST share is single-use and never places message in URL (1.7s)
web	UNKNOWN STEP	2026-10-03T15:03:17.7969566Z   ✓  37 [webkit] › e2e/app.spec.ts:214:0 › readable at 320px, dark mode, with no serious accessibility violations (4.0s)
web	UNKNOWN STEP	2026-10-03T15:03:18.8301222Z   ✓  39 [webkit] › e2e/app.spec.ts:281:0 › an update waits, preserves draft on opt-in, and survives a partial next update (3.1s)
web	UNKNOWN STEP	2026-10-03T15:03:19.3163257Z   ✓  40 [webkit] › e2e/engine.spec.ts:4:0 › independent exact fixture expectations run in the production browser worker (1.5s)
web	UNKNOWN STEP	2026-10-03T15:03:20.8222715Z   ✓  42 [webkit] › e2e/responsive.spec.ts:57:0 › touch-sized controls and keyboard navigation remain usable in a short viewport (1.5s)
web	UNKNOWN STEP	2026-10-03T15:03:23.2087322Z   ✓  41 [webkit] › e2e/responsive.spec.ts:3:0 › reflows across cover screens, phones, tablets and desktops without losing work (4.4s)
web	UNKNOWN STEP	2026-10-03T15:03:23.9730776Z   ✓  43 [android-emulation] › e2e/app.spec.ts:4:0 › worker failure recovers and a late response cannot resurrect cleared input (2.3s)
web	UNKNOWN STEP	2026-10-03T15:03:24.8307447Z   ✓  45 [android-emulation] › e2e/app.spec.ts:96:0 › pasted HTML cannot execute or fetch its URL (847ms)
web	UNKNOWN STEP	2026-10-03T15:03:25.3906505Z   ✓  44 [android-emulation] › e2e/app.spec.ts:64:0 › missing cache reports incomplete and reconnect repairs the complete offline app (1.6s)
web	UNKNOWN STEP	2026-10-03T15:03:25.8747193Z   ✓  46 [android-emulation] › e2e/app.spec.ts:117:0 › convert, inspect ambiguity, copy manually and protect privacy (1.0s)
web	UNKNOWN STEP	2026-10-03T15:03:26.5699516Z   ✓  47 [android-emulation] › e2e/app.spec.ts:150:0 › close and reopen offline, then convert previously unseen input (1.2s)
web	UNKNOWN STEP	2026-10-03T15:03:27.2546096Z   ✓  48 [android-emulation] › e2e/app.spec.ts:169:0 › preferences persist, input does not; denied storage still converts (1.4s)
web	UNKNOWN STEP	2026-10-03T15:03:28.0363820Z   ✓  49 [android-emulation] › e2e/app.spec.ts:191:0 › input errors recover, edits invalidate results, keyboard keeps multiline input (1.5s)
web	UNKNOWN STEP	2026-10-03T15:03:28.9036523Z   ✓  51 [android-emulation] › e2e/app.spec.ts:243:0 › offline POST share is single-use and never places message in URL (857ms)
web	UNKNOWN STEP	2026-10-03T15:03:29.6583442Z   ✓  50 [android-emulation] › e2e/app.spec.ts:214:0 › readable at 320px, dark mode, with no serious accessibility violations (2.4s)
web	UNKNOWN STEP	2026-10-03T15:03:30.2918963Z   ✓  53 [android-emulation] › e2e/engine.spec.ts:4:0 › independent exact fixture expectations run in the production browser worker (625ms)
web	UNKNOWN STEP	2026-10-03T15:03:31.5276486Z   ✓  52 [android-emulation] › e2e/app.spec.ts:281:0 › an update waits, preserves draft on opt-in, and survives a partial next update (2.6s)
web	UNKNOWN STEP	2026-10-03T15:03:32.0781823Z   ✓  54 [android-emulation] › e2e/responsive.spec.ts:3:0 › reflows across cover screens, phones, tablets and desktops without losing work (1.8s)
web	UNKNOWN STEP	2026-10-03T15:03:32.3598320Z   ✓  55 [android-emulation] › e2e/responsive.spec.ts:57:0 › touch-sized controls and keyboard navigation remain usable in a short viewport (817ms)
web	UNKNOWN STEP	2026-10-03T15:03:35.4224619Z   ✓  57 [iphone-emulation] › e2e/app.spec.ts:64:0 › missing cache reports incomplete and reconnect repairs the complete offline app (2.4s)
web	UNKNOWN STEP	2026-10-03T15:03:36.5923682Z   ✓  56 [iphone-emulation] › e2e/app.spec.ts:4:0 › worker failure recovers and a late response cannot resurrect cleared input (3.9s)
web	UNKNOWN STEP	2026-10-03T15:03:36.7777787Z   ✓  58 [iphone-emulation] › e2e/app.spec.ts:96:0 › pasted HTML cannot execute or fetch its URL (1.3s)
web	UNKNOWN STEP	2026-10-03T15:03:38.9455059Z   ✓  59 [iphone-emulation] › e2e/app.spec.ts:117:0 › convert, inspect ambiguity, copy manually and protect privacy (2.3s)
web	UNKNOWN STEP	2026-10-03T15:03:38.9925860Z   ✓  60 [iphone-emulation] › e2e/app.spec.ts:150:0 › close and reopen offline, then convert previously unseen input (2.2s)
web	UNKNOWN STEP	2026-10-03T15:03:41.4987881Z   ✓  61 [iphone-emulation] › e2e/app.spec.ts:169:0 › preferences persist, input does not; denied storage still converts (2.5s)
web	UNKNOWN STEP	2026-10-03T15:03:42.1988491Z   ✓  62 [iphone-emulation] › e2e/app.spec.ts:191:0 › input errors recover, edits invalidate results, keyboard keeps multiline input (3.2s)
web	UNKNOWN STEP	2026-10-03T15:03:43.7927583Z   ✓  64 [iphone-emulation] › e2e/app.spec.ts:243:0 › offline POST share is single-use and never places message in URL (1.6s)
web	UNKNOWN STEP	2026-10-03T15:03:45.9168563Z   ✓  63 [iphone-emulation] › e2e/app.spec.ts:214:0 › readable at 320px, dark mode, with no serious accessibility violations (4.4s)
web	UNKNOWN STEP	2026-10-03T15:03:46.5254711Z   ✓  65 [iphone-emulation] › e2e/app.spec.ts:281:0 › an update waits, preserves draft on opt-in, and survives a partial next update (2.7s)
web	UNKNOWN STEP	2026-10-03T15:03:47.4404884Z   ✓  66 [iphone-emulation] › e2e/engine.spec.ts:4:0 › independent exact fixture expectations run in the production browser worker (1.5s)
web	UNKNOWN STEP	2026-10-03T15:03:48.9093230Z   ✓  68 [iphone-emulation] › e2e/responsive.spec.ts:57:0 › touch-sized controls and keyboard navigation remain usable in a short viewport (1.5s)
web	UNKNOWN STEP	2026-10-03T15:03:52.4828460Z   ✓  67 [iphone-emulation] › e2e/responsive.spec.ts:3:0 › reflows across cover screens, phones, tablets and desktops without losing work (5.9s)
web	UNKNOWN STEP	2026-10-03T15:03:52.7239817Z 
web	UNKNOWN STEP	2026-10-03T15:03:52.7245656Z   68 passed (1.4m)
web	UNKNOWN STEP	2026-10-03T15:03:52.8034623Z ##[group]Run BASE_PATH=/ChronoShift/ bun run build
web	UNKNOWN STEP	2026-10-03T15:03:52.8035068Z ^[[36;1mBASE_PATH=/ChronoShift/ bun run build^[[0m
web	UNKNOWN STEP	2026-10-03T15:03:52.8036362Z ^[[36;1mbunx --bun playwright test --config=playwright.subpath.config.ts^[[0m
web	UNKNOWN STEP	2026-10-03T15:03:52.8036883Z ^[[36;1mbun run build^[[0m
web	UNKNOWN STEP	2026-10-03T15:03:52.8099876Z shell: /usr/bin/bash -e {0}
web	UNKNOWN STEP	2026-10-03T15:03:52.8100132Z env:
web	UNKNOWN STEP	2026-10-03T15:03:52.8100335Z   MISE_LOG_LEVEL: info
web	UNKNOWN STEP	2026-10-03T15:03:52.8103243Z   MISE_GITHUB_TOKEN: ***
web	UNKNOWN STEP	2026-10-03T15:03:52.8103617Z   MISE_TRUSTED_CONFIG_PATHS: /home/runner/work/ChronoShift/ChronoShift
web	UNKNOWN STEP	2026-10-03T15:03:52.8104003Z   MISE_YES: 1
web	UNKNOWN STEP	2026-10-03T15:03:52.8105825Z   PATH: /home/runner/.local/share/mise/installs/bun/1.4.0/bin:/home/runner/.local/share/mise/installs/node/26.8.1/bin:/home/runner/.local/share/mise/shims:/home/runner/.local/share/mise/bin:/snap/bin:/home/runner/.local/bin:/opt/pipx_bin:/home/runner/.cargo/bin:/home/runner/.config/composer/vendor/bin:/usr/local/.ghcup/bin:/home/runner/.dotnet/tools:/usr/local/sbin:/usr/local/bin:/usr/sbin:/usr/bin:/sbin:/bin:/usr/games:/usr/local/games
web	UNKNOWN STEP	2026-10-03T15:03:52.8107461Z ##[endgroup]
web	UNKNOWN STEP	2026-10-03T15:03:52.8290443Z $ bun run typecheck && bun scripts/third-party-notices.ts && bunx --bun vite build && bun scripts/build-offline.ts
web	UNKNOWN STEP	2026-10-03T15:03:52.8322063Z $ bunx --bun tsc --noEmit
web	UNKNOWN STEP	2026-10-03T15:03:53.1729610Z Included notices for 6 production packages.
web	UNKNOWN STEP	2026-10-03T15:03:53.3099366Z ^[[36mvite v8.3.2 ^[[32mbuilding client environment for production...^[[36m^[[39m
web	UNKNOWN STEP	2026-10-03T15:03:53.3171871Z transforming...
web	UNKNOWN STEP	2026-10-03T15:03:53.4598599Z ✓ 24 modules transformed.
web	UNKNOWN STEP	2026-10-03T15:03:53.4875993Z rendering chunks...
web	UNKNOWN STEP	2026-10-03T15:03:53.5365468Z computing gzip size...
web	UNKNOWN STEP	2026-10-03T15:03:53.5430290Z dist/index.html                   0.84 kB │ gzip:   0.45 kB
web	UNKNOWN STEP	2026-10-03T15:03:53.5430904Z dist/assets/worker-Dcv-t75w.js  218.70 kB
web	UNKNOWN STEP	2026-10-03T15:03:53.5431496Z dist/assets/index-CuSIudKT.css   10.37 kB │ gzip:   2.97 kB
web	UNKNOWN STEP	2026-10-03T15:03:53.5432009Z dist/assets/index-BteaGTFj.js   399.20 kB │ gzip: 120.72 kB
web	UNKNOWN STEP	2026-10-03T15:03:53.5432814Z 
web	UNKNOWN STEP	2026-10-03T15:03:53.5433906Z ^[[32m✓ built in 233ms^[[39m
web	UNKNOWN STEP	2026-10-03T15:03:53.5696064Z Offline version 9ab1a63b27d5adec: 10 local assets, /ChronoShift/
web	UNKNOWN STEP	2026-10-03T15:03:54.2129145Z 
web	UNKNOWN STEP	2026-10-03T15:03:54.2131186Z Running 1 test using 1 worker
web	UNKNOWN STEP	2026-10-03T15:03:55.6142663Z ·
web	UNKNOWN STEP	2026-10-03T15:03:55.6147542Z   1 passed (1.6s)
web	UNKNOWN STEP	2026-10-03T15:03:55.6366604Z $ bun run typecheck && bun scripts/third-party-notices.ts && bunx --bun vite build && bun scripts/build-offline.ts
web	UNKNOWN STEP	2026-10-03T15:03:55.6401379Z $ bunx --bun tsc --noEmit
web	UNKNOWN STEP	2026-10-03T15:03:55.9784092Z Included notices for 6 production packages.
web	UNKNOWN STEP	2026-10-03T15:03:56.1211959Z ^[[36mvite v8.3.2 ^[[32mbuilding client environment for production...^[[36m^[[39m
web	UNKNOWN STEP	2026-10-03T15:03:56.1281259Z transforming...
web	UNKNOWN STEP	2026-10-03T15:03:56.2656677Z ✓ 24 modules transformed.
web	UNKNOWN STEP	2026-10-03T15:03:56.2899948Z rendering chunks...
web	UNKNOWN STEP	2026-10-03T15:03:56.3410698Z computing gzip size...
web	UNKNOWN STEP	2026-10-03T15:03:56.3473512Z dist/index.html                   0.79 kB │ gzip:   0.44 kB
web	UNKNOWN STEP	2026-10-03T15:03:56.3474201Z dist/assets/worker-Dcv-t75w.js  218.70 kB
web	UNKNOWN STEP	2026-10-03T15:03:56.3474977Z dist/assets/index-CuSIudKT.css   10.37 kB │ gzip:   2.97 kB
web	UNKNOWN STEP	2026-10-03T15:03:56.3476134Z dist/assets/index-BStsfkDs.js   399.15 kB │ gzip: 120.72 kB
web	UNKNOWN STEP	2026-10-03T15:03:56.3476987Z 
web	UNKNOWN STEP	2026-10-03T15:03:56.3477327Z ^[[32m✓ built in 226ms^[[39m
web	UNKNOWN STEP	2026-10-03T15:03:56.3721240Z Offline version 92046a33e415ab67: 10 local assets, /
web	UNKNOWN STEP	2026-10-03T15:03:56.3837689Z ##[group]Run actions/upload-artifact@ea165f8d65b6e75b540449e92b4886f43607fa02
web	UNKNOWN STEP	2026-10-03T15:03:56.3838109Z with:
web	UNKNOWN STEP	2026-10-03T15:03:56.3838404Z   name: chronoshift-web-21a38eec3876f58e16adc0c7bc4c1ecfb9d90dd8
web	UNKNOWN STEP	2026-10-03T15:03:56.3838813Z   path: dist/
web	UNKNOWN STEP	playwright-report/
web	UNKNOWN STEP	test-results/
web	UNKNOWN STEP	
web	UNKNOWN STEP	2026-10-03T15:03:56.3839120Z   retention-days: 14
web	UNKNOWN STEP	2026-10-03T15:03:56.3839351Z   if-no-files-found: warn
web	UNKNOWN STEP	2026-10-03T15:03:56.3839582Z   compression-level: 6
web	UNKNOWN STEP	2026-10-03T15:03:56.3839799Z   overwrite: false
web	UNKNOWN STEP	2026-10-03T15:03:56.3840018Z   include-hidden-files: false
web	UNKNOWN STEP	2026-10-03T15:03:56.3840282Z env:
web	UNKNOWN STEP	2026-10-03T15:03:56.3840466Z   MISE_LOG_LEVEL: info
web	UNKNOWN STEP	2026-10-03T15:03:56.3843213Z   MISE_GITHUB_TOKEN: ***
web	UNKNOWN STEP	2026-10-03T15:03:56.3843572Z   MISE_TRUSTED_CONFIG_PATHS: /home/runner/work/ChronoShift/ChronoShift
web	UNKNOWN STEP	2026-10-03T15:03:56.3843951Z   MISE_YES: 1
web	UNKNOWN STEP	2026-10-03T15:03:56.3845800Z   PATH: /home/runner/.local/share/mise/installs/bun/1.4.0/bin:/home/runner/.local/share/mise/installs/node/26.8.1/bin:/home/runner/.local/share/mise/shims:/home/runner/.local/share/mise/bin:/snap/bin:/home/runner/.local/bin:/opt/pipx_bin:/home/runner/.cargo/bin:/home/runner/.config/composer/vendor/bin:/usr/local/.ghcup/bin:/home/runner/.dotnet/tools:/usr/local/sbin:/usr/local/bin:/usr/sbin:/usr/bin:/sbin:/bin:/usr/games:/usr/local/games
web	UNKNOWN STEP	2026-10-03T15:03:56.3847358Z ##[endgroup]
web	UNKNOWN STEP	2026-10-03T15:03:56.5567240Z (node:9677) [DEP0040] DeprecationWarning: The `punycode` module is deprecated. Please use a userland alternative instead.
web	UNKNOWN STEP	2026-10-03T15:03:56.5567980Z (Use `node --trace-deprecation ...` to show where the warning was created)
web	UNKNOWN STEP	2026-10-03T15:03:56.5666863Z Multiple search paths detected. Calculating the least common ancestor of all paths
web	UNKNOWN STEP	2026-10-03T15:03:56.5669971Z The least common ancestor is /home/runner/work/ChronoShift/ChronoShift. This will be the root directory of the artifact
web	UNKNOWN STEP	2026-10-03T15:03:56.5671148Z With the provided path, there will be 12 files uploaded
web	UNKNOWN STEP	2026-10-03T15:03:56.5676613Z Artifact name is valid!
web	UNKNOWN STEP	2026-10-03T15:03:56.5677662Z Root directory input is valid!
web	UNKNOWN STEP	2026-10-03T15:03:56.9323698Z Beginning upload of artifact content to blob storage
web	UNKNOWN STEP	2026-10-03T15:03:57.0050923Z (node:9677) [DEP0169] DeprecationWarning: `url.parse()` behavior is not standardized and prone to errors that have security implications. Use the WHATWG URL API instead. CVEs are not issued for `url.parse()` vulnerabilities.
web	UNKNOWN STEP	2026-10-03T15:03:57.6147380Z Uploaded bytes 561341
web	UNKNOWN STEP	2026-10-03T15:03:57.6957331Z Finished uploading artifact content to blob storage!
web	UNKNOWN STEP	2026-10-03T15:03:57.6958130Z SHA256 digest of uploaded artifact zip is 58fcae2101180a13643b8503a1956255a2bfb2e7eb8bb1ef10acba70e1f1f945
web	UNKNOWN STEP	2026-10-03T15:03:57.6960402Z Finalizing artifact upload
web	UNKNOWN STEP	2026-10-03T15:03:57.9907574Z Artifact chronoshift-web-21a38eec3876f58e16adc0c7bc4c1ecfb9d90dd8.zip successfully finalized. Artifact ID 11276888058
web	UNKNOWN STEP	2026-10-03T15:03:57.9909949Z Artifact chronoshift-web-21a38eec3876f58e16adc0c7bc4c1ecfb9d90dd8 has been successfully uploaded! Final size is 561341 bytes. Artifact ID is 11276888058
web	UNKNOWN STEP	2026-10-03T15:03:57.9915800Z Artifact download URL: https://github.com/Tien-Lam/ChronoShift/actions/runs/37131752983/artifacts/11276888058
web	UNKNOWN STEP	2026-10-03T15:03:58.0111429Z Post job cleanup.
web	UNKNOWN STEP	2026-10-03T15:03:58.0980022Z [command]/usr/bin/git version
web	UNKNOWN STEP	2026-10-03T15:03:58.1024513Z git version 2.55.0
web	UNKNOWN STEP	2026-10-03T15:03:58.1064083Z Temporarily overriding HOME='/home/runner/work/_temp/a5271c52-7aba-4772-9dca-292cc3ccb1a2' before making global git config changes
web	UNKNOWN STEP	2026-10-03T15:03:58.1065327Z Adding repository directory to the temporary git global config as a safe directory
web	UNKNOWN STEP	2026-10-03T15:03:58.1070283Z [command]/usr/bin/git config --global --add safe.directory /home/runner/work/ChronoShift/ChronoShift
web	UNKNOWN STEP	2026-10-03T15:03:58.1111018Z [command]/usr/bin/git config --local --name-only --get-regexp core\.sshCommand
web	UNKNOWN STEP	2026-10-03T15:03:58.1146897Z [command]/usr/bin/git submodule foreach --recursive sh -c "git config --local --name-only --get-regexp 'core\.sshCommand' && git config --local --unset-all 'core.sshCommand' || :"
web	UNKNOWN STEP	2026-10-03T15:03:58.1403984Z [command]/usr/bin/git config --local --name-only --get-regexp http\.https\:\/\/github\.com\/\.extraheader
web	UNKNOWN STEP	2026-10-03T15:03:58.1435946Z http.https://github.com/.extraheader
web	UNKNOWN STEP	2026-10-03T15:03:58.1444279Z [command]/usr/bin/git config --local --unset-all http.https://github.com/.extraheader
web	UNKNOWN STEP	2026-10-03T15:03:58.1479048Z [command]/usr/bin/git submodule foreach --recursive sh -c "git config --local --name-only --get-regexp 'http\.https\:\/\/github\.com\/\.extraheader' && git config --local --unset-all 'http.https://github.com/.extraheader' || :"
web	UNKNOWN STEP	2026-10-03T15:03:58.1747021Z [command]/usr/bin/git config --local --name-only --get-regexp ^includeIf\.gitdir:
web	UNKNOWN STEP	2026-10-03T15:03:58.1787459Z [command]/usr/bin/git submodule foreach --recursive git config --local --show-origin --name-only --get-regexp remote.origin.url
web	UNKNOWN STEP	2026-10-03T15:03:58.2189596Z Cleaning up orphan processes
web	UNKNOWN STEP	2026-10-03T15:03:58.2629595Z ##[warning]Node.js 20 is deprecated. The following actions target Node.js 20 but are being forced to run on Node.js 24: actions/checkout@34e114876b0b11c390a56381ad16ebd13914f8d5, actions/upload-artifact@ea165f8d65b6e75b540449e92b4886f43607fa02, jdx/mise-action@5228313ee0372e111a38da051671ca30fc5a96db. For more information see: https://github.blog/changelog/2025-09-19-deprecation-of-node-20-on-github-actions-runners/
