prepare	Set up job	﻿2026-10-05T11:09:46.2950497Z Current runner version: '2.337.0'
prepare	Set up job	2026-10-05T11:09:46.2977886Z ##[group]Runner Image Provisioner
prepare	Set up job	2026-10-05T11:09:46.2978769Z Hosted Compute Agent
prepare	Set up job	2026-10-05T11:09:46.2979431Z Version: 20260901.588
prepare	Set up job	2026-10-05T11:09:46.2983000Z Commit: f88ec8081b781fac6c440065ac7ff9e710ce3d0b
prepare	Set up job	2026-10-05T11:09:46.3031012Z Build Date: 2026-09-01T19:56:44Z
prepare	Set up job	2026-10-05T11:09:46.3031793Z Worker ID: {b60bd5ae-d18e-4d31-89c7-dc633afe3959}
prepare	Set up job	2026-10-05T11:09:46.3032496Z Azure Region: westus3
prepare	Set up job	2026-10-05T11:09:46.3033133Z ##[endgroup]
prepare	Set up job	2026-10-05T11:09:46.3038967Z ##[group]VM Image
prepare	Set up job	2026-10-05T11:09:46.3051160Z - OS: Linux (x64)
prepare	Set up job	2026-10-05T11:09:46.3052072Z - Source: Docker
prepare	Set up job	2026-10-05T11:09:46.3052659Z - Name: ubuntu:24.04
prepare	Set up job	2026-10-05T11:09:46.3053334Z - Version: 20260925.9.1
prepare	Set up job	2026-10-05T11:09:46.3053928Z ##[endgroup]
prepare	Set up job	2026-10-05T11:09:46.3055281Z ##[group]GITHUB_TOKEN Permissions
prepare	Set up job	2026-10-05T11:09:46.3061927Z Actions: read
prepare	Set up job	2026-10-05T11:09:46.3062610Z Contents: read
prepare	Set up job	2026-10-05T11:09:46.3063204Z Metadata: read
prepare	Set up job	2026-10-05T11:09:46.3063725Z Pages: write
prepare	Set up job	2026-10-05T11:09:46.3067697Z ##[endgroup]
prepare	Set up job	2026-10-05T11:09:46.3080620Z Secret source: Actions
prepare	Set up job	2026-10-05T11:09:46.3081651Z Cache mode: write
prepare	Set up job	2026-10-05T11:09:46.3082632Z Prepare workflow directory
prepare	Set up job	2026-10-05T11:09:46.3638110Z Prepare all required actions
prepare	Set up job	2026-10-05T11:09:46.3731498Z Getting action download info
prepare	Set up job	2026-10-05T11:09:46.8267278Z Download action repository 'actions/checkout@3d3c42e5aac5ba805825da76410c181273ba90b1' (SHA:3d3c42e5aac5ba805825da76410c181273ba90b1)
prepare	Set up job	2026-10-05T11:09:47.0820476Z Download action repository 'jdx/mise-action@7a4e45a543138629540c9a1616d08632b893e492' (SHA:7a4e45a543138629540c9a1616d08632b893e492)
prepare	Set up job	2026-10-05T11:09:47.9085245Z Download action repository 'actions/configure-pages@45bfe0192ca1faeb007ade9deae92b16b8254a0d' (SHA:45bfe0192ca1faeb007ade9deae92b16b8254a0d)
prepare	Set up job	2026-10-05T11:09:48.5224263Z Download action repository 'actions/upload-pages-artifact@fc324d3547104276b827a68afc52ff2a11cc49c9' (SHA:fc324d3547104276b827a68afc52ff2a11cc49c9)
prepare	Set up job	2026-10-05T11:09:48.7710467Z Download action repository 'actions/deploy-pages@368f82528645a54fb793d4d04e342629a3f51346' (SHA:368f82528645a54fb793d4d04e342629a3f51346)
prepare	Set up job	2026-10-05T11:09:49.6246265Z Getting action download info
prepare	Set up job	2026-10-05T11:09:49.7529301Z Download action repository 'actions/upload-artifact@bbbca2ddaa5d8feaa63e36b76fdaad77386f024f' (SHA:bbbca2ddaa5d8feaa63e36b76fdaad77386f024f)
prepare	Set up job	2026-10-05T11:09:49.8815232Z Complete job name: prepare
prepare	Run actions/checkout@3d3c42e5aac5ba805825da76410c181273ba90b1	﻿2026-10-05T11:09:50.0302477Z ##[group]Run actions/checkout@3d3c42e5aac5ba805825da76410c181273ba90b1
prepare	Run actions/checkout@3d3c42e5aac5ba805825da76410c181273ba90b1	2026-10-05T11:09:50.0304893Z with:
prepare	Run actions/checkout@3d3c42e5aac5ba805825da76410c181273ba90b1	2026-10-05T11:09:50.0305592Z   sparse-checkout: /*
prepare	Run actions/checkout@3d3c42e5aac5ba805825da76410c181273ba90b1	!/docs/qa/
prepare	Run actions/checkout@3d3c42e5aac5ba805825da76410c181273ba90b1	
prepare	Run actions/checkout@3d3c42e5aac5ba805825da76410c181273ba90b1	2026-10-05T11:09:50.0306247Z   sparse-checkout-cone-mode: false
prepare	Run actions/checkout@3d3c42e5aac5ba805825da76410c181273ba90b1	2026-10-05T11:09:50.0306938Z   repository: Tien-Lam/ChronoShift
prepare	Run actions/checkout@3d3c42e5aac5ba805825da76410c181273ba90b1	2026-10-05T11:09:50.0311448Z   token: ***
prepare	Run actions/checkout@3d3c42e5aac5ba805825da76410c181273ba90b1	2026-10-05T11:09:50.0314007Z   ssh-strict: true
prepare	Run actions/checkout@3d3c42e5aac5ba805825da76410c181273ba90b1	2026-10-05T11:09:50.0314816Z   ssh-user: git
prepare	Run actions/checkout@3d3c42e5aac5ba805825da76410c181273ba90b1	2026-10-05T11:09:50.0316138Z   persist-credentials: true
prepare	Run actions/checkout@3d3c42e5aac5ba805825da76410c181273ba90b1	2026-10-05T11:09:50.0316746Z   clean: true
prepare	Run actions/checkout@3d3c42e5aac5ba805825da76410c181273ba90b1	2026-10-05T11:09:50.0317318Z   fetch-depth: 1
prepare	Run actions/checkout@3d3c42e5aac5ba805825da76410c181273ba90b1	2026-10-05T11:09:50.0318056Z   fetch-tags: false
prepare	Run actions/checkout@3d3c42e5aac5ba805825da76410c181273ba90b1	2026-10-05T11:09:50.0318600Z   show-progress: true
prepare	Run actions/checkout@3d3c42e5aac5ba805825da76410c181273ba90b1	2026-10-05T11:09:50.0319112Z   lfs: false
prepare	Run actions/checkout@3d3c42e5aac5ba805825da76410c181273ba90b1	2026-10-05T11:09:50.0319863Z   submodules: false
prepare	Run actions/checkout@3d3c42e5aac5ba805825da76410c181273ba90b1	2026-10-05T11:09:50.0322533Z   set-safe-directory: true
prepare	Run actions/checkout@3d3c42e5aac5ba805825da76410c181273ba90b1	2026-10-05T11:09:50.0323302Z   allow-unsafe-pr-checkout: false
prepare	Run actions/checkout@3d3c42e5aac5ba805825da76410c181273ba90b1	2026-10-05T11:09:50.0324435Z ##[endgroup]
prepare	Run actions/checkout@3d3c42e5aac5ba805825da76410c181273ba90b1	2026-10-05T11:09:50.4741367Z Syncing repository: Tien-Lam/ChronoShift
prepare	Run actions/checkout@3d3c42e5aac5ba805825da76410c181273ba90b1	2026-10-05T11:09:50.4747639Z ##[group]Getting Git version info
prepare	Run actions/checkout@3d3c42e5aac5ba805825da76410c181273ba90b1	2026-10-05T11:09:50.4748771Z Working directory is '/home/runner/work/ChronoShift/ChronoShift'
prepare	Run actions/checkout@3d3c42e5aac5ba805825da76410c181273ba90b1	2026-10-05T11:09:50.4750325Z [command]/usr/bin/git version
prepare	Run actions/checkout@3d3c42e5aac5ba805825da76410c181273ba90b1	2026-10-05T11:09:50.4751029Z git version 2.55.0
prepare	Run actions/checkout@3d3c42e5aac5ba805825da76410c181273ba90b1	2026-10-05T11:09:50.4753734Z ##[endgroup]
prepare	Run actions/checkout@3d3c42e5aac5ba805825da76410c181273ba90b1	2026-10-05T11:09:50.4759232Z Temporarily overriding HOME='/home/runner/work/_temp/957f1879-3d36-4df1-9817-439ca326051a' before making global git config changes
prepare	Run actions/checkout@3d3c42e5aac5ba805825da76410c181273ba90b1	2026-10-05T11:09:50.4772309Z Adding repository directory to the temporary git global config as a safe directory
prepare	Run actions/checkout@3d3c42e5aac5ba805825da76410c181273ba90b1	2026-10-05T11:09:50.4773910Z [command]/usr/bin/git config --global --add safe.directory /home/runner/work/ChronoShift/ChronoShift
prepare	Run actions/checkout@3d3c42e5aac5ba805825da76410c181273ba90b1	2026-10-05T11:09:50.4828341Z Deleting the contents of '/home/runner/work/ChronoShift/ChronoShift'
prepare	Run actions/checkout@3d3c42e5aac5ba805825da76410c181273ba90b1	2026-10-05T11:09:50.4840266Z ##[group]Determining repository object format
prepare	Run actions/checkout@3d3c42e5aac5ba805825da76410c181273ba90b1	2026-10-05T11:09:50.4841861Z ##[endgroup]
prepare	Run actions/checkout@3d3c42e5aac5ba805825da76410c181273ba90b1	2026-10-05T11:09:50.4842795Z ##[group]Initializing the repository
prepare	Run actions/checkout@3d3c42e5aac5ba805825da76410c181273ba90b1	2026-10-05T11:09:50.4843646Z [command]/usr/bin/git init /home/runner/work/ChronoShift/ChronoShift
prepare	Run actions/checkout@3d3c42e5aac5ba805825da76410c181273ba90b1	2026-10-05T11:09:50.5223238Z hint: Using 'master' as the name for the initial branch. This default branch name
prepare	Run actions/checkout@3d3c42e5aac5ba805825da76410c181273ba90b1	2026-10-05T11:09:50.5235756Z hint: will change to "main" in Git 3.0. To configure the initial branch name
prepare	Run actions/checkout@3d3c42e5aac5ba805825da76410c181273ba90b1	2026-10-05T11:09:50.5261234Z hint: to use in all of your new repositories, which will suppress this warning,
prepare	Run actions/checkout@3d3c42e5aac5ba805825da76410c181273ba90b1	2026-10-05T11:09:50.5264224Z hint: call:
prepare	Run actions/checkout@3d3c42e5aac5ba805825da76410c181273ba90b1	2026-10-05T11:09:50.5269309Z hint:
prepare	Run actions/checkout@3d3c42e5aac5ba805825da76410c181273ba90b1	2026-10-05T11:09:50.5278555Z hint: 	git config --global init.defaultBranch <name>
prepare	Run actions/checkout@3d3c42e5aac5ba805825da76410c181273ba90b1	2026-10-05T11:09:50.5279425Z hint:
prepare	Run actions/checkout@3d3c42e5aac5ba805825da76410c181273ba90b1	2026-10-05T11:09:50.5280489Z hint: Names commonly chosen instead of 'master' are 'main', 'trunk' and
prepare	Run actions/checkout@3d3c42e5aac5ba805825da76410c181273ba90b1	2026-10-05T11:09:50.5281504Z hint: 'development'. The just-created branch can be renamed via this command:
prepare	Run actions/checkout@3d3c42e5aac5ba805825da76410c181273ba90b1	2026-10-05T11:09:50.5282406Z hint:
prepare	Run actions/checkout@3d3c42e5aac5ba805825da76410c181273ba90b1	2026-10-05T11:09:50.5282943Z hint: 	git branch -m <name>
prepare	Run actions/checkout@3d3c42e5aac5ba805825da76410c181273ba90b1	2026-10-05T11:09:50.5283649Z hint:
prepare	Run actions/checkout@3d3c42e5aac5ba805825da76410c181273ba90b1	2026-10-05T11:09:50.5284380Z hint: Disable this message with "git config set advice.defaultBranchName false"
prepare	Run actions/checkout@3d3c42e5aac5ba805825da76410c181273ba90b1	2026-10-05T11:09:50.5303468Z Initialized empty Git repository in /home/runner/work/ChronoShift/ChronoShift/.git/
prepare	Run actions/checkout@3d3c42e5aac5ba805825da76410c181273ba90b1	2026-10-05T11:09:50.5332971Z [command]/usr/bin/git remote add origin https://github.com/Tien-Lam/ChronoShift
prepare	Run actions/checkout@3d3c42e5aac5ba805825da76410c181273ba90b1	2026-10-05T11:09:50.8758220Z ##[endgroup]
prepare	Run actions/checkout@3d3c42e5aac5ba805825da76410c181273ba90b1	2026-10-05T11:09:50.8759145Z ##[group]Disabling automatic garbage collection
prepare	Run actions/checkout@3d3c42e5aac5ba805825da76410c181273ba90b1	2026-10-05T11:09:50.8761269Z [command]/usr/bin/git config --local gc.auto 0
prepare	Run actions/checkout@3d3c42e5aac5ba805825da76410c181273ba90b1	2026-10-05T11:09:50.8763464Z ##[endgroup]
prepare	Run actions/checkout@3d3c42e5aac5ba805825da76410c181273ba90b1	2026-10-05T11:09:50.8764183Z ##[group]Setting up auth
prepare	Run actions/checkout@3d3c42e5aac5ba805825da76410c181273ba90b1	2026-10-05T11:09:50.8764717Z Removing SSH command configuration
prepare	Run actions/checkout@3d3c42e5aac5ba805825da76410c181273ba90b1	2026-10-05T11:09:50.8768848Z [command]/usr/bin/git config --local --name-only --get-regexp core\.sshCommand
prepare	Run actions/checkout@3d3c42e5aac5ba805825da76410c181273ba90b1	2026-10-05T11:09:50.8774749Z [command]/usr/bin/git submodule foreach --recursive sh -c "git config --local --name-only --get-regexp 'core\.sshCommand' && git config --local --unset-all 'core.sshCommand' || :"
prepare	Run actions/checkout@3d3c42e5aac5ba805825da76410c181273ba90b1	2026-10-05T11:09:50.8776749Z Removing HTTP extra header
prepare	Run actions/checkout@3d3c42e5aac5ba805825da76410c181273ba90b1	2026-10-05T11:09:50.8778081Z [command]/usr/bin/git config --local --name-only --get-regexp http\.https\:\/\/github\.com\/\.extraheader
prepare	Run actions/checkout@3d3c42e5aac5ba805825da76410c181273ba90b1	2026-10-05T11:09:50.8783862Z [command]/usr/bin/git submodule foreach --recursive sh -c "git config --local --name-only --get-regexp 'http\.https\:\/\/github\.com\/\.extraheader' && git config --local --unset-all 'http.https://github.com/.extraheader' || :"
prepare	Run actions/checkout@3d3c42e5aac5ba805825da76410c181273ba90b1	2026-10-05T11:09:51.7208300Z Removing includeIf entries pointing to credentials config files
prepare	Run actions/checkout@3d3c42e5aac5ba805825da76410c181273ba90b1	2026-10-05T11:09:51.7209363Z [command]/usr/bin/git config --local --name-only --get-regexp ^includeIf\.gitdir:
prepare	Run actions/checkout@3d3c42e5aac5ba805825da76410c181273ba90b1	2026-10-05T11:09:51.7214988Z [command]/usr/bin/git submodule foreach --recursive git config --local --show-origin --name-only --get-regexp remote.origin.url
prepare	Run actions/checkout@3d3c42e5aac5ba805825da76410c181273ba90b1	2026-10-05T11:09:51.7218586Z [command]/usr/bin/git config --file /home/runner/work/_temp/git-credentials-724d0550-dc59-4369-9bf4-359a6fefcdab.config http.https://github.com/.extraheader AUTHORIZATION: basic ***
prepare	Run actions/checkout@3d3c42e5aac5ba805825da76410c181273ba90b1	2026-10-05T11:09:51.7228457Z [command]/usr/bin/git config --local includeIf.gitdir:/home/runner/work/ChronoShift/ChronoShift/.git.path /home/runner/work/_temp/git-credentials-724d0550-dc59-4369-9bf4-359a6fefcdab.config
prepare	Run actions/checkout@3d3c42e5aac5ba805825da76410c181273ba90b1	2026-10-05T11:09:51.7235933Z [command]/usr/bin/git config --local includeIf.gitdir:/home/runner/work/ChronoShift/ChronoShift/.git/worktrees/*.path /home/runner/work/_temp/git-credentials-724d0550-dc59-4369-9bf4-359a6fefcdab.config
prepare	Run actions/checkout@3d3c42e5aac5ba805825da76410c181273ba90b1	2026-10-05T11:09:51.7274452Z [command]/usr/bin/git config --local includeIf.gitdir:/github/workspace/.git.path /github/runner_temp/git-credentials-724d0550-dc59-4369-9bf4-359a6fefcdab.config
prepare	Run actions/checkout@3d3c42e5aac5ba805825da76410c181273ba90b1	2026-10-05T11:09:51.7278437Z [command]/usr/bin/git config --local includeIf.gitdir:/github/workspace/.git/worktrees/*.path /github/runner_temp/git-credentials-724d0550-dc59-4369-9bf4-359a6fefcdab.config
prepare	Run actions/checkout@3d3c42e5aac5ba805825da76410c181273ba90b1	2026-10-05T11:09:51.7288922Z ##[endgroup]
prepare	Run actions/checkout@3d3c42e5aac5ba805825da76410c181273ba90b1	2026-10-05T11:09:51.7292608Z ##[group]Fetching the repository
prepare	Run actions/checkout@3d3c42e5aac5ba805825da76410c181273ba90b1	2026-10-05T11:09:51.7299895Z [command]/usr/bin/git -c protocol.version=2 fetch --no-tags --prune --no-recurse-submodules --filter=blob:none --depth=1 origin +cf4d5b9244278da591a33c1952283e76acb6116c:refs/remotes/origin/main
prepare	Run actions/checkout@3d3c42e5aac5ba805825da76410c181273ba90b1	2026-10-05T11:09:52.7251392Z From https://github.com/Tien-Lam/ChronoShift
prepare	Run actions/checkout@3d3c42e5aac5ba805825da76410c181273ba90b1	2026-10-05T11:09:52.7252430Z  * [new ref]         cf4d5b9244278da591a33c1952283e76acb6116c -> origin/main
prepare	Run actions/checkout@3d3c42e5aac5ba805825da76410c181273ba90b1	2026-10-05T11:09:52.7254206Z [command]/usr/bin/git branch --list --remote origin/main
prepare	Run actions/checkout@3d3c42e5aac5ba805825da76410c181273ba90b1	2026-10-05T11:09:52.7254907Z   origin/main
prepare	Run actions/checkout@3d3c42e5aac5ba805825da76410c181273ba90b1	2026-10-05T11:09:52.7256117Z [command]/usr/bin/git rev-parse refs/remotes/origin/main
prepare	Run actions/checkout@3d3c42e5aac5ba805825da76410c181273ba90b1	2026-10-05T11:09:52.7256846Z cf4d5b9244278da591a33c1952283e76acb6116c
prepare	Run actions/checkout@3d3c42e5aac5ba805825da76410c181273ba90b1	2026-10-05T11:09:52.7258381Z ##[endgroup]
prepare	Run actions/checkout@3d3c42e5aac5ba805825da76410c181273ba90b1	2026-10-05T11:09:52.7259169Z ##[group]Determining the checkout info
prepare	Run actions/checkout@3d3c42e5aac5ba805825da76410c181273ba90b1	2026-10-05T11:09:52.7260855Z ##[endgroup]
prepare	Run actions/checkout@3d3c42e5aac5ba805825da76410c181273ba90b1	2026-10-05T11:09:52.7261715Z ##[group]Setting up sparse checkout
prepare	Run actions/checkout@3d3c42e5aac5ba805825da76410c181273ba90b1	2026-10-05T11:09:52.7263194Z [command]/usr/bin/git config core.sparseCheckout true
prepare	Run actions/checkout@3d3c42e5aac5ba805825da76410c181273ba90b1	2026-10-05T11:09:52.7264802Z [command]/usr/bin/git rev-parse --git-path info/sparse-checkout
prepare	Run actions/checkout@3d3c42e5aac5ba805825da76410c181273ba90b1	2026-10-05T11:09:52.7275782Z .git/info/sparse-checkout
prepare	Run actions/checkout@3d3c42e5aac5ba805825da76410c181273ba90b1	2026-10-05T11:09:52.7277371Z ##[endgroup]
prepare	Run actions/checkout@3d3c42e5aac5ba805825da76410c181273ba90b1	2026-10-05T11:09:52.7278293Z ##[group]Checking out the ref
prepare	Run actions/checkout@3d3c42e5aac5ba805825da76410c181273ba90b1	2026-10-05T11:09:52.7279231Z [command]/usr/bin/git checkout --progress --force -B main refs/remotes/origin/main
prepare	Run actions/checkout@3d3c42e5aac5ba805825da76410c181273ba90b1	2026-10-05T11:09:53.3615921Z Switched to a new branch 'main'
prepare	Run actions/checkout@3d3c42e5aac5ba805825da76410c181273ba90b1	2026-10-05T11:09:53.3626905Z branch 'main' set up to track 'origin/main'.
prepare	Run actions/checkout@3d3c42e5aac5ba805825da76410c181273ba90b1	2026-10-05T11:09:53.3685759Z ##[endgroup]
prepare	Run actions/checkout@3d3c42e5aac5ba805825da76410c181273ba90b1	2026-10-05T11:09:53.3767144Z [command]/usr/bin/git log -1 --format=%H
prepare	Run actions/checkout@3d3c42e5aac5ba805825da76410c181273ba90b1	2026-10-05T11:09:53.3799386Z cf4d5b9244278da591a33c1952283e76acb6116c
prepare	Run jdx/mise-action@7a4e45a543138629540c9a1616d08632b893e492	﻿2026-10-05T11:09:53.4354236Z ##[group]Run jdx/mise-action@7a4e45a543138629540c9a1616d08632b893e492
prepare	Run jdx/mise-action@7a4e45a543138629540c9a1616d08632b893e492	2026-10-05T11:09:53.4355914Z with:
prepare	Run jdx/mise-action@7a4e45a543138629540c9a1616d08632b893e492	2026-10-05T11:09:53.4356800Z   install_args: bun gh
prepare	Run jdx/mise-action@7a4e45a543138629540c9a1616d08632b893e492	2026-10-05T11:09:53.4357847Z   minimum_release_age: 24h
prepare	Run jdx/mise-action@7a4e45a543138629540c9a1616d08632b893e492	2026-10-05T11:09:53.4358894Z   install: true
prepare	Run jdx/mise-action@7a4e45a543138629540c9a1616d08632b893e492	2026-10-05T11:09:53.4360141Z   bootstrap: false
prepare	Run jdx/mise-action@7a4e45a543138629540c9a1616d08632b893e492	2026-10-05T11:09:53.4361102Z   cache: true
prepare	Run jdx/mise-action@7a4e45a543138629540c9a1616d08632b893e492	2026-10-05T11:09:53.4361998Z   cache_save: true
prepare	Run jdx/mise-action@7a4e45a543138629540c9a1616d08632b893e492	2026-10-05T11:09:53.4362983Z   cache_key_prefix: mise-v1
prepare	Run jdx/mise-action@7a4e45a543138629540c9a1616d08632b893e492	2026-10-05T11:09:53.4364081Z   experimental: false
prepare	Run jdx/mise-action@7a4e45a543138629540c9a1616d08632b893e492	2026-10-05T11:09:53.4365081Z   log_level: info
prepare	Run jdx/mise-action@7a4e45a543138629540c9a1616d08632b893e492	2026-10-05T11:09:53.4365997Z   reshim: false
prepare	Run jdx/mise-action@7a4e45a543138629540c9a1616d08632b893e492	2026-10-05T11:09:53.4366930Z   add_shims_to_path: true
prepare	Run jdx/mise-action@7a4e45a543138629540c9a1616d08632b893e492	2026-10-05T11:09:53.4379975Z   github_token: ***
prepare	Run jdx/mise-action@7a4e45a543138629540c9a1616d08632b893e492	2026-10-05T11:09:53.4381025Z   fetch_from_github: true
prepare	Run jdx/mise-action@7a4e45a543138629540c9a1616d08632b893e492	2026-10-05T11:09:53.4382058Z   env: true
prepare	Run jdx/mise-action@7a4e45a543138629540c9a1616d08632b893e492	2026-10-05T11:09:53.4382919Z   export_path: true
prepare	Run jdx/mise-action@7a4e45a543138629540c9a1616d08632b893e492	2026-10-05T11:09:53.4383884Z   wings_enabled: false
prepare	Run jdx/mise-action@7a4e45a543138629540c9a1616d08632b893e492	2026-10-05T11:09:53.4384859Z ##[endgroup]
prepare	Run jdx/mise-action@7a4e45a543138629540c9a1616d08632b893e492	2026-10-05T11:09:53.6175440Z ##[group]Restoring mise cache
prepare	Run jdx/mise-action@7a4e45a543138629540c9a1616d08632b893e492	2026-10-05T11:09:53.6245215Z [command]/usr/bin/ldd --version
prepare	Run jdx/mise-action@7a4e45a543138629540c9a1616d08632b893e492	2026-10-05T11:09:53.6395105Z ldd (Ubuntu GLIBC 2.39-0ubuntu8.9) 2.39
prepare	Run jdx/mise-action@7a4e45a543138629540c9a1616d08632b893e492	2026-10-05T11:09:53.6402449Z Copyright (C) 2024 Free Software Foundation, Inc.
prepare	Run jdx/mise-action@7a4e45a543138629540c9a1616d08632b893e492	2026-10-05T11:09:53.6408743Z This is free software; see the source for copying conditions.  There is NO
prepare	Run jdx/mise-action@7a4e45a543138629540c9a1616d08632b893e492	2026-10-05T11:09:53.6420060Z warranty; not even for MERCHANTABILITY or FITNESS FOR A PARTICULAR PURPOSE.
prepare	Run jdx/mise-action@7a4e45a543138629540c9a1616d08632b893e492	2026-10-05T11:09:53.6427991Z Written by Roland McGrath and Ulrich Drepper.
prepare	Run jdx/mise-action@7a4e45a543138629540c9a1616d08632b893e492	2026-10-05T11:09:54.0521069Z Cache hit for: mise-v1-linux-x64-self-hosted-2305be90c13f881679c43eb7a3161dbe861cfa851aeeb7d15526c7f0cad4f5b1-c431b670824c497264adda817284eefbf26de4a6a9a9aa17ee83e04238eaee3d
prepare	Run jdx/mise-action@7a4e45a543138629540c9a1616d08632b893e492	2026-10-05T11:09:55.3010404Z Received 4194304 of 98734590 (4.2%), 4.0 MBs/sec
prepare	Run jdx/mise-action@7a4e45a543138629540c9a1616d08632b893e492	2026-10-05T11:09:56.3045392Z Received 98734590 of 98734590 (100.0%), 46.8 MBs/sec
prepare	Run jdx/mise-action@7a4e45a543138629540c9a1616d08632b893e492	2026-10-05T11:09:56.3056200Z Cache Size: ~94 MB (98734590 B)
prepare	Run jdx/mise-action@7a4e45a543138629540c9a1616d08632b893e492	2026-10-05T11:09:56.3278513Z [command]/usr/bin/tar -xf /home/runner/work/_temp/bf158a86-4740-45ba-9bf3-3f898a71f9ef/cache.tzst -P -C /home/runner/work/ChronoShift/ChronoShift --use-compress-program unzstd
prepare	Run jdx/mise-action@7a4e45a543138629540c9a1616d08632b893e492	2026-10-05T11:09:57.3786668Z Cache restored successfully
prepare	Run jdx/mise-action@7a4e45a543138629540c9a1616d08632b893e492	2026-10-05T11:09:57.3909115Z mise cache restored from key: mise-v1-linux-x64-self-hosted-2305be90c13f881679c43eb7a3161dbe861cfa851aeeb7d15526c7f0cad4f5b1-c431b670824c497264adda817284eefbf26de4a6a9a9aa17ee83e04238eaee3d
prepare	Run jdx/mise-action@7a4e45a543138629540c9a1616d08632b893e492	2026-10-05T11:09:57.3959032Z Using curl to download mise
prepare	Run jdx/mise-action@7a4e45a543138629540c9a1616d08632b893e492	2026-10-05T11:09:57.5676169Z Selected mise 2026.10.1, released 2026-10-03T14:12:48.000Z, with minimum_release_age=24h
prepare	Run jdx/mise-action@7a4e45a543138629540c9a1616d08632b893e492	2026-10-05T11:09:57.5707482Z [command]/usr/bin/ldd --version
prepare	Run jdx/mise-action@7a4e45a543138629540c9a1616d08632b893e492	2026-10-05T11:09:57.5763531Z ldd (Ubuntu GLIBC 2.39-0ubuntu8.9) 2.39
prepare	Run jdx/mise-action@7a4e45a543138629540c9a1616d08632b893e492	2026-10-05T11:09:57.5765950Z Copyright (C) 2024 Free Software Foundation, Inc.
prepare	Run jdx/mise-action@7a4e45a543138629540c9a1616d08632b893e492	2026-10-05T11:09:57.5767788Z This is free software; see the source for copying conditions.  There is NO
prepare	Run jdx/mise-action@7a4e45a543138629540c9a1616d08632b893e492	2026-10-05T11:09:57.5771422Z warranty; not even for MERCHANTABILITY or FITNESS FOR A PARTICULAR PURPOSE.
prepare	Run jdx/mise-action@7a4e45a543138629540c9a1616d08632b893e492	2026-10-05T11:09:57.5776451Z Written by Roland McGrath and Ulrich Drepper.
prepare	Run jdx/mise-action@7a4e45a543138629540c9a1616d08632b893e492	2026-10-05T11:09:58.7986255Z Verified existing mise-v2026.10.1-linux-x64 against signed checksums
prepare	Run jdx/mise-action@7a4e45a543138629540c9a1616d08632b893e492	2026-10-05T11:09:58.7990431Z Verified existing mise@2026.10.1
prepare	Run jdx/mise-action@7a4e45a543138629540c9a1616d08632b893e492	2026-10-05T11:09:58.7998696Z ##[group]Setting env vars
prepare	Run jdx/mise-action@7a4e45a543138629540c9a1616d08632b893e492	2026-10-05T11:09:58.8054544Z Setting MISE_LOG_LEVEL=info
prepare	Run jdx/mise-action@7a4e45a543138629540c9a1616d08632b893e492	2026-10-05T11:09:58.8062867Z Setting MISE_GITHUB_TOKEN=***
prepare	Run jdx/mise-action@7a4e45a543138629540c9a1616d08632b893e492	2026-10-05T11:09:58.8073259Z Setting MISE_TRUSTED_CONFIG_PATHS=/home/runner/work/ChronoShift/ChronoShift
prepare	Run jdx/mise-action@7a4e45a543138629540c9a1616d08632b893e492	2026-10-05T11:09:58.8088577Z Setting MISE_YES=1
prepare	Run jdx/mise-action@7a4e45a543138629540c9a1616d08632b893e492	2026-10-05T11:09:58.8094664Z Adding /home/runner/.local/share/mise/shims to PATH
prepare	Run jdx/mise-action@7a4e45a543138629540c9a1616d08632b893e492	2026-10-05T11:09:58.8118798Z ##[group]Running mise --version
prepare	Run jdx/mise-action@7a4e45a543138629540c9a1616d08632b893e492	2026-10-05T11:09:58.8168420Z [command]/home/runner/.local/share/mise/bin/mise --version
prepare	Run jdx/mise-action@7a4e45a543138629540c9a1616d08632b893e492	2026-10-05T11:09:58.8252955Z 2026.10.1 linux-x64 (2026-10-03)
prepare	Run jdx/mise-action@7a4e45a543138629540c9a1616d08632b893e492	2026-10-05T11:09:58.8297560Z ##[endgroup]
prepare	Run jdx/mise-action@7a4e45a543138629540c9a1616d08632b893e492	2026-10-05T11:09:58.8660301Z ##[group]Running mise install bun gh
prepare	Run jdx/mise-action@7a4e45a543138629540c9a1616d08632b893e492	2026-10-05T11:09:58.8702000Z [command]/home/runner/.local/share/mise/bin/mise install bun gh
prepare	Run jdx/mise-action@7a4e45a543138629540c9a1616d08632b893e492	2026-10-05T11:09:58.9061529Z ^[[2mmise^[[0m ^[[2mby @jdx^[[0m – installing 2 tools
prepare	Run jdx/mise-action@7a4e45a543138629540c9a1616d08632b893e492	2026-10-05T11:09:59.0459477Z ^[[2mmise^[[0m ^[[38;5;11m⇢^[[0m ^[[34mbun^[[0m@1.4.0   135ms · already installed
prepare	Run jdx/mise-action@7a4e45a543138629540c9a1616d08632b893e492	2026-10-05T11:09:59.0484924Z ^[[2mmise^[[0m ^[[38;5;11m⇢^[[0m ^[[34mgh^[[0m@2.100.0  137ms · already installed
prepare	Run jdx/mise-action@7a4e45a543138629540c9a1616d08632b893e492	2026-10-05T11:09:59.0507211Z ^[[2mmise^[[0m ^[[36m████████████████^[[0m^[[31m^[[0m^[[2m^[[0m 2/2 · installed 0 tools · 2 already installed in 145ms
prepare	Run jdx/mise-action@7a4e45a543138629540c9a1616d08632b893e492	2026-10-05T11:09:59.1021685Z ##[endgroup]
prepare	Run jdx/mise-action@7a4e45a543138629540c9a1616d08632b893e492	2026-10-05T11:09:59.1024776Z ##[group]Running mise ls
prepare	Run jdx/mise-action@7a4e45a543138629540c9a1616d08632b893e492	2026-10-05T11:09:59.1044961Z [command]/home/runner/.local/share/mise/bin/mise ls
prepare	Run jdx/mise-action@7a4e45a543138629540c9a1616d08632b893e492	2026-10-05T11:09:59.1253998Z bun   1.4.0             ~/work/ChronoShift/ChronoShift/mise.toml  1.4.0
prepare	Run jdx/mise-action@7a4e45a543138629540c9a1616d08632b893e492	2026-10-05T11:09:59.1259228Z gh    2.100.0           ~/work/ChronoShift/ChronoShift/mise.toml  2.100.0
prepare	Run jdx/mise-action@7a4e45a543138629540c9a1616d08632b893e492	2026-10-05T11:09:59.1265713Z node  26.8.1 (missing)  ~/work/ChronoShift/ChronoShift/mise.toml  26.8.1
prepare	Run jdx/mise-action@7a4e45a543138629540c9a1616d08632b893e492	2026-10-05T11:09:59.1322429Z ##[endgroup]
prepare	Run jdx/mise-action@7a4e45a543138629540c9a1616d08632b893e492	2026-10-05T11:09:59.1341166Z ##[group]Exporting mise environment variables
prepare	Run jdx/mise-action@7a4e45a543138629540c9a1616d08632b893e492	2026-10-05T11:09:59.1567780Z [command]/home/runner/.local/share/mise/bin/mise env --json
prepare	Run jdx/mise-action@7a4e45a543138629540c9a1616d08632b893e492	2026-10-05T11:09:59.1802829Z {
prepare	Run jdx/mise-action@7a4e45a543138629540c9a1616d08632b893e492	2026-10-05T11:09:59.1806098Z   "PATH": "/home/runner/.local/share/mise/installs/bun/1.4.0/bin:/home/runner/.local/share/mise/installs/gh/2.100.0/gh_2.100.0_linux_amd64/bin:/home/runner/.local/share/mise/shims:/home/runner/.local/share/mise/bin:/home/runner/.local/bin:/opt/pipx_bin:/usr/local/sbin:/usr/local/bin:/usr/sbin:/usr/bin:/sbin:/bin:/usr/games:/usr/local/games:/snap/bin"
prepare	Run jdx/mise-action@7a4e45a543138629540c9a1616d08632b893e492	2026-10-05T11:09:59.1815216Z }
prepare	Run jdx/mise-action@7a4e45a543138629540c9a1616d08632b893e492	2026-10-05T11:09:59.1904634Z Adding /home/runner/.local/share/mise/installs/gh/2.100.0/gh_2.100.0_linux_amd64/bin to PATH
prepare	Run jdx/mise-action@7a4e45a543138629540c9a1616d08632b893e492	2026-10-05T11:09:59.1927585Z Adding /home/runner/.local/share/mise/installs/bun/1.4.0/bin to PATH
prepare	Run jdx/mise-action@7a4e45a543138629540c9a1616d08632b893e492	2026-10-05T11:09:59.1941135Z ##[endgroup]
prepare	Post Run actions/checkout@3d3c42e5aac5ba805825da76410c181273ba90b1	﻿2026-10-05T11:09:59.2753858Z Post job cleanup.
prepare	Post Run actions/checkout@3d3c42e5aac5ba805825da76410c181273ba90b1	2026-10-05T11:09:59.4314081Z [command]/usr/bin/git version
prepare	Post Run actions/checkout@3d3c42e5aac5ba805825da76410c181273ba90b1	2026-10-05T11:09:59.4371354Z git version 2.55.0
prepare	Post Run actions/checkout@3d3c42e5aac5ba805825da76410c181273ba90b1	2026-10-05T11:09:59.4442465Z Temporarily overriding HOME='/home/runner/work/_temp/c22ce9c3-efa5-4ae0-bd1a-0eb200ac878a' before making global git config changes
prepare	Post Run actions/checkout@3d3c42e5aac5ba805825da76410c181273ba90b1	2026-10-05T11:09:59.4446036Z Adding repository directory to the temporary git global config as a safe directory
prepare	Post Run actions/checkout@3d3c42e5aac5ba805825da76410c181273ba90b1	2026-10-05T11:09:59.4480548Z [command]/usr/bin/git config --global --add safe.directory /home/runner/work/ChronoShift/ChronoShift
prepare	Post Run actions/checkout@3d3c42e5aac5ba805825da76410c181273ba90b1	2026-10-05T11:09:59.4523961Z Removing SSH command configuration
prepare	Post Run actions/checkout@3d3c42e5aac5ba805825da76410c181273ba90b1	2026-10-05T11:09:59.4528639Z [command]/usr/bin/git config --local --name-only --get-regexp core\.sshCommand
prepare	Post Run actions/checkout@3d3c42e5aac5ba805825da76410c181273ba90b1	2026-10-05T11:09:59.4568336Z [command]/usr/bin/git submodule foreach --recursive sh -c "git config --local --name-only --get-regexp 'core\.sshCommand' && git config --local --unset-all 'core.sshCommand' || :"
prepare	Post Run actions/checkout@3d3c42e5aac5ba805825da76410c181273ba90b1	2026-10-05T11:09:59.4768863Z Removing HTTP extra header
prepare	Post Run actions/checkout@3d3c42e5aac5ba805825da76410c181273ba90b1	2026-10-05T11:09:59.4773406Z [command]/usr/bin/git config --local --name-only --get-regexp http\.https\:\/\/github\.com\/\.extraheader
prepare	Post Run actions/checkout@3d3c42e5aac5ba805825da76410c181273ba90b1	2026-10-05T11:09:59.4808967Z [command]/usr/bin/git submodule foreach --recursive sh -c "git config --local --name-only --get-regexp 'http\.https\:\/\/github\.com\/\.extraheader' && git config --local --unset-all 'http.https://github.com/.extraheader' || :"
prepare	Post Run actions/checkout@3d3c42e5aac5ba805825da76410c181273ba90b1	2026-10-05T11:09:59.5001858Z Removing includeIf entries pointing to credentials config files
prepare	Post Run actions/checkout@3d3c42e5aac5ba805825da76410c181273ba90b1	2026-10-05T11:09:59.5012485Z [command]/usr/bin/git config --local --name-only --get-regexp ^includeIf\.gitdir:
prepare	Post Run actions/checkout@3d3c42e5aac5ba805825da76410c181273ba90b1	2026-10-05T11:09:59.5033157Z includeif.gitdir:/home/runner/work/ChronoShift/ChronoShift/.git.path
prepare	Post Run actions/checkout@3d3c42e5aac5ba805825da76410c181273ba90b1	2026-10-05T11:09:59.5033944Z includeif.gitdir:/home/runner/work/ChronoShift/ChronoShift/.git/worktrees/*.path
prepare	Post Run actions/checkout@3d3c42e5aac5ba805825da76410c181273ba90b1	2026-10-05T11:09:59.5034557Z includeif.gitdir:/github/workspace/.git.path
prepare	Post Run actions/checkout@3d3c42e5aac5ba805825da76410c181273ba90b1	2026-10-05T11:09:59.5074278Z includeif.gitdir:/github/workspace/.git/worktrees/*.path
prepare	Post Run actions/checkout@3d3c42e5aac5ba805825da76410c181273ba90b1	2026-10-05T11:09:59.5075375Z [command]/usr/bin/git config --local --get-all includeif.gitdir:/home/runner/work/ChronoShift/ChronoShift/.git.path
prepare	Post Run actions/checkout@3d3c42e5aac5ba805825da76410c181273ba90b1	2026-10-05T11:09:59.5097718Z /home/runner/work/_temp/git-credentials-724d0550-dc59-4369-9bf4-359a6fefcdab.config
prepare	Post Run actions/checkout@3d3c42e5aac5ba805825da76410c181273ba90b1	2026-10-05T11:09:59.5118745Z [command]/usr/bin/git config --local --unset includeif.gitdir:/home/runner/work/ChronoShift/ChronoShift/.git.path \/home\/runner\/work\/_temp\/git\-credentials\-724d0550\-dc59\-4369\-9bf4\-359a6fefcdab\.config
prepare	Post Run actions/checkout@3d3c42e5aac5ba805825da76410c181273ba90b1	2026-10-05T11:09:59.5151815Z [command]/usr/bin/git config --local --get-all includeif.gitdir:/home/runner/work/ChronoShift/ChronoShift/.git/worktrees/*.path
prepare	Post Run actions/checkout@3d3c42e5aac5ba805825da76410c181273ba90b1	2026-10-05T11:09:59.5172665Z /home/runner/work/_temp/git-credentials-724d0550-dc59-4369-9bf4-359a6fefcdab.config
prepare	Post Run actions/checkout@3d3c42e5aac5ba805825da76410c181273ba90b1	2026-10-05T11:09:59.5186737Z [command]/usr/bin/git config --local --unset includeif.gitdir:/home/runner/work/ChronoShift/ChronoShift/.git/worktrees/*.path \/home\/runner\/work\/_temp\/git\-credentials\-724d0550\-dc59\-4369\-9bf4\-359a6fefcdab\.config
prepare	Post Run actions/checkout@3d3c42e5aac5ba805825da76410c181273ba90b1	2026-10-05T11:09:59.6681202Z [command]/usr/bin/git config --local --get-all includeif.gitdir:/github/workspace/.git.path
prepare	Post Run actions/checkout@3d3c42e5aac5ba805825da76410c181273ba90b1	2026-10-05T11:09:59.6703852Z /github/runner_temp/git-credentials-724d0550-dc59-4369-9bf4-359a6fefcdab.config
prepare	Post Run actions/checkout@3d3c42e5aac5ba805825da76410c181273ba90b1	2026-10-05T11:09:59.6714586Z [command]/usr/bin/git config --local --unset includeif.gitdir:/github/workspace/.git.path \/github\/runner_temp\/git\-credentials\-724d0550\-dc59\-4369\-9bf4\-359a6fefcdab\.config
prepare	Post Run actions/checkout@3d3c42e5aac5ba805825da76410c181273ba90b1	2026-10-05T11:09:59.6743941Z [command]/usr/bin/git config --local --get-all includeif.gitdir:/github/workspace/.git/worktrees/*.path
prepare	Post Run actions/checkout@3d3c42e5aac5ba805825da76410c181273ba90b1	2026-10-05T11:09:59.6764476Z /github/runner_temp/git-credentials-724d0550-dc59-4369-9bf4-359a6fefcdab.config
prepare	Post Run actions/checkout@3d3c42e5aac5ba805825da76410c181273ba90b1	2026-10-05T11:09:59.6779444Z [command]/usr/bin/git config --local --unset includeif.gitdir:/github/workspace/.git/worktrees/*.path \/github\/runner_temp\/git\-credentials\-724d0550\-dc59\-4369\-9bf4\-359a6fefcdab\.config
prepare	Post Run actions/checkout@3d3c42e5aac5ba805825da76410c181273ba90b1	2026-10-05T11:09:59.7143060Z [command]/usr/bin/git submodule foreach --recursive git config --local --show-origin --name-only --get-regexp remote.origin.url
prepare	Post Run actions/checkout@3d3c42e5aac5ba805825da76410c181273ba90b1	2026-10-05T11:09:59.7521263Z Removing credentials config '/home/runner/work/_temp/git-credentials-724d0550-dc59-4369-9bf4-359a6fefcdab.config'
prepare	Complete job	﻿2026-10-05T11:09:59.7914832Z Evaluate and set job outputs
prepare	Complete job	2026-10-05T11:09:59.7923033Z Evaluate and set environment url
prepare	Complete job	2026-10-05T11:09:59.7925664Z Evaluated environment url: 
prepare	Complete job	2026-10-05T11:09:59.7926510Z Cleaning up orphan processes
verify / web	UNKNOWN STEP	﻿2026-10-05T11:10:07.1387638Z Current runner version: '2.337.0'
verify / web	UNKNOWN STEP	2026-10-05T11:10:07.1414072Z ##[group]Runner Image Provisioner
verify / web	UNKNOWN STEP	2026-10-05T11:10:07.1414943Z Hosted Compute Agent
verify / web	UNKNOWN STEP	2026-10-05T11:10:07.1415675Z Version: 20260901.588
verify / web	UNKNOWN STEP	2026-10-05T11:10:07.1416342Z Commit: f88ec8081b781fac6c440065ac7ff9e710ce3d0b
verify / web	UNKNOWN STEP	2026-10-05T11:10:07.1417113Z Build Date: 2026-09-01T19:56:44Z
verify / web	UNKNOWN STEP	2026-10-05T11:10:07.1417829Z Worker ID: {1f30e92e-efb7-47c1-ba24-5abc033550b3}
verify / web	UNKNOWN STEP	2026-10-05T11:10:07.1418544Z Azure Region: westus
verify / web	UNKNOWN STEP	2026-10-05T11:10:07.1419166Z ##[endgroup]
verify / web	UNKNOWN STEP	2026-10-05T11:10:07.1420842Z ##[group]Operating System
verify / web	UNKNOWN STEP	2026-10-05T11:10:07.1421966Z Ubuntu
verify / web	UNKNOWN STEP	2026-10-05T11:10:07.1422575Z 24.04.5
verify / web	UNKNOWN STEP	2026-10-05T11:10:07.1423081Z LTS
verify / web	UNKNOWN STEP	2026-10-05T11:10:07.1424069Z ##[endgroup]
verify / web	UNKNOWN STEP	2026-10-05T11:10:07.1424631Z ##[group]Runner Image
verify / web	UNKNOWN STEP	2026-10-05T11:10:07.1425225Z Image: ubuntu-24.04
verify / web	UNKNOWN STEP	2026-10-05T11:10:07.1425845Z Version: 20260927.320.1
verify / web	UNKNOWN STEP	2026-10-05T11:10:07.1427096Z Included Software: https://github.com/actions/runner-images/blob/ubuntu24/20260927.320/images/ubuntu/Ubuntu2404-Readme.md
verify / web	UNKNOWN STEP	2026-10-05T11:10:07.1428772Z Image Release: https://github.com/actions/runner-images/releases/tag/ubuntu24%2F20260927.320
verify / web	UNKNOWN STEP	2026-10-05T11:10:07.1429732Z ##[endgroup]
verify / web	UNKNOWN STEP	2026-10-05T11:10:07.1430973Z ##[group]GITHUB_TOKEN Permissions
verify / web	UNKNOWN STEP	2026-10-05T11:10:07.1433616Z Contents: read
verify / web	UNKNOWN STEP	2026-10-05T11:10:07.1434365Z Metadata: read
verify / web	UNKNOWN STEP	2026-10-05T11:10:07.1434973Z Pages: read
verify / web	UNKNOWN STEP	2026-10-05T11:10:07.1435561Z ##[endgroup]
verify / web	UNKNOWN STEP	2026-10-05T11:10:07.1437666Z Secret source: Actions
verify / web	UNKNOWN STEP	2026-10-05T11:10:07.1438689Z Cache mode: write
verify / web	UNKNOWN STEP	2026-10-05T11:10:07.1439637Z Prepare workflow directory
verify / web	UNKNOWN STEP	2026-10-05T11:10:07.2127965Z Prepare all required actions
verify / web	UNKNOWN STEP	2026-10-05T11:10:07.2178886Z Getting action download info
verify / web	UNKNOWN STEP	2026-10-05T11:10:07.6318285Z Download action repository 'actions/checkout@3d3c42e5aac5ba805825da76410c181273ba90b1' (SHA:3d3c42e5aac5ba805825da76410c181273ba90b1)
verify / web	UNKNOWN STEP	2026-10-05T11:10:07.7423917Z Download action repository 'jdx/mise-action@7a4e45a543138629540c9a1616d08632b893e492' (SHA:7a4e45a543138629540c9a1616d08632b893e492)
verify / web	UNKNOWN STEP	2026-10-05T11:10:08.2716896Z Download action repository 'actions/upload-artifact@043fb46d1a93c77aae656e7c1c64a875d1fc6a0a' (SHA:043fb46d1a93c77aae656e7c1c64a875d1fc6a0a)
verify / web	UNKNOWN STEP	2026-10-05T11:10:08.3518821Z Download action repository 'actions/configure-pages@45bfe0192ca1faeb007ade9deae92b16b8254a0d' (SHA:45bfe0192ca1faeb007ade9deae92b16b8254a0d)
verify / web	UNKNOWN STEP	2026-10-05T11:10:08.7333053Z Download action repository 'actions/upload-pages-artifact@fc324d3547104276b827a68afc52ff2a11cc49c9' (SHA:fc324d3547104276b827a68afc52ff2a11cc49c9)
verify / web	UNKNOWN STEP	2026-10-05T11:10:09.0998731Z Getting action download info
verify / web	UNKNOWN STEP	2026-10-05T11:10:09.2602901Z Download action repository 'actions/upload-artifact@bbbca2ddaa5d8feaa63e36b76fdaad77386f024f' (SHA:bbbca2ddaa5d8feaa63e36b76fdaad77386f024f)
verify / web	UNKNOWN STEP	2026-10-05T11:10:09.4424934Z Uses: Tien-Lam/ChronoShift/.github/workflows/web.yml@refs/heads/main (cf4d5b9244278da591a33c1952283e76acb6116c)
verify / web	UNKNOWN STEP	2026-10-05T11:10:09.4430480Z ##[group] Inputs
verify / web	UNKNOWN STEP	2026-10-05T11:10:09.4432128Z   publish-pages: true
verify / web	UNKNOWN STEP	2026-10-05T11:10:09.4433092Z   ci-timing: false
verify / web	UNKNOWN STEP	2026-10-05T11:10:09.4434006Z ##[endgroup]
verify / web	UNKNOWN STEP	2026-10-05T11:10:09.4434898Z Complete job name: verify / web
verify / web	UNKNOWN STEP	2026-10-05T11:10:09.5079069Z ##[group]Checking docker version
verify / web	UNKNOWN STEP	2026-10-05T11:10:09.5093435Z ##[command]/usr/bin/docker version --format '{{.Server.APIVersion}}'
verify / web	UNKNOWN STEP	2026-10-05T11:10:09.5918020Z '1.48'
verify / web	UNKNOWN STEP	2026-10-05T11:10:09.5935972Z Docker daemon API version: '1.48'
verify / web	UNKNOWN STEP	2026-10-05T11:10:09.5937589Z ##[command]/usr/bin/docker version --format '{{.Client.APIVersion}}'
verify / web	UNKNOWN STEP	2026-10-05T11:10:09.6104082Z '1.48'
verify / web	UNKNOWN STEP	2026-10-05T11:10:09.6118510Z Docker client API version: '1.48'
verify / web	UNKNOWN STEP	2026-10-05T11:10:09.6124784Z ##[endgroup]
verify / web	UNKNOWN STEP	2026-10-05T11:10:09.6128256Z ##[group]Clean up resources from previous jobs
verify / web	UNKNOWN STEP	2026-10-05T11:10:09.6135229Z ##[command]/usr/bin/docker ps --all --quiet --no-trunc --filter "label=90809d"
verify / web	UNKNOWN STEP	2026-10-05T11:10:09.6289557Z ##[command]/usr/bin/docker network prune --force --filter "label=90809d"
verify / web	UNKNOWN STEP	2026-10-05T11:10:09.6489641Z ##[endgroup]
verify / web	UNKNOWN STEP	2026-10-05T11:10:09.6490587Z ##[group]Create local container network
verify / web	UNKNOWN STEP	2026-10-05T11:10:09.6502306Z ##[command]/usr/bin/docker network create --label 90809d github_network_628585ca6806483da703d48453e1357a
verify / web	UNKNOWN STEP	2026-10-05T11:10:09.7020127Z 16af0cd69d46941f46416cf741b238d17b04d7a084c91d87fa17320fecc107f9
verify / web	UNKNOWN STEP	2026-10-05T11:10:09.7039372Z ##[endgroup]
verify / web	UNKNOWN STEP	2026-10-05T11:10:09.7065964Z ##[group]Starting job container
verify / web	UNKNOWN STEP	2026-10-05T11:10:09.7090134Z ##[command]/usr/bin/docker pull mcr.microsoft.com/playwright@sha256:eff16c30e6f3f4af0a03fa4b706120d5e9b0891c344a27d64559aff5900a4a27
verify / web	UNKNOWN STEP	2026-10-05T11:10:09.7978515Z mcr.microsoft.com/playwright@sha256:eff16c30e6f3f4af0a03fa4b706120d5e9b0891c344a27d64559aff5900a4a27: Pulling from playwright
verify / web	UNKNOWN STEP	2026-10-05T11:10:09.8151737Z 0926a8eb0e60: Pulling fs layer
verify / web	UNKNOWN STEP	2026-10-05T11:10:09.8153652Z e2bfec3c8017: Pulling fs layer
verify / web	UNKNOWN STEP	2026-10-05T11:10:09.8155960Z 74c72610aa2d: Pulling fs layer
verify / web	UNKNOWN STEP	2026-10-05T11:10:09.8157428Z d8cf7dc1ff62: Pulling fs layer
verify / web	UNKNOWN STEP	2026-10-05T11:10:09.8158657Z b4dfe9b5d621: Pulling fs layer
verify / web	UNKNOWN STEP	2026-10-05T11:10:09.8160311Z a2ac83a9a562: Pulling fs layer
verify / web	UNKNOWN STEP	2026-10-05T11:10:09.8162660Z 1b189482e65c: Pulling fs layer
verify / web	UNKNOWN STEP	2026-10-05T11:10:09.8164444Z a2ac83a9a562: Waiting
verify / web	UNKNOWN STEP	2026-10-05T11:10:09.8166006Z b4dfe9b5d621: Waiting
verify / web	UNKNOWN STEP	2026-10-05T11:10:09.8167493Z 1b189482e65c: Waiting
verify / web	UNKNOWN STEP	2026-10-05T11:10:09.8169914Z d8cf7dc1ff62: Waiting
verify / web	UNKNOWN STEP	2026-10-05T11:10:09.8811506Z 74c72610aa2d: Verifying Checksum
verify / web	UNKNOWN STEP	2026-10-05T11:10:09.8813360Z 74c72610aa2d: Download complete
verify / web	UNKNOWN STEP	2026-10-05T11:10:10.0049327Z 0926a8eb0e60: Verifying Checksum
verify / web	UNKNOWN STEP	2026-10-05T11:10:10.0054631Z 0926a8eb0e60: Download complete
verify / web	UNKNOWN STEP	2026-10-05T11:10:10.4753460Z e2bfec3c8017: Verifying Checksum
verify / web	UNKNOWN STEP	2026-10-05T11:10:10.4756465Z e2bfec3c8017: Download complete
verify / web	UNKNOWN STEP	2026-10-05T11:10:11.1139891Z a2ac83a9a562: Verifying Checksum
verify / web	UNKNOWN STEP	2026-10-05T11:10:11.1146784Z a2ac83a9a562: Download complete
verify / web	UNKNOWN STEP	2026-10-05T11:10:11.5714709Z d8cf7dc1ff62: Verifying Checksum
verify / web	UNKNOWN STEP	2026-10-05T11:10:11.5716665Z d8cf7dc1ff62: Download complete
verify / web	UNKNOWN STEP	2026-10-05T11:10:11.6999985Z 0926a8eb0e60: Pull complete
verify / web	UNKNOWN STEP	2026-10-05T11:10:11.9817399Z 1b189482e65c: Verifying Checksum
verify / web	UNKNOWN STEP	2026-10-05T11:10:11.9818785Z 1b189482e65c: Download complete
verify / web	UNKNOWN STEP	2026-10-05T11:10:12.0106594Z b4dfe9b5d621: Verifying Checksum
verify / web	UNKNOWN STEP	2026-10-05T11:10:12.0107466Z b4dfe9b5d621: Download complete
verify / web	UNKNOWN STEP	2026-10-05T11:10:18.3128126Z e2bfec3c8017: Pull complete
verify / web	UNKNOWN STEP	2026-10-05T11:10:18.3527938Z 74c72610aa2d: Pull complete
verify / web	UNKNOWN STEP	2026-10-05T11:10:27.2566227Z d8cf7dc1ff62: Pull complete
verify / web	UNKNOWN STEP	2026-10-05T11:10:31.8941008Z b4dfe9b5d621: Pull complete
verify / web	UNKNOWN STEP	2026-10-05T11:10:33.7564332Z a2ac83a9a562: Pull complete
verify / web	UNKNOWN STEP	2026-10-05T11:10:35.5983182Z 1b189482e65c: Pull complete
verify / web	UNKNOWN STEP	2026-10-05T11:10:35.6018390Z Digest: sha256:eff16c30e6f3f4af0a03fa4b706120d5e9b0891c344a27d64559aff5900a4a27
verify / web	UNKNOWN STEP	2026-10-05T11:10:35.6025060Z Status: Downloaded newer image for mcr.microsoft.com/playwright@sha256:eff16c30e6f3f4af0a03fa4b706120d5e9b0891c344a27d64559aff5900a4a27
verify / web	UNKNOWN STEP	2026-10-05T11:10:35.6041574Z mcr.microsoft.com/playwright@sha256:eff16c30e6f3f4af0a03fa4b706120d5e9b0891c344a27d64559aff5900a4a27
verify / web	UNKNOWN STEP	2026-10-05T11:10:35.6125110Z ##[command]/usr/bin/docker create --name e6c6ab3a06ff4b9a90810e9991786dcf_mcrmicrosoftcomplaywrightsha256eff16c30e6f3f4af0a03fa4b706120d5e9b0891c344a27d64559aff5900a4a27_995cc4 --label 90809d --workdir /__w/ChronoShift/ChronoShift --network github_network_628585ca6806483da703d48453e1357a --user 1001:1001 --ipc=host --init -e "HOME=/github/home" -e GITHUB_ACTIONS=true -e CI=true -v "/var/run/docker.sock":"/var/run/docker.sock" -v "/home/runner/work":"/__w" -v "/home/runner/actions-runner/cached/2.337.0/externals":"/__e":ro -v "/home/runner/work/_temp":"/__w/_temp" -v "/home/runner/work/_actions":"/__w/_actions" -v "/opt/hostedtoolcache":"/__t" -v "/home/runner/work/_temp/_github_home":"/github/home" -v "/home/runner/work/_temp/_github_workflow":"/github/workflow" --entrypoint "tail" mcr.microsoft.com/playwright@sha256:eff16c30e6f3f4af0a03fa4b706120d5e9b0891c344a27d64559aff5900a4a27 "-f" "/dev/null"
verify / web	UNKNOWN STEP	2026-10-05T11:10:35.6407087Z c15922bd5a5db2dac3ef17c0ecbfb83ca3c5224d933fe986977624b47a7ab04f
verify / web	UNKNOWN STEP	2026-10-05T11:10:35.6431740Z ##[command]/usr/bin/docker start c15922bd5a5db2dac3ef17c0ecbfb83ca3c5224d933fe986977624b47a7ab04f
verify / web	UNKNOWN STEP	2026-10-05T11:10:35.8247652Z c15922bd5a5db2dac3ef17c0ecbfb83ca3c5224d933fe986977624b47a7ab04f
verify / web	UNKNOWN STEP	2026-10-05T11:10:35.8276458Z ##[command]/usr/bin/docker ps --all --filter id=c15922bd5a5db2dac3ef17c0ecbfb83ca3c5224d933fe986977624b47a7ab04f --filter status=running --no-trunc --format "{{.ID}} {{.Status}}"
verify / web	UNKNOWN STEP	2026-10-05T11:10:35.8398182Z c15922bd5a5db2dac3ef17c0ecbfb83ca3c5224d933fe986977624b47a7ab04f Up Less than a second
verify / web	UNKNOWN STEP	2026-10-05T11:10:35.8417836Z ##[command]/usr/bin/docker inspect --format "{{range .Config.Env}}{{println .}}{{end}}" c15922bd5a5db2dac3ef17c0ecbfb83ca3c5224d933fe986977624b47a7ab04f
verify / web	UNKNOWN STEP	2026-10-05T11:10:35.8547836Z HOME=/github/home
verify / web	UNKNOWN STEP	2026-10-05T11:10:35.8548315Z GITHUB_ACTIONS=true
verify / web	UNKNOWN STEP	2026-10-05T11:10:35.8548695Z CI=true
verify / web	UNKNOWN STEP	2026-10-05T11:10:35.8549205Z PATH=/usr/local/sbin:/usr/local/bin:/usr/sbin:/usr/bin:/sbin:/bin
verify / web	UNKNOWN STEP	2026-10-05T11:10:35.8549606Z LANG=C.UTF-8
verify / web	UNKNOWN STEP	2026-10-05T11:10:35.8549933Z LC_ALL=C.UTF-8
verify / web	UNKNOWN STEP	2026-10-05T11:10:35.8550434Z PLAYWRIGHT_BROWSERS_PATH=/ms-playwright
verify / web	UNKNOWN STEP	2026-10-05T11:10:35.8570876Z ##[endgroup]
verify / web	UNKNOWN STEP	2026-10-05T11:10:35.8580722Z ##[group]Waiting for all services to be ready
verify / web	UNKNOWN STEP	2026-10-05T11:10:35.8583210Z ##[endgroup]
verify / web	UNKNOWN STEP	2026-10-05T11:10:35.8877738Z ##[group]Run actions/checkout@3d3c42e5aac5ba805825da76410c181273ba90b1
verify / web	UNKNOWN STEP	2026-10-05T11:10:35.8878486Z with:
verify / web	UNKNOWN STEP	2026-10-05T11:10:35.8878738Z   sparse-checkout: /*
verify / web	UNKNOWN STEP	!/docs/qa/
verify / web	UNKNOWN STEP	
verify / web	UNKNOWN STEP	2026-10-05T11:10:35.8879042Z   sparse-checkout-cone-mode: false
verify / web	UNKNOWN STEP	2026-10-05T11:10:35.8879334Z   repository: Tien-Lam/ChronoShift
verify / web	UNKNOWN STEP	2026-10-05T11:10:35.8882346Z   token: ***
verify / web	UNKNOWN STEP	2026-10-05T11:10:35.8882588Z   ssh-strict: true
verify / web	UNKNOWN STEP	2026-10-05T11:10:35.8882799Z   ssh-user: git
verify / web	UNKNOWN STEP	2026-10-05T11:10:35.8883017Z   persist-credentials: true
verify / web	UNKNOWN STEP	2026-10-05T11:10:35.8883269Z   clean: true
verify / web	UNKNOWN STEP	2026-10-05T11:10:35.8883464Z   fetch-depth: 1
verify / web	UNKNOWN STEP	2026-10-05T11:10:35.8883666Z   fetch-tags: false
verify / web	UNKNOWN STEP	2026-10-05T11:10:35.8883875Z   show-progress: true
verify / web	UNKNOWN STEP	2026-10-05T11:10:35.8884085Z   lfs: false
verify / web	UNKNOWN STEP	2026-10-05T11:10:35.8884272Z   submodules: false
verify / web	UNKNOWN STEP	2026-10-05T11:10:35.8884484Z   set-safe-directory: true
verify / web	UNKNOWN STEP	2026-10-05T11:10:35.8884733Z   allow-unsafe-pr-checkout: false
verify / web	UNKNOWN STEP	2026-10-05T11:10:35.8885240Z env:
verify / web	UNKNOWN STEP	2026-10-05T11:10:35.8885494Z   PLAYWRIGHT_BROWSERS_PATH: /ms-playwright
verify / web	UNKNOWN STEP	2026-10-05T11:10:35.8885966Z   PLAYWRIGHT_IMAGE_VERSION: 1.63.0
verify / web	UNKNOWN STEP	2026-10-05T11:10:35.8886253Z   CHRONOSHIFT_CI_TIMING: 0
verify / web	UNKNOWN STEP	2026-10-05T11:10:35.8886488Z   PUBLISH_PAGES: true
verify / web	UNKNOWN STEP	2026-10-05T11:10:35.8886701Z ##[endgroup]
verify / web	UNKNOWN STEP	2026-10-05T11:10:35.8950497Z ##[command]/usr/bin/docker exec  c15922bd5a5db2dac3ef17c0ecbfb83ca3c5224d933fe986977624b47a7ab04f sh -c "cat /etc/*release | grep ^ID"
verify / web	UNKNOWN STEP	2026-10-05T11:10:36.0967463Z Syncing repository: Tien-Lam/ChronoShift
verify / web	UNKNOWN STEP	2026-10-05T11:10:36.0969560Z ##[group]Getting Git version info
verify / web	UNKNOWN STEP	2026-10-05T11:10:36.0970184Z Working directory is '/__w/ChronoShift/ChronoShift'
verify / web	UNKNOWN STEP	2026-10-05T11:10:36.0971088Z [command]/usr/bin/git version
verify / web	UNKNOWN STEP	2026-10-05T11:10:36.0971808Z git version 2.43.0
verify / web	UNKNOWN STEP	2026-10-05T11:10:36.0973271Z ##[endgroup]
verify / web	UNKNOWN STEP	2026-10-05T11:10:36.0981690Z Temporarily overriding HOME='/__w/_temp/d0854312-f7f7-4287-9867-8b1a09eed8ec' before making global git config changes
verify / web	UNKNOWN STEP	2026-10-05T11:10:36.0982674Z Adding repository directory to the temporary git global config as a safe directory
verify / web	UNKNOWN STEP	2026-10-05T11:10:36.0984328Z [command]/usr/bin/git config --global --add safe.directory /__w/ChronoShift/ChronoShift
verify / web	UNKNOWN STEP	2026-10-05T11:10:36.1026152Z Deleting the contents of '/__w/ChronoShift/ChronoShift'
verify / web	UNKNOWN STEP	2026-10-05T11:10:36.1036579Z ##[group]Determining repository object format
verify / web	UNKNOWN STEP	2026-10-05T11:10:36.1038000Z ##[endgroup]
verify / web	UNKNOWN STEP	2026-10-05T11:10:36.1039143Z ##[group]Initializing the repository
verify / web	UNKNOWN STEP	2026-10-05T11:10:36.1040291Z [command]/usr/bin/git init /__w/ChronoShift/ChronoShift
verify / web	UNKNOWN STEP	2026-10-05T11:10:36.1079387Z hint: Using 'master' as the name for the initial branch. This default branch name
verify / web	UNKNOWN STEP	2026-10-05T11:10:36.1080995Z hint: is subject to change. To configure the initial branch name to use in all
verify / web	UNKNOWN STEP	2026-10-05T11:10:36.1082470Z hint: of your new repositories, which will suppress this warning, call:
verify / web	UNKNOWN STEP	2026-10-05T11:10:36.1083384Z hint: 
verify / web	UNKNOWN STEP	2026-10-05T11:10:36.1084158Z hint: 	git config --global init.defaultBranch <name>
verify / web	UNKNOWN STEP	2026-10-05T11:10:36.1084657Z hint: 
verify / web	UNKNOWN STEP	2026-10-05T11:10:36.1084993Z hint: Names commonly chosen instead of 'master' are 'main', 'trunk' and
verify / web	UNKNOWN STEP	2026-10-05T11:10:36.1085775Z hint: 'development'. The just-created branch can be renamed via this command:
verify / web	UNKNOWN STEP	2026-10-05T11:10:36.1086183Z hint: 
verify / web	UNKNOWN STEP	2026-10-05T11:10:36.1086399Z hint: 	git branch -m <name>
verify / web	UNKNOWN STEP	2026-10-05T11:10:36.1099938Z Initialized empty Git repository in /__w/ChronoShift/ChronoShift/.git/
verify / web	UNKNOWN STEP	2026-10-05T11:10:36.1115351Z [command]/usr/bin/git remote add origin https://github.com/Tien-Lam/ChronoShift
verify / web	UNKNOWN STEP	2026-10-05T11:10:36.1151565Z ##[endgroup]
verify / web	UNKNOWN STEP	2026-10-05T11:10:36.1152369Z ##[group]Disabling automatic garbage collection
verify / web	UNKNOWN STEP	2026-10-05T11:10:36.1156520Z [command]/usr/bin/git config --local gc.auto 0
verify / web	UNKNOWN STEP	2026-10-05T11:10:36.1190858Z ##[endgroup]
verify / web	UNKNOWN STEP	2026-10-05T11:10:36.1191922Z ##[group]Setting up auth
verify / web	UNKNOWN STEP	2026-10-05T11:10:36.1192744Z Removing SSH command configuration
verify / web	UNKNOWN STEP	2026-10-05T11:10:36.1198043Z [command]/usr/bin/git config --local --name-only --get-regexp core\.sshCommand
verify / web	UNKNOWN STEP	2026-10-05T11:10:36.1236026Z [command]/usr/bin/git submodule foreach --recursive sh -c "git config --local --name-only --get-regexp 'core\.sshCommand' && git config --local --unset-all 'core.sshCommand' || :"
verify / web	UNKNOWN STEP	2026-10-05T11:10:36.1528966Z Removing HTTP extra header
verify / web	UNKNOWN STEP	2026-10-05T11:10:36.1532649Z [command]/usr/bin/git config --local --name-only --get-regexp http\.https\:\/\/github\.com\/\.extraheader
verify / web	UNKNOWN STEP	2026-10-05T11:10:36.1573366Z [command]/usr/bin/git submodule foreach --recursive sh -c "git config --local --name-only --get-regexp 'http\.https\:\/\/github\.com\/\.extraheader' && git config --local --unset-all 'http.https://github.com/.extraheader' || :"
verify / web	UNKNOWN STEP	2026-10-05T11:10:36.1860389Z Removing includeIf entries pointing to credentials config files
verify / web	UNKNOWN STEP	2026-10-05T11:10:36.1861801Z [command]/usr/bin/git config --local --name-only --get-regexp ^includeIf\.gitdir:
verify / web	UNKNOWN STEP	2026-10-05T11:10:36.1900897Z [command]/usr/bin/git submodule foreach --recursive git config --local --show-origin --name-only --get-regexp remote.origin.url
verify / web	UNKNOWN STEP	2026-10-05T11:10:36.2159861Z [command]/usr/bin/git config --file /__w/_temp/git-credentials-e513d002-78be-4198-be6d-18929bffc30f.config http.https://github.com/.extraheader AUTHORIZATION: basic ***
verify / web	UNKNOWN STEP	2026-10-05T11:10:36.2202494Z [command]/usr/bin/git config --local includeIf.gitdir:/__w/ChronoShift/ChronoShift/.git.path /__w/_temp/git-credentials-e513d002-78be-4198-be6d-18929bffc30f.config
verify / web	UNKNOWN STEP	2026-10-05T11:10:36.2245097Z [command]/usr/bin/git config --local includeIf.gitdir:/__w/ChronoShift/ChronoShift/.git/worktrees/*.path /__w/_temp/git-credentials-e513d002-78be-4198-be6d-18929bffc30f.config
verify / web	UNKNOWN STEP	2026-10-05T11:10:36.2280541Z [command]/usr/bin/git config --local includeIf.gitdir:/github/workspace/.git.path /github/runner_temp/git-credentials-e513d002-78be-4198-be6d-18929bffc30f.config
verify / web	UNKNOWN STEP	2026-10-05T11:10:36.2320572Z [command]/usr/bin/git config --local includeIf.gitdir:/github/workspace/.git/worktrees/*.path /github/runner_temp/git-credentials-e513d002-78be-4198-be6d-18929bffc30f.config
verify / web	UNKNOWN STEP	2026-10-05T11:10:36.2357177Z ##[endgroup]
verify / web	UNKNOWN STEP	2026-10-05T11:10:36.2357886Z ##[group]Fetching the repository
verify / web	UNKNOWN STEP	2026-10-05T11:10:36.2367295Z [command]/usr/bin/git -c protocol.version=2 fetch --no-tags --prune --no-recurse-submodules --filter=blob:none --depth=1 origin +cf4d5b9244278da591a33c1952283e76acb6116c:refs/remotes/origin/main
verify / web	UNKNOWN STEP	2026-10-05T11:10:36.6272703Z From https://github.com/Tien-Lam/ChronoShift
verify / web	UNKNOWN STEP	2026-10-05T11:10:36.6273339Z  * [new ref]         cf4d5b9244278da591a33c1952283e76acb6116c -> origin/main
verify / web	UNKNOWN STEP	2026-10-05T11:10:36.6299105Z [command]/usr/bin/git branch --list --remote origin/main
verify / web	UNKNOWN STEP	2026-10-05T11:10:36.6329729Z   origin/main
verify / web	UNKNOWN STEP	2026-10-05T11:10:36.6338486Z [command]/usr/bin/git rev-parse refs/remotes/origin/main
verify / web	UNKNOWN STEP	2026-10-05T11:10:36.6367415Z cf4d5b9244278da591a33c1952283e76acb6116c
verify / web	UNKNOWN STEP	2026-10-05T11:10:36.6371691Z ##[endgroup]
verify / web	UNKNOWN STEP	2026-10-05T11:10:36.6372376Z ##[group]Determining the checkout info
verify / web	UNKNOWN STEP	2026-10-05T11:10:36.6374581Z ##[endgroup]
verify / web	UNKNOWN STEP	2026-10-05T11:10:36.6375196Z ##[group]Setting up sparse checkout
verify / web	UNKNOWN STEP	2026-10-05T11:10:36.6378679Z [command]/usr/bin/git config core.sparseCheckout true
verify / web	UNKNOWN STEP	2026-10-05T11:10:36.6416776Z [command]/usr/bin/git rev-parse --git-path info/sparse-checkout
verify / web	UNKNOWN STEP	2026-10-05T11:10:36.6444019Z .git/info/sparse-checkout
verify / web	UNKNOWN STEP	2026-10-05T11:10:36.6453596Z ##[endgroup]
verify / web	UNKNOWN STEP	2026-10-05T11:10:36.6454429Z ##[group]Checking out the ref
verify / web	UNKNOWN STEP	2026-10-05T11:10:36.6465031Z [command]/usr/bin/git checkout --progress --force -B main refs/remotes/origin/main
verify / web	UNKNOWN STEP	2026-10-05T11:10:37.1160908Z Switched to a new branch 'main'
verify / web	UNKNOWN STEP	2026-10-05T11:10:37.1163033Z branch 'main' set up to track 'origin/main'.
verify / web	UNKNOWN STEP	2026-10-05T11:10:37.1167655Z ##[endgroup]
verify / web	UNKNOWN STEP	2026-10-05T11:10:37.1216001Z [command]/usr/bin/git log -1 --format=%H
verify / web	UNKNOWN STEP	2026-10-05T11:10:37.1247450Z cf4d5b9244278da591a33c1952283e76acb6116c
verify / web	UNKNOWN STEP	2026-10-05T11:10:37.1465427Z ##[group]Run cp -f docs/planning/corpus-audit.json "$RUNNER_TEMP/chronoshift-corpus-audit.json"
verify / web	UNKNOWN STEP	2026-10-05T11:10:37.1466203Z ^[[36;1mcp -f docs/planning/corpus-audit.json "$RUNNER_TEMP/chronoshift-corpus-audit.json"^[[0m
verify / web	UNKNOWN STEP	2026-10-05T11:10:37.1470933Z shell: bash --noprofile --norc -e -o pipefail {0}
verify / web	UNKNOWN STEP	2026-10-05T11:10:37.1471603Z env:
verify / web	UNKNOWN STEP	2026-10-05T11:10:37.1471993Z   PLAYWRIGHT_BROWSERS_PATH: /ms-playwright
verify / web	UNKNOWN STEP	2026-10-05T11:10:37.1472348Z   PLAYWRIGHT_IMAGE_VERSION: 1.63.0
verify / web	UNKNOWN STEP	2026-10-05T11:10:37.1472618Z   CHRONOSHIFT_CI_TIMING: 0
verify / web	UNKNOWN STEP	2026-10-05T11:10:37.1472896Z   PUBLISH_PAGES: true
verify / web	UNKNOWN STEP	2026-10-05T11:10:37.1473244Z ##[endgroup]
verify / web	UNKNOWN STEP	2026-10-05T11:10:37.2318775Z ##[group]Run jdx/mise-action@7a4e45a543138629540c9a1616d08632b893e492
verify / web	UNKNOWN STEP	2026-10-05T11:10:37.2319159Z with:
verify / web	UNKNOWN STEP	2026-10-05T11:10:37.2319356Z   minimum_release_age: 24h
verify / web	UNKNOWN STEP	2026-10-05T11:10:37.2319585Z   install: true
verify / web	UNKNOWN STEP	2026-10-05T11:10:37.2319789Z   bootstrap: false
verify / web	UNKNOWN STEP	2026-10-05T11:10:37.2319984Z   cache: true
verify / web	UNKNOWN STEP	2026-10-05T11:10:37.2320172Z   cache_save: true
verify / web	UNKNOWN STEP	2026-10-05T11:10:37.2320374Z   cache_key_prefix: mise-v1
verify / web	UNKNOWN STEP	2026-10-05T11:10:37.2320607Z   experimental: false
verify / web	UNKNOWN STEP	2026-10-05T11:10:37.2320812Z   log_level: info
verify / web	UNKNOWN STEP	2026-10-05T11:10:37.2321007Z   reshim: false
verify / web	UNKNOWN STEP	2026-10-05T11:10:37.2321207Z   add_shims_to_path: true
verify / web	UNKNOWN STEP	2026-10-05T11:10:37.2324272Z   github_token: ***
verify / web	UNKNOWN STEP	2026-10-05T11:10:37.2324492Z   fetch_from_github: true
verify / web	UNKNOWN STEP	2026-10-05T11:10:37.2324710Z   env: true
verify / web	UNKNOWN STEP	2026-10-05T11:10:37.2324912Z   export_path: true
verify / web	UNKNOWN STEP	2026-10-05T11:10:37.2325118Z   wings_enabled: false
verify / web	UNKNOWN STEP	2026-10-05T11:10:37.2325324Z env:
verify / web	UNKNOWN STEP	2026-10-05T11:10:37.2325536Z   PLAYWRIGHT_BROWSERS_PATH: /ms-playwright
verify / web	UNKNOWN STEP	2026-10-05T11:10:37.2325873Z   PLAYWRIGHT_IMAGE_VERSION: 1.63.0
verify / web	UNKNOWN STEP	2026-10-05T11:10:37.2326136Z   CHRONOSHIFT_CI_TIMING: 0
verify / web	UNKNOWN STEP	2026-10-05T11:10:37.2326365Z   PUBLISH_PAGES: true
verify / web	UNKNOWN STEP	2026-10-05T11:10:37.2326579Z ##[endgroup]
verify / web	UNKNOWN STEP	2026-10-05T11:10:37.2335007Z ##[command]/usr/bin/docker exec  c15922bd5a5db2dac3ef17c0ecbfb83ca3c5224d933fe986977624b47a7ab04f sh -c "cat /etc/*release | grep ^ID"
verify / web	UNKNOWN STEP	2026-10-05T11:10:37.4615231Z ##[group]Restoring mise cache
verify / web	UNKNOWN STEP	2026-10-05T11:10:37.4653841Z [command]/usr/bin/ldd --version
verify / web	UNKNOWN STEP	2026-10-05T11:10:37.4715608Z ldd (Ubuntu GLIBC 2.39-0ubuntu8.8) 2.39
verify / web	UNKNOWN STEP	2026-10-05T11:10:37.4716913Z Copyright (C) 2024 Free Software Foundation, Inc.
verify / web	UNKNOWN STEP	2026-10-05T11:10:37.4718372Z This is free software; see the source for copying conditions.  There is NO
verify / web	UNKNOWN STEP	2026-10-05T11:10:37.4719921Z warranty; not even for MERCHANTABILITY or FITNESS FOR A PARTICULAR PURPOSE.
verify / web	UNKNOWN STEP	2026-10-05T11:10:37.4720932Z Written by Roland McGrath and Ulrich Drepper.
verify / web	UNKNOWN STEP	2026-10-05T11:10:37.8371787Z Cache hit for: mise-v1-linux-x64-self-hosted-c431b670824c497264adda817284eefbf26de4a6a9a9aa17ee83e04238eaee3d
verify / web	UNKNOWN STEP	2026-10-05T11:10:39.1062453Z Received 0 of 166324995 (0.0%), 0.0 MBs/sec
verify / web	UNKNOWN STEP	2026-10-05T11:10:40.1062472Z Received 121634816 of 166324995 (73.1%), 58.0 MBs/sec
verify / web	UNKNOWN STEP	2026-10-05T11:10:40.5342680Z Received 166324995 of 166324995 (100.0%), 65.4 MBs/sec
verify / web	UNKNOWN STEP	2026-10-05T11:10:40.5343508Z Cache Size: ~159 MB (166324995 B)
verify / web	UNKNOWN STEP	2026-10-05T11:10:40.5398512Z [command]/usr/bin/tar -xf /__w/_temp/6cdada9e-1863-4c90-80aa-35f7ec2305f2/cache.tgz -P -C /__w/ChronoShift/ChronoShift -z
verify / web	UNKNOWN STEP	2026-10-05T11:10:43.8834466Z Cache restored successfully
verify / web	UNKNOWN STEP	2026-10-05T11:10:43.8915710Z mise cache restored from key: mise-v1-linux-x64-self-hosted-c431b670824c497264adda817284eefbf26de4a6a9a9aa17ee83e04238eaee3d
verify / web	UNKNOWN STEP	2026-10-05T11:10:43.8931550Z Using curl to download mise
verify / web	UNKNOWN STEP	2026-10-05T11:10:44.0287670Z Selected mise 2026.10.1, released 2026-10-03T14:12:48.000Z, with minimum_release_age=24h
verify / web	UNKNOWN STEP	2026-10-05T11:10:44.0295084Z [command]/usr/bin/ldd --version
verify / web	UNKNOWN STEP	2026-10-05T11:10:44.0347786Z ldd (Ubuntu GLIBC 2.39-0ubuntu8.8) 2.39
verify / web	UNKNOWN STEP	2026-10-05T11:10:44.0348426Z Copyright (C) 2024 Free Software Foundation, Inc.
verify / web	UNKNOWN STEP	2026-10-05T11:10:44.0349180Z This is free software; see the source for copying conditions.  There is NO
verify / web	UNKNOWN STEP	2026-10-05T11:10:44.0349847Z warranty; not even for MERCHANTABILITY or FITNESS FOR A PARTICULAR PURPOSE.
verify / web	UNKNOWN STEP	2026-10-05T11:10:44.0350298Z Written by Roland McGrath and Ulrich Drepper.
verify / web	UNKNOWN STEP	2026-10-05T11:10:44.6685261Z Verified existing mise-v2026.10.1-linux-x64 against signed checksums
verify / web	UNKNOWN STEP	2026-10-05T11:10:44.6685717Z Verified existing mise@2026.10.1
verify / web	UNKNOWN STEP	2026-10-05T11:10:44.6688904Z ##[group]Setting env vars
verify / web	UNKNOWN STEP	2026-10-05T11:10:44.6689412Z Setting MISE_LOG_LEVEL=info
verify / web	UNKNOWN STEP	2026-10-05T11:10:44.6695452Z Setting MISE_GITHUB_TOKEN=***
verify / web	UNKNOWN STEP	2026-10-05T11:10:44.6696105Z Setting MISE_TRUSTED_CONFIG_PATHS=/__w/ChronoShift/ChronoShift
verify / web	UNKNOWN STEP	2026-10-05T11:10:44.6697030Z Setting MISE_YES=1
verify / web	UNKNOWN STEP	2026-10-05T11:10:44.6697789Z Adding /github/home/.local/share/mise/shims to PATH
verify / web	UNKNOWN STEP	2026-10-05T11:10:44.6698662Z ##[group]Running mise --version
verify / web	UNKNOWN STEP	2026-10-05T11:10:44.6711993Z [command]/github/home/.local/share/mise/bin/mise --version
verify / web	UNKNOWN STEP	2026-10-05T11:10:44.6779067Z 2026.10.1 linux-x64 (2026-10-03)
verify / web	UNKNOWN STEP	2026-10-05T11:10:44.6795060Z ##[endgroup]
verify / web	UNKNOWN STEP	2026-10-05T11:10:44.6923174Z ##[group]Running mise install
verify / web	UNKNOWN STEP	2026-10-05T11:10:44.6942786Z [command]/github/home/.local/share/mise/bin/mise install
verify / web	UNKNOWN STEP	2026-10-05T11:10:44.7031580Z ^[[2mmise^[[0m ^[[2mby @jdx^[[0m – installing 3 tools
verify / web	UNKNOWN STEP	2026-10-05T11:10:44.7036833Z ^[[2mmise^[[0m ^[[38;5;11m⇢^[[0m bun@1.4.0    0ms · already installed
verify / web	UNKNOWN STEP	2026-10-05T11:10:44.7039906Z ^[[2mmise^[[0m ^[[38;5;11m⇢^[[0m node@26.8.1  0ms · already installed
verify / web	UNKNOWN STEP	2026-10-05T11:10:44.7052151Z ^[[2mmise^[[0m ^[[38;5;11m⇢^[[0m gh@2.100.0   1ms · already installed
verify / web	UNKNOWN STEP	2026-10-05T11:10:44.7053311Z ^[[2mmise^[[0m ^[[36m████████████████^[[0m^[[31m^[[0m^[[2m^[[0m 3/3 · installed 0 tools · 3 already installed in 2ms
verify / web	UNKNOWN STEP	2026-10-05T11:10:44.7054202Z ^[[2mmise^[[0m all tools are installed
verify / web	UNKNOWN STEP	2026-10-05T11:10:44.7125295Z ##[endgroup]
verify / web	UNKNOWN STEP	2026-10-05T11:10:44.7125697Z ##[group]Running mise ls
verify / web	UNKNOWN STEP	2026-10-05T11:10:44.7136576Z [command]/github/home/.local/share/mise/bin/mise ls
verify / web	UNKNOWN STEP	2026-10-05T11:10:44.7250276Z bun   1.4.0    /__w/ChronoShift/ChronoShift/mise.toml  1.4.0
verify / web	UNKNOWN STEP	2026-10-05T11:10:44.7250962Z gh    2.100.0  /__w/ChronoShift/ChronoShift/mise.toml  2.100.0
verify / web	UNKNOWN STEP	2026-10-05T11:10:44.7251652Z node  26.8.1   /__w/ChronoShift/ChronoShift/mise.toml  26.8.1
verify / web	UNKNOWN STEP	2026-10-05T11:10:44.7262562Z ##[endgroup]
verify / web	UNKNOWN STEP	2026-10-05T11:10:44.7266102Z ##[group]Exporting mise environment variables
verify / web	UNKNOWN STEP	2026-10-05T11:10:44.7414920Z [command]/github/home/.local/share/mise/bin/mise env --json
verify / web	UNKNOWN STEP	2026-10-05T11:10:44.7530636Z {
verify / web	UNKNOWN STEP	2026-10-05T11:10:44.7532754Z   "PATH": "/github/home/.local/share/mise/installs/bun/1.4.0/bin:/github/home/.local/share/mise/installs/node/26.8.1/bin:/github/home/.local/share/mise/installs/gh/2.100.0/gh_2.100.0_linux_amd64/bin:/github/home/.local/share/mise/shims:/github/home/.local/share/mise/bin:/usr/local/sbin:/usr/local/bin:/usr/sbin:/usr/bin:/sbin:/bin"
verify / web	UNKNOWN STEP	2026-10-05T11:10:44.7534948Z }
verify / web	UNKNOWN STEP	2026-10-05T11:10:44.7547459Z Adding /github/home/.local/share/mise/installs/gh/2.100.0/gh_2.100.0_linux_amd64/bin to PATH
verify / web	UNKNOWN STEP	2026-10-05T11:10:44.7549060Z Adding /github/home/.local/share/mise/installs/node/26.8.1/bin to PATH
verify / web	UNKNOWN STEP	2026-10-05T11:10:44.7551581Z Adding /github/home/.local/share/mise/installs/bun/1.4.0/bin to PATH
verify / web	UNKNOWN STEP	2026-10-05T11:10:44.7552410Z ##[endgroup]
verify / web	UNKNOWN STEP	2026-10-05T11:10:44.7745840Z ##[group]Run bun install --frozen-lockfile
verify / web	UNKNOWN STEP	2026-10-05T11:10:44.7746214Z ^[[36;1mbun install --frozen-lockfile^[[0m
verify / web	UNKNOWN STEP	2026-10-05T11:10:44.7746906Z shell: bash --noprofile --norc -e -o pipefail {0}
verify / web	UNKNOWN STEP	2026-10-05T11:10:44.7747214Z env:
verify / web	UNKNOWN STEP	2026-10-05T11:10:44.7747461Z   PLAYWRIGHT_BROWSERS_PATH: /ms-playwright
verify / web	UNKNOWN STEP	2026-10-05T11:10:44.7747766Z   PLAYWRIGHT_IMAGE_VERSION: 1.63.0
verify / web	UNKNOWN STEP	2026-10-05T11:10:44.7748035Z   CHRONOSHIFT_CI_TIMING: 0
verify / web	UNKNOWN STEP	2026-10-05T11:10:44.7748280Z   PUBLISH_PAGES: true
verify / web	UNKNOWN STEP	2026-10-05T11:10:44.7748500Z   MISE_LOG_LEVEL: info
verify / web	UNKNOWN STEP	2026-10-05T11:10:44.7751580Z   MISE_GITHUB_TOKEN: ***
verify / web	UNKNOWN STEP	2026-10-05T11:10:44.7752125Z   MISE_TRUSTED_CONFIG_PATHS: /__w/ChronoShift/ChronoShift
verify / web	UNKNOWN STEP	2026-10-05T11:10:44.7752462Z   MISE_YES: 1
verify / web	UNKNOWN STEP	2026-10-05T11:10:44.7752667Z ##[endgroup]
verify / web	UNKNOWN STEP	2026-10-05T11:10:44.8309072Z bun install v1.4.0 (34cbb9a40)
verify / web	UNKNOWN STEP	2026-10-05T11:10:45.9311132Z 
verify / web	UNKNOWN STEP	2026-10-05T11:10:45.9311654Z + @axe-core/playwright@4.13.0
verify / web	UNKNOWN STEP	2026-10-05T11:10:45.9312213Z + @playwright/test@1.63.0
verify / web	UNKNOWN STEP	2026-10-05T11:10:45.9312611Z + @types/bun@1.4.2
verify / web	UNKNOWN STEP	2026-10-05T11:10:45.9312834Z + @types/react@19.3.0
verify / web	UNKNOWN STEP	2026-10-05T11:10:45.9313062Z + @types/react-dom@19.3.0
verify / web	UNKNOWN STEP	2026-10-05T11:10:45.9313288Z + prettier@3.9.9
verify / web	UNKNOWN STEP	2026-10-05T11:10:45.9313501Z + typescript@7.0.2
verify / web	UNKNOWN STEP	2026-10-05T11:10:45.9313697Z + vite@8.3.2
verify / web	UNKNOWN STEP	2026-10-05T11:10:45.9313905Z + @internationalized/date@3.12.4
verify / web	UNKNOWN STEP	2026-10-05T11:10:45.9314169Z + @js-temporal/polyfill@0.5.1
verify / web	UNKNOWN STEP	2026-10-05T11:10:45.9314422Z + chrono-node@2.10.2
verify / web	UNKNOWN STEP	2026-10-05T11:10:45.9314640Z + react@19.3.0
verify / web	UNKNOWN STEP	2026-10-05T11:10:45.9314863Z + react-aria-components@1.21.1
verify / web	UNKNOWN STEP	2026-10-05T11:10:45.9315116Z + react-dom@19.3.0
verify / web	UNKNOWN STEP	2026-10-05T11:10:45.9315266Z 
verify / web	UNKNOWN STEP	2026-10-05T11:10:45.9315368Z 51 packages installed [1101.00ms]
verify / web	UNKNOWN STEP	2026-10-05T11:10:45.9423826Z ##[group]Run bun -e 'const pkg = await Bun.file("node_modules/playwright/package.json").json(); if (pkg.version !== process.env.PLAYWRIGHT_IMAGE_VERSION) throw new Error("Update the pinned Playwright image and version guard with the dependency"); const { chromium, firefox, webkit } = await import("@playwright/test"); for (const browser of [chromium, firefox, webkit]) if (!(await Bun.file(browser.executablePath()).exists())) throw new Error("The pinned image is missing " + browser.name());'
verify / web	UNKNOWN STEP	2026-10-05T11:10:45.9427141Z ^[[36;1mbun -e 'const pkg = await Bun.file("node_modules/playwright/package.json").json(); if (pkg.version !== process.env.PLAYWRIGHT_IMAGE_VERSION) throw new Error("Update the pinned Playwright image and version guard with the dependency"); const { chromium, firefox, webkit } = await import("@playwright/test"); for (const browser of [chromium, firefox, webkit]) if (!(await Bun.file(browser.executablePath()).exists())) throw new Error("The pinned image is missing " + browser.name());'^[[0m
verify / web	UNKNOWN STEP	2026-10-05T11:10:45.9429076Z shell: bash --noprofile --norc -e -o pipefail {0}
verify / web	UNKNOWN STEP	2026-10-05T11:10:45.9429384Z env:
verify / web	UNKNOWN STEP	2026-10-05T11:10:45.9429617Z   PLAYWRIGHT_BROWSERS_PATH: /ms-playwright
verify / web	UNKNOWN STEP	2026-10-05T11:10:45.9429917Z   PLAYWRIGHT_IMAGE_VERSION: 1.63.0
verify / web	UNKNOWN STEP	2026-10-05T11:10:45.9430181Z   CHRONOSHIFT_CI_TIMING: 0
verify / web	UNKNOWN STEP	2026-10-05T11:10:45.9430418Z   PUBLISH_PAGES: true
verify / web	UNKNOWN STEP	2026-10-05T11:10:45.9430645Z   MISE_LOG_LEVEL: info
verify / web	UNKNOWN STEP	2026-10-05T11:10:45.9434329Z   MISE_GITHUB_TOKEN: ***
verify / web	UNKNOWN STEP	2026-10-05T11:10:45.9434658Z   MISE_TRUSTED_CONFIG_PATHS: /__w/ChronoShift/ChronoShift
verify / web	UNKNOWN STEP	2026-10-05T11:10:45.9435008Z   MISE_YES: 1
verify / web	UNKNOWN STEP	2026-10-05T11:10:45.9435214Z ##[endgroup]
verify / web	UNKNOWN STEP	2026-10-05T11:10:46.5843089Z ##[group]Run bun run format:check
verify / web	UNKNOWN STEP	2026-10-05T11:10:46.5843434Z ^[[36;1mbun run format:check^[[0m
verify / web	UNKNOWN STEP	2026-10-05T11:10:46.5843857Z shell: bash --noprofile --norc -e -o pipefail {0}
verify / web	UNKNOWN STEP	2026-10-05T11:10:46.5844161Z env:
verify / web	UNKNOWN STEP	2026-10-05T11:10:46.5844386Z   PLAYWRIGHT_BROWSERS_PATH: /ms-playwright
verify / web	UNKNOWN STEP	2026-10-05T11:10:46.5844706Z   PLAYWRIGHT_IMAGE_VERSION: 1.63.0
verify / web	UNKNOWN STEP	2026-10-05T11:10:46.5844971Z   CHRONOSHIFT_CI_TIMING: 0
verify / web	UNKNOWN STEP	2026-10-05T11:10:46.5845207Z   PUBLISH_PAGES: true
verify / web	UNKNOWN STEP	2026-10-05T11:10:46.5845426Z   MISE_LOG_LEVEL: info
verify / web	UNKNOWN STEP	2026-10-05T11:10:46.5848375Z   MISE_GITHUB_TOKEN: ***
verify / web	UNKNOWN STEP	2026-10-05T11:10:46.5848697Z   MISE_TRUSTED_CONFIG_PATHS: /__w/ChronoShift/ChronoShift
verify / web	UNKNOWN STEP	2026-10-05T11:10:46.5849031Z   MISE_YES: 1
verify / web	UNKNOWN STEP	2026-10-05T11:10:46.5849230Z ##[endgroup]
verify / web	UNKNOWN STEP	2026-10-05T11:10:46.6407451Z $ bunx --bun prettier --check web scripts/*.ts tests e2e *.ts
verify / web	UNKNOWN STEP	2026-10-05T11:10:46.7431876Z Checking formatting...
verify / web	UNKNOWN STEP	2026-10-05T11:10:48.5093506Z All matched files use Prettier code style!
verify / web	UNKNOWN STEP	2026-10-05T11:10:48.5309129Z ##[group]Run bun run test
verify / web	UNKNOWN STEP	2026-10-05T11:10:48.5309440Z ^[[36;1mbun run test^[[0m
verify / web	UNKNOWN STEP	2026-10-05T11:10:48.5309676Z ^[[36;1mbun run build^[[0m
verify / web	UNKNOWN STEP	2026-10-05T11:10:48.5310110Z shell: bash --noprofile --norc -e -o pipefail {0}
verify / web	UNKNOWN STEP	2026-10-05T11:10:48.5310422Z env:
verify / web	UNKNOWN STEP	2026-10-05T11:10:48.5310648Z   PLAYWRIGHT_BROWSERS_PATH: /ms-playwright
verify / web	UNKNOWN STEP	2026-10-05T11:10:48.5311132Z   PLAYWRIGHT_IMAGE_VERSION: 1.63.0
verify / web	UNKNOWN STEP	2026-10-05T11:10:48.5311698Z   CHRONOSHIFT_CI_TIMING: 0
verify / web	UNKNOWN STEP	2026-10-05T11:10:48.5311949Z   PUBLISH_PAGES: true
verify / web	UNKNOWN STEP	2026-10-05T11:10:48.5312170Z   MISE_LOG_LEVEL: info
verify / web	UNKNOWN STEP	2026-10-05T11:10:48.5315017Z   MISE_GITHUB_TOKEN: ***
verify / web	UNKNOWN STEP	2026-10-05T11:10:48.5315341Z   MISE_TRUSTED_CONFIG_PATHS: /__w/ChronoShift/ChronoShift
verify / web	UNKNOWN STEP	2026-10-05T11:10:48.5315667Z   MISE_YES: 1
verify / web	UNKNOWN STEP	2026-10-05T11:10:48.5315869Z ##[endgroup]
verify / web	UNKNOWN STEP	2026-10-05T11:10:48.5880074Z $ bun test tests
verify / web	UNKNOWN STEP	2026-10-05T11:10:48.5908355Z bun test v1.4.0 (34cbb9a40)
verify / web	UNKNOWN STEP	2026-10-05T11:10:48.5943878Z 
verify / web	UNKNOWN STEP	2026-10-05T11:10:48.5944980Z ##[group]tests/console-capture.test.ts:
verify / web	UNKNOWN STEP	2026-10-05T11:10:48.5969342Z (pass) navigation-lost console payload retains a stable event and flush waits for full metadata [0.99ms]
verify / web	UNKNOWN STEP	2026-10-05T11:10:48.5973686Z (pass) unexpected capture failure is surfaced by flush instead of being swallowed [0.23ms]
verify / web	UNKNOWN STEP	2026-10-05T11:10:48.5974591Z 
verify / web	UNKNOWN STEP	2026-10-05T11:10:48.5975226Z ##[endgroup]
verify / web	UNKNOWN STEP	2026-10-05T11:10:48.5975803Z 
verify / web	UNKNOWN STEP	2026-10-05T11:10:48.5976390Z ##[group]tests/offline.test.ts:
verify / web	UNKNOWN STEP	2026-10-05T11:10:48.6076600Z (pass) first installation reports safe asset/release identity before a controller exists [2.60ms]
verify / web	UNKNOWN STEP	2026-10-05T11:10:48.6093818Z (pass) embedded navigation shell installs exact HTML without a network document [1.80ms]
verify / web	UNKNOWN STEP	2026-10-05T11:10:48.6112029Z (pass) embedded navigation shell rejects inconsistent build bytes [1.63ms]
verify / web	UNKNOWN STEP	2026-10-05T11:10:48.6123368Z (pass) claim requires a verified cache and scoped window: complete=true, inside=true [1.27ms]
verify / web	UNKNOWN STEP	2026-10-05T11:10:48.6124957Z (pass) claim requires a verified cache and scoped window: complete=false, inside=true [0.15ms]
verify / web	UNKNOWN STEP	2026-10-05T11:10:48.6127163Z (pass) claim requires a verified cache and scoped window: complete=true, inside=false [0.22ms]
verify / web	UNKNOWN STEP	2026-10-05T11:10:48.6127816Z 
verify / web	UNKNOWN STEP	2026-10-05T11:10:48.6128266Z ##[endgroup]
verify / web	UNKNOWN STEP	2026-10-05T11:10:48.6128463Z 
verify / web	UNKNOWN STEP	2026-10-05T11:10:48.6128892Z ##[group]tests/publishing.test.ts:
verify / web	UNKNOWN STEP	2026-10-05T11:10:48.6152483Z (pass) publication reuse requires a trusted complete PR verification and exact tree [0.51ms]
verify / web	UNKNOWN STEP	2026-10-05T11:10:48.6153728Z 
verify / web	UNKNOWN STEP	2026-10-05T11:10:48.6154719Z ##[endgroup]
verify / web	UNKNOWN STEP	2026-10-05T11:10:48.6155164Z 
verify / web	UNKNOWN STEP	2026-10-05T11:10:48.6155729Z ##[group]tests/corpus.test.ts:
verify / web	UNKNOWN STEP	2026-10-05T11:10:48.9254954Z (pass) all resilience corpus inputs execute the browser engine without crashing [237.53ms]
verify / web	UNKNOWN STEP	2026-10-05T11:10:48.9278939Z 
verify / web	UNKNOWN STEP	2026-10-05T11:10:48.9282526Z ##[endgroup]
verify / web	UNKNOWN STEP	2026-10-05T11:10:48.9282921Z 
verify / web	UNKNOWN STEP	2026-10-05T11:10:48.9283539Z ##[group]tests/conversion.test.ts:
verify / web	UNKNOWN STEP	2026-10-05T11:10:48.9284365Z (pass) independently specified temporal fixtures > fixed EST in spring [0.83ms]
verify / web	UNKNOWN STEP	2026-10-05T11:10:48.9285541Z (pass) independently specified temporal fixtures > fixed PST in summer [0.55ms]
verify / web	UNKNOWN STEP	2026-10-05T11:10:48.9286857Z (pass) independently specified temporal fixtures > regional PT summer [0.53ms]
verify / web	UNKNOWN STEP	2026-10-05T11:10:48.9288225Z (pass) independently specified temporal fixtures > regional PT winter [0.55ms]
verify / web	UNKNOWN STEP	2026-10-05T11:10:48.9289506Z (pass) independently specified temporal fixtures > regional ET [0.53ms]
verify / web	UNKNOWN STEP	2026-10-05T11:10:48.9291517Z (pass) independently specified temporal fixtures > CST ambiguity [0.71ms]
verify / web	UNKNOWN STEP	2026-10-05T11:10:48.9292576Z (pass) independently specified temporal fixtures > IST ambiguity [0.74ms]
verify / web	UNKNOWN STEP	2026-10-05T11:10:48.9294942Z (pass) independently specified temporal fixtures > BST ambiguity [0.69ms]
verify / web	UNKNOWN STEP	2026-10-05T11:10:48.9320197Z (pass) independently specified temporal fixtures > AST ambiguity [2.38ms]
verify / web	UNKNOWN STEP	2026-10-05T11:10:48.9328294Z (pass) independently specified temporal fixtures > quarter hour offset [0.83ms]
verify / web	UNKNOWN STEP	2026-10-05T11:10:48.9336667Z (pass) independently specified temporal fixtures > negative half hour offset [0.47ms]
verify / web	UNKNOWN STEP	2026-10-05T11:10:48.9339358Z (pass) independently specified temporal fixtures > invalid minutes [0.31ms]
verify / web	UNKNOWN STEP	2026-10-05T11:10:48.9340720Z (pass) independently specified temporal fixtures > invalid offset bound [0.17ms]
verify / web	UNKNOWN STEP	2026-10-05T11:10:48.9343961Z (pass) independently specified temporal fixtures > ISO offset [0.47ms]
verify / web	UNKNOWN STEP	2026-10-05T11:10:48.9348256Z (pass) independently specified temporal fixtures > relative tomorrow [0.44ms]
verify / web	UNKNOWN STEP	2026-10-05T11:10:48.9352923Z (pass) independently specified temporal fixtures > relative in Tokyo [0.53ms]
verify / web	UNKNOWN STEP	2026-10-05T11:10:48.9360048Z (pass) independently specified temporal fixtures > source date across midnight [0.68ms]
verify / web	UNKNOWN STEP	2026-10-05T11:10:48.9365061Z (pass) independently specified temporal fixtures > city Tokyo [0.54ms]
verify / web	UNKNOWN STEP	2026-10-05T11:10:48.9370036Z (pass) independently specified temporal fixtures > city Mumbai [0.50ms]
verify / web	UNKNOWN STEP	2026-10-05T11:10:48.9375756Z (pass) independently specified temporal fixtures > city Berlin summer [0.55ms]
verify / web	UNKNOWN STEP	2026-10-05T11:10:48.9380703Z (pass) independently specified temporal fixtures > accented city [0.49ms]
verify / web	UNKNOWN STEP	2026-10-05T11:10:48.9390891Z (pass) independently specified temporal fixtures > unique typo disclosure [1.01ms]
verify / web	UNKNOWN STEP	2026-10-05T11:10:48.9398297Z (pass) independently specified temporal fixtures > unknown city [0.75ms]
verify / web	UNKNOWN STEP	2026-10-05T11:10:48.9402281Z (pass) independently specified temporal fixtures > unknown abbreviation [0.20ms]
verify / web	UNKNOWN STEP	2026-10-05T11:10:48.9406053Z (pass) independently specified temporal fixtures > IANA identity [0.55ms]
verify / web	UNKNOWN STEP	2026-10-05T11:10:48.9415403Z (pass) independently specified temporal fixtures > spring gap [0.93ms]
verify / web	UNKNOWN STEP	2026-10-05T11:10:48.9421068Z (pass) independently specified temporal fixtures > autumn fold [0.52ms]
verify / web	UNKNOWN STEP	2026-10-05T11:10:48.9427352Z (pass) independently specified temporal fixtures > Sydney spring gap [0.61ms]
verify / web	UNKNOWN STEP	2026-10-05T11:10:48.9432892Z (pass) independently specified temporal fixtures > Sydney autumn fold [0.49ms]
verify / web	UNKNOWN STEP	2026-10-05T11:10:48.9438440Z (pass) independently specified temporal fixtures > date only [0.17ms]
verify / web	UNKNOWN STEP	2026-10-05T11:10:48.9439699Z (pass) independently specified temporal fixtures > month day convention [0.40ms]
verify / web	UNKNOWN STEP	2026-10-05T11:10:48.9446948Z (pass) independently specified temporal fixtures > day month convention [0.81ms]
verify / web	UNKNOWN STEP	2026-10-05T11:10:48.9456674Z (pass) independently specified temporal fixtures > header date context [0.94ms]
verify / web	UNKNOWN STEP	2026-10-05T11:10:48.9463516Z (pass) independently specified temporal fixtures > paragraph isolation [0.83ms]
verify / web	UNKNOWN STEP	2026-10-05T11:10:48.9470765Z (pass) independently specified temporal fixtures > second explicit date [0.74ms]
verify / web	UNKNOWN STEP	2026-10-05T11:10:48.9478742Z (pass) independently specified temporal fixtures > same date range [0.78ms]
verify / web	UNKNOWN STEP	2026-10-05T11:10:48.9487258Z (pass) independently specified temporal fixtures > overnight range [0.77ms]
verify / web	UNKNOWN STEP	2026-10-05T11:10:48.9493168Z (pass) independently specified temporal fixtures > Unix seconds [0.32ms]
verify / web	UNKNOWN STEP	2026-10-05T11:10:48.9498886Z (pass) independently specified temporal fixtures > Unix text order [0.63ms]
verify / web	UNKNOWN STEP	2026-10-05T11:10:48.9504918Z (pass) independently specified temporal fixtures > duplicate mentions [0.73ms]
verify / web	UNKNOWN STEP	2026-10-05T11:10:48.9512769Z (pass) independently specified temporal fixtures > distinct dates retained [0.72ms]
verify / web	UNKNOWN STEP	2026-10-05T11:10:48.9518893Z (pass) independently specified temporal fixtures > missing timezone source default [0.59ms]
verify / web	UNKNOWN STEP	2026-10-05T11:10:48.9524882Z (pass) independently specified temporal fixtures > no matching time [0.10ms]
verify / web	UNKNOWN STEP	2026-10-05T11:10:48.9530559Z (pass) independently specified temporal fixtures > HTML remains text [0.46ms]
verify / web	UNKNOWN STEP	2026-10-05T11:10:48.9532227Z (pass) independently specified temporal fixtures > relative source date at UTC midnight [0.46ms]
verify / web	UNKNOWN STEP	2026-10-05T11:10:48.9540048Z (pass) independently specified temporal fixtures > relative header in source zone [0.46ms]
verify / web	UNKNOWN STEP	2026-10-05T11:10:48.9550565Z (pass) independently specified temporal fixtures > unrelated sentence date reset [0.66ms]
verify / web	UNKNOWN STEP	2026-10-05T11:10:48.9552504Z (pass) independently specified temporal fixtures > military time with fixed zone [0.54ms]
verify / web	UNKNOWN STEP	2026-10-05T11:10:48.9559824Z (pass) independently specified temporal fixtures > military Zulu [0.37ms]
verify / web	UNKNOWN STEP	2026-10-05T11:10:48.9561869Z (pass) independently specified temporal fixtures > shorthand meridiem [0.49ms]
verify / web	UNKNOWN STEP	2026-10-05T11:10:48.9569139Z (pass) independently specified temporal fixtures > between range [0.99ms]
verify / web	UNKNOWN STEP	2026-10-05T11:10:48.9575176Z (pass) independently specified temporal fixtures > unknown IANA wins over adjacent UTC token [0.36ms]
verify / web	UNKNOWN STEP	2026-10-05T11:10:48.9580643Z (pass) independently specified temporal fixtures > leap day retained [0.54ms]
verify / web	UNKNOWN STEP	2026-10-05T11:10:48.9587028Z (pass) independently specified temporal fixtures > bare city summer rules [0.55ms]
verify / web	UNKNOWN STEP	2026-10-05T11:10:48.9592812Z (pass) independently specified temporal fixtures > city before prose [0.52ms]
verify / web	UNKNOWN STEP	2026-10-05T11:10:48.9598231Z (pass) independently specified temporal fixtures > NYC alias [0.53ms]
verify / web	UNKNOWN STEP	2026-10-05T11:10:48.9603756Z (pass) independently specified temporal fixtures > Melbourne alias [0.66ms]
verify / web	UNKNOWN STEP	2026-10-05T11:10:48.9605038Z (pass) independently specified temporal fixtures > 2015 Unix boundary [0.17ms]
verify / web	UNKNOWN STEP	2026-10-05T11:10:48.9612322Z (pass) independently specified temporal fixtures > 2035 Unix boundary [0.14ms]
verify / web	UNKNOWN STEP	2026-10-05T11:10:48.9618114Z (pass) independently specified temporal fixtures > explicit zone upgrades default duplicate [0.66ms]
verify / web	UNKNOWN STEP	2026-10-05T11:10:48.9619616Z (pass) independently specified temporal fixtures > ISO fractional seconds [0.47ms]
verify / web	UNKNOWN STEP	2026-10-05T11:10:48.9627411Z (pass) independently specified temporal fixtures > partial colloquial match must not convert wrong time [0.18ms]
verify / web	UNKNOWN STEP	2026-10-05T11:10:48.9629020Z (pass) independently specified temporal fixtures > vague approximate hour [0.13ms]
verify / web	UNKNOWN STEP	2026-10-05T11:10:48.9630346Z (pass) independently specified temporal fixtures > no invented end of business hour [0.10ms]
verify / web	UNKNOWN STEP	2026-10-05T11:10:48.9631890Z (pass) independently specified temporal fixtures > city before target-zone sentence [0.51ms]
verify / web	UNKNOWN STEP	2026-10-05T11:10:48.9633948Z (pass) independently specified temporal fixtures > city before colleague timezone [0.42ms]
verify / web	UNKNOWN STEP	2026-10-05T11:10:48.9643768Z (pass) independently specified temporal fixtures > city-qualified endpoint range [1.03ms]
verify / web	UNKNOWN STEP	2026-10-05T11:10:48.9649328Z (pass) independently specified temporal fixtures > numeric offset endpoint range [0.62ms]
verify / web	UNKNOWN STEP	2026-10-05T11:10:48.9658354Z (pass) independently specified temporal fixtures > repeated-zone overnight range [0.90ms]
verify / web	UNKNOWN STEP	2026-10-05T11:10:48.9666635Z (pass) independently specified temporal fixtures > distinct endpoint zone clocks [0.74ms]
verify / web	UNKNOWN STEP	2026-10-05T11:10:48.9677928Z (pass) independently specified temporal fixtures > regional repeated-zone overnight range [1.12ms]
verify / web	UNKNOWN STEP	2026-10-05T11:10:48.9680664Z (pass) independently specified temporal fixtures > malformed three-digit offset minutes [0.19ms]
verify / web	UNKNOWN STEP	2026-10-05T11:10:48.9683240Z (pass) independently specified temporal fixtures > malformed one-digit offset minutes [0.17ms]
verify / web	UNKNOWN STEP	2026-10-05T11:10:48.9685452Z (pass) independently specified temporal fixtures > unsupported unicode offset minus [0.18ms]
verify / web	UNKNOWN STEP	2026-10-05T11:10:48.9740224Z (pass) independently specified temporal fixtures > IANA numeric suffix identity [5.50ms]
verify / web	UNKNOWN STEP	2026-10-05T11:10:48.9749435Z (pass) independently specified temporal fixtures > lowercase fixed zone [0.86ms]
verify / web	UNKNOWN STEP	2026-10-05T11:10:48.9753488Z (pass) independently specified temporal fixtures > mixed-case fixed zone [0.44ms]
verify / web	UNKNOWN STEP	2026-10-05T11:10:48.9758050Z (pass) independently specified temporal fixtures > lowercase numeric zone [0.42ms]
verify / web	UNKNOWN STEP	2026-10-05T11:10:48.9778066Z (pass) independently specified temporal fixtures > range before colleague zone prose [0.86ms]
verify / web	UNKNOWN STEP	2026-10-05T11:10:48.9779670Z (pass) independently specified temporal fixtures > range before format zone prose [0.79ms]
verify / web	UNKNOWN STEP	2026-10-05T11:10:48.9787547Z (pass) independently specified temporal fixtures > dotted meridiem overnight range [1.03ms]
verify / web	UNKNOWN STEP	2026-10-05T11:10:48.9796122Z (pass) independently specified temporal fixtures > military endpoint zone range [0.91ms]
verify / web	UNKNOWN STEP	2026-10-05T11:10:48.9814366Z (pass) independently specified temporal fixtures > IANA qualified overnight range [1.75ms]
verify / web	UNKNOWN STEP	2026-10-05T11:10:48.9859637Z (pass) independently specified temporal fixtures > city qualified overnight range [3.53ms]
verify / web	UNKNOWN STEP	2026-10-05T11:10:48.9861828Z (pass) independently specified temporal fixtures > reject complete malformed offset UTC+05foo [0.20ms]
verify / web	UNKNOWN STEP	2026-10-05T11:10:48.9863487Z (pass) independently specified temporal fixtures > reject complete malformed offset UTC+05:30abc [0.19ms]
verify / web	UNKNOWN STEP	2026-10-05T11:10:48.9864940Z (pass) independently specified temporal fixtures > reject complete malformed offset UTC+5.5 [0.17ms]
verify / web	UNKNOWN STEP	2026-10-05T11:10:48.9867148Z (pass) independently specified temporal fixtures > reject complete malformed offset GMT+2.5 [0.16ms]
verify / web	UNKNOWN STEP	2026-10-05T11:10:48.9868984Z (pass) independently specified temporal fixtures > range propagates trailing explicit date [0.87ms]
verify / web	UNKNOWN STEP	2026-10-05T11:10:48.9899110Z (pass) independently specified temporal fixtures > range infers trailing next year [1.09ms]
verify / web	UNKNOWN STEP	2026-10-05T11:10:48.9900583Z (pass) independently specified temporal fixtures > range second precision rollover [1.07ms]
verify / web	UNKNOWN STEP	2026-10-05T11:10:48.9903008Z (pass) independently specified temporal fixtures > cross-city civil overnight range [1.16ms]
verify / web	UNKNOWN STEP	2026-10-05T11:10:48.9925654Z (pass) independently specified temporal fixtures > bare city overnight range [1.24ms]
verify / web	UNKNOWN STEP	2026-10-05T11:10:48.9932399Z (pass) independently specified temporal fixtures > qualified until city range [1.49ms]
verify / web	UNKNOWN STEP	2026-10-05T11:10:48.9934096Z (pass) independently specified temporal fixtures > reject repeated offset sign [0.20ms]
verify / web	UNKNOWN STEP	2026-10-05T11:10:48.9937962Z (pass) independently specified temporal fixtures > reject malformed sign UTC++5 [0.22ms]
verify / web	UNKNOWN STEP	2026-10-05T11:10:48.9940181Z (pass) independently specified temporal fixtures > reject malformed sign UTC+-5 [0.15ms]
verify / web	UNKNOWN STEP	2026-10-05T11:10:48.9942570Z (pass) independently specified temporal fixtures > reject malformed sign UTC+ [0.15ms]
verify / web	UNKNOWN STEP	2026-10-05T11:10:48.9975572Z (pass) formatting rolls into next day and copy includes full context [3.29ms]
verify / web	UNKNOWN STEP	2026-10-05T11:10:48.9984665Z (pass) negative fractional offset never invents a location [0.85ms]
verify / web	UNKNOWN STEP	2026-10-05T11:10:48.9999648Z (pass) short fuzzy city and unknown guesses are rejected [1.46ms]
verify / web	UNKNOWN STEP	2026-10-05T11:10:49.0020642Z (pass) valid input at limit converts; arbitrary numbers and milliseconds stay unparsed [2.02ms]
verify / web	UNKNOWN STEP	2026-10-05T11:10:49.0028606Z (pass) range keeps textual identities and both endpoints [0.81ms]
verify / web	UNKNOWN STEP	2026-10-05T11:10:49.0031326Z (pass) input limit and invalid target give actionable errors [0.17ms]
verify / web	UNKNOWN STEP	2026-10-05T11:10:49.0046920Z (pass) reference date override leaves source zone independent of target [1.52ms]
verify / web	UNKNOWN STEP	2026-10-05T11:10:49.0048587Z 
verify / web	UNKNOWN STEP	2026-10-05T11:10:49.0049324Z ##[endgroup]
verify / web	UNKNOWN STEP	2026-10-05T11:10:49.0049776Z 
verify / web	UNKNOWN STEP	2026-10-05T11:10:49.0050449Z ##[group]tests/preview.test.ts:
verify / web	UNKNOWN STEP	2026-10-05T11:10:49.0873229Z (pass) preview publication accepts identical trees and rejects merged content differences [81.56ms]
verify / web	UNKNOWN STEP	2026-10-05T11:10:49.0880861Z 
verify / web	UNKNOWN STEP	2026-10-05T11:10:49.0881627Z ##[endgroup]
verify / web	UNKNOWN STEP	2026-10-05T11:10:49.0881852Z 
verify / web	UNKNOWN STEP	2026-10-05T11:10:49.0881996Z  116 pass
verify / web	UNKNOWN STEP	2026-10-05T11:10:49.0882328Z  0 fail
verify / web	UNKNOWN STEP	2026-10-05T11:10:49.0882654Z  727 expect() calls
verify / web	UNKNOWN STEP	2026-10-05T11:10:49.0883048Z Ran 116 tests across 6 files. [496.00ms]
verify / web	UNKNOWN STEP	2026-10-05T11:10:49.0982547Z $ bun run typecheck && bun scripts/third-party-notices.ts && bunx --bun vite build && bun scripts/build-offline.ts
verify / web	UNKNOWN STEP	2026-10-05T11:10:49.1005441Z $ bunx --bun tsc --noEmit
verify / web	UNKNOWN STEP	2026-10-05T11:10:49.7566777Z Included notices for 19 production packages.
verify / web	UNKNOWN STEP	2026-10-05T11:10:50.0061731Z ^[[36mvite v8.3.2 ^[[32mbuilding client environment for production...^[[36m^[[39m
verify / web	UNKNOWN STEP	2026-10-05T11:10:50.0140747Z transforming...
verify / web	UNKNOWN STEP	2026-10-05T11:10:50.2882941Z ✓ 644 modules transformed.
verify / web	UNKNOWN STEP	2026-10-05T11:10:50.3455183Z rendering chunks...
verify / web	UNKNOWN STEP	2026-10-05T11:10:50.4533181Z computing gzip size...
verify / web	UNKNOWN STEP	2026-10-05T11:10:50.4644192Z dist/index.html                                    0.80 kB │ gzip:   0.44 kB
verify / web	UNKNOWN STEP	2026-10-05T11:10:50.4645119Z dist/assets/geist-latin-variable-Dm3htQBi.woff2   28.40 kB
verify / web	UNKNOWN STEP	2026-10-05T11:10:50.4645909Z dist/assets/worker-C690IjaR.js                   221.14 kB
verify / web	UNKNOWN STEP	2026-10-05T11:10:50.4646848Z dist/assets/index-Bst_xchV.css                    20.74 kB │ gzip:   4.83 kB
verify / web	UNKNOWN STEP	2026-10-05T11:10:50.4647874Z dist/assets/index-B3d9YDa-.js                    775.64 kB │ gzip: 235.35 kB
verify / web	UNKNOWN STEP	2026-10-05T11:10:50.4648731Z 
verify / web	UNKNOWN STEP	2026-10-05T11:10:50.4649731Z ^[[32m✓ built in 459ms^[[39m
verify / web	UNKNOWN STEP	2026-10-05T11:10:50.4657072Z ^[[33m[plugin builtin:vite-reporter] 
verify / web	UNKNOWN STEP	2026-10-05T11:10:50.4662055Z (!) Some chunks are larger than 500 kB after minification. Consider:
verify / web	UNKNOWN STEP	2026-10-05T11:10:50.4662975Z - Using dynamic import() to code-split the application
verify / web	UNKNOWN STEP	2026-10-05T11:10:50.4664331Z - Use build.rolldownOptions.output.codeSplitting to improve chunking: https://rolldown.rs/reference/OutputOptions.codeSplitting
verify / web	UNKNOWN STEP	2026-10-05T11:10:50.4666144Z - Adjust chunk size limit for this warning via build.chunkSizeWarningLimit.^[[39m
verify / web	UNKNOWN STEP	2026-10-05T11:10:50.4993529Z Offline version bceda7d10648826d: 13 local assets, /
verify / web	UNKNOWN STEP	2026-10-05T11:10:50.5093000Z ##[group]Run bun run corpus:audit
verify / web	UNKNOWN STEP	2026-10-05T11:10:50.5093366Z ^[[36;1mbun run corpus:audit^[[0m
verify / web	UNKNOWN STEP	2026-10-05T11:10:50.5093829Z ^[[36;1mdiff -u "$RUNNER_TEMP/chronoshift-corpus-audit.json" docs/planning/corpus-audit.json^[[0m
verify / web	UNKNOWN STEP	2026-10-05T11:10:50.5094472Z shell: bash --noprofile --norc -e -o pipefail {0}
verify / web	UNKNOWN STEP	2026-10-05T11:10:50.5094776Z env:
verify / web	UNKNOWN STEP	2026-10-05T11:10:50.5095003Z   PLAYWRIGHT_BROWSERS_PATH: /ms-playwright
verify / web	UNKNOWN STEP	2026-10-05T11:10:50.5095304Z   PLAYWRIGHT_IMAGE_VERSION: 1.63.0
verify / web	UNKNOWN STEP	2026-10-05T11:10:50.5095605Z   CHRONOSHIFT_CI_TIMING: 0
verify / web	UNKNOWN STEP	2026-10-05T11:10:50.5095863Z   PUBLISH_PAGES: true
verify / web	UNKNOWN STEP	2026-10-05T11:10:50.5096088Z   MISE_LOG_LEVEL: info
verify / web	UNKNOWN STEP	2026-10-05T11:10:50.5098888Z   MISE_GITHUB_TOKEN: ***
verify / web	UNKNOWN STEP	2026-10-05T11:10:50.5099230Z   MISE_TRUSTED_CONFIG_PATHS: /__w/ChronoShift/ChronoShift
verify / web	UNKNOWN STEP	2026-10-05T11:10:50.5099566Z   MISE_YES: 1
verify / web	UNKNOWN STEP	2026-10-05T11:10:50.5099768Z ##[endgroup]
verify / web	UNKNOWN STEP	2026-10-05T11:10:50.5736537Z $ bun scripts/audit-corpus.ts
verify / web	UNKNOWN STEP	2026-10-05T11:10:50.9274735Z 353 real inputs exercised; 0 crashes; 29 cases need review of legacy expectations or parser gaps.
verify / web	UNKNOWN STEP	2026-10-05T11:10:50.9451239Z ##[group]Run bun scripts/ci-environment.ts before
verify / web	UNKNOWN STEP	2026-10-05T11:10:50.9452158Z ^[[36;1mbun scripts/ci-environment.ts before^[[0m
verify / web	UNKNOWN STEP	2026-10-05T11:10:50.9452692Z ^[[36;1mbun run test:browser^[[0m
verify / web	UNKNOWN STEP	2026-10-05T11:10:50.9453357Z shell: bash --noprofile --norc -e -o pipefail {0}
verify / web	UNKNOWN STEP	2026-10-05T11:10:50.9453881Z env:
verify / web	UNKNOWN STEP	2026-10-05T11:10:50.9454252Z   PLAYWRIGHT_BROWSERS_PATH: /ms-playwright
verify / web	UNKNOWN STEP	2026-10-05T11:10:50.9454776Z   PLAYWRIGHT_IMAGE_VERSION: 1.63.0
verify / web	UNKNOWN STEP	2026-10-05T11:10:50.9455230Z   CHRONOSHIFT_CI_TIMING: 0
verify / web	UNKNOWN STEP	2026-10-05T11:10:50.9455631Z   PUBLISH_PAGES: true
verify / web	UNKNOWN STEP	2026-10-05T11:10:50.9456005Z   MISE_LOG_LEVEL: info
verify / web	UNKNOWN STEP	2026-10-05T11:10:50.9461847Z   MISE_GITHUB_TOKEN: ***
verify / web	UNKNOWN STEP	2026-10-05T11:10:50.9462413Z   MISE_TRUSTED_CONFIG_PATHS: /__w/ChronoShift/ChronoShift
verify / web	UNKNOWN STEP	2026-10-05T11:10:50.9462981Z   MISE_YES: 1
verify / web	UNKNOWN STEP	2026-10-05T11:10:50.9463322Z ##[endgroup]
verify / web	UNKNOWN STEP	2026-10-05T11:10:51.0177105Z [ci-environment] {"at":"2026-10-05T11:10:51.016Z","phase":"before","platform":"linux","architecture":"x64","osRelease":"6.17.0-1022-azure","availableParallelism":4,"logicalCpus":4,"cpuModel":"AMD EPYC 7763 64-Core Processor","totalMemoryBytes":16766414848,"cgroup":{"cpu.max":"max 100000","cpu.stat":"usage_usec 18776197\nuser_usec 15213738\nsystem_usec 3562459\nnice_usec 0\ncore_sched.force_idle_usec 0\nnr_periods 0\nnr_throttled 0\nthrottled_usec 0\nnr_bursts 0\nburst_usec 0","memory.max":"max","memory.peak":"1400320000","memory.events":"low 0\nhigh 0\nmax 0\noom 0\noom_kill 0\noom_group_kill 0"}}
verify / web	UNKNOWN STEP	2026-10-05T11:10:51.0213081Z $ bunx --bun playwright test
verify / web	UNKNOWN STEP	2026-10-05T11:10:52.0407525Z 
verify / web	UNKNOWN STEP	2026-10-05T11:10:52.0408034Z Running 273 tests using 4 workers
verify / web	UNKNOWN STEP	2026-10-05T11:10:52.0408404Z 
verify / web	UNKNOWN STEP	2026-10-05T11:10:54.6380958Z   ✓    4 [foldable] › e2e/foldable.spec.ts:112:0 › notch and home-indicator safe areas inset the task (1.5s)
verify / web	UNKNOWN STEP	2026-10-05T11:10:55.3450977Z   ✓    2 [foldable] › e2e/foldable.spec.ts:70:0 › tabletop posture confines the scrollable task to the upper screen (2.2s)
verify / web	UNKNOWN STEP	2026-10-05T11:10:56.0273482Z   ✓    1 [foldable] › e2e/foldable.spec.ts:4:0 › input and results avoid a vertical hinge and survive folding (2.9s)
verify / web	UNKNOWN STEP	2026-10-05T11:10:57.4722511Z   ✓    3 [chromium] › e2e/app.spec.ts:6:0 › worker failure recovers and a late response cannot resurrect cleared input (4.3s)
verify / web	UNKNOWN STEP	2026-10-05T11:10:58.9774863Z   ✓    5 [chromium] › e2e/app.spec.ts:67:0 › an intact offline app survives a failed registration check while changing target zones (3.4s)
verify / web	UNKNOWN STEP	2026-10-05T11:10:59.2793428Z   ✓    6 [chromium] › e2e/app.spec.ts:90:0 › a delayed failed readiness probe cannot overwrite a newer successful check (2.9s)
verify / web	UNKNOWN STEP	2026-10-05T11:10:59.7415714Z   ✓    7 [chromium] › e2e/app.spec.ts:130:0 › missing cache reports incomplete and reconnect repairs the complete offline app (2.6s)
verify / web	UNKNOWN STEP	2026-10-05T11:10:59.8035715Z   ✓    8 [chromium] › e2e/app.spec.ts:162:0 › pasted HTML cannot execute or fetch its URL (2.3s)
verify / web	UNKNOWN STEP	2026-10-05T11:11:00.9784253Z   ✓    9 [chromium] › e2e/app.spec.ts:182:0 › convert, inspect ambiguity, copy manually and protect privacy (2.0s)
verify / web	UNKNOWN STEP	2026-10-05T11:11:02.1864705Z   ✓   10 [chromium] › e2e/app.spec.ts:215:0 › close and reopen offline, then convert previously unseen input (2.9s)
verify / web	UNKNOWN STEP	2026-10-05T11:11:03.4795771Z   ✓   11 [chromium] › e2e/app.spec.ts:239:0 › preferences persist, input does not; denied storage still converts (3.7s)
verify / web	UNKNOWN STEP	2026-10-05T11:11:03.6854167Z   ✓   14 [chromium] › e2e/app.spec.ts:340:0 › offline POST share is single-use and never places message in URL (1.5s)
verify / web	UNKNOWN STEP	2026-10-05T11:11:04.2075806Z   ✓   12 [chromium] › e2e/app.spec.ts:267:0 › input errors recover, edits invalidate results, keyboard keeps multiline input (4.4s)
verify / web	UNKNOWN STEP	2026-10-05T11:11:06.2697294Z   ✓   13 [chromium] › e2e/app.spec.ts:286:0 › readable at 320px, dark mode, with no serious accessibility violations (5.3s)
verify / web	UNKNOWN STEP	2026-10-05T11:11:09.0473242Z   ✓   15 [chromium] › e2e/app.spec.ts:378:0 › an update waits, preserves draft on opt-in, and survives a partial next update (5.6s)
verify / web	UNKNOWN STEP	2026-10-05T11:11:11.6967131Z   ✓   17 [chromium] › e2e/controls.spec.ts:232:0 › choice menus support keyboard selection, nested Escape and pointer dismissal (7.5s)
verify / web	UNKNOWN STEP	2026-10-05T11:11:12.3120824Z   ✓   19 [chromium] › e2e/controls.spec.ts:407:0 › hovering timezone suggestions preserves typed values while explicit selections still commit (3.2s)
verify / web	UNKNOWN STEP	2026-10-05T11:11:12.8356800Z   ✓   18 [chromium] › e2e/controls.spec.ts:339:0 › timezone search preserves freeform offsets and recovers from empty and invalid choices (6.5s)
verify / web	UNKNOWN STEP	2026-10-05T11:11:15.1763406Z   ✓   22 [chromium] › e2e/copy-focus.spec.ts:317:0 › same-owner keyboard intent keeps the newer owner (2.3s)
verify / web	UNKNOWN STEP	2026-10-05T11:11:15.1769351Z   ✓   21 [chromium] › e2e/copy-focus.spec.ts:296:0 › an unchanged copy owner still receives selected manual fallback text (2.8s)
verify / web	UNKNOWN STEP	2026-10-05T11:11:16.1698974Z   ✓   20 [chromium] › e2e/copy-focus.spec.ts:262:0 › a deferred manual-copy focus frame cannot steal a new target keyboard edit (4.4s)
verify / web	UNKNOWN STEP	2026-10-05T11:11:17.7551076Z   ✓   24 [chromium] › e2e/diagnostics.spec.ts:84:0 › detailed logging survives a tab reload and reset preferences disables it (2.5s)
verify / web	UNKNOWN STEP	2026-10-05T11:11:18.7621669Z   ✓   25 [chromium] › e2e/diagnostics.spec.ts:114:0 › detailed logs still work in memory when session storage is denied (2.6s)
verify / web	UNKNOWN STEP	2026-10-05T11:11:19.5324761Z   ✓   23 [chromium] › e2e/diagnostics.spec.ts:12:0 › detailed logs are opt-in, local, exclude message and selected zones, and stop when disabled (4.3s)
verify / web	UNKNOWN STEP	2026-10-05T11:11:19.8683070Z   ✓   16 [chromium] › e2e/controls.spec.ts:55:0 › themed choices align and their opened menus fit every breakpoint without losing work (16.2s)
verify / web	UNKNOWN STEP	2026-10-05T11:11:20.5876737Z   ✓   26 [chromium] › e2e/diagnostics.spec.ts:145:0 › a retired release repairs only missing files using its intact cached assets (2.8s)
verify / web	UNKNOWN STEP	2026-10-05T11:11:20.8699227Z   ✓   27 [chromium] › e2e/diagnostics.spec.ts:191:0 › corrupt cached files fail integrity checks and detailed logs identify bounded repair failure (2.1s)
verify / web	UNKNOWN STEP	2026-10-05T11:11:22.1746818Z   ✓   29 [chromium] › e2e/engine.spec.ts:4:0 › independent exact fixture expectations run in the production browser worker (2.3s)
verify / web	UNKNOWN STEP	2026-10-05T11:11:25.0021581Z   ✓   32 [chromium] › e2e/imports.spec.ts:173:0 › an unresolved target hides copyable fallback results and correction restores the source interpretation (2.8s)
verify / web	UNKNOWN STEP	2026-10-05T11:11:25.9917101Z   ✓   28 [chromium] › e2e/diagnostics.spec.ts:232:0 › waiting updates remain actionable when a current cache probe times out (6.4s)
verify / web	UNKNOWN STEP	2026-10-05T11:11:26.4608824Z   ✓   30 [chromium] › e2e/imports.spec.ts:5:2 › delayed clipboard offers replacement instead of overwriting edited or cleared work (5.8s)
verify / web	UNKNOWN STEP	2026-10-05T11:11:27.2001098Z   ✓   31 [chromium] › e2e/imports.spec.ts:5:2 › delayed share offers replacement instead of overwriting edited or cleared work (6.3s)
verify / web	UNKNOWN STEP	2026-10-05T11:11:28.3225101Z   ✓   36 [chromium] › e2e/motion.spec.ts:61:0 › reduced motion keeps live feedback and usable results without animation (1.1s)
verify / web	UNKNOWN STEP	2026-10-05T11:11:29.4542876Z   ✓   33 [chromium] › e2e/live.spec.ts:4:0 › typing, pasted text and conversion settings update without submission (4.4s)
verify / web	UNKNOWN STEP	2026-10-05T11:11:30.4623191Z   ✓   37 [chromium] › e2e/offline-install.spec.ts:31:0 › a transient initial registration failure retries before any controller exists (2.1s)
verify / web	UNKNOWN STEP	2026-10-05T11:11:30.9979644Z   ✓   34 [chromium] › e2e/live.spec.ts:30:0 › composition defers conversion and queued work cannot overwrite a newer draft (5.0s)
verify / web	UNKNOWN STEP	2026-10-05T11:11:31.8135008Z   ✓   39 [chromium] › e2e/offline-install.spec.ts:82:0 › a stale mutable release marker is refetched and checked before offline readiness (1.3s)
verify / web	UNKNOWN STEP	2026-10-05T11:11:31.8231411Z   ✓   38 [chromium] › e2e/offline-install.spec.ts:59:0 › slow first installation clears its expired warning without losing conversion (2.4s)
verify / web	UNKNOWN STEP	2026-10-05T11:11:32.6949438Z   ✓   35 [chromium] › e2e/motion.spec.ts:4:0 › live feedback covers debounce and worker completion, then settles or cancels (6.2s)
verify / web	UNKNOWN STEP	2026-10-05T11:11:33.8056724Z   ✓   40 [chromium] › e2e/offline-install.spec.ts:106:0 › a rejected first installation retries without reloading or clearing input (2.8s)
verify / web	UNKNOWN STEP	2026-10-05T11:11:34.6843422Z   ✓   42 [chromium] › e2e/offline-install.spec.ts:155:0 › HTML response rewriting cannot break first installation or offline navigation (2.8s)
verify / web	UNKNOWN STEP	2026-10-05T11:11:35.2796399Z   ✓   43 [chromium] › e2e/privacy.spec.ts:6:2 › legacy lens preferences migrate, reset removes them and quota failures keep conversion usable (2.6s)
verify / web	UNKNOWN STEP	2026-10-05T11:11:36.0084928Z   ✓   45 [chromium] › e2e/privacy.spec.ts:85:0 › invalid and oversized local shares return a paste fallback without storing text (1.3s)
verify / web	UNKNOWN STEP	2026-10-05T11:11:37.1965537Z   ✓   44 [chromium] › e2e/privacy.spec.ts:6:2 › legacy command preferences migrate, reset removes them and quota failures keep conversion usable (3.4s)
verify / web	UNKNOWN STEP	2026-10-05T11:11:37.9003997Z   ✓   46 [chromium] › e2e/privacy.spec.ts:119:0 › expired and invalid temporary text is consumed and erased without restoring it (2.6s)
verify / web	UNKNOWN STEP	2026-10-05T11:11:38.2877597Z   ✓   41 [chromium] › e2e/offline-install.spec.ts:126:0 › persistently wrong release bytes never activate or claim offline readiness (6.5s)
verify / web	UNKNOWN STEP	2026-10-05T11:11:39.1674118Z   ✓   49 [chromium] › e2e/responsive.spec.ts:83:0 › touch-sized controls and keyboard navigation remain usable in a short viewport (1.3s)
verify / web	UNKNOWN STEP	2026-10-05T11:11:40.1873488Z   ✓   47 [chromium] › e2e/privacy.spec.ts:223:0 › denied update storage keeps the draft active and requires clearing before reload (4.2s)
verify / web	UNKNOWN STEP	2026-10-05T11:11:41.2508200Z   ✓   48 [chromium] › e2e/responsive.spec.ts:4:0 › reflows across cover screens, phones, tablets and desktops without losing work (4.0s)
verify / web	UNKNOWN STEP	2026-10-05T11:11:41.6772111Z   ✓   50 [chromium] › e2e/uncontrolled.spec.ts:102:0 › an activated worker reclaims a hard-refreshed tab without reloading its draft (3.4s)
verify / web	UNKNOWN STEP	2026-10-05T11:11:43.3319122Z   ✓   53 [chromium] › e2e/updates.spec.ts:6:0 › repair refuses another release and leaves the existing offline shell intact (2.1s)
verify / web	UNKNOWN STEP	2026-10-05T11:11:46.2294956Z   ✓   52 [chromium] › e2e/uncontrolled.spec.ts:227:0 › an older active worker cannot mark an uncontrolled tab ready or activate its waiting update (6.0s)
verify / web	UNKNOWN STEP	2026-10-05T11:11:46.4949589Z   ✓   51 [chromium] › e2e/uncontrolled.spec.ts:135:0 › an explicit update recovers a timed-out readiness probe without another reload (7.3s)
verify / web	UNKNOWN STEP	2026-10-05T11:11:46.5217855Z   ✓   54 [chromium] › e2e/updates.spec.ts:45:0 › an interrupted rollback preserves a retained cache and its old tab worker (4.8s)
verify / web	UNKNOWN STEP	2026-10-05T11:11:46.9578314Z   ✓   55 [chromium] › e2e/updates.spec.ts:93:0 › oversized drafts block an update until they can be safely preserved (3.6s)
verify / web	UNKNOWN STEP	2026-10-05T11:11:53.7645839Z   ✓   58 [firefox] › e2e/app.spec.ts:6:0 › worker failure recovers and a late response cannot resurrect cleared input (5.6s)
verify / web	UNKNOWN STEP	2026-10-05T11:11:55.4674395Z   ✓   59 [firefox] › e2e/app.spec.ts:67:0 › an intact offline app survives a failed registration check while changing target zones (6.2s)
verify / web	UNKNOWN STEP	2026-10-05T11:11:56.9341901Z   ✓   60 [firefox] › e2e/app.spec.ts:90:0 › a delayed failed readiness probe cannot overwrite a newer successful check (3.1s)
verify / web	UNKNOWN STEP	2026-10-05T11:11:57.5953211Z   ✓   56 [chromium] › e2e/updates.spec.ts:209:0 › old and new tabs retain their own workers across successive releases and offline restart (11.3s)
verify / web	UNKNOWN STEP	2026-10-05T11:11:58.2212374Z   ✓   57 [chromium] › e2e/updates.spec.ts:270:0 › rollback preserves draft and preferences and removes obsolete caches with one remaining tab (11.7s)
verify / web	UNKNOWN STEP	2026-10-05T11:11:59.4877654Z   ✓   61 [firefox] › e2e/app.spec.ts:130:0 › missing cache reports incomplete and reconnect repairs the complete offline app (4.0s)
verify / web	UNKNOWN STEP	2026-10-05T11:11:59.6864162Z   ✓   62 [firefox] › e2e/app.spec.ts:162:0 › pasted HTML cannot execute or fetch its URL (2.7s)
verify / web	UNKNOWN STEP	2026-10-05T11:12:04.7512020Z   ✓   63 [firefox] › e2e/app.spec.ts:182:0 › convert, inspect ambiguity, copy manually and protect privacy (5.5s)
verify / web	UNKNOWN STEP	2026-10-05T11:12:05.2891551Z   ✓   65 [firefox] › e2e/app.spec.ts:239:0 › preferences persist, input does not; denied storage still converts (5.8s)
verify / web	UNKNOWN STEP	2026-10-05T11:12:05.9567980Z   ✓   66 [firefox] › e2e/app.spec.ts:267:0 › input errors recover, edits invalidate results, keyboard keeps multiline input (6.2s)
verify / web	UNKNOWN STEP	2026-10-05T11:12:06.1723131Z   ✓   64 [firefox] › e2e/app.spec.ts:215:0 › close and reopen offline, then convert previously unseen input (6.0s)
verify / web	UNKNOWN STEP	2026-10-05T11:12:08.9778813Z   ✓   68 [firefox] › e2e/app.spec.ts:340:0 › offline POST share is single-use and never places message in URL (3.7s)
verify / web	UNKNOWN STEP	2026-10-05T11:12:11.3272200Z   ✓   67 [firefox] › e2e/app.spec.ts:286:0 › readable at 320px, dark mode, with no serious accessibility violations (6.6s)
verify / web	UNKNOWN STEP	2026-10-05T11:12:13.9351887Z   ✓   69 [firefox] › e2e/app.spec.ts:378:0 › an update waits, preserves draft on opt-in, and survives a partial next update (8.0s)
verify / web	UNKNOWN STEP	2026-10-05T11:12:19.4529010Z   ✓   73 [firefox] › e2e/controls.spec.ts:407:0 › hovering timezone suggestions preserves typed values while explicit selections still commit (5.5s)
verify / web	UNKNOWN STEP	2026-10-05T11:12:19.5417694Z   ✓   71 [firefox] › e2e/controls.spec.ts:232:0 › choice menus support keyboard selection, nested Escape and pointer dismissal (10.5s)
verify / web	UNKNOWN STEP	2026-10-05T11:12:21.1309634Z   ✓   72 [firefox] › e2e/controls.spec.ts:339:0 › timezone search preserves freeform offsets and recovers from empty and invalid choices (9.8s)
verify / web	UNKNOWN STEP	2026-10-05T11:12:22.7538475Z   ✓   75 [firefox] › e2e/copy-focus.spec.ts:296:0 › an unchanged copy owner still receives selected manual fallback text (3.2s)
verify / web	UNKNOWN STEP	2026-10-05T11:12:24.1610825Z   ✓   76 [firefox] › e2e/copy-focus.spec.ts:317:0 › same-owner keyboard intent keeps the newer owner (3.0s)
verify / web	UNKNOWN STEP	2026-10-05T11:12:24.5936082Z   ✓   74 [firefox] › e2e/copy-focus.spec.ts:262:0 › a deferred manual-copy focus frame cannot steal a new target keyboard edit (5.1s)
verify / web	UNKNOWN STEP	2026-10-05T11:12:27.2028706Z   ✓   78 [firefox] › e2e/diagnostics.spec.ts:84:0 › detailed logging survives a tab reload and reset preferences disables it (3.0s)
verify / web	UNKNOWN STEP	2026-10-05T11:12:27.2999858Z   ✓   79 [firefox] › e2e/diagnostics.spec.ts:114:0 › detailed logs still work in memory when session storage is denied (2.7s)
verify / web	UNKNOWN STEP	2026-10-05T11:12:27.5926174Z   ✓   77 [firefox] › e2e/diagnostics.spec.ts:12:0 › detailed logs are opt-in, local, exclude message and selected zones, and stop when disabled (4.8s)
verify / web	UNKNOWN STEP	2026-10-05T11:12:30.1299167Z   ✓   81 [firefox] › e2e/diagnostics.spec.ts:191:0 › corrupt cached files fail integrity checks and detailed logs identify bounded repair failure (2.8s)
verify / web	UNKNOWN STEP	2026-10-05T11:12:31.1057077Z   ✓   80 [firefox] › e2e/diagnostics.spec.ts:145:0 › a retired release repairs only missing files using its intact cached assets (3.9s)
verify / web	UNKNOWN STEP	2026-10-05T11:12:33.6228478Z   ✓   83 [firefox] › e2e/engine.spec.ts:4:0 › independent exact fixture expectations run in the production browser worker (3.5s)
verify / web	UNKNOWN STEP	2026-10-05T11:12:34.5302104Z   ✓   82 [firefox] › e2e/diagnostics.spec.ts:232:0 › waiting updates remain actionable when a current cache probe times out (6.9s)
verify / web	UNKNOWN STEP	2026-10-05T11:12:36.1576781Z   ✓   70 [firefox] › e2e/controls.spec.ts:55:0 › themed choices align and their opened menus fit every breakpoint without losing work (30.0s)
verify / web	UNKNOWN STEP	2026-10-05T11:12:39.0773247Z   ✓   86 [firefox] › e2e/imports.spec.ts:173:0 › an unresolved target hides copyable fallback results and correction restores the source interpretation (4.5s)
verify / web	UNKNOWN STEP	2026-10-05T11:12:39.5126723Z   ✓   84 [firefox] › e2e/imports.spec.ts:5:2 › delayed clipboard offers replacement instead of overwriting edited or cleared work (8.4s)
verify / web	UNKNOWN STEP	2026-10-05T11:12:42.0994377Z   ✓   87 [firefox] › e2e/live.spec.ts:4:0 › typing, pasted text and conversion settings update without submission (5.9s)
verify / web	UNKNOWN STEP	2026-10-05T11:12:43.9187062Z   ✓   85 [firefox] › e2e/imports.spec.ts:5:2 › delayed share offers replacement instead of overwriting edited or cleared work (10.3s)
verify / web	UNKNOWN STEP	2026-10-05T11:12:44.1097586Z   ✓   90 [firefox] › e2e/motion.spec.ts:61:0 › reduced motion keeps live feedback and usable results without animation (2.0s)
verify / web	UNKNOWN STEP	2026-10-05T11:12:46.4522800Z   ✓   88 [firefox] › e2e/live.spec.ts:30:0 › composition defers conversion and queued work cannot overwrite a newer draft (7.3s)
verify / web	UNKNOWN STEP	2026-10-05T11:12:46.4959869Z   ✓   91 [firefox] › e2e/offline-install.spec.ts:31:0 › a transient initial registration failure retries before any controller exists (2.6s)
verify / web	UNKNOWN STEP	2026-10-05T11:12:47.1471935Z   ✓   89 [firefox] › e2e/motion.spec.ts:4:0 › live feedback covers debounce and worker completion, then settles or cancels (7.6s)
verify / web	UNKNOWN STEP	2026-10-05T11:12:47.9907111Z   ✓   92 [firefox] › e2e/offline-install.spec.ts:59:0 › slow first installation clears its expired warning without losing conversion (3.8s)
verify / web	UNKNOWN STEP	2026-10-05T11:12:49.8576195Z   ✓   93 [firefox] › e2e/offline-install.spec.ts:82:0 › a stale mutable release marker is refetched and checked before offline readiness (3.4s)
verify / web	UNKNOWN STEP	2026-10-05T11:12:49.9461789Z   ✓   94 [firefox] › e2e/offline-install.spec.ts:106:0 › a rejected first installation retries without reloading or clearing input (3.4s)
verify / web	UNKNOWN STEP	2026-10-05T11:12:52.3763294Z   ✓   96 [firefox] › e2e/offline-install.spec.ts:155:0 › HTML response rewriting cannot break first installation or offline navigation (4.4s)
verify / web	UNKNOWN STEP	2026-10-05T11:12:54.6627422Z   ✓   95 [firefox] › e2e/offline-install.spec.ts:126:0 › persistently wrong release bytes never activate or claim offline readiness (7.5s)
verify / web	UNKNOWN STEP	2026-10-05T11:12:54.8320930Z   ✓   99 [firefox] › e2e/privacy.spec.ts:85:0 › invalid and oversized local shares return a paste fallback without storing text (2.4s)
verify / web	UNKNOWN STEP	2026-10-05T11:12:55.3874212Z   ✓   97 [firefox] › e2e/privacy.spec.ts:6:2 › legacy lens preferences migrate, reset removes them and quota failures keep conversion usable (5.5s)
verify / web	UNKNOWN STEP	2026-10-05T11:12:55.5005872Z   ✓   98 [firefox] › e2e/privacy.spec.ts:6:2 › legacy command preferences migrate, reset removes them and quota failures keep conversion usable (5.5s)
verify / web	UNKNOWN STEP	2026-10-05T11:12:58.3551930Z   ✓  103 [firefox] › e2e/responsive.spec.ts:83:0 › touch-sized controls and keyboard navigation remain usable in a short viewport (2.8s)
verify / web	UNKNOWN STEP	2026-10-05T11:12:59.1857444Z   -  104 [firefox] › e2e/uncontrolled.spec.ts:102:0 › an activated worker reclaims a hard-refreshed tab without reloading its draft
verify / web	UNKNOWN STEP	2026-10-05T11:12:59.7209004Z   ✓  101 [firefox] › e2e/privacy.spec.ts:223:0 › denied update storage keeps the draft active and requires clearing before reload (4.9s)
verify / web	UNKNOWN STEP	2026-10-05T11:12:59.9198699Z   -  105 [firefox] › e2e/uncontrolled.spec.ts:135:0 › an explicit update recovers a timed-out readiness probe without another reload
verify / web	UNKNOWN STEP	2026-10-05T11:13:00.5038781Z   -  106 [firefox] › e2e/uncontrolled.spec.ts:227:0 › an older active worker cannot mark an uncontrolled tab ready or activate its waiting update
verify / web	UNKNOWN STEP	2026-10-05T11:13:02.6957649Z   ✓  102 [firefox] › e2e/responsive.spec.ts:4:0 › reflows across cover screens, phones, tablets and desktops without losing work (7.3s)
verify / web	UNKNOWN STEP	2026-10-05T11:13:03.4098222Z   ✓  100 [firefox] › e2e/privacy.spec.ts:119:0 › expired and invalid temporary text is consumed and erased without restoring it (8.7s)
verify / web	UNKNOWN STEP	2026-10-05T11:13:03.6617719Z   ✓  107 [firefox] › e2e/updates.spec.ts:6:0 › repair refuses another release and leaves the existing offline shell intact (3.7s)
verify / web	UNKNOWN STEP	2026-10-05T11:13:07.9073040Z   ✓  109 [firefox] › e2e/updates.spec.ts:93:0 › oversized drafts block an update until they can be safely preserved (5.2s)
verify / web	UNKNOWN STEP	2026-10-05T11:13:10.8304331Z   ✓  108 [firefox] › e2e/updates.spec.ts:45:0 › an interrupted rollback preserves a retained cache and its old tab worker (10.3s)
verify / web	UNKNOWN STEP	2026-10-05T11:13:16.5860574Z   ✓  111 [firefox] › e2e/updates.spec.ts:270:0 › rollback preserves draft and preferences and removes obsolete caches with one remaining tab (12.9s)
verify / web	UNKNOWN STEP	2026-10-05T11:13:17.4984254Z   ✓  112 [webkit] › e2e/app.spec.ts:6:0 › worker failure recovers and a late response cannot resurrect cleared input (6.7s)
verify / web	UNKNOWN STEP	2026-10-05T11:13:17.8276111Z   ✓  113 [webkit] › e2e/app.spec.ts:67:0 › an intact offline app survives a failed registration check while changing target zones (5.2s)
verify / web	UNKNOWN STEP	2026-10-05T11:13:19.2803475Z   ✓  110 [firefox] › e2e/updates.spec.ts:209:0 › old and new tabs retain their own workers across successive releases and offline restart (15.8s)
verify / web	UNKNOWN STEP	2026-10-05T11:13:20.9710436Z   ✓  115 [webkit] › e2e/app.spec.ts:162:0 › pasted HTML cannot execute or fetch its URL (3.1s)
verify / web	UNKNOWN STEP	2026-10-05T11:13:22.8473401Z   ✓  116 [webkit] › e2e/app.spec.ts:90:0 › a delayed failed readiness probe cannot overwrite a newer successful check (3.9s)
verify / web	UNKNOWN STEP	2026-10-05T11:13:23.4551192Z   ✓  114 [webkit] › e2e/app.spec.ts:130:0 › missing cache reports incomplete and reconnect repairs the complete offline app (5.9s)
verify / web	UNKNOWN STEP	2026-10-05T11:13:25.5853305Z   ✓  118 [webkit] › e2e/app.spec.ts:182:0 › convert, inspect ambiguity, copy manually and protect privacy (4.2s)
verify / web	UNKNOWN STEP	2026-10-05T11:13:29.0873990Z   ✓  117 [webkit] › e2e/app.spec.ts:215:0 › close and reopen offline, then convert previously unseen input (8.1s)
verify / web	UNKNOWN STEP	2026-10-05T11:13:29.5422758Z   ✓  120 [webkit] › e2e/app.spec.ts:267:0 › input errors recover, edits invalidate results, keyboard keeps multiline input (6.1s)
verify / web	UNKNOWN STEP	2026-10-05T11:13:29.9612126Z   ✓  119 [webkit] › e2e/app.spec.ts:239:0 › preferences persist, input does not; denied storage still converts (7.1s)
verify / web	UNKNOWN STEP	2026-10-05T11:13:32.8003521Z   ✓  122 [webkit] › e2e/app.spec.ts:340:0 › offline POST share is single-use and never places message in URL (3.7s)
verify / web	UNKNOWN STEP	2026-10-05T11:13:34.6010844Z   ✓  121 [webkit] › e2e/app.spec.ts:286:0 › readable at 320px, dark mode, with no serious accessibility violations (9.0s)
verify / web	UNKNOWN STEP	2026-10-05T11:13:36.8850343Z   ✓  123 [webkit] › e2e/app.spec.ts:378:0 › an update waits, preserves draft on opt-in, and survives a partial next update (7.3s)
verify / web	UNKNOWN STEP	2026-10-05T11:13:46.6417495Z   ✓  127 [webkit] › e2e/controls.spec.ts:407:0 › hovering timezone suggestions preserves typed values while explicit selections still commit (9.7s)
verify / web	UNKNOWN STEP	2026-10-05T11:13:47.8930154Z   ✓  126 [webkit] › e2e/controls.spec.ts:339:0 › timezone search preserves freeform offsets and recovers from empty and invalid choices (13.2s)
verify / web	UNKNOWN STEP	2026-10-05T11:13:50.6220886Z   ✓  125 [webkit] › e2e/controls.spec.ts:232:0 › choice menus support keyboard selection, nested Escape and pointer dismissal (17.8s)
verify / web	UNKNOWN STEP	2026-10-05T11:13:52.6699148Z   ✓  129 [webkit] › e2e/copy-focus.spec.ts:296:0 › an unchanged copy owner still receives selected manual fallback text (4.8s)
verify / web	UNKNOWN STEP	2026-10-05T11:13:52.9700162Z   ✓  128 [webkit] › e2e/copy-focus.spec.ts:262:0 › a deferred manual-copy focus frame cannot steal a new target keyboard edit (6.3s)
verify / web	UNKNOWN STEP	2026-10-05T11:13:54.4944763Z   ✓  130 [webkit] › e2e/copy-focus.spec.ts:317:0 › same-owner keyboard intent keeps the newer owner (3.8s)
verify / web	UNKNOWN STEP	2026-10-05T11:13:58.5028815Z   ✓  132 [webkit] › e2e/diagnostics.spec.ts:84:0 › detailed logging survives a tab reload and reset preferences disables it (5.5s)
verify / web	UNKNOWN STEP	2026-10-05T11:13:58.7223908Z   ✓  133 [webkit] › e2e/diagnostics.spec.ts:114:0 › detailed logs still work in memory when session storage is denied (4.2s)
verify / web	UNKNOWN STEP	2026-10-05T11:13:58.9439933Z   ✓  131 [webkit] › e2e/diagnostics.spec.ts:12:0 › detailed logs are opt-in, local, exclude message and selected zones, and stop when disabled (6.2s)
verify / web	UNKNOWN STEP	2026-10-05T11:14:01.7591708Z   ✓  134 [webkit] › e2e/diagnostics.spec.ts:145:0 › a retired release repairs only missing files using its intact cached assets (3.2s)
verify / web	UNKNOWN STEP	2026-10-05T11:14:02.9146378Z   ✓  135 [webkit] › e2e/diagnostics.spec.ts:191:0 › corrupt cached files fail integrity checks and detailed logs identify bounded repair failure (4.2s)
verify / web	UNKNOWN STEP	2026-10-05T11:14:04.6343682Z   ✓  137 [webkit] › e2e/engine.spec.ts:4:0 › independent exact fixture expectations run in the production browser worker (2.8s)
verify / web	UNKNOWN STEP	2026-10-05T11:14:06.2515377Z   ✓  136 [webkit] › e2e/diagnostics.spec.ts:232:0 › waiting updates remain actionable when a current cache probe times out (7.3s)
verify / web	UNKNOWN STEP	2026-10-05T11:14:11.8682394Z   ✓  140 [webkit] › e2e/imports.spec.ts:173:0 › an unresolved target hides copyable fallback results and correction restores the source interpretation (5.6s)
verify / web	UNKNOWN STEP	2026-10-05T11:14:14.9253646Z   ✓  138 [webkit] › e2e/imports.spec.ts:5:2 › delayed clipboard offers replacement instead of overwriting edited or cleared work (12.0s)
verify / web	UNKNOWN STEP	2026-10-05T11:14:18.8369354Z   ✓  139 [webkit] › e2e/imports.spec.ts:5:2 › delayed share offers replacement instead of overwriting edited or cleared work (14.2s)
verify / web	UNKNOWN STEP	2026-10-05T11:14:19.3089915Z   ✓  124 [webkit] › e2e/controls.spec.ts:55:0 › themed choices align and their opened menus fit every breakpoint without losing work (49.3s)
verify / web	UNKNOWN STEP	2026-10-05T11:14:20.4884511Z   ✓  141 [webkit] › e2e/live.spec.ts:4:0 › typing, pasted text and conversion settings update without submission (8.6s)
verify / web	UNKNOWN STEP	2026-10-05T11:14:21.6407414Z   ✓  142 [webkit] › e2e/live.spec.ts:30:0 › composition defers conversion and queued work cannot overwrite a newer draft (6.7s)
verify / web	UNKNOWN STEP	2026-10-05T11:14:23.1926680Z   ✓  144 [webkit] › e2e/motion.spec.ts:61:0 › reduced motion keeps live feedback and usable results without animation (3.9s)
verify / web	UNKNOWN STEP	2026-10-05T11:14:24.0618279Z   ✓  145 [webkit] › e2e/offline-install.spec.ts:31:0 › a transient initial registration failure retries before any controller exists (3.5s)
verify / web	UNKNOWN STEP	2026-10-05T11:14:26.4817989Z   ✓  147 [webkit] › e2e/offline-install.spec.ts:82:0 › a stale mutable release marker is refetched and checked before offline readiness (3.3s)
verify / web	UNKNOWN STEP	2026-10-05T11:14:26.7004269Z   ✓  146 [webkit] › e2e/offline-install.spec.ts:59:0 › slow first installation clears its expired warning without losing conversion (5.0s)
verify / web	UNKNOWN STEP	2026-10-05T11:14:26.9553013Z   ✓  143 [webkit] › e2e/motion.spec.ts:4:0 › live feedback covers debounce and worker completion, then settles or cancels (8.1s)
verify / web	UNKNOWN STEP	2026-10-05T11:14:27.8383213Z   ✓  148 [webkit] › e2e/offline-install.spec.ts:106:0 › a rejected first installation retries without reloading or clearing input (3.8s)
verify / web	UNKNOWN STEP	2026-10-05T11:14:31.7880146Z   ✓  150 [webkit] › e2e/offline-install.spec.ts:155:0 › HTML response rewriting cannot break first installation or offline navigation (5.1s)
verify / web	UNKNOWN STEP	2026-10-05T11:14:34.0087732Z   ✓  152 [webkit] › e2e/privacy.spec.ts:6:2 › legacy command preferences migrate, reset removes them and quota failures keep conversion usable (6.1s)
verify / web	UNKNOWN STEP	2026-10-05T11:14:34.4484744Z   ✓  151 [webkit] › e2e/privacy.spec.ts:6:2 › legacy lens preferences migrate, reset removes them and quota failures keep conversion usable (7.5s)
verify / web	UNKNOWN STEP	2026-10-05T11:14:34.5793349Z   ✓  153 [webkit] › e2e/privacy.spec.ts:85:0 › invalid and oversized local shares return a paste fallback without storing text (2.8s)
verify / web	UNKNOWN STEP	2026-10-05T11:14:34.6266080Z   ✓  149 [webkit] › e2e/offline-install.spec.ts:126:0 › persistently wrong release bytes never activate or claim offline readiness (8.1s)
verify / web	UNKNOWN STEP	2026-10-05T11:14:37.6888409Z   ✓  157 [webkit] › e2e/responsive.spec.ts:83:0 › touch-sized controls and keyboard navigation remain usable in a short viewport (3.0s)
verify / web	UNKNOWN STEP	2026-10-05T11:14:38.8479589Z   -  158 [webkit] › e2e/uncontrolled.spec.ts:102:0 › an activated worker reclaims a hard-refreshed tab without reloading its draft
verify / web	UNKNOWN STEP	2026-10-05T11:14:40.0758057Z   -  159 [webkit] › e2e/uncontrolled.spec.ts:135:0 › an explicit update recovers a timed-out readiness probe without another reload
verify / web	UNKNOWN STEP	2026-10-05T11:14:40.6887775Z   ✓  155 [webkit] › e2e/privacy.spec.ts:223:0 › denied update storage keeps the draft active and requires clearing before reload (6.2s)
verify / web	UNKNOWN STEP	2026-10-05T11:14:40.9729318Z   -  160 [webkit] › e2e/uncontrolled.spec.ts:227:0 › an older active worker cannot mark an uncontrolled tab ready or activate its waiting update
verify / web	UNKNOWN STEP	2026-10-05T11:14:41.7115253Z   ✓  154 [webkit] › e2e/privacy.spec.ts:119:0 › expired and invalid temporary text is consumed and erased without restoring it (7.7s)
verify / web	UNKNOWN STEP	2026-10-05T11:14:45.2467359Z   ✓  156 [webkit] › e2e/responsive.spec.ts:4:0 › reflows across cover screens, phones, tablets and desktops without losing work (10.6s)
verify / web	UNKNOWN STEP	2026-10-05T11:14:45.7174059Z   ✓  161 [webkit] › e2e/updates.spec.ts:6:0 › repair refuses another release and leaves the existing offline shell intact (5.0s)
verify / web	UNKNOWN STEP	2026-10-05T11:14:46.9597997Z   ✓  163 [webkit] › e2e/updates.spec.ts:93:0 › oversized drafts block an update until they can be safely preserved (5.2s)
verify / web	UNKNOWN STEP	2026-10-05T11:14:48.4110413Z   ✓  162 [webkit] › e2e/updates.spec.ts:45:0 › an interrupted rollback preserves a retained cache and its old tab worker (7.4s)
verify / web	UNKNOWN STEP	2026-10-05T11:14:53.5972593Z   ✓  166 [android-emulation] › e2e/app.spec.ts:6:0 › worker failure recovers and a late response cannot resurrect cleared input (4.6s)
verify / web	UNKNOWN STEP	2026-10-05T11:14:54.2785064Z   ✓  167 [android-emulation] › e2e/app.spec.ts:67:0 › an intact offline app survives a failed registration check while changing target zones (4.4s)
verify / web	UNKNOWN STEP	2026-10-05T11:14:57.2057614Z   ✓  168 [android-emulation] › e2e/app.spec.ts:90:0 › a delayed failed readiness probe cannot overwrite a newer successful check (3.6s)
verify / web	UNKNOWN STEP	2026-10-05T11:14:58.0153339Z   ✓  169 [android-emulation] › e2e/app.spec.ts:130:0 › missing cache reports incomplete and reconnect repairs the complete offline app (3.7s)
verify / web	UNKNOWN STEP	2026-10-05T11:14:58.3452262Z   ✓  165 [webkit] › e2e/updates.spec.ts:270:0 › rollback preserves draft and preferences and removes obsolete caches with one remaining tab (12.6s)
verify / web	UNKNOWN STEP	2026-10-05T11:14:58.7656771Z   ✓  164 [webkit] › e2e/updates.spec.ts:209:0 › old and new tabs retain their own workers across successive releases and offline restart (13.5s)
verify / web	UNKNOWN STEP	2026-10-05T11:14:59.8123730Z   ✓  170 [android-emulation] › e2e/app.spec.ts:162:0 › pasted HTML cannot execute or fetch its URL (2.6s)
verify / web	UNKNOWN STEP	2026-10-05T11:15:00.7710754Z   ✓  171 [android-emulation] › e2e/app.spec.ts:182:0 › convert, inspect ambiguity, copy manually and protect privacy (2.7s)
verify / web	UNKNOWN STEP	2026-10-05T11:15:02.8565543Z   ✓  172 [android-emulation] › e2e/app.spec.ts:215:0 › close and reopen offline, then convert previously unseen input (3.4s)
verify / web	UNKNOWN STEP	2026-10-05T11:15:03.6700930Z   ✓  173 [android-emulation] › e2e/app.spec.ts:239:0 › preferences persist, input does not; denied storage still converts (4.1s)
verify / web	UNKNOWN STEP	2026-10-05T11:15:03.7933509Z   ✓  174 [android-emulation] › e2e/app.spec.ts:267:0 › input errors recover, edits invalidate results, keyboard keeps multiline input (4.0s)
verify / web	UNKNOWN STEP	2026-10-05T11:15:04.4552899Z   ✓  176 [android-emulation] › e2e/app.spec.ts:340:0 › offline POST share is single-use and never places message in URL (1.6s)
verify / web	UNKNOWN STEP	2026-10-05T11:15:04.8029741Z   ✓  175 [android-emulation] › e2e/app.spec.ts:286:0 › readable at 320px, dark mode, with no serious accessibility violations (4.0s)
verify / web	UNKNOWN STEP	2026-10-05T11:15:08.5748442Z   ✓  177 [android-emulation] › e2e/app.spec.ts:378:0 › an update waits, preserves draft on opt-in, and survives a partial next update (4.9s)
verify / web	UNKNOWN STEP	2026-10-05T11:15:10.3310236Z   ✓  180 [android-emulation] › e2e/controls.spec.ts:339:0 › timezone search preserves freeform offsets and recovers from empty and invalid choices (5.5s)
verify / web	UNKNOWN STEP	2026-10-05T11:15:11.6751991Z   ✓  181 [android-emulation] › e2e/controls.spec.ts:407:0 › hovering timezone suggestions preserves typed values while explicit selections still commit (3.1s)
verify / web	UNKNOWN STEP	2026-10-05T11:15:12.7235384Z   ✓  179 [android-emulation] › e2e/controls.spec.ts:232:0 › choice menus support keyboard selection, nested Escape and pointer dismissal (8.2s)
verify / web	UNKNOWN STEP	2026-10-05T11:15:13.3990676Z   ✓  182 [android-emulation] › e2e/copy-focus.spec.ts:262:0 › a deferred manual-copy focus frame cannot steal a new target keyboard edit (3.0s)
verify / web	UNKNOWN STEP	2026-10-05T11:15:13.6008814Z   ✓  183 [android-emulation] › e2e/copy-focus.spec.ts:296:0 › an unchanged copy owner still receives selected manual fallback text (1.9s)
verify / web	UNKNOWN STEP	2026-10-05T11:15:14.5043452Z   ✓  184 [android-emulation] › e2e/copy-focus.spec.ts:317:0 › same-owner keyboard intent keeps the newer owner (1.8s)
verify / web	UNKNOWN STEP	2026-10-05T11:15:15.4885725Z   ✓  186 [android-emulation] › e2e/diagnostics.spec.ts:84:0 › detailed logging survives a tab reload and reset preferences disables it (1.9s)
verify / web	UNKNOWN STEP	2026-10-05T11:15:16.6052821Z   ✓  187 [android-emulation] › e2e/diagnostics.spec.ts:114:0 › detailed logs still work in memory when session storage is denied (2.1s)
verify / web	UNKNOWN STEP	2026-10-05T11:15:17.3698581Z   ✓  188 [android-emulation] › e2e/diagnostics.spec.ts:145:0 › a retired release repairs only missing files using its intact cached assets (1.9s)
verify / web	UNKNOWN STEP	2026-10-05T11:15:17.6480479Z   ✓  185 [android-emulation] › e2e/diagnostics.spec.ts:12:0 › detailed logs are opt-in, local, exclude message and selected zones, and stop when disabled (4.2s)
verify / web	UNKNOWN STEP	2026-10-05T11:15:17.9744440Z   ✓  189 [android-emulation] › e2e/diagnostics.spec.ts:191:0 › corrupt cached files fail integrity checks and detailed logs identify bounded repair failure (1.4s)
verify / web	UNKNOWN STEP	2026-10-05T11:15:19.2202227Z   ✓  191 [android-emulation] › e2e/engine.spec.ts:4:0 › independent exact fixture expectations run in the production browser worker (1.6s)
verify / web	UNKNOWN STEP	2026-10-05T11:15:19.3148740Z   ✓  178 [android-emulation] › e2e/controls.spec.ts:55:0 › themed choices align and their opened menus fit every breakpoint without losing work (15.5s)
verify / web	UNKNOWN STEP	2026-10-05T11:15:22.6877058Z   ✓  194 [android-emulation] › e2e/imports.spec.ts:173:0 › an unresolved target hides copyable fallback results and correction restores the source interpretation (3.4s)
verify / web	UNKNOWN STEP	2026-10-05T11:15:22.8625267Z   ✓  190 [android-emulation] › e2e/diagnostics.spec.ts:232:0 › waiting updates remain actionable when a current cache probe times out (5.5s)
verify / web	UNKNOWN STEP	2026-10-05T11:15:23.5748938Z   ✓  192 [android-emulation] › e2e/imports.spec.ts:5:2 › delayed clipboard offers replacement instead of overwriting edited or cleared work (5.6s)
verify / web	UNKNOWN STEP	2026-10-05T11:15:24.5937894Z   ✓  193 [android-emulation] › e2e/imports.spec.ts:5:2 › delayed share offers replacement instead of overwriting edited or cleared work (5.4s)
verify / web	UNKNOWN STEP	2026-10-05T11:15:26.0203461Z   ✓  198 [android-emulation] › e2e/motion.spec.ts:61:0 › reduced motion keeps live feedback and usable results without animation (1.4s)
verify / web	UNKNOWN STEP	2026-10-05T11:15:26.8302739Z   ✓  195 [android-emulation] › e2e/live.spec.ts:4:0 › typing, pasted text and conversion settings update without submission (4.1s)
verify / web	UNKNOWN STEP	2026-10-05T11:15:27.9064007Z   ✓  196 [android-emulation] › e2e/live.spec.ts:30:0 › composition defers conversion and queued work cannot overwrite a newer draft (5.0s)
verify / web	UNKNOWN STEP	2026-10-05T11:15:28.1345902Z   ✓  199 [android-emulation] › e2e/offline-install.spec.ts:31:0 › a transient initial registration failure retries before any controller exists (2.1s)
verify / web	UNKNOWN STEP	2026-10-05T11:15:29.1883790Z   ✓  200 [android-emulation] › e2e/offline-install.spec.ts:59:0 › slow first installation clears its expired warning without losing conversion (2.3s)
verify / web	UNKNOWN STEP	2026-10-05T11:15:29.6845712Z   ✓  197 [android-emulation] › e2e/motion.spec.ts:4:0 › live feedback covers debounce and worker completion, then settles or cancels (6.1s)
verify / web	UNKNOWN STEP	2026-10-05T11:15:29.7836459Z   ✓  201 [android-emulation] › e2e/offline-install.spec.ts:82:0 › a stale mutable release marker is refetched and checked before offline readiness (1.9s)
verify / web	UNKNOWN STEP	2026-10-05T11:15:30.8817918Z   ✓  202 [android-emulation] › e2e/offline-install.spec.ts:106:0 › a rejected first installation retries without reloading or clearing input (2.7s)
verify / web	UNKNOWN STEP	2026-10-05T11:15:32.4921988Z   ✓  204 [android-emulation] › e2e/offline-install.spec.ts:155:0 › HTML response rewriting cannot break first installation or offline navigation (2.8s)
verify / web	UNKNOWN STEP	2026-10-05T11:15:33.0309286Z   ✓  205 [android-emulation] › e2e/privacy.spec.ts:6:2 › legacy lens preferences migrate, reset removes them and quota failures keep conversion usable (3.2s)
verify / web	UNKNOWN STEP	2026-10-05T11:15:33.3584931Z   ✓  206 [android-emulation] › e2e/privacy.spec.ts:6:2 › legacy command preferences migrate, reset removes them and quota failures keep conversion usable (2.5s)
verify / web	UNKNOWN STEP	2026-10-05T11:15:34.1565726Z   ✓  207 [android-emulation] › e2e/privacy.spec.ts:85:0 › invalid and oversized local shares return a paste fallback without storing text (1.6s)
verify / web	UNKNOWN STEP	2026-10-05T11:15:35.4707416Z   ✓  203 [android-emulation] › e2e/offline-install.spec.ts:126:0 › persistently wrong release bytes never activate or claim offline readiness (6.3s)
verify / web	UNKNOWN STEP	2026-10-05T11:15:35.4848605Z   ✓  208 [android-emulation] › e2e/privacy.spec.ts:119:0 › expired and invalid temporary text is consumed and erased without restoring it (2.4s)
verify / web	UNKNOWN STEP	2026-10-05T11:15:36.8415516Z   ✓  211 [android-emulation] › e2e/responsive.spec.ts:83:0 › touch-sized controls and keyboard navigation remain usable in a short viewport (1.4s)
verify / web	UNKNOWN STEP	2026-10-05T11:15:36.8910436Z   ✓  209 [android-emulation] › e2e/privacy.spec.ts:223:0 › denied update storage keeps the draft active and requires clearing before reload (3.5s)
verify / web	UNKNOWN STEP	2026-10-05T11:15:38.0002013Z   ✓  210 [android-emulation] › e2e/responsive.spec.ts:4:0 › reflows across cover screens, phones, tablets and desktops without losing work (3.8s)
verify / web	UNKNOWN STEP	2026-10-05T11:15:38.6357601Z   ✓  212 [android-emulation] › e2e/uncontrolled.spec.ts:102:0 › an activated worker reclaims a hard-refreshed tab without reloading its draft (3.1s)
verify / web	UNKNOWN STEP	2026-10-05T11:15:40.2816953Z   ✓  215 [android-emulation] › e2e/updates.spec.ts:6:0 › repair refuses another release and leaves the existing offline shell intact (2.3s)
verify / web	UNKNOWN STEP	2026-10-05T11:15:43.1295602Z   ✓  216 [android-emulation] › e2e/updates.spec.ts:45:0 › an interrupted rollback preserves a retained cache and its old tab worker (4.5s)
verify / web	UNKNOWN STEP	2026-10-05T11:15:43.6218055Z   ✓  214 [android-emulation] › e2e/uncontrolled.spec.ts:227:0 › an older active worker cannot mark an uncontrolled tab ready or activate its waiting update (6.7s)
verify / web	UNKNOWN STEP	2026-10-05T11:15:43.7028276Z   ✓  217 [android-emulation] › e2e/updates.spec.ts:93:0 › oversized drafts block an update until they can be safely preserved (3.4s)
verify / web	UNKNOWN STEP	2026-10-05T11:15:44.2390887Z   ✓  213 [android-emulation] › e2e/uncontrolled.spec.ts:135:0 › an explicit update recovers a timed-out readiness probe without another reload (7.4s)
verify / web	UNKNOWN STEP	2026-10-05T11:15:48.2826671Z   ✓  220 [iphone-emulation] › e2e/app.spec.ts:6:0 › worker failure recovers and a late response cannot resurrect cleared input (3.6s)
verify / web	UNKNOWN STEP	2026-10-05T11:15:49.1007227Z   ✓  221 [iphone-emulation] › e2e/app.spec.ts:67:0 › an intact offline app survives a failed registration check while changing target zones (3.7s)
verify / web	UNKNOWN STEP	2026-10-05T11:15:51.3747444Z   ✓  222 [iphone-emulation] › e2e/app.spec.ts:90:0 › a delayed failed readiness probe cannot overwrite a newer successful check (3.1s)
verify / web	UNKNOWN STEP	2026-10-05T11:15:52.4135571Z   ✓  223 [iphone-emulation] › e2e/app.spec.ts:130:0 › missing cache reports incomplete and reconnect repairs the complete offline app (3.3s)
verify / web	UNKNOWN STEP	2026-10-05T11:15:53.3375271Z   ✓  224 [iphone-emulation] › e2e/app.spec.ts:162:0 › pasted HTML cannot execute or fetch its URL (1.9s)
verify / web	UNKNOWN STEP	2026-10-05T11:15:54.2806650Z   ✓  218 [android-emulation] › e2e/updates.spec.ts:209:0 › old and new tabs retain their own workers across successive releases and offline restart (11.1s)
verify / web	UNKNOWN STEP	2026-10-05T11:15:54.8775572Z   ✓  225 [iphone-emulation] › e2e/app.spec.ts:182:0 › convert, inspect ambiguity, copy manually and protect privacy (2.5s)
verify / web	UNKNOWN STEP	2026-10-05T11:15:55.1357399Z   ✓  219 [android-emulation] › e2e/updates.spec.ts:270:0 › rollback preserves draft and preferences and removes obsolete caches with one remaining tab (11.5s)
verify / web	UNKNOWN STEP	2026-10-05T11:15:57.7626516Z   ✓  226 [iphone-emulation] › e2e/app.spec.ts:215:0 › close and reopen offline, then convert previously unseen input (4.4s)
verify / web	UNKNOWN STEP	2026-10-05T11:15:59.6536243Z   ✓  227 [iphone-emulation] › e2e/app.spec.ts:267:0 › input errors recover, edits invalidate results, keyboard keeps multiline input (4.8s)
verify / web	UNKNOWN STEP	2026-10-05T11:16:00.1099589Z   ✓  230 [iphone-emulation] › e2e/app.spec.ts:340:0 › offline POST share is single-use and never places message in URL (2.3s)
verify / web	UNKNOWN STEP	2026-10-05T11:16:00.6025917Z   ✓  228 [iphone-emulation] › e2e/app.spec.ts:239:0 › preferences persist, input does not; denied storage still converts (5.3s)
verify / web	UNKNOWN STEP	2026-10-05T11:16:03.6219250Z   ✓  229 [iphone-emulation] › e2e/app.spec.ts:286:0 › readable at 320px, dark mode, with no serious accessibility violations (7.2s)
verify / web	UNKNOWN STEP	2026-10-05T11:16:05.4038104Z   ✓  231 [iphone-emulation] › e2e/app.spec.ts:378:0 › an update waits, preserves draft on opt-in, and survives a partial next update (5.7s)
verify / web	UNKNOWN STEP	2026-10-05T11:16:11.4217238Z   ✓  235 [iphone-emulation] › e2e/controls.spec.ts:407:0 › hovering timezone suggestions preserves typed values while explicit selections still commit (6.0s)
verify / web	UNKNOWN STEP	2026-10-05T11:16:11.7545629Z   ✓  233 [iphone-emulation] › e2e/controls.spec.ts:232:0 › choice menus support keyboard selection, nested Escape and pointer dismissal (11.1s)
verify / web	UNKNOWN STEP	2026-10-05T11:16:13.0339217Z   ✓  234 [iphone-emulation] › e2e/controls.spec.ts:339:0 › timezone search preserves freeform offsets and recovers from empty and invalid choices (9.4s)
verify / web	UNKNOWN STEP	2026-10-05T11:16:15.5608790Z   ✓  237 [iphone-emulation] › e2e/copy-focus.spec.ts:296:0 › an unchanged copy owner still receives selected manual fallback text (3.8s)
verify / web	UNKNOWN STEP	2026-10-05T11:16:15.7218211Z   ✓  236 [iphone-emulation] › e2e/copy-focus.spec.ts:262:0 › a deferred manual-copy focus frame cannot steal a new target keyboard edit (4.3s)
verify / web	UNKNOWN STEP	2026-10-05T11:16:16.1014121Z   ✓  238 [iphone-emulation] › e2e/copy-focus.spec.ts:317:0 › same-owner keyboard intent keeps the newer owner (3.0s)
verify / web	UNKNOWN STEP	2026-10-05T11:16:18.6999074Z   ✓  241 [iphone-emulation] › e2e/diagnostics.spec.ts:114:0 › detailed logs still work in memory when session storage is denied (2.6s)
verify / web	UNKNOWN STEP	2026-10-05T11:16:19.6092941Z   ✓  240 [iphone-emulation] › e2e/diagnostics.spec.ts:84:0 › detailed logging survives a tab reload and reset preferences disables it (3.9s)
verify / web	UNKNOWN STEP	2026-10-05T11:16:20.3121782Z   ✓  239 [iphone-emulation] › e2e/diagnostics.spec.ts:12:0 › detailed logs are opt-in, local, exclude message and selected zones, and stop when disabled (4.7s)
verify / web	UNKNOWN STEP	2026-10-05T11:16:20.7509971Z   ✓  242 [iphone-emulation] › e2e/diagnostics.spec.ts:145:0 › a retired release repairs only missing files using its intact cached assets (2.0s)
verify / web	UNKNOWN STEP	2026-10-05T11:16:22.6842067Z   ✓  243 [iphone-emulation] › e2e/diagnostics.spec.ts:191:0 › corrupt cached files fail integrity checks and detailed logs identify bounded repair failure (3.1s)
verify / web	UNKNOWN STEP	2026-10-05T11:16:23.4490866Z   ✓  245 [iphone-emulation] › e2e/engine.spec.ts:4:0 › independent exact fixture expectations run in the production browser worker (2.7s)
verify / web	UNKNOWN STEP	2026-10-05T11:16:25.5910650Z   ✓  244 [iphone-emulation] › e2e/diagnostics.spec.ts:232:0 › waiting updates remain actionable when a current cache probe times out (5.3s)
verify / web	UNKNOWN STEP	2026-10-05T11:16:29.7181786Z   ✓  246 [iphone-emulation] › e2e/imports.spec.ts:5:2 › delayed clipboard offers replacement instead of overwriting edited or cleared work (7.0s)
verify / web	UNKNOWN STEP	2026-10-05T11:16:30.3240302Z   ✓  248 [iphone-emulation] › e2e/imports.spec.ts:173:0 › an unresolved target hides copyable fallback results and correction restores the source interpretation (4.7s)
verify / web	UNKNOWN STEP	2026-10-05T11:16:30.3900862Z   ✓  232 [iphone-emulation] › e2e/controls.spec.ts:55:0 › themed choices align and their opened menus fit every breakpoint without losing work (30.3s)
verify / web	UNKNOWN STEP	2026-10-05T11:16:33.5231139Z   ✓  247 [iphone-emulation] › e2e/imports.spec.ts:5:2 › delayed share offers replacement instead of overwriting edited or cleared work (10.1s)
verify / web	UNKNOWN STEP	2026-10-05T11:16:35.0155024Z   ✓  252 [iphone-emulation] › e2e/motion.spec.ts:61:0 › reduced motion keeps live feedback and usable results without animation (1.5s)
verify / web	UNKNOWN STEP	2026-10-05T11:16:35.4861649Z   ✓  249 [iphone-emulation] › e2e/live.spec.ts:4:0 › typing, pasted text and conversion settings update without submission (5.7s)
verify / web	UNKNOWN STEP	2026-10-05T11:16:36.0123490Z   ✓  250 [iphone-emulation] › e2e/live.spec.ts:30:0 › composition defers conversion and queued work cannot overwrite a newer draft (5.6s)
verify / web	UNKNOWN STEP	2026-10-05T11:16:37.2023290Z   ✓  253 [iphone-emulation] › e2e/offline-install.spec.ts:31:0 › a transient initial registration failure retries before any controller exists (2.2s)
verify / web	UNKNOWN STEP	2026-10-05T11:16:37.6614624Z   ✓  251 [iphone-emulation] › e2e/motion.spec.ts:4:0 › live feedback covers debounce and worker completion, then settles or cancels (7.2s)
verify / web	UNKNOWN STEP	2026-10-05T11:16:38.7427909Z   ✓  255 [iphone-emulation] › e2e/offline-install.spec.ts:82:0 › a stale mutable release marker is refetched and checked before offline readiness (2.7s)
verify / web	UNKNOWN STEP	2026-10-05T11:16:39.3553537Z   ✓  254 [iphone-emulation] › e2e/offline-install.spec.ts:59:0 › slow first installation clears its expired warning without losing conversion (3.9s)
verify / web	UNKNOWN STEP	2026-10-05T11:16:40.3439206Z   ✓  256 [iphone-emulation] › e2e/offline-install.spec.ts:106:0 › a rejected first installation retries without reloading or clearing input (3.1s)
verify / web	UNKNOWN STEP	2026-10-05T11:16:43.1378849Z   ✓  258 [iphone-emulation] › e2e/offline-install.spec.ts:155:0 › HTML response rewriting cannot break first installation or offline navigation (4.4s)
verify / web	UNKNOWN STEP	2026-10-05T11:16:43.6819068Z   ✓  259 [iphone-emulation] › e2e/privacy.spec.ts:6:2 › legacy lens preferences migrate, reset removes them and quota failures keep conversion usable (4.3s)
verify / web	UNKNOWN STEP	2026-10-05T11:16:44.4568518Z   ✓  260 [iphone-emulation] › e2e/privacy.spec.ts:6:2 › legacy command preferences migrate, reset removes them and quota failures keep conversion usable (4.1s)
verify / web	UNKNOWN STEP	2026-10-05T11:16:45.1428848Z   ✓  257 [iphone-emulation] › e2e/offline-install.spec.ts:126:0 › persistently wrong release bytes never activate or claim offline readiness (7.5s)
verify / web	UNKNOWN STEP	2026-10-05T11:16:45.6390189Z   ✓  261 [iphone-emulation] › e2e/privacy.spec.ts:85:0 › invalid and oversized local shares return a paste fallback without storing text (2.5s)
verify / web	UNKNOWN STEP	2026-10-05T11:16:47.9984667Z   ✓  265 [iphone-emulation] › e2e/responsive.spec.ts:83:0 › touch-sized controls and keyboard navigation remain usable in a short viewport (2.3s)
verify / web	UNKNOWN STEP	2026-10-05T11:16:48.8928292Z   -  266 [iphone-emulation] › e2e/uncontrolled.spec.ts:102:0 › an activated worker reclaims a hard-refreshed tab without reloading its draft
verify / web	UNKNOWN STEP	2026-10-05T11:16:48.9918769Z   ✓  263 [iphone-emulation] › e2e/privacy.spec.ts:223:0 › denied update storage keeps the draft active and requires clearing before reload (4.5s)
verify / web	UNKNOWN STEP	2026-10-05T11:16:49.7169647Z   ✓  262 [iphone-emulation] › e2e/privacy.spec.ts:119:0 › expired and invalid temporary text is consumed and erased without restoring it (6.0s)
verify / web	UNKNOWN STEP	2026-10-05T11:16:49.7496157Z   -  267 [iphone-emulation] › e2e/uncontrolled.spec.ts:135:0 › an explicit update recovers a timed-out readiness probe without another reload
verify / web	UNKNOWN STEP	2026-10-05T11:16:49.7714859Z   -  268 [iphone-emulation] › e2e/uncontrolled.spec.ts:227:0 › an older active worker cannot mark an uncontrolled tab ready or activate its waiting update
verify / web	UNKNOWN STEP	2026-10-05T11:16:52.3828801Z   ✓  264 [iphone-emulation] › e2e/responsive.spec.ts:4:0 › reflows across cover screens, phones, tablets and desktops without losing work (7.2s)
verify / web	UNKNOWN STEP	2026-10-05T11:16:53.1219045Z   ✓  269 [iphone-emulation] › e2e/updates.spec.ts:6:0 › repair refuses another release and leaves the existing offline shell intact (3.4s)
verify / web	UNKNOWN STEP	2026-10-05T11:16:53.5788981Z   ✓  271 [iphone-emulation] › e2e/updates.spec.ts:93:0 › oversized drafts block an update until they can be safely preserved (3.8s)
verify / web	UNKNOWN STEP	2026-10-05T11:16:55.4456414Z   ✓  270 [iphone-emulation] › e2e/updates.spec.ts:45:0 › an interrupted rollback preserves a retained cache and its old tab worker (5.7s)
verify / web	UNKNOWN STEP	2026-10-05T11:16:59.7543937Z   ✓  273 [iphone-emulation] › e2e/updates.spec.ts:270:0 › rollback preserves draft and preferences and removes obsolete caches with one remaining tab (6.6s)
verify / web	UNKNOWN STEP	2026-10-05T11:17:00.9269577Z   ✓  272 [iphone-emulation] › e2e/updates.spec.ts:209:0 › old and new tabs retain their own workers across successive releases and offline restart (8.5s)
verify / web	UNKNOWN STEP	2026-10-05T11:17:01.0199521Z 
verify / web	UNKNOWN STEP	2026-10-05T11:17:01.0207548Z   9 skipped
verify / web	UNKNOWN STEP	2026-10-05T11:17:01.0209301Z   264 passed (6.2m)
verify / web	UNKNOWN STEP	2026-10-05T11:17:01.3119681Z ##[group]Run bun scripts/ci-environment.ts after
verify / web	UNKNOWN STEP	2026-10-05T11:17:01.3120101Z ^[[36;1mbun scripts/ci-environment.ts after^[[0m
verify / web	UNKNOWN STEP	2026-10-05T11:17:01.3120553Z shell: bash --noprofile --norc -e -o pipefail {0}
verify / web	UNKNOWN STEP	2026-10-05T11:17:01.3120851Z env:
verify / web	UNKNOWN STEP	2026-10-05T11:17:01.3121075Z   PLAYWRIGHT_BROWSERS_PATH: /ms-playwright
verify / web	UNKNOWN STEP	2026-10-05T11:17:01.3121693Z   PLAYWRIGHT_IMAGE_VERSION: 1.63.0
verify / web	UNKNOWN STEP	2026-10-05T11:17:01.3121965Z   CHRONOSHIFT_CI_TIMING: 0
verify / web	UNKNOWN STEP	2026-10-05T11:17:01.3122204Z   PUBLISH_PAGES: true
verify / web	UNKNOWN STEP	2026-10-05T11:17:01.3122422Z   MISE_LOG_LEVEL: info
verify / web	UNKNOWN STEP	2026-10-05T11:17:01.3125260Z   MISE_GITHUB_TOKEN: ***
verify / web	UNKNOWN STEP	2026-10-05T11:17:01.3125592Z   MISE_TRUSTED_CONFIG_PATHS: /__w/ChronoShift/ChronoShift
verify / web	UNKNOWN STEP	2026-10-05T11:17:01.3125912Z   MISE_YES: 1
verify / web	UNKNOWN STEP	2026-10-05T11:17:01.3126114Z ##[endgroup]
verify / web	UNKNOWN STEP	2026-10-05T11:17:01.3751454Z [ci-environment] {"at":"2026-10-05T11:17:01.373Z","phase":"after","platform":"linux","architecture":"x64","osRelease":"6.17.0-1022-azure","availableParallelism":4,"logicalCpus":4,"cpuModel":"AMD EPYC 7763 64-Core Processor","totalMemoryBytes":16766414848,"cgroup":{"cpu.max":"max 100000","cpu.stat":"usage_usec 1301575638\nuser_usec 1105787210\nsystem_usec 195788427\nnice_usec 71213000\ncore_sched.force_idle_usec 0\nnr_periods 0\nnr_throttled 0\nthrottled_usec 0\nnr_bursts 0\nburst_usec 0","memory.max":"max","memory.peak":"6639894528","memory.events":"low 0\nhigh 0\nmax 0\noom 0\noom_kill 0\noom_group_kill 0"}}
verify / web	UNKNOWN STEP	2026-10-05T11:17:01.3849165Z ##[group]Run actions/configure-pages@45bfe0192ca1faeb007ade9deae92b16b8254a0d
verify / web	UNKNOWN STEP	2026-10-05T11:17:01.3849616Z with:
verify / web	UNKNOWN STEP	2026-10-05T11:17:01.3852787Z   token: ***
verify / web	UNKNOWN STEP	2026-10-05T11:17:01.3853042Z   enablement: false
verify / web	UNKNOWN STEP	2026-10-05T11:17:01.3853251Z env:
verify / web	UNKNOWN STEP	2026-10-05T11:17:01.3853475Z   PLAYWRIGHT_BROWSERS_PATH: /ms-playwright
verify / web	UNKNOWN STEP	2026-10-05T11:17:01.3853781Z   PLAYWRIGHT_IMAGE_VERSION: 1.63.0
verify / web	UNKNOWN STEP	2026-10-05T11:17:01.3854046Z   CHRONOSHIFT_CI_TIMING: 0
verify / web	UNKNOWN STEP	2026-10-05T11:17:01.3854281Z   PUBLISH_PAGES: true
verify / web	UNKNOWN STEP	2026-10-05T11:17:01.3854507Z   MISE_LOG_LEVEL: info
verify / web	UNKNOWN STEP	2026-10-05T11:17:01.3857175Z   MISE_GITHUB_TOKEN: ***
verify / web	UNKNOWN STEP	2026-10-05T11:17:01.3857470Z   MISE_TRUSTED_CONFIG_PATHS: /__w/ChronoShift/ChronoShift
verify / web	UNKNOWN STEP	2026-10-05T11:17:01.3857786Z   MISE_YES: 1
verify / web	UNKNOWN STEP	2026-10-05T11:17:01.3857981Z ##[endgroup]
verify / web	UNKNOWN STEP	2026-10-05T11:17:01.3863952Z ##[command]/usr/bin/docker exec  c15922bd5a5db2dac3ef17c0ecbfb83ca3c5224d933fe986977624b47a7ab04f sh -c "cat /etc/*release | grep ^ID"
verify / web	UNKNOWN STEP	2026-10-05T11:17:01.9015361Z ##[group]Run bun run build
verify / web	UNKNOWN STEP	2026-10-05T11:17:01.9015681Z ^[[36;1mbun run build^[[0m
verify / web	UNKNOWN STEP	2026-10-05T11:17:01.9016036Z ^[[36;1m# Keep browser first-attempt evidence when the separate subpath^[[0m
verify / web	UNKNOWN STEP	2026-10-05T11:17:01.9016471Z ^[[36;1m# runner clears its own output before starting.^[[0m
verify / web	UNKNOWN STEP	2026-10-05T11:17:01.9017041Z ^[[36;1mbunx --bun playwright test --config=playwright.subpath.config.ts --output=test-results/subpath^[[0m
verify / web	UNKNOWN STEP	2026-10-05T11:17:01.9017679Z shell: bash --noprofile --norc -e -o pipefail {0}
verify / web	UNKNOWN STEP	2026-10-05T11:17:01.9017976Z env:
verify / web	UNKNOWN STEP	2026-10-05T11:17:01.9018210Z   PLAYWRIGHT_BROWSERS_PATH: /ms-playwright
verify / web	UNKNOWN STEP	2026-10-05T11:17:01.9018522Z   PLAYWRIGHT_IMAGE_VERSION: 1.63.0
verify / web	UNKNOWN STEP	2026-10-05T11:17:01.9018790Z   CHRONOSHIFT_CI_TIMING: 0
verify / web	UNKNOWN STEP	2026-10-05T11:17:01.9019026Z   PUBLISH_PAGES: true
verify / web	UNKNOWN STEP	2026-10-05T11:17:01.9019245Z   MISE_LOG_LEVEL: info
verify / web	UNKNOWN STEP	2026-10-05T11:17:01.9022403Z   MISE_GITHUB_TOKEN: ***
verify / web	UNKNOWN STEP	2026-10-05T11:17:01.9022733Z   MISE_TRUSTED_CONFIG_PATHS: /__w/ChronoShift/ChronoShift
verify / web	UNKNOWN STEP	2026-10-05T11:17:01.9023084Z   MISE_YES: 1
verify / web	UNKNOWN STEP	2026-10-05T11:17:01.9023294Z   GITHUB_PAGES: true
verify / web	UNKNOWN STEP	2026-10-05T11:17:01.9023519Z   BASE_PATH: /ChronoShift/
verify / web	UNKNOWN STEP	2026-10-05T11:17:01.9023755Z ##[endgroup]
verify / web	UNKNOWN STEP	2026-10-05T11:17:01.9607608Z $ bun run typecheck && bun scripts/third-party-notices.ts && bunx --bun vite build && bun scripts/build-offline.ts
verify / web	UNKNOWN STEP	2026-10-05T11:17:01.9646754Z $ bunx --bun tsc --noEmit
verify / web	UNKNOWN STEP	2026-10-05T11:17:02.4635728Z Included notices for 19 production packages.
verify / web	UNKNOWN STEP	2026-10-05T11:17:02.6305503Z ^[[36mvite v8.3.2 ^[[32mbuilding client environment for production...^[[36m^[[39m
verify / web	UNKNOWN STEP	2026-10-05T11:17:02.6387569Z transforming...
verify / web	UNKNOWN STEP	2026-10-05T11:17:02.8721337Z ✓ 644 modules transformed.
verify / web	UNKNOWN STEP	2026-10-05T11:17:02.9247039Z rendering chunks...
verify / web	UNKNOWN STEP	2026-10-05T11:17:03.0188423Z computing gzip size...
verify / web	UNKNOWN STEP	2026-10-05T11:17:03.0306600Z dist/index.html                                    0.84 kB │ gzip:   0.45 kB
verify / web	UNKNOWN STEP	2026-10-05T11:17:03.0307261Z dist/assets/geist-latin-variable-Dm3htQBi.woff2   28.40 kB
verify / web	UNKNOWN STEP	2026-10-05T11:17:03.0307704Z dist/assets/worker-C690IjaR.js                   221.14 kB
verify / web	UNKNOWN STEP	2026-10-05T11:17:03.0308272Z dist/assets/index-CQJea-JE.css                    20.76 kB │ gzip:   4.84 kB
verify / web	UNKNOWN STEP	2026-10-05T11:17:03.0309017Z dist/assets/index-1VRzNw7L.js                    775.67 kB │ gzip: 235.36 kB
verify / web	UNKNOWN STEP	2026-10-05T11:17:03.0309575Z 
verify / web	UNKNOWN STEP	2026-10-05T11:17:03.0310338Z ^[[32m✓ built in 399ms^[[39m
verify / web	UNKNOWN STEP	2026-10-05T11:17:03.0317591Z ^[[33m[plugin builtin:vite-reporter] 
verify / web	UNKNOWN STEP	2026-10-05T11:17:03.0318231Z (!) Some chunks are larger than 500 kB after minification. Consider:
verify / web	UNKNOWN STEP	2026-10-05T11:17:03.0318750Z - Using dynamic import() to code-split the application
verify / web	UNKNOWN STEP	2026-10-05T11:17:03.0320122Z - Use build.rolldownOptions.output.codeSplitting to improve chunking: https://rolldown.rs/reference/OutputOptions.codeSplitting
verify / web	UNKNOWN STEP	2026-10-05T11:17:03.0321503Z - Adjust chunk size limit for this warning via build.chunkSizeWarningLimit.^[[39m
verify / web	UNKNOWN STEP	2026-10-05T11:17:03.0649430Z Offline version 4b96b22fbbe7237d: 13 local assets, /ChronoShift/
verify / web	UNKNOWN STEP	2026-10-05T11:17:03.6498244Z 
verify / web	UNKNOWN STEP	2026-10-05T11:17:03.6499093Z Running 1 test using 1 worker
verify / web	UNKNOWN STEP	2026-10-05T11:17:05.5080165Z ·
verify / web	UNKNOWN STEP	2026-10-05T11:17:05.5085124Z   1 passed (2.0s)
verify / web	UNKNOWN STEP	2026-10-05T11:17:05.5317405Z ##[group]Run actions/upload-pages-artifact@fc324d3547104276b827a68afc52ff2a11cc49c9
verify / web	UNKNOWN STEP	2026-10-05T11:17:05.5317868Z with:
verify / web	UNKNOWN STEP	2026-10-05T11:17:05.5318071Z   path: dist
verify / web	UNKNOWN STEP	2026-10-05T11:17:05.5318302Z   retention-days: 14
verify / web	UNKNOWN STEP	2026-10-05T11:17:05.5318525Z   name: github-pages
verify / web	UNKNOWN STEP	2026-10-05T11:17:05.5318755Z   include-hidden-files: false
verify / web	UNKNOWN STEP	2026-10-05T11:17:05.5318993Z env:
verify / web	UNKNOWN STEP	2026-10-05T11:17:05.5319216Z   PLAYWRIGHT_BROWSERS_PATH: /ms-playwright
verify / web	UNKNOWN STEP	2026-10-05T11:17:05.5319521Z   PLAYWRIGHT_IMAGE_VERSION: 1.63.0
verify / web	UNKNOWN STEP	2026-10-05T11:17:05.5319780Z   CHRONOSHIFT_CI_TIMING: 0
verify / web	UNKNOWN STEP	2026-10-05T11:17:05.5320014Z   PUBLISH_PAGES: true
verify / web	UNKNOWN STEP	2026-10-05T11:17:05.5320225Z   MISE_LOG_LEVEL: info
verify / web	UNKNOWN STEP	2026-10-05T11:17:05.5323348Z   MISE_GITHUB_TOKEN: ***
verify / web	UNKNOWN STEP	2026-10-05T11:17:05.5323672Z   MISE_TRUSTED_CONFIG_PATHS: /__w/ChronoShift/ChronoShift
verify / web	UNKNOWN STEP	2026-10-05T11:17:05.5324002Z   MISE_YES: 1
verify / web	UNKNOWN STEP	2026-10-05T11:17:05.5324203Z   GITHUB_PAGES: true
verify / web	UNKNOWN STEP	2026-10-05T11:17:05.5324417Z ##[endgroup]
verify / web	UNKNOWN STEP	2026-10-05T11:17:05.5383779Z ##[start-action display=Archive artifact;id=__actions_upload-pages-artifact.__run]
verify / web	UNKNOWN STEP	2026-10-05T11:17:05.5427738Z ##[group]Run echo ::group::Archive artifact
verify / web	UNKNOWN STEP	2026-10-05T11:17:05.5428079Z ^[[36;1mecho ::group::Archive artifact^[[0m
verify / web	UNKNOWN STEP	2026-10-05T11:17:05.5428351Z ^[[36;1mtar \^[[0m
verify / web	UNKNOWN STEP	2026-10-05T11:17:05.5428635Z ^[[36;1m  --dereference --hard-dereference \^[[0m
verify / web	UNKNOWN STEP	2026-10-05T11:17:05.5428948Z ^[[36;1m  --directory "$INPUT_PATH" \^[[0m
verify / web	UNKNOWN STEP	2026-10-05T11:17:05.5429252Z ^[[36;1m  -cvf "$RUNNER_TEMP/artifact.tar" \^[[0m
verify / web	UNKNOWN STEP	2026-10-05T11:17:05.5429547Z ^[[36;1m  --exclude=.git \^[[0m
verify / web	UNKNOWN STEP	2026-10-05T11:17:05.5429797Z ^[[36;1m  --exclude=.github \^[[0m
verify / web	UNKNOWN STEP	2026-10-05T11:17:05.5430046Z ^[[36;1m  --exclude=.[^/]* \^[[0m
verify / web	UNKNOWN STEP	2026-10-05T11:17:05.5430274Z ^[[36;1m  .^[[0m
verify / web	UNKNOWN STEP	2026-10-05T11:17:05.5430488Z ^[[36;1mecho ::endgroup::^[[0m
verify / web	UNKNOWN STEP	2026-10-05T11:17:05.5430792Z shell: sh -e {0}
verify / web	UNKNOWN STEP	2026-10-05T11:17:05.5430993Z env:
verify / web	UNKNOWN STEP	2026-10-05T11:17:05.5431211Z   PLAYWRIGHT_BROWSERS_PATH: /ms-playwright
verify / web	UNKNOWN STEP	2026-10-05T11:17:05.5431802Z   PLAYWRIGHT_IMAGE_VERSION: 1.63.0
verify / web	UNKNOWN STEP	2026-10-05T11:17:05.5432070Z   CHRONOSHIFT_CI_TIMING: 0
verify / web	UNKNOWN STEP	2026-10-05T11:17:05.5432315Z   PUBLISH_PAGES: true
verify / web	UNKNOWN STEP	2026-10-05T11:17:05.5432532Z   MISE_LOG_LEVEL: info
verify / web	UNKNOWN STEP	2026-10-05T11:17:05.5435281Z   MISE_GITHUB_TOKEN: ***
verify / web	UNKNOWN STEP	2026-10-05T11:17:05.5435589Z   MISE_TRUSTED_CONFIG_PATHS: /__w/ChronoShift/ChronoShift
verify / web	UNKNOWN STEP	2026-10-05T11:17:05.5436118Z   MISE_YES: 1
verify / web	UNKNOWN STEP	2026-10-05T11:17:05.5436320Z   GITHUB_PAGES: true
verify / web	UNKNOWN STEP	2026-10-05T11:17:05.5436535Z   INPUT_PATH: dist
verify / web	UNKNOWN STEP	2026-10-05T11:17:05.5436739Z ##[endgroup]
verify / web	UNKNOWN STEP	2026-10-05T11:17:05.5924994Z ##[group]Archive artifact
verify / web	UNKNOWN STEP	2026-10-05T11:17:05.5939646Z ./
verify / web	UNKNOWN STEP	2026-10-05T11:17:05.5940215Z ./third-party-notices.txt
verify / web	UNKNOWN STEP	2026-10-05T11:17:05.5942410Z ./manifest.webmanifest
verify / web	UNKNOWN STEP	2026-10-05T11:17:05.5942986Z ./assets/
verify / web	UNKNOWN STEP	2026-10-05T11:17:05.5943353Z ./assets/worker-C690IjaR.js
verify / web	UNKNOWN STEP	2026-10-05T11:17:05.5945186Z ./assets/index-CQJea-JE.css
verify / web	UNKNOWN STEP	2026-10-05T11:17:05.5945731Z ./assets/index-1VRzNw7L.js
verify / web	UNKNOWN STEP	2026-10-05T11:17:05.5955058Z ./assets/geist-latin-variable-Dm3htQBi.woff2
verify / web	UNKNOWN STEP	2026-10-05T11:17:05.5955706Z ./index.html
verify / web	UNKNOWN STEP	2026-10-05T11:17:05.5956369Z ./release.json
verify / web	UNKNOWN STEP	2026-10-05T11:17:05.5957018Z ./sw.js
verify / web	UNKNOWN STEP	2026-10-05T11:17:05.5957359Z ./icon.svg
verify / web	UNKNOWN STEP	2026-10-05T11:17:05.5957687Z ./icon-512.png
verify / web	UNKNOWN STEP	2026-10-05T11:17:05.5958028Z ./icon-192.png
verify / web	UNKNOWN STEP	2026-10-05T11:17:05.5958346Z ./fonts/
verify / web	UNKNOWN STEP	2026-10-05T11:17:05.5958927Z ./fonts/geist-OFL.txt
verify / web	UNKNOWN STEP	2026-10-05T11:17:05.5959366Z ./fonts/README.txt
verify / web	UNKNOWN STEP	2026-10-05T11:17:05.5962557Z ##[endgroup]
verify / web	UNKNOWN STEP	2026-10-05T11:17:05.6002853Z ##[end-action id=__actions_upload-pages-artifact.__run;outcome=success;conclusion=success;duration_ms=61]
verify / web	UNKNOWN STEP	2026-10-05T11:17:05.6006389Z ##[start-action display=Archive artifact;id=__actions_upload-pages-artifact.__run_2]
verify / web	UNKNOWN STEP	2026-10-05T11:17:05.6011784Z ##[end-action id=__actions_upload-pages-artifact.__run_2;outcome=skipped;conclusion=skipped;duration_ms=0]
verify / web	UNKNOWN STEP	2026-10-05T11:17:05.6014467Z ##[start-action display=Archive artifact;id=__actions_upload-pages-artifact.__run_3]
verify / web	UNKNOWN STEP	2026-10-05T11:17:05.6017834Z ##[end-action id=__actions_upload-pages-artifact.__run_3;outcome=skipped;conclusion=skipped;duration_ms=0]
verify / web	UNKNOWN STEP	2026-10-05T11:17:05.6019954Z ##[start-action display=Upload artifact;id=__actions_upload-pages-artifact.upload-artifact]
verify / web	UNKNOWN STEP	2026-10-05T11:17:05.6055449Z ##[group]Run actions/upload-artifact@bbbca2ddaa5d8feaa63e36b76fdaad77386f024f
verify / web	UNKNOWN STEP	2026-10-05T11:17:05.6055854Z with:
verify / web	UNKNOWN STEP	2026-10-05T11:17:05.6056054Z   name: github-pages
verify / web	UNKNOWN STEP	2026-10-05T11:17:05.6056318Z   path: /home/runner/work/_temp/artifact.tar
verify / web	UNKNOWN STEP	2026-10-05T11:17:05.6056606Z   retention-days: 14
verify / web	UNKNOWN STEP	2026-10-05T11:17:05.6056828Z   if-no-files-found: error
verify / web	UNKNOWN STEP	2026-10-05T11:17:05.6057065Z   compression-level: 6
verify / web	UNKNOWN STEP	2026-10-05T11:17:05.6057280Z   overwrite: false
verify / web	UNKNOWN STEP	2026-10-05T11:17:05.6057497Z   include-hidden-files: false
verify / web	UNKNOWN STEP	2026-10-05T11:17:05.6057738Z   archive: true
verify / web	UNKNOWN STEP	2026-10-05T11:17:05.6057935Z env:
verify / web	UNKNOWN STEP	2026-10-05T11:17:05.6058150Z   PLAYWRIGHT_BROWSERS_PATH: /ms-playwright
verify / web	UNKNOWN STEP	2026-10-05T11:17:05.6058465Z   PLAYWRIGHT_IMAGE_VERSION: 1.63.0
verify / web	UNKNOWN STEP	2026-10-05T11:17:05.6058729Z   CHRONOSHIFT_CI_TIMING: 0
verify / web	UNKNOWN STEP	2026-10-05T11:17:05.6058965Z   PUBLISH_PAGES: true
verify / web	UNKNOWN STEP	2026-10-05T11:17:05.6059179Z   MISE_LOG_LEVEL: info
verify / web	UNKNOWN STEP	2026-10-05T11:17:05.6062410Z   MISE_GITHUB_TOKEN: ***
verify / web	UNKNOWN STEP	2026-10-05T11:17:05.6062753Z   MISE_TRUSTED_CONFIG_PATHS: /__w/ChronoShift/ChronoShift
verify / web	UNKNOWN STEP	2026-10-05T11:17:05.6063081Z   MISE_YES: 1
verify / web	UNKNOWN STEP	2026-10-05T11:17:05.6063289Z   GITHUB_PAGES: true
verify / web	UNKNOWN STEP	2026-10-05T11:17:05.6063501Z ##[endgroup]
verify / web	UNKNOWN STEP	2026-10-05T11:17:05.6067160Z ##[command]/usr/bin/docker exec  c15922bd5a5db2dac3ef17c0ecbfb83ca3c5224d933fe986977624b47a7ab04f sh -c "cat /etc/*release | grep ^ID"
verify / web	UNKNOWN STEP	2026-10-05T11:17:05.8597981Z With the provided path, there will be 1 file uploaded
verify / web	UNKNOWN STEP	2026-10-05T11:17:05.8623752Z Artifact name is valid!
verify / web	UNKNOWN STEP	2026-10-05T11:17:05.8624251Z Root directory input is valid!
verify / web	UNKNOWN STEP	2026-10-05T11:17:06.2251495Z Uploading artifact: github-pages.zip
verify / web	UNKNOWN STEP	2026-10-05T11:17:06.2298215Z Beginning upload of artifact content to blob storage
verify / web	UNKNOWN STEP	2026-10-05T11:17:06.8274435Z Uploaded bytes 374915
verify / web	UNKNOWN STEP	2026-10-05T11:17:06.8978171Z Finished uploading artifact content to blob storage!
verify / web	UNKNOWN STEP	2026-10-05T11:17:06.8979231Z SHA256 digest of uploaded artifact is 2676a9e05004bfdda293d70e69ca6cfe94dd717b23cf5a5a92ef229253775984
verify / web	UNKNOWN STEP	2026-10-05T11:17:06.8980440Z Finalizing artifact upload
verify / web	UNKNOWN STEP	2026-10-05T11:17:07.3665297Z Artifact github-pages successfully finalized. Artifact ID 11341138658
verify / web	UNKNOWN STEP	2026-10-05T11:17:07.3666078Z Artifact github-pages has been successfully uploaded! Final size is 374915 bytes. Artifact ID is 11341138658
verify / web	UNKNOWN STEP	2026-10-05T11:17:07.3669710Z Artifact download URL: https://github.com/Tien-Lam/ChronoShift/actions/runs/37301135549/artifacts/11341138658
verify / web	UNKNOWN STEP	2026-10-05T11:17:07.3786766Z ##[end-action id=__actions_upload-pages-artifact.upload-artifact;outcome=success;conclusion=success;duration_ms=1776]
verify / web	UNKNOWN STEP	2026-10-05T11:17:07.4428354Z Post job cleanup.
verify / web	UNKNOWN STEP	2026-10-05T11:17:07.4436405Z ##[command]/usr/bin/docker exec  c15922bd5a5db2dac3ef17c0ecbfb83ca3c5224d933fe986977624b47a7ab04f sh -c "cat /etc/*release | grep ^ID"
verify / web	UNKNOWN STEP	2026-10-05T11:17:07.6330111Z [command]/usr/bin/git version
verify / web	UNKNOWN STEP	2026-10-05T11:17:07.6376896Z git version 2.43.0
verify / web	UNKNOWN STEP	2026-10-05T11:17:07.6421149Z Temporarily overriding HOME='/__w/_temp/f0b7fa68-7df2-4323-b8c6-c1f0c1314a1e' before making global git config changes
verify / web	UNKNOWN STEP	2026-10-05T11:17:07.6422392Z Adding repository directory to the temporary git global config as a safe directory
verify / web	UNKNOWN STEP	2026-10-05T11:17:07.6436567Z [command]/usr/bin/git config --global --add safe.directory /__w/ChronoShift/ChronoShift
verify / web	UNKNOWN STEP	2026-10-05T11:17:07.6473609Z Removing SSH command configuration
verify / web	UNKNOWN STEP	2026-10-05T11:17:07.6478826Z [command]/usr/bin/git config --local --name-only --get-regexp core\.sshCommand
verify / web	UNKNOWN STEP	2026-10-05T11:17:07.6522085Z [command]/usr/bin/git submodule foreach --recursive sh -c "git config --local --name-only --get-regexp 'core\.sshCommand' && git config --local --unset-all 'core.sshCommand' || :"
verify / web	UNKNOWN STEP	2026-10-05T11:17:07.6799335Z Removing HTTP extra header
verify / web	UNKNOWN STEP	2026-10-05T11:17:07.6805837Z [command]/usr/bin/git config --local --name-only --get-regexp http\.https\:\/\/github\.com\/\.extraheader
verify / web	UNKNOWN STEP	2026-10-05T11:17:07.6842493Z [command]/usr/bin/git submodule foreach --recursive sh -c "git config --local --name-only --get-regexp 'http\.https\:\/\/github\.com\/\.extraheader' && git config --local --unset-all 'http.https://github.com/.extraheader' || :"
verify / web	UNKNOWN STEP	2026-10-05T11:17:07.7122506Z Removing includeIf entries pointing to credentials config files
verify / web	UNKNOWN STEP	2026-10-05T11:17:07.7128865Z [command]/usr/bin/git config --local --name-only --get-regexp ^includeIf\.gitdir:
verify / web	UNKNOWN STEP	2026-10-05T11:17:07.7161196Z includeif.gitdir:/__w/ChronoShift/ChronoShift/.git.path
verify / web	UNKNOWN STEP	2026-10-05T11:17:07.7162583Z includeif.gitdir:/__w/ChronoShift/ChronoShift/.git/worktrees/*.path
verify / web	UNKNOWN STEP	2026-10-05T11:17:07.7163034Z includeif.gitdir:/github/workspace/.git.path
verify / web	UNKNOWN STEP	2026-10-05T11:17:07.7163464Z includeif.gitdir:/github/workspace/.git/worktrees/*.path
verify / web	UNKNOWN STEP	2026-10-05T11:17:07.7171872Z [command]/usr/bin/git config --local --get-all includeif.gitdir:/__w/ChronoShift/ChronoShift/.git.path
verify / web	UNKNOWN STEP	2026-10-05T11:17:07.7198971Z /__w/_temp/git-credentials-e513d002-78be-4198-be6d-18929bffc30f.config
verify / web	UNKNOWN STEP	2026-10-05T11:17:07.7209531Z [command]/usr/bin/git config --local --unset includeif.gitdir:/__w/ChronoShift/ChronoShift/.git.path \/__w\/_temp\/git\-credentials\-e513d002\-78be\-4198\-be6d\-18929bffc30f\.config
verify / web	UNKNOWN STEP	2026-10-05T11:17:07.7255017Z [command]/usr/bin/git config --local --get-all includeif.gitdir:/__w/ChronoShift/ChronoShift/.git/worktrees/*.path
verify / web	UNKNOWN STEP	2026-10-05T11:17:07.7285934Z /__w/_temp/git-credentials-e513d002-78be-4198-be6d-18929bffc30f.config
verify / web	UNKNOWN STEP	2026-10-05T11:17:07.7297080Z [command]/usr/bin/git config --local --unset includeif.gitdir:/__w/ChronoShift/ChronoShift/.git/worktrees/*.path \/__w\/_temp\/git\-credentials\-e513d002\-78be\-4198\-be6d\-18929bffc30f\.config
verify / web	UNKNOWN STEP	2026-10-05T11:17:07.7337867Z [command]/usr/bin/git config --local --get-all includeif.gitdir:/github/workspace/.git.path
verify / web	UNKNOWN STEP	2026-10-05T11:17:07.7365379Z /github/runner_temp/git-credentials-e513d002-78be-4198-be6d-18929bffc30f.config
verify / web	UNKNOWN STEP	2026-10-05T11:17:07.7375598Z [command]/usr/bin/git config --local --unset includeif.gitdir:/github/workspace/.git.path \/github\/runner_temp\/git\-credentials\-e513d002\-78be\-4198\-be6d\-18929bffc30f\.config
verify / web	UNKNOWN STEP	2026-10-05T11:17:07.7422013Z [command]/usr/bin/git config --local --get-all includeif.gitdir:/github/workspace/.git/worktrees/*.path
verify / web	UNKNOWN STEP	2026-10-05T11:17:07.7447287Z /github/runner_temp/git-credentials-e513d002-78be-4198-be6d-18929bffc30f.config
verify / web	UNKNOWN STEP	2026-10-05T11:17:07.7457301Z [command]/usr/bin/git config --local --unset includeif.gitdir:/github/workspace/.git/worktrees/*.path \/github\/runner_temp\/git\-credentials\-e513d002\-78be\-4198\-be6d\-18929bffc30f\.config
verify / web	UNKNOWN STEP	2026-10-05T11:17:07.7493255Z [command]/usr/bin/git submodule foreach --recursive git config --local --show-origin --name-only --get-regexp remote.origin.url
verify / web	UNKNOWN STEP	2026-10-05T11:17:07.7740720Z Removing credentials config '/__w/_temp/git-credentials-e513d002-78be-4198-be6d-18929bffc30f.config'
verify / web	UNKNOWN STEP	2026-10-05T11:17:07.7883964Z Stop and remove container: e6c6ab3a06ff4b9a90810e9991786dcf_mcrmicrosoftcomplaywrightsha256eff16c30e6f3f4af0a03fa4b706120d5e9b0891c344a27d64559aff5900a4a27_995cc4
verify / web	UNKNOWN STEP	2026-10-05T11:17:07.7889082Z ##[command]/usr/bin/docker rm --force c15922bd5a5db2dac3ef17c0ecbfb83ca3c5224d933fe986977624b47a7ab04f
verify / web	UNKNOWN STEP	2026-10-05T11:17:07.8786416Z c15922bd5a5db2dac3ef17c0ecbfb83ca3c5224d933fe986977624b47a7ab04f
verify / web	UNKNOWN STEP	2026-10-05T11:17:07.8814952Z Remove container network: github_network_628585ca6806483da703d48453e1357a
verify / web	UNKNOWN STEP	2026-10-05T11:17:07.8819365Z ##[command]/usr/bin/docker network rm github_network_628585ca6806483da703d48453e1357a
verify / web	UNKNOWN STEP	2026-10-05T11:17:08.0196812Z github_network_628585ca6806483da703d48453e1357a
verify / web	UNKNOWN STEP	2026-10-05T11:17:08.0265259Z Cleaning up orphan processes
deploy	Set up job	﻿2026-10-05T11:17:15.9451283Z Current runner version: '2.337.0'
deploy	Set up job	2026-10-05T11:17:15.9476115Z ##[group]Runner Image Provisioner
deploy	Set up job	2026-10-05T11:17:15.9477454Z Hosted Compute Agent
deploy	Set up job	2026-10-05T11:17:15.9478077Z Version: 20260901.588
deploy	Set up job	2026-10-05T11:17:15.9478828Z Commit: f88ec8081b781fac6c440065ac7ff9e710ce3d0b
deploy	Set up job	2026-10-05T11:17:15.9479552Z Build Date: 2026-09-01T19:56:44Z
deploy	Set up job	2026-10-05T11:17:15.9480266Z Worker ID: {5123698c-9a48-4953-a4a1-c0258211731e}
deploy	Set up job	2026-10-05T11:17:15.9480981Z Azure Region: westcentralus
deploy	Set up job	2026-10-05T11:17:15.9481597Z ##[endgroup]
deploy	Set up job	2026-10-05T11:17:15.9483660Z ##[group]Operating System
deploy	Set up job	2026-10-05T11:17:15.9484367Z Ubuntu
deploy	Set up job	2026-10-05T11:17:15.9485012Z 24.04.5
deploy	Set up job	2026-10-05T11:17:15.9485556Z LTS
deploy	Set up job	2026-10-05T11:17:15.9486097Z ##[endgroup]
deploy	Set up job	2026-10-05T11:17:15.9486991Z ##[group]Runner Image
deploy	Set up job	2026-10-05T11:17:15.9487591Z Image: ubuntu-24.04
deploy	Set up job	2026-10-05T11:17:15.9488186Z Version: 20260927.320.1
deploy	Set up job	2026-10-05T11:17:15.9489286Z Included Software: https://github.com/actions/runner-images/blob/ubuntu24/20260927.320/images/ubuntu/Ubuntu2404-Readme.md
deploy	Set up job	2026-10-05T11:17:15.9491161Z Image Release: https://github.com/actions/runner-images/releases/tag/ubuntu24%2F20260927.320
deploy	Set up job	2026-10-05T11:17:15.9492147Z ##[endgroup]
deploy	Set up job	2026-10-05T11:17:15.9493265Z ##[group]GITHUB_TOKEN Permissions
deploy	Set up job	2026-10-05T11:17:15.9495366Z Metadata: read
deploy	Set up job	2026-10-05T11:17:15.9496052Z Pages: write
deploy	Set up job	2026-10-05T11:17:15.9496886Z ##[endgroup]
deploy	Set up job	2026-10-05T11:17:15.9498866Z Secret source: Actions
deploy	Set up job	2026-10-05T11:17:15.9499967Z Cache mode: write
deploy	Set up job	2026-10-05T11:17:15.9500966Z Prepare workflow directory
deploy	Set up job	2026-10-05T11:17:15.9846424Z Prepare all required actions
deploy	Set up job	2026-10-05T11:17:15.9893199Z Getting action download info
deploy	Set up job	2026-10-05T11:17:16.3371435Z Download action repository 'actions/deploy-pages@368f82528645a54fb793d4d04e342629a3f51346' (SHA:368f82528645a54fb793d4d04e342629a3f51346)
deploy	Set up job	2026-10-05T11:17:17.3393812Z Complete job name: deploy
deploy	Run actions/deploy-pages@368f82528645a54fb793d4d04e342629a3f51346	﻿2026-10-05T11:17:17.4194418Z ##[group]Run actions/deploy-pages@368f82528645a54fb793d4d04e342629a3f51346
deploy	Run actions/deploy-pages@368f82528645a54fb793d4d04e342629a3f51346	2026-10-05T11:17:17.4195621Z with:
deploy	Run actions/deploy-pages@368f82528645a54fb793d4d04e342629a3f51346	2026-10-05T11:17:17.4199881Z   token: ***
deploy	Run actions/deploy-pages@368f82528645a54fb793d4d04e342629a3f51346	2026-10-05T11:17:17.4200389Z   timeout: 600000
deploy	Run actions/deploy-pages@368f82528645a54fb793d4d04e342629a3f51346	2026-10-05T11:17:17.4200872Z   error_count: 10
deploy	Run actions/deploy-pages@368f82528645a54fb793d4d04e342629a3f51346	2026-10-05T11:17:17.4201366Z   reporting_interval: 5000
deploy	Run actions/deploy-pages@368f82528645a54fb793d4d04e342629a3f51346	2026-10-05T11:17:17.4201919Z   artifact_name: github-pages
deploy	Run actions/deploy-pages@368f82528645a54fb793d4d04e342629a3f51346	2026-10-05T11:17:17.4202470Z   preview: false
deploy	Run actions/deploy-pages@368f82528645a54fb793d4d04e342629a3f51346	2026-10-05T11:17:17.4203220Z ##[endgroup]
deploy	Run actions/deploy-pages@368f82528645a54fb793d4d04e342629a3f51346	2026-10-05T11:17:17.6119683Z (node:2230) [DEP0040] DeprecationWarning: The `punycode` module is deprecated. Please use a userland alternative instead.
deploy	Run actions/deploy-pages@368f82528645a54fb793d4d04e342629a3f51346	2026-10-05T11:17:17.6121141Z (Use `node --trace-deprecation ...` to show where the warning was created)
deploy	Run actions/deploy-pages@368f82528645a54fb793d4d04e342629a3f51346	2026-10-05T11:17:17.7923454Z Fetching artifact metadata for "github-pages" in this workflow run
deploy	Run actions/deploy-pages@368f82528645a54fb793d4d04e342629a3f51346	2026-10-05T11:17:18.0035323Z Found 1 artifact(s)
deploy	Run actions/deploy-pages@368f82528645a54fb793d4d04e342629a3f51346	2026-10-05T11:17:18.0047929Z Creating Pages deployment with payload:
deploy	Run actions/deploy-pages@368f82528645a54fb793d4d04e342629a3f51346	2026-10-05T11:17:18.0049784Z {
deploy	Run actions/deploy-pages@368f82528645a54fb793d4d04e342629a3f51346	2026-10-05T11:17:18.0051020Z 	"artifact_id": 11341138658,
deploy	Run actions/deploy-pages@368f82528645a54fb793d4d04e342629a3f51346	2026-10-05T11:17:18.0053156Z 	"pages_build_version": "cf4d5b9244278da591a33c1952283e76acb6116c",
deploy	Run actions/deploy-pages@368f82528645a54fb793d4d04e342629a3f51346	2026-10-05T11:17:18.0233235Z 	"oidc_token": "***"
deploy	Run actions/deploy-pages@368f82528645a54fb793d4d04e342629a3f51346	2026-10-05T11:17:18.0234316Z }
deploy	Run actions/deploy-pages@368f82528645a54fb793d4d04e342629a3f51346	2026-10-05T11:17:18.9254429Z Created deployment for cf4d5b9244278da591a33c1952283e76acb6116c, ID: cf4d5b9244278da591a33c1952283e76acb6116c
deploy	Run actions/deploy-pages@368f82528645a54fb793d4d04e342629a3f51346	2026-10-05T11:17:24.6213339Z Getting Pages deployment status...
deploy	Run actions/deploy-pages@368f82528645a54fb793d4d04e342629a3f51346	2026-10-05T11:17:24.8869263Z Reported success!
deploy	Complete job	﻿2026-10-05T11:17:24.9172406Z Evaluate and set environment url
deploy	Complete job	2026-10-05T11:17:24.9177980Z Evaluated environment url: https://tien-lam.github.io/ChronoShift/
deploy	Complete job	2026-10-05T11:17:24.9179057Z Cleaning up orphan processes
