verify / web	UNKNOWN STEP	﻿2026-10-03T15:03:27.1976760Z Current runner version: '2.337.0'
verify / web	UNKNOWN STEP	2026-10-03T15:03:27.2001039Z ##[group]Runner Image Provisioner
verify / web	UNKNOWN STEP	2026-10-03T15:03:27.2001846Z Hosted Compute Agent
verify / web	UNKNOWN STEP	2026-10-03T15:03:27.2002503Z Version: 20260901.588
verify / web	UNKNOWN STEP	2026-10-03T15:03:27.2003097Z Commit: f88ec8081b781fac6c440065ac7ff9e710ce3d0b
verify / web	UNKNOWN STEP	2026-10-03T15:03:27.2003801Z Build Date: 2026-09-01T19:56:44Z
verify / web	UNKNOWN STEP	2026-10-03T15:03:27.2004475Z Worker ID: {8760a7d5-540e-4afd-bd86-c7459ee0d060}
verify / web	UNKNOWN STEP	2026-10-03T15:03:27.2005139Z Azure Region: northcentralus
verify / web	UNKNOWN STEP	2026-10-03T15:03:27.2005771Z ##[endgroup]
verify / web	UNKNOWN STEP	2026-10-03T15:03:27.2007181Z ##[group]Operating System
verify / web	UNKNOWN STEP	2026-10-03T15:03:27.2007773Z Ubuntu
verify / web	UNKNOWN STEP	2026-10-03T15:03:27.2008283Z 24.04.5
verify / web	UNKNOWN STEP	2026-10-03T15:03:27.2009000Z LTS
verify / web	UNKNOWN STEP	2026-10-03T15:03:27.2009566Z ##[endgroup]
verify / web	UNKNOWN STEP	2026-10-03T15:03:27.2010089Z ##[group]Runner Image
verify / web	UNKNOWN STEP	2026-10-03T15:03:27.2010697Z Image: ubuntu-24.04
verify / web	UNKNOWN STEP	2026-10-03T15:03:27.2011241Z Version: 20260927.320.1
verify / web	UNKNOWN STEP	2026-10-03T15:03:27.2012829Z Included Software: https://github.com/actions/runner-images/blob/ubuntu24/20260927.320/images/ubuntu/Ubuntu2404-Readme.md
verify / web	UNKNOWN STEP	2026-10-03T15:03:27.2014313Z Image Release: https://github.com/actions/runner-images/releases/tag/ubuntu24%2F20260927.320
verify / web	UNKNOWN STEP	2026-10-03T15:03:27.2015205Z ##[endgroup]
verify / web	UNKNOWN STEP	2026-10-03T15:03:27.2016419Z ##[group]GITHUB_TOKEN Permissions
verify / web	UNKNOWN STEP	2026-10-03T15:03:27.2018662Z Contents: read
verify / web	UNKNOWN STEP	2026-10-03T15:03:27.2019602Z Metadata: read
verify / web	UNKNOWN STEP	2026-10-03T15:03:27.2020132Z ##[endgroup]
verify / web	UNKNOWN STEP	2026-10-03T15:03:27.2022420Z Secret source: Actions
verify / web	UNKNOWN STEP	2026-10-03T15:03:27.2023377Z Cache mode: write
verify / web	UNKNOWN STEP	2026-10-03T15:03:27.2024376Z Prepare workflow directory
verify / web	UNKNOWN STEP	2026-10-03T15:03:27.2341544Z Prepare all required actions
verify / web	UNKNOWN STEP	2026-10-03T15:03:27.2390822Z Getting action download info
verify / web	UNKNOWN STEP	2026-10-03T15:03:27.4721549Z Download action repository 'actions/checkout@34e114876b0b11c390a56381ad16ebd13914f8d5' (SHA:34e114876b0b11c390a56381ad16ebd13914f8d5)
verify / web	UNKNOWN STEP	2026-10-03T15:03:27.5958340Z Download action repository 'jdx/mise-action@5228313ee0372e111a38da051671ca30fc5a96db' (SHA:5228313ee0372e111a38da051671ca30fc5a96db)
verify / web	UNKNOWN STEP	2026-10-03T15:03:28.0267331Z Download action repository 'actions/upload-artifact@ea165f8d65b6e75b540449e92b4886f43607fa02' (SHA:ea165f8d65b6e75b540449e92b4886f43607fa02)
verify / web	UNKNOWN STEP	2026-10-03T15:03:28.3027819Z Uses: Tien-Lam/ChronoShift/.github/workflows/web.yml@refs/heads/codex/offline-web-migration (c31b8656bc4ef0fce84d5767b0d9c39f89a00f0f)
verify / web	UNKNOWN STEP	2026-10-03T15:03:28.3033631Z Complete job name: verify / web
verify / web	UNKNOWN STEP	2026-10-03T15:03:28.3844763Z ##[group]Run actions/checkout@34e114876b0b11c390a56381ad16ebd13914f8d5
verify / web	UNKNOWN STEP	2026-10-03T15:03:28.3846366Z with:
verify / web	UNKNOWN STEP	2026-10-03T15:03:28.3847389Z   repository: Tien-Lam/ChronoShift
verify / web	UNKNOWN STEP	2026-10-03T15:03:28.3854439Z   token: ***
verify / web	UNKNOWN STEP	2026-10-03T15:03:28.3855380Z   ssh-strict: true
verify / web	UNKNOWN STEP	2026-10-03T15:03:28.3856413Z   ssh-user: git
verify / web	UNKNOWN STEP	2026-10-03T15:03:28.3857441Z   persist-credentials: true
verify / web	UNKNOWN STEP	2026-10-03T15:03:28.3858491Z   clean: true
verify / web	UNKNOWN STEP	2026-10-03T15:03:28.3859591Z   sparse-checkout-cone-mode: true
verify / web	UNKNOWN STEP	2026-10-03T15:03:28.3860681Z   fetch-depth: 1
verify / web	UNKNOWN STEP	2026-10-03T15:03:28.3861669Z   fetch-tags: false
verify / web	UNKNOWN STEP	2026-10-03T15:03:28.3862664Z   show-progress: true
verify / web	UNKNOWN STEP	2026-10-03T15:03:28.3863646Z   lfs: false
verify / web	UNKNOWN STEP	2026-10-03T15:03:28.3864618Z   submodules: false
verify / web	UNKNOWN STEP	2026-10-03T15:03:28.3865616Z   set-safe-directory: true
verify / web	UNKNOWN STEP	2026-10-03T15:03:28.3866855Z ##[endgroup]
verify / web	UNKNOWN STEP	2026-10-03T15:03:28.4857090Z Syncing repository: Tien-Lam/ChronoShift
verify / web	UNKNOWN STEP	2026-10-03T15:03:28.4860892Z ##[group]Getting Git version info
verify / web	UNKNOWN STEP	2026-10-03T15:03:28.4863166Z Working directory is '/home/runner/work/ChronoShift/ChronoShift'
verify / web	UNKNOWN STEP	2026-10-03T15:03:28.4866028Z [command]/usr/bin/git version
verify / web	UNKNOWN STEP	2026-10-03T15:03:28.4918580Z git version 2.55.0
verify / web	UNKNOWN STEP	2026-10-03T15:03:28.4957310Z ##[endgroup]
verify / web	UNKNOWN STEP	2026-10-03T15:03:28.4968202Z Temporarily overriding HOME='/home/runner/work/_temp/775fed16-095c-4927-bdab-bcd0537b2d93' before making global git config changes
verify / web	UNKNOWN STEP	2026-10-03T15:03:28.4973386Z Adding repository directory to the temporary git global config as a safe directory
verify / web	UNKNOWN STEP	2026-10-03T15:03:28.4976077Z [command]/usr/bin/git config --global --add safe.directory /home/runner/work/ChronoShift/ChronoShift
verify / web	UNKNOWN STEP	2026-10-03T15:03:28.5016688Z Deleting the contents of '/home/runner/work/ChronoShift/ChronoShift'
verify / web	UNKNOWN STEP	2026-10-03T15:03:28.5021150Z ##[group]Initializing the repository
verify / web	UNKNOWN STEP	2026-10-03T15:03:28.5025662Z [command]/usr/bin/git init /home/runner/work/ChronoShift/ChronoShift
verify / web	UNKNOWN STEP	2026-10-03T15:03:28.5120634Z hint: Using 'master' as the name for the initial branch. This default branch name
verify / web	UNKNOWN STEP	2026-10-03T15:03:28.5123768Z hint: will change to "main" in Git 3.0. To configure the initial branch name
verify / web	UNKNOWN STEP	2026-10-03T15:03:28.5126522Z hint: to use in all of your new repositories, which will suppress this warning,
verify / web	UNKNOWN STEP	2026-10-03T15:03:28.5128624Z hint: call:
verify / web	UNKNOWN STEP	2026-10-03T15:03:28.5130074Z hint:
verify / web	UNKNOWN STEP	2026-10-03T15:03:28.5131665Z hint: 	git config --global init.defaultBranch <name>
verify / web	UNKNOWN STEP	2026-10-03T15:03:28.5133348Z hint:
verify / web	UNKNOWN STEP	2026-10-03T15:03:28.5135093Z hint: Names commonly chosen instead of 'master' are 'main', 'trunk' and
verify / web	UNKNOWN STEP	2026-10-03T15:03:28.5137719Z hint: 'development'. The just-created branch can be renamed via this command:
verify / web	UNKNOWN STEP	2026-10-03T15:03:28.5140832Z hint:
verify / web	UNKNOWN STEP	2026-10-03T15:03:28.5142330Z hint: 	git branch -m <name>
verify / web	UNKNOWN STEP	2026-10-03T15:03:28.5143812Z hint:
verify / web	UNKNOWN STEP	2026-10-03T15:03:28.5145647Z hint: Disable this message with "git config set advice.defaultBranchName false"
verify / web	UNKNOWN STEP	2026-10-03T15:03:28.5148386Z Initialized empty Git repository in /home/runner/work/ChronoShift/ChronoShift/.git/
verify / web	UNKNOWN STEP	2026-10-03T15:03:28.5153611Z [command]/usr/bin/git remote add origin https://github.com/Tien-Lam/ChronoShift
verify / web	UNKNOWN STEP	2026-10-03T15:03:28.5182005Z ##[endgroup]
verify / web	UNKNOWN STEP	2026-10-03T15:03:28.5184416Z ##[group]Disabling automatic garbage collection
verify / web	UNKNOWN STEP	2026-10-03T15:03:28.5186801Z [command]/usr/bin/git config --local gc.auto 0
verify / web	UNKNOWN STEP	2026-10-03T15:03:28.5220665Z ##[endgroup]
verify / web	UNKNOWN STEP	2026-10-03T15:03:28.5223304Z ##[group]Setting up auth
verify / web	UNKNOWN STEP	2026-10-03T15:03:28.5225635Z [command]/usr/bin/git config --local --name-only --get-regexp core\.sshCommand
verify / web	UNKNOWN STEP	2026-10-03T15:03:28.5255519Z [command]/usr/bin/git submodule foreach --recursive sh -c "git config --local --name-only --get-regexp 'core\.sshCommand' && git config --local --unset-all 'core.sshCommand' || :"
verify / web	UNKNOWN STEP	2026-10-03T15:03:28.5581567Z [command]/usr/bin/git config --local --name-only --get-regexp http\.https\:\/\/github\.com\/\.extraheader
verify / web	UNKNOWN STEP	2026-10-03T15:03:28.5601497Z [command]/usr/bin/git submodule foreach --recursive sh -c "git config --local --name-only --get-regexp 'http\.https\:\/\/github\.com\/\.extraheader' && git config --local --unset-all 'http.https://github.com/.extraheader' || :"
verify / web	UNKNOWN STEP	2026-10-03T15:03:28.5803700Z [command]/usr/bin/git config --local --name-only --get-regexp ^includeIf\.gitdir:
verify / web	UNKNOWN STEP	2026-10-03T15:03:28.5832347Z [command]/usr/bin/git submodule foreach --recursive git config --local --show-origin --name-only --get-regexp remote.origin.url
verify / web	UNKNOWN STEP	2026-10-03T15:03:28.6008184Z [command]/usr/bin/git config --local http.https://github.com/.extraheader AUTHORIZATION: basic ***
verify / web	UNKNOWN STEP	2026-10-03T15:03:28.6045420Z ##[endgroup]
verify / web	UNKNOWN STEP	2026-10-03T15:03:28.6047092Z ##[group]Fetching the repository
verify / web	UNKNOWN STEP	2026-10-03T15:03:28.6055612Z [command]/usr/bin/git -c protocol.version=2 fetch --no-tags --prune --no-recurse-submodules --depth=1 origin +c31b8656bc4ef0fce84d5767b0d9c39f89a00f0f:refs/remotes/origin/codex/offline-web-migration
verify / web	UNKNOWN STEP	2026-10-03T15:03:28.9159748Z From https://github.com/Tien-Lam/ChronoShift
verify / web	UNKNOWN STEP	2026-10-03T15:03:28.9162912Z  * [new ref]         c31b8656bc4ef0fce84d5767b0d9c39f89a00f0f -> origin/codex/offline-web-migration
verify / web	UNKNOWN STEP	2026-10-03T15:03:28.9167301Z ##[endgroup]
verify / web	UNKNOWN STEP	2026-10-03T15:03:28.9168988Z ##[group]Determining the checkout info
verify / web	UNKNOWN STEP	2026-10-03T15:03:28.9170689Z ##[endgroup]
verify / web	UNKNOWN STEP	2026-10-03T15:03:28.9171713Z [command]/usr/bin/git sparse-checkout disable
verify / web	UNKNOWN STEP	2026-10-03T15:03:28.9211132Z [command]/usr/bin/git config --local --unset-all extensions.worktreeConfig
verify / web	UNKNOWN STEP	2026-10-03T15:03:28.9242521Z ##[group]Checking out the ref
verify / web	UNKNOWN STEP	2026-10-03T15:03:28.9281802Z [command]/usr/bin/git checkout --progress --force -B codex/offline-web-migration refs/remotes/origin/codex/offline-web-migration
verify / web	UNKNOWN STEP	2026-10-03T15:03:28.9377105Z Switched to a new branch 'codex/offline-web-migration'
verify / web	UNKNOWN STEP	2026-10-03T15:03:28.9382596Z branch 'codex/offline-web-migration' set up to track 'origin/codex/offline-web-migration'.
verify / web	UNKNOWN STEP	2026-10-03T15:03:28.9387013Z ##[endgroup]
verify / web	UNKNOWN STEP	2026-10-03T15:03:28.9421985Z [command]/usr/bin/git log -1 --format=%H
verify / web	UNKNOWN STEP	2026-10-03T15:03:28.9442437Z c31b8656bc4ef0fce84d5767b0d9c39f89a00f0f
verify / web	UNKNOWN STEP	2026-10-03T15:03:28.9764317Z ##[group]Run jdx/mise-action@5228313ee0372e111a38da051671ca30fc5a96db
verify / web	UNKNOWN STEP	2026-10-03T15:03:28.9765613Z with:
verify / web	UNKNOWN STEP	2026-10-03T15:03:28.9766466Z   install: true
verify / web	UNKNOWN STEP	2026-10-03T15:03:28.9767319Z   cache: true
verify / web	UNKNOWN STEP	2026-10-03T15:03:28.9768127Z   cache_save: true
verify / web	UNKNOWN STEP	2026-10-03T15:03:28.9769144Z   cache_key_prefix: mise-v1
verify / web	UNKNOWN STEP	2026-10-03T15:03:28.9770099Z   experimental: false
verify / web	UNKNOWN STEP	2026-10-03T15:03:28.9770999Z   log_level: info
verify / web	UNKNOWN STEP	2026-10-03T15:03:28.9771855Z   reshim: false
verify / web	UNKNOWN STEP	2026-10-03T15:03:28.9772734Z   add_shims_to_path: true
verify / web	UNKNOWN STEP	2026-10-03T15:03:28.9779353Z   github_token: ***
verify / web	UNKNOWN STEP	2026-10-03T15:03:28.9780267Z   fetch_from_github: true
verify / web	UNKNOWN STEP	2026-10-03T15:03:28.9781179Z   env: true
verify / web	UNKNOWN STEP	2026-10-03T15:03:28.9781996Z ##[endgroup]
verify / web	UNKNOWN STEP	2026-10-03T15:03:29.1188121Z ##[group]Restoring mise cache
verify / web	UNKNOWN STEP	2026-10-03T15:03:29.1261123Z [command]/usr/bin/ldd --version
verify / web	UNKNOWN STEP	2026-10-03T15:03:29.1330646Z ldd (Ubuntu GLIBC 2.39-0ubuntu8.9) 2.39
verify / web	UNKNOWN STEP	2026-10-03T15:03:29.1361911Z Copyright (C) 2024 Free Software Foundation, Inc.
verify / web	UNKNOWN STEP	2026-10-03T15:03:29.1382464Z This is free software; see the source for copying conditions.  There is NO
verify / web	UNKNOWN STEP	2026-10-03T15:03:29.1388430Z warranty; not even for MERCHANTABILITY or FITNESS FOR A PARTICULAR PURPOSE.
verify / web	UNKNOWN STEP	2026-10-03T15:03:29.1413666Z Written by Roland McGrath and Ulrich Drepper.
verify / web	UNKNOWN STEP	2026-10-03T15:03:29.3985785Z Cache hit for: mise-v1-linux-x64-f04942c4f71d9197453373398ea1e69dd84e0477b6eb8b8c3470bb42c7e3612d
verify / web	UNKNOWN STEP	2026-10-03T15:03:30.4422966Z Received 134130881 of 134130881 (100.0%), 141.8 MBs/sec
verify / web	UNKNOWN STEP	2026-10-03T15:03:30.4424757Z Cache Size: ~128 MB (134130881 B)
verify / web	UNKNOWN STEP	2026-10-03T15:03:30.4499419Z [command]/usr/bin/tar -xf /home/runner/work/_temp/92785f9b-b194-4531-b8c6-def4bfdaa6a6/cache.tzst -P -C /home/runner/work/ChronoShift/ChronoShift --use-compress-program unzstd
verify / web	UNKNOWN STEP	2026-10-03T15:03:31.0877679Z Cache restored successfully
verify / web	UNKNOWN STEP	2026-10-03T15:03:31.0933603Z mise cache restored from key: mise-v1-linux-x64-f04942c4f71d9197453373398ea1e69dd84e0477b6eb8b8c3470bb42c7e3612d
verify / web	UNKNOWN STEP	2026-10-03T15:03:31.0951470Z ##[group]Setting env vars
verify / web	UNKNOWN STEP	2026-10-03T15:03:31.0952459Z Setting MISE_LOG_LEVEL=info
verify / web	UNKNOWN STEP	2026-10-03T15:03:31.0956351Z Setting MISE_GITHUB_TOKEN=***
verify / web	UNKNOWN STEP	2026-10-03T15:03:31.0957078Z Setting MISE_TRUSTED_CONFIG_PATHS=/home/runner/work/ChronoShift/ChronoShift
verify / web	UNKNOWN STEP	2026-10-03T15:03:31.0957853Z Setting MISE_YES=1
verify / web	UNKNOWN STEP	2026-10-03T15:03:31.0958451Z Adding /home/runner/.local/share/mise/shims to PATH
verify / web	UNKNOWN STEP	2026-10-03T15:03:31.0960220Z ##[group]Running mise --version
verify / web	UNKNOWN STEP	2026-10-03T15:03:31.0968185Z [command]/home/runner/.local/share/mise/bin/mise --version
verify / web	UNKNOWN STEP	2026-10-03T15:03:31.1020798Z 2026.10.1 linux-x64 (2026-10-03)
verify / web	UNKNOWN STEP	2026-10-03T15:03:31.1047402Z ##[endgroup]
verify / web	UNKNOWN STEP	2026-10-03T15:03:31.1048578Z ##[group]Running mise install 
verify / web	UNKNOWN STEP	2026-10-03T15:03:31.1060269Z [command]/home/runner/.local/share/mise/bin/mise install
verify / web	UNKNOWN STEP	2026-10-03T15:03:31.1143590Z ^[[2mmise^[[0m ^[[2mby @jdx^[[0m – installing 2 tools
verify / web	UNKNOWN STEP	2026-10-03T15:03:31.1146547Z ^[[2mmise^[[0m ^[[38;5;11m⇢^[[0m bun@1.4.0    0ms · already installed
verify / web	UNKNOWN STEP	2026-10-03T15:03:31.1149090Z ^[[2mmise^[[0m ^[[38;5;11m⇢^[[0m node@26.8.1  0ms · already installed
verify / web	UNKNOWN STEP	2026-10-03T15:03:31.1150286Z ^[[2mmise^[[0m ^[[36m████████████████^[[0m^[[31m^[[0m^[[2m^[[0m 2/2 · installed 0 tools · 2 already installed in 0ms
verify / web	UNKNOWN STEP	2026-10-03T15:03:31.1151383Z ^[[2mmise^[[0m all tools are installed
verify / web	UNKNOWN STEP	2026-10-03T15:03:31.1187672Z ##[endgroup]
verify / web	UNKNOWN STEP	2026-10-03T15:03:31.1188526Z ##[group]Running mise ls
verify / web	UNKNOWN STEP	2026-10-03T15:03:31.1199924Z [command]/home/runner/.local/share/mise/bin/mise ls
verify / web	UNKNOWN STEP	2026-10-03T15:03:31.1282347Z bun   1.4.0   ~/work/ChronoShift/ChronoShift/mise.toml  1.4.0
verify / web	UNKNOWN STEP	2026-10-03T15:03:31.1283928Z node  26.8.1  ~/work/ChronoShift/ChronoShift/mise.toml  26.8.1
verify / web	UNKNOWN STEP	2026-10-03T15:03:31.1293103Z ##[endgroup]
verify / web	UNKNOWN STEP	2026-10-03T15:03:31.1294791Z ##[group]Exporting mise environment variables
verify / web	UNKNOWN STEP	2026-10-03T15:03:31.1412300Z [command]/home/runner/.local/share/mise/bin/mise env --json
verify / web	UNKNOWN STEP	2026-10-03T15:03:31.1496872Z {
verify / web	UNKNOWN STEP	2026-10-03T15:03:31.1506977Z   "PATH": "/home/runner/.local/share/mise/installs/bun/1.4.0/bin:/home/runner/.local/share/mise/installs/node/26.8.1/bin:/home/runner/.local/share/mise/shims:/home/runner/.local/share/mise/bin:/snap/bin:/home/runner/.local/bin:/opt/pipx_bin:/home/runner/.cargo/bin:/home/runner/.config/composer/vendor/bin:/usr/local/.ghcup/bin:/home/runner/.dotnet/tools:/usr/local/sbin:/usr/local/bin:/usr/sbin:/usr/bin:/sbin:/bin:/usr/games:/usr/local/games"
verify / web	UNKNOWN STEP	2026-10-03T15:03:31.1508873Z }
verify / web	UNKNOWN STEP	2026-10-03T15:03:31.1509622Z ##[endgroup]
verify / web	UNKNOWN STEP	2026-10-03T15:03:31.1678126Z ##[group]Run bun install --frozen-lockfile
verify / web	UNKNOWN STEP	2026-10-03T15:03:31.1678925Z ^[[36;1mbun install --frozen-lockfile^[[0m
verify / web	UNKNOWN STEP	2026-10-03T15:03:31.1872415Z shell: /usr/bin/bash -e {0}
verify / web	UNKNOWN STEP	2026-10-03T15:03:31.1872788Z env:
verify / web	UNKNOWN STEP	2026-10-03T15:03:31.1873152Z   MISE_LOG_LEVEL: info
verify / web	UNKNOWN STEP	2026-10-03T15:03:31.1875602Z   MISE_GITHUB_TOKEN: ***
verify / web	UNKNOWN STEP	2026-10-03T15:03:31.1876049Z   MISE_TRUSTED_CONFIG_PATHS: /home/runner/work/ChronoShift/ChronoShift
verify / web	UNKNOWN STEP	2026-10-03T15:03:31.1876471Z   MISE_YES: 1
verify / web	UNKNOWN STEP	2026-10-03T15:03:31.1877832Z   PATH: /home/runner/.local/share/mise/installs/bun/1.4.0/bin:/home/runner/.local/share/mise/installs/node/26.8.1/bin:/home/runner/.local/share/mise/shims:/home/runner/.local/share/mise/bin:/snap/bin:/home/runner/.local/bin:/opt/pipx_bin:/home/runner/.cargo/bin:/home/runner/.config/composer/vendor/bin:/usr/local/.ghcup/bin:/home/runner/.dotnet/tools:/usr/local/sbin:/usr/local/bin:/usr/sbin:/usr/bin:/sbin:/bin:/usr/games:/usr/local/games
verify / web	UNKNOWN STEP	2026-10-03T15:03:31.1879415Z ##[endgroup]
verify / web	UNKNOWN STEP	2026-10-03T15:03:31.2050770Z bun install v1.4.0 (34cbb9a40)
verify / web	UNKNOWN STEP	2026-10-03T15:03:31.4785644Z 
verify / web	UNKNOWN STEP	2026-10-03T15:03:31.4786646Z + @axe-core/playwright@4.13.0
verify / web	UNKNOWN STEP	2026-10-03T15:03:31.4787791Z + @playwright/test@1.63.0
verify / web	UNKNOWN STEP	2026-10-03T15:03:31.4788449Z + @types/bun@1.4.2
verify / web	UNKNOWN STEP	2026-10-03T15:03:31.4789197Z + @types/react@19.3.0
verify / web	UNKNOWN STEP	2026-10-03T15:03:31.4789841Z + @types/react-dom@19.3.0
verify / web	UNKNOWN STEP	2026-10-03T15:03:31.4790451Z + prettier@3.9.9
verify / web	UNKNOWN STEP	2026-10-03T15:03:31.4791022Z + typescript@7.0.2
verify / web	UNKNOWN STEP	2026-10-03T15:03:31.4791626Z + vite@8.3.2
verify / web	UNKNOWN STEP	2026-10-03T15:03:31.4792239Z + @js-temporal/polyfill@0.5.1
verify / web	UNKNOWN STEP	2026-10-03T15:03:31.4793065Z + chrono-node@2.10.2
verify / web	UNKNOWN STEP	2026-10-03T15:03:31.4793748Z + react@19.3.0
verify / web	UNKNOWN STEP	2026-10-03T15:03:31.4794372Z + react-dom@19.3.0
verify / web	UNKNOWN STEP	2026-10-03T15:03:31.4794874Z 
verify / web	UNKNOWN STEP	2026-10-03T15:03:31.4795741Z 38 packages installed [274.00ms]
verify / web	UNKNOWN STEP	2026-10-03T15:03:31.4856579Z ##[group]Run bun run format:check
verify / web	UNKNOWN STEP	2026-10-03T15:03:31.4857036Z ^[[36;1mbun run format:check^[[0m
verify / web	UNKNOWN STEP	2026-10-03T15:03:31.4899625Z shell: /usr/bin/bash -e {0}
verify / web	UNKNOWN STEP	2026-10-03T15:03:31.4900006Z env:
verify / web	UNKNOWN STEP	2026-10-03T15:03:31.4900307Z   MISE_LOG_LEVEL: info
verify / web	UNKNOWN STEP	2026-10-03T15:03:31.4902740Z   MISE_GITHUB_TOKEN: ***
verify / web	UNKNOWN STEP	2026-10-03T15:03:31.4903184Z   MISE_TRUSTED_CONFIG_PATHS: /home/runner/work/ChronoShift/ChronoShift
verify / web	UNKNOWN STEP	2026-10-03T15:03:31.4903661Z   MISE_YES: 1
verify / web	UNKNOWN STEP	2026-10-03T15:03:31.4904956Z   PATH: /home/runner/.local/share/mise/installs/bun/1.4.0/bin:/home/runner/.local/share/mise/installs/node/26.8.1/bin:/home/runner/.local/share/mise/shims:/home/runner/.local/share/mise/bin:/snap/bin:/home/runner/.local/bin:/opt/pipx_bin:/home/runner/.cargo/bin:/home/runner/.config/composer/vendor/bin:/usr/local/.ghcup/bin:/home/runner/.dotnet/tools:/usr/local/sbin:/usr/local/bin:/usr/sbin:/usr/bin:/sbin:/bin:/usr/games:/usr/local/games
verify / web	UNKNOWN STEP	2026-10-03T15:03:31.4906372Z ##[endgroup]
verify / web	UNKNOWN STEP	2026-10-03T15:03:31.5062267Z $ bunx --bun prettier --check web scripts/*.ts tests e2e *.ts
verify / web	UNKNOWN STEP	2026-10-03T15:03:31.6018623Z Checking formatting...
verify / web	UNKNOWN STEP	2026-10-03T15:03:32.5820266Z All matched files use Prettier code style!
verify / web	UNKNOWN STEP	2026-10-03T15:03:32.8744910Z ##[group]Run bun run check
verify / web	UNKNOWN STEP	2026-10-03T15:03:32.8745315Z ^[[36;1mbun run check^[[0m
verify / web	UNKNOWN STEP	2026-10-03T15:03:32.8785794Z shell: /usr/bin/bash -e {0}
verify / web	UNKNOWN STEP	2026-10-03T15:03:32.8786155Z env:
verify / web	UNKNOWN STEP	2026-10-03T15:03:32.8786528Z   MISE_LOG_LEVEL: info
verify / web	UNKNOWN STEP	2026-10-03T15:03:32.8789097Z   MISE_GITHUB_TOKEN: ***
verify / web	UNKNOWN STEP	2026-10-03T15:03:32.8789553Z   MISE_TRUSTED_CONFIG_PATHS: /home/runner/work/ChronoShift/ChronoShift
verify / web	UNKNOWN STEP	2026-10-03T15:03:32.8790009Z   MISE_YES: 1
verify / web	UNKNOWN STEP	2026-10-03T15:03:32.8791341Z   PATH: /home/runner/.local/share/mise/installs/bun/1.4.0/bin:/home/runner/.local/share/mise/installs/node/26.8.1/bin:/home/runner/.local/share/mise/shims:/home/runner/.local/share/mise/bin:/snap/bin:/home/runner/.local/bin:/opt/pipx_bin:/home/runner/.cargo/bin:/home/runner/.config/composer/vendor/bin:/usr/local/.ghcup/bin:/home/runner/.dotnet/tools:/usr/local/sbin:/usr/local/bin:/usr/sbin:/usr/bin:/sbin:/bin:/usr/games:/usr/local/games
verify / web	UNKNOWN STEP	2026-10-03T15:03:32.8792866Z ##[endgroup]
verify / web	UNKNOWN STEP	2026-10-03T15:03:32.8943888Z $ bun run typecheck && bun run test && bun run build
verify / web	UNKNOWN STEP	2026-10-03T15:03:32.8977699Z $ bunx --bun tsc --noEmit
verify / web	UNKNOWN STEP	2026-10-03T15:03:33.1670762Z $ bun test tests
verify / web	UNKNOWN STEP	2026-10-03T15:03:33.1700838Z bun test v1.4.0 (34cbb9a40)
verify / web	UNKNOWN STEP	2026-10-03T15:03:33.1735594Z 
verify / web	UNKNOWN STEP	2026-10-03T15:03:33.1759487Z ##[group]tests/corpus.test.ts:
verify / web	UNKNOWN STEP	2026-10-03T15:03:33.4306424Z (pass) all resilience corpus inputs execute the browser engine without crashing [182.18ms]
verify / web	UNKNOWN STEP	2026-10-03T15:03:33.4307423Z 
verify / web	UNKNOWN STEP	2026-10-03T15:03:33.4308368Z ##[endgroup]
verify / web	UNKNOWN STEP	2026-10-03T15:03:33.4309135Z 
verify / web	UNKNOWN STEP	2026-10-03T15:03:33.4309977Z ##[group]tests/conversion.test.ts:
verify / web	UNKNOWN STEP	2026-10-03T15:03:33.4330444Z (pass) independently specified temporal fixtures > fixed EST in spring [0.80ms]
verify / web	UNKNOWN STEP	2026-10-03T15:03:33.4331327Z (pass) independently specified temporal fixtures > fixed PST in summer [0.47ms]
verify / web	UNKNOWN STEP	2026-10-03T15:03:33.4340282Z (pass) independently specified temporal fixtures > regional PT summer [0.42ms]
verify / web	UNKNOWN STEP	2026-10-03T15:03:33.4341311Z (pass) independently specified temporal fixtures > regional PT winter [0.42ms]
verify / web	UNKNOWN STEP	2026-10-03T15:03:33.4342503Z (pass) independently specified temporal fixtures > regional ET [0.40ms]
verify / web	UNKNOWN STEP	2026-10-03T15:03:33.4363732Z (pass) independently specified temporal fixtures > CST ambiguity [0.56ms]
verify / web	UNKNOWN STEP	2026-10-03T15:03:33.4365096Z (pass) independently specified temporal fixtures > IST ambiguity [0.54ms]
verify / web	UNKNOWN STEP	2026-10-03T15:03:33.4366307Z (pass) independently specified temporal fixtures > BST ambiguity [0.48ms]
verify / web	UNKNOWN STEP	2026-10-03T15:03:33.4367462Z (pass) independently specified temporal fixtures > AST ambiguity [0.56ms]
verify / web	UNKNOWN STEP	2026-10-03T15:03:33.4369311Z (pass) independently specified temporal fixtures > quarter hour offset [0.57ms]
verify / web	UNKNOWN STEP	2026-10-03T15:03:33.4373788Z (pass) independently specified temporal fixtures > negative half hour offset [0.40ms]
verify / web	UNKNOWN STEP	2026-10-03T15:03:33.4389659Z (pass) independently specified temporal fixtures > invalid minutes [1.52ms]
verify / web	UNKNOWN STEP	2026-10-03T15:03:33.4390773Z (pass) independently specified temporal fixtures > invalid offset bound [0.21ms]
verify / web	UNKNOWN STEP	2026-10-03T15:03:33.4400069Z (pass) independently specified temporal fixtures > ISO offset [0.39ms]
verify / web	UNKNOWN STEP	2026-10-03T15:03:33.4401260Z (pass) independently specified temporal fixtures > relative tomorrow [0.35ms]
verify / web	UNKNOWN STEP	2026-10-03T15:03:33.4403307Z (pass) independently specified temporal fixtures > relative in Tokyo [0.42ms]
verify / web	UNKNOWN STEP	2026-10-03T15:03:33.4408042Z (pass) independently specified temporal fixtures > source date across midnight [0.51ms]
verify / web	UNKNOWN STEP	2026-10-03T15:03:33.4411797Z (pass) independently specified temporal fixtures > city Tokyo [0.37ms]
verify / web	UNKNOWN STEP	2026-10-03T15:03:33.4414605Z (pass) independently specified temporal fixtures > city Mumbai [0.24ms]
verify / web	UNKNOWN STEP	2026-10-03T15:03:33.4417185Z (pass) independently specified temporal fixtures > city Berlin summer [0.28ms]
verify / web	UNKNOWN STEP	2026-10-03T15:03:33.4419954Z (pass) independently specified temporal fixtures > accented city [0.28ms]
verify / web	UNKNOWN STEP	2026-10-03T15:03:33.4428817Z (pass) independently specified temporal fixtures > unique typo disclosure [0.80ms]
verify / web	UNKNOWN STEP	2026-10-03T15:03:33.4435430Z (pass) independently specified temporal fixtures > unknown city [0.69ms]
verify / web	UNKNOWN STEP	2026-10-03T15:03:33.4438018Z (pass) independently specified temporal fixtures > unknown abbreviation [0.23ms]
verify / web	UNKNOWN STEP	2026-10-03T15:03:33.4444391Z (pass) independently specified temporal fixtures > IANA identity [0.64ms]
verify / web	UNKNOWN STEP	2026-10-03T15:03:33.4457339Z (pass) independently specified temporal fixtures > spring gap [1.23ms]
verify / web	UNKNOWN STEP	2026-10-03T15:03:33.4479597Z (pass) independently specified temporal fixtures > autumn fold [0.61ms]
verify / web	UNKNOWN STEP	2026-10-03T15:03:33.4480451Z (pass) independently specified temporal fixtures > Sydney spring gap [0.49ms]
verify / web	UNKNOWN STEP	2026-10-03T15:03:33.4481411Z (pass) independently specified temporal fixtures > Sydney autumn fold [0.33ms]
verify / web	UNKNOWN STEP	2026-10-03T15:03:33.4482091Z (pass) independently specified temporal fixtures > date only [0.10ms]
verify / web	UNKNOWN STEP	2026-10-03T15:03:33.4482786Z (pass) independently specified temporal fixtures > month day convention [0.25ms]
verify / web	UNKNOWN STEP	2026-10-03T15:03:33.4483729Z (pass) independently specified temporal fixtures > day month convention [0.42ms]
verify / web	UNKNOWN STEP	2026-10-03T15:03:33.4486833Z (pass) independently specified temporal fixtures > header date context [0.57ms]
verify / web	UNKNOWN STEP	2026-10-03T15:03:33.4491695Z (pass) independently specified temporal fixtures > paragraph isolation [0.63ms]
verify / web	UNKNOWN STEP	2026-10-03T15:03:33.4497471Z (pass) independently specified temporal fixtures > second explicit date [0.61ms]
verify / web	UNKNOWN STEP	2026-10-03T15:03:33.4504714Z (pass) independently specified temporal fixtures > same date range [0.70ms]
verify / web	UNKNOWN STEP	2026-10-03T15:03:33.4510879Z (pass) independently specified temporal fixtures > overnight range [0.59ms]
verify / web	UNKNOWN STEP	2026-10-03T15:03:33.4512923Z (pass) independently specified temporal fixtures > Unix seconds [0.23ms]
verify / web	UNKNOWN STEP	2026-10-03T15:03:33.4516657Z (pass) independently specified temporal fixtures > Unix text order [0.33ms]
verify / web	UNKNOWN STEP	2026-10-03T15:03:33.4521273Z (pass) independently specified temporal fixtures > duplicate mentions [0.37ms]
verify / web	UNKNOWN STEP	2026-10-03T15:03:33.4525143Z (pass) independently specified temporal fixtures > distinct dates retained [0.42ms]
verify / web	UNKNOWN STEP	2026-10-03T15:03:33.4528420Z (pass) independently specified temporal fixtures > missing timezone source default [0.34ms]
verify / web	UNKNOWN STEP	2026-10-03T15:03:33.4529985Z (pass) independently specified temporal fixtures > no matching time [0.06ms]
verify / web	UNKNOWN STEP	2026-10-03T15:03:33.4532135Z (pass) independently specified temporal fixtures > HTML remains text [0.31ms]
verify / web	UNKNOWN STEP	2026-10-03T15:03:33.4535401Z (pass) independently specified temporal fixtures > relative source date at UTC midnight [0.30ms]
verify / web	UNKNOWN STEP	2026-10-03T15:03:33.4542835Z (pass) independently specified temporal fixtures > relative header in source zone [0.27ms]
verify / web	UNKNOWN STEP	2026-10-03T15:03:33.4544052Z (pass) independently specified temporal fixtures > unrelated sentence date reset [0.37ms]
verify / web	UNKNOWN STEP	2026-10-03T15:03:33.4545256Z (pass) independently specified temporal fixtures > military time with fixed zone [0.32ms]
verify / web	UNKNOWN STEP	2026-10-03T15:03:33.4553139Z (pass) independently specified temporal fixtures > military Zulu [0.18ms]
verify / web	UNKNOWN STEP	2026-10-03T15:03:33.4554371Z (pass) independently specified temporal fixtures > shorthand meridiem [0.32ms]
verify / web	UNKNOWN STEP	2026-10-03T15:03:33.4555957Z (pass) independently specified temporal fixtures > between range [0.57ms]
verify / web	UNKNOWN STEP	2026-10-03T15:03:33.4559256Z (pass) independently specified temporal fixtures > unknown IANA wins over adjacent UTC token [0.26ms]
verify / web	UNKNOWN STEP	2026-10-03T15:03:33.4561887Z (pass) independently specified temporal fixtures > leap day retained [0.30ms]
verify / web	UNKNOWN STEP	2026-10-03T15:03:33.4564661Z (pass) independently specified temporal fixtures > bare city summer rules [0.27ms]
verify / web	UNKNOWN STEP	2026-10-03T15:03:33.4568215Z (pass) independently specified temporal fixtures > city before prose [0.34ms]
verify / web	UNKNOWN STEP	2026-10-03T15:03:33.4571506Z (pass) independently specified temporal fixtures > NYC alias [0.32ms]
verify / web	UNKNOWN STEP	2026-10-03T15:03:33.4575608Z (pass) independently specified temporal fixtures > Melbourne alias [0.40ms]
verify / web	UNKNOWN STEP	2026-10-03T15:03:33.4576471Z (pass) independently specified temporal fixtures > 2015 Unix boundary [0.09ms]
verify / web	UNKNOWN STEP	2026-10-03T15:03:33.4577301Z (pass) independently specified temporal fixtures > 2035 Unix boundary [0.07ms]
verify / web	UNKNOWN STEP	2026-10-03T15:03:33.4581844Z (pass) independently specified temporal fixtures > explicit zone upgrades default duplicate [0.43ms]
verify / web	UNKNOWN STEP	2026-10-03T15:03:33.4584902Z (pass) independently specified temporal fixtures > ISO fractional seconds [0.30ms]
verify / web	UNKNOWN STEP	2026-10-03T15:03:33.4586386Z (pass) independently specified temporal fixtures > partial colloquial match must not convert wrong time [0.13ms]
verify / web	UNKNOWN STEP	2026-10-03T15:03:33.4592258Z (pass) independently specified temporal fixtures > vague approximate hour [0.08ms]
verify / web	UNKNOWN STEP	2026-10-03T15:03:33.4593039Z (pass) independently specified temporal fixtures > no invented end of business hour [0.05ms]
verify / web	UNKNOWN STEP	2026-10-03T15:03:33.4611000Z (pass) formatting rolls into next day and copy includes full context [2.34ms]
verify / web	UNKNOWN STEP	2026-10-03T15:03:33.4617808Z (pass) negative fractional offset never invents a location [0.69ms]
verify / web	UNKNOWN STEP	2026-10-03T15:03:33.4622452Z (pass) short fuzzy city and unknown guesses are rejected [0.44ms]
verify / web	UNKNOWN STEP	2026-10-03T15:03:33.4633586Z (pass) valid input at limit converts; arbitrary numbers and milliseconds stay unparsed [1.11ms]
verify / web	UNKNOWN STEP	2026-10-03T15:03:33.4638307Z (pass) range keeps textual identities and both endpoints [0.46ms]
verify / web	UNKNOWN STEP	2026-10-03T15:03:33.4640233Z (pass) input limit and invalid target give actionable errors [0.20ms]
verify / web	UNKNOWN STEP	2026-10-03T15:03:33.4649916Z (pass) reference date override leaves source zone independent of target [0.94ms]
verify / web	UNKNOWN STEP	2026-10-03T15:03:33.4650894Z 
verify / web	UNKNOWN STEP	2026-10-03T15:03:33.4651587Z ##[endgroup]
verify / web	UNKNOWN STEP	2026-10-03T15:03:33.4651876Z 
verify / web	UNKNOWN STEP	2026-10-03T15:03:33.4652020Z  72 pass
verify / web	UNKNOWN STEP	2026-10-03T15:03:33.4652444Z  0 fail
verify / web	UNKNOWN STEP	2026-10-03T15:03:33.4652812Z  572 expect() calls
verify / web	UNKNOWN STEP	2026-10-03T15:03:33.4653229Z Ran 72 tests across 2 files. [295.00ms]
verify / web	UNKNOWN STEP	2026-10-03T15:03:33.4709100Z $ bun run typecheck && bun scripts/third-party-notices.ts && bunx --bun vite build && bun scripts/build-offline.ts
verify / web	UNKNOWN STEP	2026-10-03T15:03:33.4739651Z $ bunx --bun tsc --noEmit
verify / web	UNKNOWN STEP	2026-10-03T15:03:33.7536459Z Included notices for 6 production packages.
verify / web	UNKNOWN STEP	2026-10-03T15:03:33.9849085Z ^[[36mvite v8.3.2 ^[[32mbuilding client environment for production...^[[36m^[[39m
verify / web	UNKNOWN STEP	2026-10-03T15:03:33.9930899Z transforming...
verify / web	UNKNOWN STEP	2026-10-03T15:03:34.1464777Z ✓ 24 modules transformed.
verify / web	UNKNOWN STEP	2026-10-03T15:03:34.1770830Z rendering chunks...
verify / web	UNKNOWN STEP	2026-10-03T15:03:34.2341183Z computing gzip size...
verify / web	UNKNOWN STEP	2026-10-03T15:03:34.2439841Z dist/index.html                   0.79 kB │ gzip:   0.44 kB
verify / web	UNKNOWN STEP	2026-10-03T15:03:34.2441055Z dist/assets/worker-Dcv-t75w.js  218.70 kB
verify / web	UNKNOWN STEP	2026-10-03T15:03:34.2442063Z dist/assets/index-CuSIudKT.css   10.37 kB │ gzip:   2.97 kB
verify / web	UNKNOWN STEP	2026-10-03T15:03:34.2443160Z dist/assets/index-BStsfkDs.js   399.15 kB │ gzip: 120.72 kB
verify / web	UNKNOWN STEP	2026-10-03T15:03:34.2443973Z 
verify / web	UNKNOWN STEP	2026-10-03T15:03:34.2445066Z ^[[32m✓ built in 259ms^[[39m
verify / web	UNKNOWN STEP	2026-10-03T15:03:34.5550758Z Offline version 866ec7afdeb5ac3a: 10 local assets, /
verify / web	UNKNOWN STEP	2026-10-03T15:03:34.5596935Z ##[group]Run bun run corpus:audit
verify / web	UNKNOWN STEP	2026-10-03T15:03:34.5597368Z ^[[36;1mbun run corpus:audit^[[0m
verify / web	UNKNOWN STEP	2026-10-03T15:03:34.5597779Z ^[[36;1mgit diff --exit-code -- docs/planning/corpus-audit.json^[[0m
verify / web	UNKNOWN STEP	2026-10-03T15:03:34.5637908Z shell: /usr/bin/bash -e {0}
verify / web	UNKNOWN STEP	2026-10-03T15:03:34.5638318Z env:
verify / web	UNKNOWN STEP	2026-10-03T15:03:34.5638641Z   MISE_LOG_LEVEL: info
verify / web	UNKNOWN STEP	2026-10-03T15:03:34.5641380Z   MISE_GITHUB_TOKEN: ***
verify / web	UNKNOWN STEP	2026-10-03T15:03:34.5641864Z   MISE_TRUSTED_CONFIG_PATHS: /home/runner/work/ChronoShift/ChronoShift
verify / web	UNKNOWN STEP	2026-10-03T15:03:34.5642318Z   MISE_YES: 1
verify / web	UNKNOWN STEP	2026-10-03T15:03:34.5643772Z   PATH: /home/runner/.local/share/mise/installs/bun/1.4.0/bin:/home/runner/.local/share/mise/installs/node/26.8.1/bin:/home/runner/.local/share/mise/shims:/home/runner/.local/share/mise/bin:/snap/bin:/home/runner/.local/bin:/opt/pipx_bin:/home/runner/.cargo/bin:/home/runner/.config/composer/vendor/bin:/usr/local/.ghcup/bin:/home/runner/.dotnet/tools:/usr/local/sbin:/usr/local/bin:/usr/sbin:/usr/bin:/sbin:/bin:/usr/games:/usr/local/games
verify / web	UNKNOWN STEP	2026-10-03T15:03:34.5645120Z ##[endgroup]
verify / web	UNKNOWN STEP	2026-10-03T15:03:34.5790629Z $ bun scripts/audit-corpus.ts
verify / web	UNKNOWN STEP	2026-10-03T15:03:34.8274742Z 353 real inputs exercised; 0 crashes; 29 cases need review of legacy expectations or parser gaps.
verify / web	UNKNOWN STEP	2026-10-03T15:03:34.8378899Z ##[group]Run bunx --bun playwright install --with-deps chromium firefox webkit
verify / web	UNKNOWN STEP	2026-10-03T15:03:34.8379598Z ^[[36;1mbunx --bun playwright install --with-deps chromium firefox webkit^[[0m
verify / web	UNKNOWN STEP	2026-10-03T15:03:34.8420228Z shell: /usr/bin/bash -e {0}
verify / web	UNKNOWN STEP	2026-10-03T15:03:34.8420645Z env:
verify / web	UNKNOWN STEP	2026-10-03T15:03:34.8420924Z   MISE_LOG_LEVEL: info
verify / web	UNKNOWN STEP	2026-10-03T15:03:34.8423314Z   MISE_GITHUB_TOKEN: ***
verify / web	UNKNOWN STEP	2026-10-03T15:03:34.8423748Z   MISE_TRUSTED_CONFIG_PATHS: /home/runner/work/ChronoShift/ChronoShift
verify / web	UNKNOWN STEP	2026-10-03T15:03:34.8424250Z   MISE_YES: 1
verify / web	UNKNOWN STEP	2026-10-03T15:03:34.8425598Z   PATH: /home/runner/.local/share/mise/installs/bun/1.4.0/bin:/home/runner/.local/share/mise/installs/node/26.8.1/bin:/home/runner/.local/share/mise/shims:/home/runner/.local/share/mise/bin:/snap/bin:/home/runner/.local/bin:/opt/pipx_bin:/home/runner/.cargo/bin:/home/runner/.config/composer/vendor/bin:/usr/local/.ghcup/bin:/home/runner/.dotnet/tools:/usr/local/sbin:/usr/local/bin:/usr/sbin:/usr/bin:/sbin:/bin:/usr/games:/usr/local/games
verify / web	UNKNOWN STEP	2026-10-03T15:03:34.8427075Z ##[endgroup]
verify / web	UNKNOWN STEP	2026-10-03T15:03:35.5516692Z Installing dependencies...
verify / web	UNKNOWN STEP	2026-10-03T15:03:35.5718937Z Switching to root user to install dependencies...
verify / web	UNKNOWN STEP	2026-10-03T15:03:35.6320532Z Get:1 file:/etc/apt/apt-mirrors.txt Mirrorlist [144 B]
verify / web	UNKNOWN STEP	2026-10-03T15:03:35.6723924Z Get:6 https://packages.microsoft.com/ubuntu/24.04/prod noble InRelease [3600 B]
verify / web	UNKNOWN STEP	2026-10-03T15:03:35.6810969Z Hit:2 http://azure.archive.ubuntu.com/ubuntu noble InRelease
verify / web	UNKNOWN STEP	2026-10-03T15:03:35.6835485Z Get:3 http://azure.archive.ubuntu.com/ubuntu noble-updates InRelease [126 kB]
verify / web	UNKNOWN STEP	2026-10-03T15:03:35.6865239Z Get:4 http://azure.archive.ubuntu.com/ubuntu noble-backports InRelease [126 kB]
verify / web	UNKNOWN STEP	2026-10-03T15:03:35.6899991Z Get:5 http://azure.archive.ubuntu.com/ubuntu noble-security InRelease [126 kB]
verify / web	UNKNOWN STEP	2026-10-03T15:03:35.7411685Z Get:7 https://packages.microsoft.com/ubuntu/24.04/prod noble/main arm64 Packages [458 kB]
verify / web	UNKNOWN STEP	2026-10-03T15:03:35.7582368Z Get:8 https://packages.microsoft.com/ubuntu/24.04/prod noble/main armhf Packages [12.6 kB]
verify / web	UNKNOWN STEP	2026-10-03T15:03:35.7621363Z Get:9 https://packages.microsoft.com/ubuntu/24.04/prod noble/main amd64 Packages [511 kB]
verify / web	UNKNOWN STEP	2026-10-03T15:03:35.8292231Z Get:10 http://azure.archive.ubuntu.com/ubuntu noble-updates/main amd64 Packages [1364 kB]
verify / web	UNKNOWN STEP	2026-10-03T15:03:35.8370421Z Get:11 http://azure.archive.ubuntu.com/ubuntu noble-updates/main Translation-en [304 kB]
verify / web	UNKNOWN STEP	2026-10-03T15:03:35.8420890Z Get:12 http://azure.archive.ubuntu.com/ubuntu noble-updates/main amd64 Components [181 kB]
verify / web	UNKNOWN STEP	2026-10-03T15:03:35.8434096Z Get:13 http://azure.archive.ubuntu.com/ubuntu noble-updates/universe amd64 Packages [1699 kB]
verify / web	UNKNOWN STEP	2026-10-03T15:03:35.8522237Z Get:14 http://azure.archive.ubuntu.com/ubuntu noble-updates/universe Translation-en [341 kB]
verify / web	UNKNOWN STEP	2026-10-03T15:03:35.8547013Z Get:15 http://azure.archive.ubuntu.com/ubuntu noble-updates/universe amd64 Components [388 kB]
verify / web	UNKNOWN STEP	2026-10-03T15:03:35.8573209Z Get:16 http://azure.archive.ubuntu.com/ubuntu noble-updates/restricted amd64 Packages [1720 kB]
verify / web	UNKNOWN STEP	2026-10-03T15:03:35.8658071Z Get:17 http://azure.archive.ubuntu.com/ubuntu noble-updates/restricted Translation-en [394 kB]
verify / web	UNKNOWN STEP	2026-10-03T15:03:35.8681699Z Get:18 http://azure.archive.ubuntu.com/ubuntu noble-updates/multiverse amd64 Components [940 B]
verify / web	UNKNOWN STEP	2026-10-03T15:03:35.8783871Z Get:19 http://azure.archive.ubuntu.com/ubuntu noble-backports/main amd64 Components [5736 B]
verify / web	UNKNOWN STEP	2026-10-03T15:03:35.9262289Z Get:20 http://azure.archive.ubuntu.com/ubuntu noble-backports/universe amd64 Components [12.6 kB]
verify / web	UNKNOWN STEP	2026-10-03T15:03:35.9276410Z Get:21 http://azure.archive.ubuntu.com/ubuntu noble-security/main amd64 Packages [1069 kB]
verify / web	UNKNOWN STEP	2026-10-03T15:03:35.9325709Z Get:22 http://azure.archive.ubuntu.com/ubuntu noble-security/main Translation-en [221 kB]
verify / web	UNKNOWN STEP	2026-10-03T15:03:35.9342603Z Get:23 http://azure.archive.ubuntu.com/ubuntu noble-security/main amd64 Components [46.5 kB]
verify / web	UNKNOWN STEP	2026-10-03T15:03:35.9357405Z Get:24 http://azure.archive.ubuntu.com/ubuntu noble-security/universe amd64 Packages [1216 kB]
verify / web	UNKNOWN STEP	2026-10-03T15:03:35.9414187Z Get:25 http://azure.archive.ubuntu.com/ubuntu noble-security/universe Translation-en [244 kB]
verify / web	UNKNOWN STEP	2026-10-03T15:03:35.9433612Z Get:26 http://azure.archive.ubuntu.com/ubuntu noble-security/universe amd64 Components [76.3 kB]
verify / web	UNKNOWN STEP	2026-10-03T15:03:35.9446628Z Get:27 http://azure.archive.ubuntu.com/ubuntu noble-security/restricted amd64 Packages [1566 kB]
verify / web	UNKNOWN STEP	2026-10-03T15:03:35.9540524Z Get:28 http://azure.archive.ubuntu.com/ubuntu noble-security/restricted Translation-en [361 kB]
verify / web	UNKNOWN STEP	2026-10-03T15:03:40.3616204Z Fetched 12.6 MB in 1s (8969 kB/s)
verify / web	UNKNOWN STEP	2026-10-03T15:03:41.1712379Z Reading package lists...
verify / web	UNKNOWN STEP	2026-10-03T15:03:41.1983182Z Reading package lists...
verify / web	UNKNOWN STEP	2026-10-03T15:03:41.3581818Z Building dependency tree...
verify / web	UNKNOWN STEP	2026-10-03T15:03:41.3588103Z Reading state information...
verify / web	UNKNOWN STEP	2026-10-03T15:03:41.3746791Z libasound2t64 is already the newest version (1.2.11-1ubuntu0.3).
verify / web	UNKNOWN STEP	2026-10-03T15:03:41.3747768Z libasound2t64 set to manually installed.
verify / web	UNKNOWN STEP	2026-10-03T15:03:41.3748385Z libatk-bridge2.0-0t64 is already the newest version (2.52.0-1build1).
verify / web	UNKNOWN STEP	2026-10-03T15:03:41.3749235Z libatk-bridge2.0-0t64 set to manually installed.
verify / web	UNKNOWN STEP	2026-10-03T15:03:41.3749813Z libatk1.0-0t64 is already the newest version (2.52.0-1build1).
verify / web	UNKNOWN STEP	2026-10-03T15:03:41.3750628Z libatk1.0-0t64 set to manually installed.
verify / web	UNKNOWN STEP	2026-10-03T15:03:41.3751165Z libatspi2.0-0t64 is already the newest version (2.52.0-1build1).
verify / web	UNKNOWN STEP	2026-10-03T15:03:41.3751596Z libatspi2.0-0t64 set to manually installed.
verify / web	UNKNOWN STEP	2026-10-03T15:03:41.3752021Z libcairo2 is already the newest version (1.18.0-3build1).
verify / web	UNKNOWN STEP	2026-10-03T15:03:41.3752420Z libcairo2 set to manually installed.
verify / web	UNKNOWN STEP	2026-10-03T15:03:41.3752869Z libcups2t64 is already the newest version (2.4.7-1.2ubuntu7.14).
verify / web	UNKNOWN STEP	2026-10-03T15:03:41.3753319Z libcups2t64 set to manually installed.
verify / web	UNKNOWN STEP	2026-10-03T15:03:41.3753725Z libdbus-1-3 is already the newest version (1.14.10-4ubuntu4.1).
verify / web	UNKNOWN STEP	2026-10-03T15:03:41.3754146Z libdbus-1-3 set to manually installed.
verify / web	UNKNOWN STEP	2026-10-03T15:03:41.3754581Z libdrm2 is already the newest version (2.4.125-1ubuntu0.1~24.04.2).
verify / web	UNKNOWN STEP	2026-10-03T15:03:41.3755009Z libdrm2 set to manually installed.
verify / web	UNKNOWN STEP	2026-10-03T15:03:41.3755451Z libglib2.0-0t64 is already the newest version (2.80.0-6ubuntu3.9).
verify / web	UNKNOWN STEP	2026-10-03T15:03:41.3755874Z libglib2.0-0t64 set to manually installed.
verify / web	UNKNOWN STEP	2026-10-03T15:03:41.3756325Z libnspr4 is already the newest version (2:4.35-1.1build1).
verify / web	UNKNOWN STEP	2026-10-03T15:03:41.3756719Z libnspr4 set to manually installed.
verify / web	UNKNOWN STEP	2026-10-03T15:03:41.3757097Z libnss3 is already the newest version (2:3.98-1ubuntu0.2).
verify / web	UNKNOWN STEP	2026-10-03T15:03:41.3757519Z libnss3 set to manually installed.
verify / web	UNKNOWN STEP	2026-10-03T15:03:41.3757933Z libpango-1.0-0 is already the newest version (1.52.1+ds-1build1).
verify / web	UNKNOWN STEP	2026-10-03T15:03:41.3758382Z libpango-1.0-0 set to manually installed.
verify / web	UNKNOWN STEP	2026-10-03T15:03:41.3758938Z libx11-6 is already the newest version (2:1.8.7-1build1).
verify / web	UNKNOWN STEP	2026-10-03T15:03:41.3759453Z libx11-6 set to manually installed.
verify / web	UNKNOWN STEP	2026-10-03T15:03:41.3759898Z libxcb1 is already the newest version (1.15-1ubuntu2).
verify / web	UNKNOWN STEP	2026-10-03T15:03:41.3760263Z libxcb1 set to manually installed.
verify / web	UNKNOWN STEP	2026-10-03T15:03:41.3760699Z libxcomposite1 is already the newest version (1:0.4.5-1build3).
verify / web	UNKNOWN STEP	2026-10-03T15:03:41.3761123Z libxcomposite1 set to manually installed.
verify / web	UNKNOWN STEP	2026-10-03T15:03:41.3761600Z libxdamage1 is already the newest version (1:1.1.6-1build1).
verify / web	UNKNOWN STEP	2026-10-03T15:03:41.3762003Z libxdamage1 set to manually installed.
verify / web	UNKNOWN STEP	2026-10-03T15:03:41.3762372Z libxext6 is already the newest version (2:1.3.4-1build2).
verify / web	UNKNOWN STEP	2026-10-03T15:03:41.3762821Z libxext6 set to manually installed.
verify / web	UNKNOWN STEP	2026-10-03T15:03:41.3763211Z libxfixes3 is already the newest version (1:6.0.0-2build1).
verify / web	UNKNOWN STEP	2026-10-03T15:03:41.3763663Z libxfixes3 set to manually installed.
verify / web	UNKNOWN STEP	2026-10-03T15:03:41.3764061Z libxkbcommon0 is already the newest version (1.6.0-1build1).
verify / web	UNKNOWN STEP	2026-10-03T15:03:41.3764502Z libxkbcommon0 set to manually installed.
verify / web	UNKNOWN STEP	2026-10-03T15:03:41.3764909Z libxrandr2 is already the newest version (2:1.5.2-2build1).
verify / web	UNKNOWN STEP	2026-10-03T15:03:41.3765307Z libxrandr2 set to manually installed.
verify / web	UNKNOWN STEP	2026-10-03T15:03:41.3765730Z xvfb is already the newest version (2:21.1.12-1ubuntu1.8).
verify / web	UNKNOWN STEP	2026-10-03T15:03:41.3766261Z fonts-noto-color-emoji is already the newest version (2.047-0ubuntu0.24.04.1).
verify / web	UNKNOWN STEP	2026-10-03T15:03:41.3766944Z libfontconfig1 is already the newest version (2.15.0-1.1ubuntu2).
verify / web	UNKNOWN STEP	2026-10-03T15:03:41.3767388Z libfontconfig1 set to manually installed.
verify / web	UNKNOWN STEP	2026-10-03T15:03:41.3767843Z libfreetype6 is already the newest version (2.13.2+dfsg-1ubuntu0.1).
verify / web	UNKNOWN STEP	2026-10-03T15:03:41.3768325Z libfreetype6 set to manually installed.
verify / web	UNKNOWN STEP	2026-10-03T15:03:41.3768854Z fonts-liberation is already the newest version (1:2.1.5-3).
verify / web	UNKNOWN STEP	2026-10-03T15:03:41.3769907Z fonts-liberation set to manually installed.
verify / web	UNKNOWN STEP	2026-10-03T15:03:41.3770356Z libcairo-gobject2 is already the newest version (1.18.0-3build1).
verify / web	UNKNOWN STEP	2026-10-03T15:03:41.3770834Z libcairo-gobject2 set to manually installed.
verify / web	UNKNOWN STEP	2026-10-03T15:03:41.3771318Z libgdk-pixbuf-2.0-0 is already the newest version (2.42.10+dfsg-3ubuntu3.3).
verify / web	UNKNOWN STEP	2026-10-03T15:03:41.3771785Z libgdk-pixbuf-2.0-0 set to manually installed.
verify / web	UNKNOWN STEP	2026-10-03T15:03:41.3772267Z libgtk-3-0t64 is already the newest version (3.24.41-4ubuntu1.3).
verify / web	UNKNOWN STEP	2026-10-03T15:03:41.3772675Z libgtk-3-0t64 set to manually installed.
verify / web	UNKNOWN STEP	2026-10-03T15:03:41.3773109Z libpangocairo-1.0-0 is already the newest version (1.52.1+ds-1build1).
verify / web	UNKNOWN STEP	2026-10-03T15:03:41.3773675Z libpangocairo-1.0-0 set to manually installed.
verify / web	UNKNOWN STEP	2026-10-03T15:03:41.3774125Z libx11-xcb1 is already the newest version (2:1.8.7-1build1).
verify / web	UNKNOWN STEP	2026-10-03T15:03:41.3774537Z libx11-xcb1 set to manually installed.
verify / web	UNKNOWN STEP	2026-10-03T15:03:41.3774947Z libxcb-shm0 is already the newest version (1.15-1ubuntu2).
verify / web	UNKNOWN STEP	2026-10-03T15:03:41.3775321Z libxcb-shm0 set to manually installed.
verify / web	UNKNOWN STEP	2026-10-03T15:03:41.3775777Z libxcursor1 is already the newest version (1:1.2.1-1build1).
verify / web	UNKNOWN STEP	2026-10-03T15:03:41.3776166Z libxcursor1 set to manually installed.
verify / web	UNKNOWN STEP	2026-10-03T15:03:41.3776556Z libxi6 is already the newest version (2:1.8.1-1build1).
verify / web	UNKNOWN STEP	2026-10-03T15:03:41.3777124Z libxi6 set to manually installed.
verify / web	UNKNOWN STEP	2026-10-03T15:03:41.3777542Z libxrender1 is already the newest version (1:0.9.10-1.1build1).
verify / web	UNKNOWN STEP	2026-10-03T15:03:41.3777959Z libxrender1 set to manually installed.
verify / web	UNKNOWN STEP	2026-10-03T15:03:41.3778336Z libicu74 is already the newest version (74.2-1ubuntu3.1).
verify / web	UNKNOWN STEP	2026-10-03T15:03:41.3779061Z libatomic1 is already the newest version (14.2.0-4ubuntu2~24.04.1).
verify / web	UNKNOWN STEP	2026-10-03T15:03:41.3779498Z libatomic1 set to manually installed.
verify / web	UNKNOWN STEP	2026-10-03T15:03:41.3779920Z libenchant-2-2 is already the newest version (2.3.3-2build2).
verify / web	UNKNOWN STEP	2026-10-03T15:03:41.3780340Z libenchant-2-2 set to manually installed.
verify / web	UNKNOWN STEP	2026-10-03T15:03:41.3780752Z libepoxy0 is already the newest version (1.5.10-1build1).
verify / web	UNKNOWN STEP	2026-10-03T15:03:41.3781185Z libepoxy0 set to manually installed.
verify / web	UNKNOWN STEP	2026-10-03T15:03:41.3781589Z libgstreamer1.0-0 is already the newest version (1.24.2-1ubuntu0.1).
verify / web	UNKNOWN STEP	2026-10-03T15:03:41.3782017Z libgstreamer1.0-0 set to manually installed.
verify / web	UNKNOWN STEP	2026-10-03T15:03:41.3782474Z libharfbuzz0b is already the newest version (8.3.0-2build2).
verify / web	UNKNOWN STEP	2026-10-03T15:03:41.3782861Z libharfbuzz0b set to manually installed.
verify / web	UNKNOWN STEP	2026-10-03T15:03:41.3783314Z libjpeg-turbo8 is already the newest version (2.1.5-2ubuntu2).
verify / web	UNKNOWN STEP	2026-10-03T15:03:41.5231186Z libjpeg-turbo8 set to manually installed.
verify / web	UNKNOWN STEP	2026-10-03T15:03:41.5232052Z liblcms2-2 is already the newest version (2.14-2ubuntu0.1).
verify / web	UNKNOWN STEP	2026-10-03T15:03:41.5232780Z liblcms2-2 set to manually installed.
verify / web	UNKNOWN STEP	2026-10-03T15:03:41.5233399Z libpng16-16t64 is already the newest version (1.6.43-5ubuntu0.6).
verify / web	UNKNOWN STEP	2026-10-03T15:03:41.5234118Z libpng16-16t64 set to manually installed.
verify / web	UNKNOWN STEP	2026-10-03T15:03:41.5234696Z libwayland-client0 is already the newest version (1.22.0-2.1build1).
verify / web	UNKNOWN STEP	2026-10-03T15:03:41.5235472Z libwayland-client0 set to manually installed.
verify / web	UNKNOWN STEP	2026-10-03T15:03:41.5236042Z libwayland-egl1 is already the newest version (1.22.0-2.1build1).
verify / web	UNKNOWN STEP	2026-10-03T15:03:41.5236729Z libwayland-egl1 set to manually installed.
verify / web	UNKNOWN STEP	2026-10-03T15:03:41.5237303Z libwebp7 is already the newest version (1.3.2-0.4build3).
verify / web	UNKNOWN STEP	2026-10-03T15:03:41.5237900Z libwebp7 set to manually installed.
verify / web	UNKNOWN STEP	2026-10-03T15:03:41.5238485Z libwebpdemux2 is already the newest version (1.3.2-0.4build3).
verify / web	UNKNOWN STEP	2026-10-03T15:03:41.5239341Z libwebpdemux2 set to manually installed.
verify / web	UNKNOWN STEP	2026-10-03T15:03:41.5239935Z libxml2 is already the newest version (2.9.14+dfsg-1.3ubuntu3.9).
verify / web	UNKNOWN STEP	2026-10-03T15:03:41.5240893Z libxml2 set to manually installed.
verify / web	UNKNOWN STEP	2026-10-03T15:03:41.5241547Z libxslt1.1 is already the newest version (1.1.39-0exp1ubuntu0.24.04.3).
verify / web	UNKNOWN STEP	2026-10-03T15:03:41.5242234Z libxslt1.1 set to manually installed.
verify / web	UNKNOWN STEP	2026-10-03T15:03:41.5242688Z The following additional packages will be installed:
verify / web	UNKNOWN STEP	2026-10-03T15:03:41.5243163Z   glib-networking glib-networking-common glib-networking-services
verify / web	UNKNOWN STEP	2026-10-03T15:03:41.5243680Z   gsettings-desktop-schemas libaa1 libabsl20220623t64 libass9 libasyncns0
verify / web	UNKNOWN STEP	2026-10-03T15:03:41.5244265Z   libavc1394-0 libavfilter9 libavformat60 libavtp0 libavutil58 libblas3
verify / web	UNKNOWN STEP	2026-10-03T15:03:41.5244820Z   libbluray2 libbs2b0 libcaca0 libcairo-script-interpreter2 libcdparanoia0
verify / web	UNKNOWN STEP	2026-10-03T15:03:41.5245354Z   libchromaprint1 libcjson1 libcodec2-1.2 libdav1d7 libdc1394-25 libdca0
verify / web	UNKNOWN STEP	2026-10-03T15:03:41.5245895Z   libde265-0 libdecor-0-0 libdirectfb-1.7-7t64 libdv4t64 libdvdnav4
verify / web	UNKNOWN STEP	2026-10-03T15:03:41.5246357Z   libdvdread8t64 libegl-mesa0 libegl1 libevent-core-2.1-7t64
verify / web	UNKNOWN STEP	2026-10-03T15:03:41.5246925Z   libevent-pthreads-2.1-7t64 libfaad2 libflac12t64 libfluidsynth3 libfreeaptx0
verify / web	UNKNOWN STEP	2026-10-03T15:03:41.5247711Z   libgav1-1 libgl1-mesa-dri libglx-mesa0 libgme0 libgraphene-1.0-0 libgsm1
verify / web	UNKNOWN STEP	2026-10-03T15:03:41.5248498Z   libgssdp-1.6-0 libgstreamer-plugins-good1.0-0 libgtk-4-common libgupnp-1.6-0
verify / web	UNKNOWN STEP	2026-10-03T15:03:41.5249387Z   libgupnp-igd-1.6-0 libhwy1t64 libiec61883-0 libimath-3-1-29t64
verify / web	UNKNOWN STEP	2026-10-03T15:03:41.5250110Z   libinstpatch-1.0-2 libjack-jackd2-0 libjxl0.7 liblapack3 liblc3-1
verify / web	UNKNOWN STEP	2026-10-03T15:03:41.5250955Z   libldacbt-enc2 liblilv-0-0 liblrdf0 libltc11 libmbedcrypto7t64 libmfx1
verify / web	UNKNOWN STEP	2026-10-03T15:03:41.5251445Z   libmjpegutils-2.1-0t64 libmodplug1 libmp3lame0 libmpcdec6
verify / web	UNKNOWN STEP	2026-10-03T15:03:41.5251934Z   libmpeg2encpp-2.1-0t64 libmpg123-0t64 libmplex2-2.1-0t64 libmysofa1
verify / web	UNKNOWN STEP	2026-10-03T15:03:41.5252432Z   libneon27t64 libnice10 libopenal-data libopenal1 libopenexr-3-1-30
verify / web	UNKNOWN STEP	2026-10-03T15:03:41.5252958Z   libopenh264-7 libopenmpt0t64 libopenni2-0 liborc-0.4-0t64
verify / web	UNKNOWN STEP	2026-10-03T15:03:41.5253441Z   libpipewire-0.3-0t64 libplacebo338 libpocketsphinx3 libpostproc57
verify / web	UNKNOWN STEP	2026-10-03T15:03:41.5253946Z   libproxy1v5 libpulse0 libqrencode4 libraptor2-0 librav1e0 libraw1394-11
verify / web	UNKNOWN STEP	2026-10-03T15:03:41.5254517Z   librist4 librsvg2-2 librubberband2 libsamplerate0 libsbc1 libsdl2-2.0-0
verify / web	UNKNOWN STEP	2026-10-03T15:03:41.5255034Z   libsecret-common libserd-0-0 libshine3 libshout3 libsndfile1 libsndio7.0
verify / web	UNKNOWN STEP	2026-10-03T15:03:41.5255576Z   libsord-0-0 libsoundtouch1 libsoup-3.0-0 libsoup-3.0-common libsoxr0
verify / web	UNKNOWN STEP	2026-10-03T15:03:41.5256147Z   libspa-0.2-modules libspandsp2t64 libspeex1 libsphinxbase3t64 libsratom-0-0
verify / web	UNKNOWN STEP	2026-10-03T15:03:41.5256710Z   libsrt1.5-gnutls libsrtp2-1 libssh-gcrypt-4 libsvtav1enc1d1 libswresample4
verify / web	UNKNOWN STEP	2026-10-03T15:03:41.5257272Z   libswscale7 libtag1v5 libtag1v5-vanilla libtheora0 libtwolame0 libudfread0
verify / web	UNKNOWN STEP	2026-10-03T15:03:41.5257814Z   libunibreak5 libv4l-0t64 libv4lconvert0t64 libva-drm2 libva-x11-2 libva2
verify / web	UNKNOWN STEP	2026-10-03T15:03:41.5258341Z   libvdpau1 libvidstab1.1 libvisual-0.4-0 libvo-aacenc0 libvo-amrwbenc0
verify / web	UNKNOWN STEP	2026-10-03T15:03:41.5259179Z   libvorbisenc2 libvpl2 libwavpack1 libwebrtc-audio-processing1 libwildmidi2
verify / web	UNKNOWN STEP	2026-10-03T15:03:41.5259714Z   libx265-199 libxcb-xkb1 libxkbcommon-x11-0 libxvidcore4 libyuv0 libzbar0t64
verify / web	UNKNOWN STEP	2026-10-03T15:03:41.5260273Z   libzimg2 libzix-0-0 libzvbi-common libzvbi0t64 libzxing3 mesa-libgallium
verify / web	UNKNOWN STEP	2026-10-03T15:03:41.5260865Z   ocl-icd-libopencl1 session-migration timgm6mb-soundfont xfonts-encodings
verify / web	UNKNOWN STEP	2026-10-03T15:03:41.5261307Z   xfonts-utils
verify / web	UNKNOWN STEP	2026-10-03T15:03:41.5261607Z Suggested packages:
verify / web	UNKNOWN STEP	2026-10-03T15:03:41.5261987Z   frei0r-plugins gvfs libcuda1 libnvcuvid1 libnvidia-encode1 libbluray-bdj
verify / web	UNKNOWN STEP	2026-10-03T15:03:41.5262570Z   libdirectfb-extra libdv-bin oss-compat libdvdcss2 libvisual-0.4-plugins
verify / web	UNKNOWN STEP	2026-10-03T15:03:41.5263101Z   jackd2 liblrdf0-dev libportaudio2 opus-tools pipewire pulseaudio
verify / web	UNKNOWN STEP	2026-10-03T15:03:41.5263606Z   raptor2-utils libraw1394-doc librsvg2-bin serdi sndiod sordi speex
verify / web	UNKNOWN STEP	2026-10-03T15:03:41.5264055Z   libwildmidi-config opencl-icd fluid-soundfont-gm
verify / web	UNKNOWN STEP	2026-10-03T15:03:41.5264463Z Recommended packages:
verify / web	UNKNOWN STEP	2026-10-03T15:03:41.5265216Z   fonts-ipafont-mincho fonts-tlwg-loma gstreamer1.0-x libaacs0
verify / web	UNKNOWN STEP	2026-10-03T15:03:41.5265727Z   default-libdecor-0-plugin-1 | libdecor-0-plugin-1 gstreamer1.0-gl
verify / web	UNKNOWN STEP	2026-10-03T15:03:41.5266336Z   libgtk-4-bin librsvg2-common libgtk-4-media-gstreamer libpipewire-0.3-common
verify / web	UNKNOWN STEP	2026-10-03T15:03:41.5266901Z   pocketsphinx-en-us va-driver-all | va-driver vdpau-driver-all | vdpau-driver
verify / web	UNKNOWN STEP	2026-10-03T15:03:41.5267363Z   libmagickcore-6.q16-7-extra
verify / web	UNKNOWN STEP	2026-10-03T15:03:41.5718993Z The following NEW packages will be installed:
verify / web	UNKNOWN STEP	2026-10-03T15:03:41.5719929Z   fonts-freefont-ttf fonts-ipafont-gothic fonts-tlwg-loma-otf fonts-unifont
verify / web	UNKNOWN STEP	2026-10-03T15:03:41.5721124Z   fonts-wqy-zenhei glib-networking glib-networking-common
verify / web	UNKNOWN STEP	2026-10-03T15:03:41.5721860Z   glib-networking-services gsettings-desktop-schemas gstreamer1.0-libav
verify / web	UNKNOWN STEP	2026-10-03T15:03:41.5722728Z   gstreamer1.0-plugins-bad gstreamer1.0-plugins-base gstreamer1.0-plugins-good
verify / web	UNKNOWN STEP	2026-10-03T15:03:41.5723496Z   libaa1 libabsl20220623t64 libass9 libasyncns0 libavc1394-0 libavcodec60
verify / web	UNKNOWN STEP	2026-10-03T15:03:41.5724276Z   libavfilter9 libavformat60 libavif16 libavtp0 libavutil58 libblas3
verify / web	UNKNOWN STEP	2026-10-03T15:03:41.5725091Z   libbluray2 libbs2b0 libcaca0 libcairo-script-interpreter2 libcdparanoia0
verify / web	UNKNOWN STEP	2026-10-03T15:03:41.5725642Z   libchromaprint1 libcjson1 libcodec2-1.2 libdav1d7 libdc1394-25 libdca0
verify / web	UNKNOWN STEP	2026-10-03T15:03:41.5726187Z   libde265-0 libdecor-0-0 libdirectfb-1.7-7t64 libdv4t64 libdvdnav4
verify / web	UNKNOWN STEP	2026-10-03T15:03:41.5726845Z   libdvdread8t64 libegl-mesa0 libegl1 libevent-2.1-7t64 libfaad2 libflac12t64
verify / web	UNKNOWN STEP	2026-10-03T15:03:41.5727677Z   libflite1 libfluidsynth3 libfreeaptx0 libgav1-1 libgles2 libgme0
verify / web	UNKNOWN STEP	2026-10-03T15:03:41.5728167Z   libgraphene-1.0-0 libgsm1 libgssdp-1.6-0 libgstreamer-gl1.0-0
verify / web	UNKNOWN STEP	2026-10-03T15:03:41.5728644Z   libgstreamer-plugins-bad1.0-0 libgstreamer-plugins-base1.0-0
verify / web	UNKNOWN STEP	2026-10-03T15:03:41.5729474Z   libgstreamer-plugins-good1.0-0 libgtk-4-1 libgtk-4-common libgupnp-1.6-0
verify / web	UNKNOWN STEP	2026-10-03T15:03:41.5730158Z   libgupnp-igd-1.6-0 libharfbuzz-icu0 libhwy1t64 libhyphen0 libiec61883-0
verify / web	UNKNOWN STEP	2026-10-03T15:03:41.5730724Z   libimath-3-1-29t64 libinstpatch-1.0-2 libjack-jackd2-0 libjxl0.7 liblapack3
verify / web	UNKNOWN STEP	2026-10-03T15:03:41.5731284Z   liblc3-1 libldacbt-enc2 liblilv-0-0 liblrdf0 libltc11 libmanette-0.2-0
verify / web	UNKNOWN STEP	2026-10-03T15:03:41.5731796Z   libmbedcrypto7t64 libmfx1 libmjpegutils-2.1-0t64 libmodplug1 libmp3lame0
verify / web	UNKNOWN STEP	2026-10-03T15:03:41.5732614Z   libmpcdec6 libmpeg2encpp-2.1-0t64 libmpg123-0t64 libmplex2-2.1-0t64
verify / web	UNKNOWN STEP	2026-10-03T15:03:41.5733134Z   libmysofa1 libneon27t64 libnice10 libopenal-data libopenal1
verify / web	UNKNOWN STEP	2026-10-03T15:03:41.5733632Z   libopenexr-3-1-30 libopenh264-7 libopenmpt0t64 libopenni2-0 libopus0
verify / web	UNKNOWN STEP	2026-10-03T15:03:41.5734162Z   liborc-0.4-0t64 libpipewire-0.3-0t64 libplacebo338 libpocketsphinx3
verify / web	UNKNOWN STEP	2026-10-03T15:03:41.5734669Z   libpostproc57 libproxy1v5 libpulse0 libqrencode4 libraptor2-0 librav1e0
verify / web	UNKNOWN STEP	2026-10-03T15:03:41.5735199Z   libraw1394-11 librist4 librsvg2-2 librubberband2 libsamplerate0 libsbc1
verify / web	UNKNOWN STEP	2026-10-03T15:03:41.5735751Z   libsdl2-2.0-0 libsecret-1-0 libsecret-common libserd-0-0 libshine3 libshout3
verify / web	UNKNOWN STEP	2026-10-03T15:03:41.5736319Z   libsndfile1 libsndio7.0 libsord-0-0 libsoundtouch1 libsoup-3.0-0
verify / web	UNKNOWN STEP	2026-10-03T15:03:41.5736822Z   libsoup-3.0-common libsoxr0 libspa-0.2-modules libspandsp2t64 libspeex1
verify / web	UNKNOWN STEP	2026-10-03T15:03:41.5737610Z   libsphinxbase3t64 libsratom-0-0 libsrt1.5-gnutls libsrtp2-1 libssh-gcrypt-4
verify / web	UNKNOWN STEP	2026-10-03T15:03:41.5738241Z   libsvtav1enc1d1 libswresample4 libswscale7 libtag1v5 libtag1v5-vanilla
verify / web	UNKNOWN STEP	2026-10-03T15:03:41.5738958Z   libtheora0 libtwolame0 libudfread0 libunibreak5 libv4l-0t64
verify / web	UNKNOWN STEP	2026-10-03T15:03:41.5739489Z   libv4lconvert0t64 libva-drm2 libva-x11-2 libva2 libvdpau1 libvidstab1.1
verify / web	UNKNOWN STEP	2026-10-03T15:03:41.5740014Z   libvisual-0.4-0 libvo-aacenc0 libvo-amrwbenc0 libvorbisenc2 libvpl2 libvpx9
verify / web	UNKNOWN STEP	2026-10-03T15:03:41.5740593Z   libwavpack1 libwayland-server0 libwebrtc-audio-processing1 libwildmidi2
verify / web	UNKNOWN STEP	2026-10-03T15:03:41.5741163Z   libwoff1 libx264-164 libx265-199 libxcb-xkb1 libxkbcommon-x11-0 libxvidcore4
verify / web	UNKNOWN STEP	2026-10-03T15:03:41.5741696Z   libyuv0 libzbar0t64 libzimg2 libzix-0-0 libzvbi-common libzvbi0t64 libzxing3
verify / web	UNKNOWN STEP	2026-10-03T15:03:41.5742378Z   ocl-icd-libopencl1 session-migration timgm6mb-soundfont xfonts-cyrillic
verify / web	UNKNOWN STEP	2026-10-03T15:03:41.5743231Z   xfonts-encodings xfonts-scalable xfonts-utils
verify / web	UNKNOWN STEP	2026-10-03T15:03:41.5743881Z The following packages will be upgraded:
verify / web	UNKNOWN STEP	2026-10-03T15:03:41.5744357Z   libevent-core-2.1-7t64 libevent-pthreads-2.1-7t64 libgbm1 libgl1-mesa-dri
verify / web	UNKNOWN STEP	2026-10-03T15:03:41.5744848Z   libglx-mesa0 mesa-libgallium
verify / web	UNKNOWN STEP	2026-10-03T15:03:41.5921468Z 6 upgraded, 181 newly installed, 0 to remove and 19 not upgraded.
verify / web	UNKNOWN STEP	2026-10-03T15:03:41.5922242Z Need to get 125 MB of archives.
verify / web	UNKNOWN STEP	2026-10-03T15:03:41.5923051Z After this operation, 364 MB of additional disk space will be used.
verify / web	UNKNOWN STEP	2026-10-03T15:03:41.5923883Z Get:1 file:/etc/apt/apt-mirrors.txt Mirrorlist [144 B]
verify / web	UNKNOWN STEP	2026-10-03T15:03:41.6493733Z Get:2 http://azure.archive.ubuntu.com/ubuntu noble/universe amd64 fonts-ipafont-gothic all 00303-21ubuntu1 [3513 kB]
verify / web	UNKNOWN STEP	2026-10-03T15:03:41.6998186Z Get:3 http://azure.archive.ubuntu.com/ubuntu noble/main amd64 fonts-freefont-ttf all 20211204+svn4273-2 [5641 kB]
verify / web	UNKNOWN STEP	2026-10-03T15:03:41.7597704Z Get:4 http://azure.archive.ubuntu.com/ubuntu noble/universe amd64 fonts-tlwg-loma-otf all 1:0.7.3-1 [107 kB]
verify / web	UNKNOWN STEP	2026-10-03T15:03:41.7820810Z Get:5 http://azure.archive.ubuntu.com/ubuntu noble/universe amd64 fonts-unifont all 1:15.1.01-1build1 [2993 kB]
verify / web	UNKNOWN STEP	2026-10-03T15:03:41.8294588Z Get:6 http://azure.archive.ubuntu.com/ubuntu noble/universe amd64 fonts-wqy-zenhei all 0.9.45-8 [7472 kB]
verify / web	UNKNOWN STEP	2026-10-03T15:03:41.9196450Z Get:7 http://azure.archive.ubuntu.com/ubuntu noble/main amd64 libproxy1v5 amd64 0.5.4-4build1 [26.5 kB]
verify / web	UNKNOWN STEP	2026-10-03T15:03:41.9410467Z Get:8 http://azure.archive.ubuntu.com/ubuntu noble/main amd64 glib-networking-common all 2.80.0-1build1 [6702 B]
verify / web	UNKNOWN STEP	2026-10-03T15:03:41.9626576Z Get:9 http://azure.archive.ubuntu.com/ubuntu noble/main amd64 glib-networking-services amd64 2.80.0-1build1 [12.8 kB]
verify / web	UNKNOWN STEP	2026-10-03T15:03:41.9840566Z Get:10 http://azure.archive.ubuntu.com/ubuntu noble/main amd64 session-migration amd64 0.3.9build1 [9034 B]
verify / web	UNKNOWN STEP	2026-10-03T15:03:42.0056213Z Get:11 http://azure.archive.ubuntu.com/ubuntu noble-updates/main amd64 gsettings-desktop-schemas all 46.1-0ubuntu1 [35.6 kB]
verify / web	UNKNOWN STEP	2026-10-03T15:03:42.0275714Z Get:12 http://azure.archive.ubuntu.com/ubuntu noble/main amd64 glib-networking amd64 2.80.0-1build1 [64.1 kB]
verify / web	UNKNOWN STEP	2026-10-03T15:03:42.0494054Z Get:13 http://azure.archive.ubuntu.com/ubuntu noble-updates/universe amd64 libva2 amd64 2.20.0-2ubuntu0.2 [66.4 kB]
verify / web	UNKNOWN STEP	2026-10-03T15:03:42.0712318Z Get:14 http://azure.archive.ubuntu.com/ubuntu noble-updates/universe amd64 libva-drm2 amd64 2.20.0-2ubuntu0.2 [7124 B]
verify / web	UNKNOWN STEP	2026-10-03T15:03:42.0932406Z Get:15 http://azure.archive.ubuntu.com/ubuntu noble-updates/universe amd64 libva-x11-2 amd64 2.20.0-2ubuntu0.2 [12.0 kB]
verify / web	UNKNOWN STEP	2026-10-03T15:03:42.1149360Z Get:16 http://azure.archive.ubuntu.com/ubuntu noble/main amd64 libvdpau1 amd64 1.5-2build1 [27.8 kB]
verify / web	UNKNOWN STEP	2026-10-03T15:03:42.1366215Z Get:17 http://azure.archive.ubuntu.com/ubuntu noble/universe amd64 libvpl2 amd64 2023.3.0-1build1 [99.8 kB]
verify / web	UNKNOWN STEP	2026-10-03T15:03:42.1591442Z Get:18 http://azure.archive.ubuntu.com/ubuntu noble/universe amd64 ocl-icd-libopencl1 amd64 2.3.2-1build1 [38.5 kB]
verify / web	UNKNOWN STEP	2026-10-03T15:03:42.1810888Z Get:19 http://azure.archive.ubuntu.com/ubuntu noble/universe amd64 libavutil58 amd64 7:6.1.1-3ubuntu5 [401 kB]
verify / web	UNKNOWN STEP	2026-10-03T15:03:42.2549135Z Get:20 http://azure.archive.ubuntu.com/ubuntu noble/universe amd64 libcodec2-1.2 amd64 1.2.0-2build1 [8998 kB]
verify / web	UNKNOWN STEP	2026-10-03T15:03:42.3619932Z Get:21 http://azure.archive.ubuntu.com/ubuntu noble/universe amd64 libdav1d7 amd64 1.4.1-1build1 [604 kB]
verify / web	UNKNOWN STEP	2026-10-03T15:03:42.3923807Z Get:22 http://azure.archive.ubuntu.com/ubuntu noble/universe amd64 libgsm1 amd64 1.0.22-1build1 [27.8 kB]
verify / web	UNKNOWN STEP	2026-10-03T15:03:42.4177117Z Get:23 http://azure.archive.ubuntu.com/ubuntu noble/universe amd64 libhwy1t64 amd64 1.0.7-8.1build1 [584 kB]
verify / web	UNKNOWN STEP	2026-10-03T15:03:42.4503051Z Get:24 http://azure.archive.ubuntu.com/ubuntu noble-updates/universe amd64 libjxl0.7 amd64 0.7.0-10.2ubuntu6.1 [1001 kB]
verify / web	UNKNOWN STEP	2026-10-03T15:03:42.4847665Z Get:25 http://azure.archive.ubuntu.com/ubuntu noble/main amd64 libmp3lame0 amd64 3.100-6build1 [142 kB]
verify / web	UNKNOWN STEP	2026-10-03T15:03:42.5118122Z Get:26 http://azure.archive.ubuntu.com/ubuntu noble/main amd64 libopus0 amd64 1.4-1build1 [208 kB]
verify / web	UNKNOWN STEP	2026-10-03T15:03:42.5386883Z Get:27 http://azure.archive.ubuntu.com/ubuntu noble/universe amd64 librav1e0 amd64 0.7.1-2 [1022 kB]
verify / web	UNKNOWN STEP	2026-10-03T15:03:42.5765669Z Get:28 http://azure.archive.ubuntu.com/ubuntu noble/main amd64 librsvg2-2 amd64 2.58.0+dfsg-1build1 [2135 kB]
verify / web	UNKNOWN STEP	2026-10-03T15:03:42.6203873Z Get:29 http://azure.archive.ubuntu.com/ubuntu noble/universe amd64 libshine3 amd64 3.1.1-2build1 [23.2 kB]
verify / web	UNKNOWN STEP	2026-10-03T15:03:42.6464378Z Get:30 http://azure.archive.ubuntu.com/ubuntu noble-updates/main amd64 libspeex1 amd64 1.2.1-2ubuntu2.24.04.1 [59.6 kB]
verify / web	UNKNOWN STEP	2026-10-03T15:03:42.6722343Z Get:31 http://azure.archive.ubuntu.com/ubuntu noble/universe amd64 libsvtav1enc1d1 amd64 1.7.0+dfsg-2build1 [2425 kB]
verify / web	UNKNOWN STEP	2026-10-03T15:03:42.7210401Z Get:32 http://azure.archive.ubuntu.com/ubuntu noble/universe amd64 libsoxr0 amd64 0.1.3-4build3 [80.0 kB]
verify / web	UNKNOWN STEP	2026-10-03T15:03:42.7476137Z Get:33 http://azure.archive.ubuntu.com/ubuntu noble/universe amd64 libswresample4 amd64 7:6.1.1-3ubuntu5 [63.8 kB]
verify / web	UNKNOWN STEP	2026-10-03T15:03:42.7736372Z Get:34 http://azure.archive.ubuntu.com/ubuntu noble/main amd64 libtheora0 amd64 1.1.1+dfsg.1-16.1build3 [211 kB]
verify / web	UNKNOWN STEP	2026-10-03T15:03:42.8018437Z Get:35 http://azure.archive.ubuntu.com/ubuntu noble/main amd64 libtwolame0 amd64 0.4.0-2build3 [52.3 kB]
verify / web	UNKNOWN STEP	2026-10-03T15:03:42.8278393Z Get:36 http://azure.archive.ubuntu.com/ubuntu noble/main amd64 libvorbisenc2 amd64 1.3.7-1build3 [80.8 kB]
verify / web	UNKNOWN STEP	2026-10-03T15:03:42.8537278Z Get:37 http://azure.archive.ubuntu.com/ubuntu noble-updates/main amd64 libvpx9 amd64 1.14.0-1ubuntu2.3 [1143 kB]
verify / web	UNKNOWN STEP	2026-10-03T15:03:42.8883159Z Get:38 http://azure.archive.ubuntu.com/ubuntu noble/universe amd64 libx264-164 amd64 2:0.164.3108+git31e19f9-1 [604 kB]
verify / web	UNKNOWN STEP	2026-10-03T15:03:42.9663195Z Get:39 http://azure.archive.ubuntu.com/ubuntu noble/universe amd64 libx265-199 amd64 3.5-2build1 [1226 kB]
verify / web	UNKNOWN STEP	2026-10-03T15:03:43.0024882Z Get:40 http://azure.archive.ubuntu.com/ubuntu noble/universe amd64 libxvidcore4 amd64 2:1.3.7-1build1 [219 kB]
verify / web	UNKNOWN STEP	2026-10-03T15:03:43.0251619Z Get:41 http://azure.archive.ubuntu.com/ubuntu noble/universe amd64 libzvbi-common all 0.2.42-2 [42.4 kB]
verify / web	UNKNOWN STEP	2026-10-03T15:03:43.0471963Z Get:42 http://azure.archive.ubuntu.com/ubuntu noble/universe amd64 libzvbi0t64 amd64 0.2.42-2 [261 kB]
verify / web	UNKNOWN STEP	2026-10-03T15:03:43.0704781Z Get:43 http://azure.archive.ubuntu.com/ubuntu noble/universe amd64 libavcodec60 amd64 7:6.1.1-3ubuntu5 [5851 kB]
verify / web	UNKNOWN STEP	2026-10-03T15:03:43.1539348Z Get:44 http://azure.archive.ubuntu.com/ubuntu noble/universe amd64 libunibreak5 amd64 5.1-2build1 [25.0 kB]
verify / web	UNKNOWN STEP	2026-10-03T15:03:43.1753621Z Get:45 http://azure.archive.ubuntu.com/ubuntu noble/universe amd64 libass9 amd64 1:0.17.1-2build1 [104 kB]
verify / web	UNKNOWN STEP	2026-10-03T15:03:43.1974874Z Get:46 http://azure.archive.ubuntu.com/ubuntu noble/universe amd64 libudfread0 amd64 1.1.2-1build1 [19.0 kB]
verify / web	UNKNOWN STEP	2026-10-03T15:03:43.2190592Z Get:47 http://azure.archive.ubuntu.com/ubuntu noble/universe amd64 libbluray2 amd64 1:1.3.4-1build1 [159 kB]
verify / web	UNKNOWN STEP	2026-10-03T15:03:43.2420899Z Get:48 http://azure.archive.ubuntu.com/ubuntu noble/universe amd64 libchromaprint1 amd64 1.5.1-5 [30.5 kB]
verify / web	UNKNOWN STEP	2026-10-03T15:03:43.2639486Z Get:49 http://azure.archive.ubuntu.com/ubuntu noble/universe amd64 libgme0 amd64 0.6.3-7build1 [134 kB]
verify / web	UNKNOWN STEP	2026-10-03T15:03:43.2866529Z Get:50 http://azure.archive.ubuntu.com/ubuntu noble-updates/main amd64 libmpg123-0t64 amd64 1.32.5-1ubuntu1.1 [169 kB]
verify / web	UNKNOWN STEP	2026-10-03T15:03:43.3118091Z Get:51 http://azure.archive.ubuntu.com/ubuntu noble/universe amd64 libopenmpt0t64 amd64 0.7.3-1.1build3 [647 kB]
verify / web	UNKNOWN STEP	2026-10-03T15:03:43.3560241Z Get:52 http://azure.archive.ubuntu.com/ubuntu noble/universe amd64 libcjson1 amd64 1.7.17-1 [24.8 kB]
verify / web	UNKNOWN STEP	2026-10-03T15:03:43.3822454Z Get:53 http://azure.archive.ubuntu.com/ubuntu noble/universe amd64 libmbedcrypto7t64 amd64 2.28.8-1 [209 kB]
verify / web	UNKNOWN STEP	2026-10-03T15:03:43.4106978Z Get:54 http://azure.archive.ubuntu.com/ubuntu noble/universe amd64 librist4 amd64 0.2.10+dfsg-2 [74.9 kB]
verify / web	UNKNOWN STEP	2026-10-03T15:03:43.4369889Z Get:55 http://azure.archive.ubuntu.com/ubuntu noble/universe amd64 libsrt1.5-gnutls amd64 1.5.3-1build2 [316 kB]
verify / web	UNKNOWN STEP	2026-10-03T15:03:43.4651479Z Get:56 http://azure.archive.ubuntu.com/ubuntu noble-updates/main amd64 libssh-gcrypt-4 amd64 0.10.6-2ubuntu0.5 [226 kB]
verify / web	UNKNOWN STEP	2026-10-03T15:03:43.4928106Z Get:57 http://azure.archive.ubuntu.com/ubuntu noble/universe amd64 libavformat60 amd64 7:6.1.1-3ubuntu5 [1153 kB]
verify / web	UNKNOWN STEP	2026-10-03T15:03:43.5826595Z Get:58 http://azure.archive.ubuntu.com/ubuntu noble/universe amd64 libbs2b0 amd64 3.1.0+dfsg-7build1 [10.6 kB]
verify / web	UNKNOWN STEP	2026-10-03T15:03:43.6083430Z Get:59 http://azure.archive.ubuntu.com/ubuntu noble/universe amd64 libflite1 amd64 2.2-6build3 [13.6 MB]
verify / web	UNKNOWN STEP	2026-10-03T15:03:43.8274387Z Get:60 http://azure.archive.ubuntu.com/ubuntu noble/universe amd64 libserd-0-0 amd64 0.32.2-1 [43.6 kB]
verify / web	UNKNOWN STEP	2026-10-03T15:03:43.8532497Z Get:61 http://azure.archive.ubuntu.com/ubuntu noble/universe amd64 libzix-0-0 amd64 0.4.2-2build1 [23.6 kB]
verify / web	UNKNOWN STEP	2026-10-03T15:03:43.8788620Z Get:62 http://azure.archive.ubuntu.com/ubuntu noble/universe amd64 libsord-0-0 amd64 0.16.16-2build1 [15.8 kB]
verify / web	UNKNOWN STEP	2026-10-03T15:03:43.9060087Z Get:63 http://azure.archive.ubuntu.com/ubuntu noble/universe amd64 libsratom-0-0 amd64 0.6.16-1build1 [17.3 kB]
verify / web	UNKNOWN STEP	2026-10-03T15:03:43.9279153Z Get:64 http://azure.archive.ubuntu.com/ubuntu noble/universe amd64 liblilv-0-0 amd64 0.24.22-1build1 [41.0 kB]
verify / web	UNKNOWN STEP	2026-10-03T15:03:43.9500090Z Get:65 http://azure.archive.ubuntu.com/ubuntu noble/universe amd64 libmysofa1 amd64 1.3.2+dfsg-2ubuntu2 [1158 kB]
verify / web	UNKNOWN STEP	2026-10-03T15:03:43.9807493Z Get:66 http://azure.archive.ubuntu.com/ubuntu noble/universe amd64 libplacebo338 amd64 6.338.2-2build1 [2654 kB]
verify / web	UNKNOWN STEP	2026-10-03T15:03:44.0268230Z Get:67 http://azure.archive.ubuntu.com/ubuntu noble-updates/main amd64 libblas3 amd64 3.12.0-3build1.1 [238 kB]
verify / web	UNKNOWN STEP	2026-10-03T15:03:44.0503567Z Get:68 http://azure.archive.ubuntu.com/ubuntu noble-updates/main amd64 liblapack3 amd64 3.12.0-3build1.1 [2646 kB]
verify / web	UNKNOWN STEP	2026-10-03T15:03:44.0941548Z Get:69 http://azure.archive.ubuntu.com/ubuntu noble/main amd64 libasyncns0 amd64 0.8-6build4 [11.3 kB]
verify / web	UNKNOWN STEP	2026-10-03T15:03:44.1156985Z Get:70 http://azure.archive.ubuntu.com/ubuntu noble/main amd64 libflac12t64 amd64 1.4.3+ds-2.1ubuntu2 [197 kB]
verify / web	UNKNOWN STEP	2026-10-03T15:03:44.1384481Z Get:71 http://azure.archive.ubuntu.com/ubuntu noble-updates/main amd64 libsndfile1 amd64 1.2.2-1ubuntu5.24.04.1 [209 kB]
verify / web	UNKNOWN STEP	2026-10-03T15:03:44.1616534Z Get:72 http://azure.archive.ubuntu.com/ubuntu noble-updates/main amd64 libpulse0 amd64 1:16.1+dfsg1-2ubuntu10.1 [292 kB]
verify / web	UNKNOWN STEP	2026-10-03T15:03:44.1859110Z Get:73 http://azure.archive.ubuntu.com/ubuntu noble/universe amd64 libsphinxbase3t64 amd64 0.8+5prealpha+1-17build2 [126 kB]
verify / web	UNKNOWN STEP	2026-10-03T15:03:44.2086679Z Get:74 http://azure.archive.ubuntu.com/ubuntu noble/universe amd64 libpocketsphinx3 amd64 0.8.0+real5prealpha+1-15ubuntu5 [133 kB]
verify / web	UNKNOWN STEP	2026-10-03T15:03:44.2305960Z Get:75 http://azure.archive.ubuntu.com/ubuntu noble/universe amd64 libpostproc57 amd64 7:6.1.1-3ubuntu5 [49.9 kB]
verify / web	UNKNOWN STEP	2026-10-03T15:03:44.2946008Z Get:76 http://azure.archive.ubuntu.com/ubuntu noble/main amd64 libsamplerate0 amd64 0.2.2-4build1 [1344 kB]
verify / web	UNKNOWN STEP	2026-10-03T15:03:44.3271251Z Get:77 http://azure.archive.ubuntu.com/ubuntu noble/universe amd64 librubberband2 amd64 3.3.0+dfsg-2build1 [130 kB]
verify / web	UNKNOWN STEP	2026-10-03T15:03:44.3501735Z Get:78 http://azure.archive.ubuntu.com/ubuntu noble/universe amd64 libswscale7 amd64 7:6.1.1-3ubuntu5 [193 kB]
verify / web	UNKNOWN STEP	2026-10-03T15:03:44.3730880Z Get:79 http://azure.archive.ubuntu.com/ubuntu noble/universe amd64 libvidstab1.1 amd64 1.1.0-2build1 [38.5 kB]
verify / web	UNKNOWN STEP	2026-10-03T15:03:44.3949507Z Get:80 http://azure.archive.ubuntu.com/ubuntu noble/universe amd64 libzimg2 amd64 3.0.5+ds1-1build1 [254 kB]
verify / web	UNKNOWN STEP	2026-10-03T15:03:44.4184480Z Get:81 http://azure.archive.ubuntu.com/ubuntu noble/universe amd64 libavfilter9 amd64 7:6.1.1-3ubuntu5 [4235 kB]
verify / web	UNKNOWN STEP	2026-10-03T15:03:44.4752259Z Get:82 http://azure.archive.ubuntu.com/ubuntu noble-updates/main amd64 liborc-0.4-0t64 amd64 1:0.4.38-1ubuntu0.1 [207 kB]
verify / web	UNKNOWN STEP	2026-10-03T15:03:44.4995932Z Get:83 http://azure.archive.ubuntu.com/ubuntu noble-updates/main amd64 libgstreamer-plugins-base1.0-0 amd64 1.24.2-1ubuntu0.5 [862 kB]
verify / web	UNKNOWN STEP	2026-10-03T15:03:44.5281322Z Get:84 http://azure.archive.ubuntu.com/ubuntu noble/universe amd64 gstreamer1.0-libav amd64 1.24.1-1build1 [103 kB]
verify / web	UNKNOWN STEP	2026-10-03T15:03:44.5505685Z Get:85 http://azure.archive.ubuntu.com/ubuntu noble/main amd64 libcdparanoia0 amd64 3.10.2+debian-14build3 [48.5 kB]
verify / web	UNKNOWN STEP	2026-10-03T15:03:44.5729409Z Get:86 http://azure.archive.ubuntu.com/ubuntu noble/main amd64 libvisual-0.4-0 amd64 0.4.2-2build1 [115 kB]
verify / web	UNKNOWN STEP	2026-10-03T15:03:44.5999750Z Get:87 http://azure.archive.ubuntu.com/ubuntu noble-updates/main amd64 gstreamer1.0-plugins-base amd64 1.24.2-1ubuntu0.5 [721 kB]
verify / web	UNKNOWN STEP	2026-10-03T15:03:44.6366986Z Get:88 http://azure.archive.ubuntu.com/ubuntu noble/main amd64 libaa1 amd64 1.4p5-51.1 [49.9 kB]
verify / web	UNKNOWN STEP	2026-10-03T15:03:44.6628608Z Get:89 http://azure.archive.ubuntu.com/ubuntu noble/main amd64 libraw1394-11 amd64 2.1.2-2build3 [26.2 kB]
verify / web	UNKNOWN STEP	2026-10-03T15:03:44.6887726Z Get:90 http://azure.archive.ubuntu.com/ubuntu noble/main amd64 libavc1394-0 amd64 0.5.4-5build3 [15.4 kB]
verify / web	UNKNOWN STEP	2026-10-03T15:03:44.7143866Z Get:91 http://azure.archive.ubuntu.com/ubuntu noble-updates/main amd64 libcaca0 amd64 0.99.beta20-4ubuntu0.2 [209 kB]
verify / web	UNKNOWN STEP	2026-10-03T15:03:44.7410830Z Get:92 http://azure.archive.ubuntu.com/ubuntu noble/main amd64 libdv4t64 amd64 1.0.0-17.1build1 [63.2 kB]
verify / web	UNKNOWN STEP	2026-10-03T15:03:44.7672696Z Get:93 http://azure.archive.ubuntu.com/ubuntu noble-updates/main amd64 libgstreamer-plugins-good1.0-0 amd64 1.24.2-1ubuntu1.8 [34.3 kB]
verify / web	UNKNOWN STEP	2026-10-03T15:03:44.7932562Z Get:94 http://azure.archive.ubuntu.com/ubuntu noble/main amd64 libiec61883-0 amd64 1.2.0-6build1 [24.5 kB]
verify / web	UNKNOWN STEP	2026-10-03T15:03:44.8623734Z Get:95 http://azure.archive.ubuntu.com/ubuntu noble/main amd64 libshout3 amd64 2.4.6-1build2 [50.3 kB]
verify / web	UNKNOWN STEP	2026-10-03T15:03:44.8881571Z Get:96 http://azure.archive.ubuntu.com/ubuntu noble/main amd64 libtag1v5-vanilla amd64 1.13.1-1build1 [326 kB]
verify / web	UNKNOWN STEP	2026-10-03T15:03:44.9214745Z Get:97 http://azure.archive.ubuntu.com/ubuntu noble/main amd64 libtag1v5 amd64 1.13.1-1build1 [11.7 kB]
verify / web	UNKNOWN STEP	2026-10-03T15:03:44.9475179Z Get:98 http://azure.archive.ubuntu.com/ubuntu noble/main amd64 libv4lconvert0t64 amd64 1.26.1-4build3 [87.6 kB]
verify / web	UNKNOWN STEP	2026-10-03T15:03:44.9735264Z Get:99 http://azure.archive.ubuntu.com/ubuntu noble/main amd64 libv4l-0t64 amd64 1.26.1-4build3 [46.9 kB]
verify / web	UNKNOWN STEP	2026-10-03T15:03:44.9997647Z Get:100 http://azure.archive.ubuntu.com/ubuntu noble/main amd64 libwavpack1 amd64 5.6.0-1build1 [84.6 kB]
verify / web	UNKNOWN STEP	2026-10-03T15:03:45.0279966Z Get:101 http://azure.archive.ubuntu.com/ubuntu noble-updates/main amd64 libsoup-3.0-common all 3.4.4-5ubuntu0.8 [11.7 kB]
verify / web	UNKNOWN STEP	2026-10-03T15:03:45.0553554Z Get:102 http://azure.archive.ubuntu.com/ubuntu noble-updates/main amd64 libsoup-3.0-0 amd64 3.4.4-5ubuntu0.8 [290 kB]
verify / web	UNKNOWN STEP	2026-10-03T15:03:45.0929632Z Get:103 http://azure.archive.ubuntu.com/ubuntu noble-updates/main amd64 gstreamer1.0-plugins-good amd64 1.24.2-1ubuntu1.8 [2236 kB]
verify / web	UNKNOWN STEP	2026-10-03T15:03:45.1585360Z Get:104 http://azure.archive.ubuntu.com/ubuntu noble-updates/main amd64 libabsl20220623t64 amd64 20220623.1-3.1ubuntu3.2 [423 kB]
verify / web	UNKNOWN STEP	2026-10-03T15:03:45.1966349Z Get:105 http://azure.archive.ubuntu.com/ubuntu noble/universe amd64 libgav1-1 amd64 0.18.0-1build3 [357 kB]
verify / web	UNKNOWN STEP	2026-10-03T15:03:45.2267370Z Get:106 http://azure.archive.ubuntu.com/ubuntu noble/universe amd64 libyuv0 amd64 0.0~git202401110.af6ac82-1 [178 kB]
verify / web	UNKNOWN STEP	2026-10-03T15:03:45.2562028Z Get:107 http://azure.archive.ubuntu.com/ubuntu noble/universe amd64 libavif16 amd64 1.0.4-1ubuntu3 [91.2 kB]
verify / web	UNKNOWN STEP	2026-10-03T15:03:45.2862773Z Get:108 http://azure.archive.ubuntu.com/ubuntu noble/universe amd64 libavtp0 amd64 0.2.0-1build1 [6414 B]
verify / web	UNKNOWN STEP	2026-10-03T15:03:45.3125990Z Get:109 http://azure.archive.ubuntu.com/ubuntu noble/main amd64 libcairo-script-interpreter2 amd64 1.18.0-3build1 [60.3 kB]
verify / web	UNKNOWN STEP	2026-10-03T15:03:45.3396062Z Get:110 http://azure.archive.ubuntu.com/ubuntu noble/universe amd64 libdc1394-25 amd64 2.2.6-4build1 [90.1 kB]
verify / web	UNKNOWN STEP	2026-10-03T15:03:45.3688369Z Get:111 http://azure.archive.ubuntu.com/ubuntu noble-updates/main amd64 libde265-0 amd64 1.0.15-1ubuntu0.1 [167 kB]
verify / web	UNKNOWN STEP	2026-10-03T15:03:45.4011143Z Get:112 http://azure.archive.ubuntu.com/ubuntu noble/main amd64 libdecor-0-0 amd64 0.2.2-1build2 [16.5 kB]
verify / web	UNKNOWN STEP	2026-10-03T15:03:45.4277353Z Get:113 http://azure.archive.ubuntu.com/ubuntu noble/main amd64 libgles2 amd64 1.7.0-1build1 [17.1 kB]
verify / web	UNKNOWN STEP	2026-10-03T15:03:45.4537800Z Get:114 http://azure.archive.ubuntu.com/ubuntu noble/universe amd64 libdirectfb-1.7-7t64 amd64 1.7.7-11.1ubuntu2 [1035 kB]
verify / web	UNKNOWN STEP	2026-10-03T15:03:45.5251416Z Get:115 http://azure.archive.ubuntu.com/ubuntu noble/universe amd64 libdvdread8t64 amd64 6.1.3-1.1build1 [54.7 kB]
verify / web	UNKNOWN STEP	2026-10-03T15:03:45.5528492Z Get:116 http://azure.archive.ubuntu.com/ubuntu noble/universe amd64 libdvdnav4 amd64 6.1.1-3build1 [39.5 kB]
verify / web	UNKNOWN STEP	2026-10-03T15:03:45.5802401Z Get:117 http://azure.archive.ubuntu.com/ubuntu noble-updates/main amd64 libgl1-mesa-dri amd64 25.2.8-0ubuntu0.24.04.4 [38.0 kB]
verify / web	UNKNOWN STEP	2026-10-03T15:03:45.6089054Z Get:118 http://azure.archive.ubuntu.com/ubuntu noble-updates/main amd64 libglx-mesa0 amd64 25.2.8-0ubuntu0.24.04.4 [110 kB]
verify / web	UNKNOWN STEP	2026-10-03T15:03:45.6341650Z Get:119 http://azure.archive.ubuntu.com/ubuntu noble-updates/main amd64 libgbm1 amd64 25.2.8-0ubuntu0.24.04.4 [34.2 kB]
verify / web	UNKNOWN STEP	2026-10-03T15:03:45.6569195Z Get:120 http://azure.archive.ubuntu.com/ubuntu noble-updates/main amd64 mesa-libgallium amd64 25.2.8-0ubuntu0.24.04.4 [10.8 MB]
verify / web	UNKNOWN STEP	2026-10-03T15:03:45.9704635Z Get:121 http://azure.archive.ubuntu.com/ubuntu noble-updates/main amd64 libegl-mesa0 amd64 25.2.8-0ubuntu0.24.04.4 [117 kB]
verify / web	UNKNOWN STEP	2026-10-03T15:03:45.9973187Z Get:122 http://azure.archive.ubuntu.com/ubuntu noble-updates/main amd64 libevent-2.1-7t64 amd64 2.1.12-stable-9ubuntu2.2 [146 kB]
verify / web	UNKNOWN STEP	2026-10-03T15:03:46.0256488Z Get:123 http://azure.archive.ubuntu.com/ubuntu noble-updates/main amd64 libevent-pthreads-2.1-7t64 amd64 2.1.12-stable-9ubuntu2.2 [7988 B]
verify / web	UNKNOWN STEP	2026-10-03T15:03:46.0512713Z Get:124 http://azure.archive.ubuntu.com/ubuntu noble-updates/main amd64 libevent-core-2.1-7t64 amd64 2.1.12-stable-9ubuntu2.2 [91.9 kB]
verify / web	UNKNOWN STEP	2026-10-03T15:03:46.0779903Z Get:125 http://azure.archive.ubuntu.com/ubuntu noble/universe amd64 libfaad2 amd64 2.11.1-1build1 [207 kB]
verify / web	UNKNOWN STEP	2026-10-03T15:03:46.1076958Z Get:126 http://azure.archive.ubuntu.com/ubuntu noble/universe amd64 libinstpatch-1.0-2 amd64 1.1.6-1build2 [251 kB]
verify / web	UNKNOWN STEP	2026-10-03T15:03:46.1378512Z Get:127 http://azure.archive.ubuntu.com/ubuntu noble/main amd64 libjack-jackd2-0 amd64 1.9.21~dfsg-3ubuntu3 [289 kB]
verify / web	UNKNOWN STEP	2026-10-03T15:03:46.1695561Z Get:128 http://azure.archive.ubuntu.com/ubuntu noble/main amd64 libwebrtc-audio-processing1 amd64 0.3.1-0ubuntu6 [290 kB]
verify / web	UNKNOWN STEP	2026-10-03T15:03:46.2038018Z Get:129 http://azure.archive.ubuntu.com/ubuntu noble-updates/main amd64 libspa-0.2-modules amd64 1.0.5-1ubuntu3.3 [628 kB]
verify / web	UNKNOWN STEP	2026-10-03T15:03:46.2435335Z Get:130 http://azure.archive.ubuntu.com/ubuntu noble-updates/main amd64 libpipewire-0.3-0t64 amd64 1.0.5-1ubuntu3.3 [252 kB]
verify / web	UNKNOWN STEP	2026-10-03T15:03:46.2739510Z Get:131 http://azure.archive.ubuntu.com/ubuntu noble-updates/main amd64 libsdl2-2.0-0 amd64 2.30.0+dfsg-1ubuntu3.1 [686 kB]
verify / web	UNKNOWN STEP	2026-10-03T15:03:46.3155730Z Get:132 http://azure.archive.ubuntu.com/ubuntu noble/universe amd64 timgm6mb-soundfont all 1.3-5 [5427 kB]
verify / web	UNKNOWN STEP	2026-10-03T15:03:46.4727416Z Get:133 http://azure.archive.ubuntu.com/ubuntu noble/universe amd64 libfluidsynth3 amd64 2.3.4-1build3 [249 kB]
verify / web	UNKNOWN STEP	2026-10-03T15:03:46.5046355Z Get:134 http://azure.archive.ubuntu.com/ubuntu noble/main amd64 libfreeaptx0 amd64 0.1.1-2build1 [13.5 kB]
verify / web	UNKNOWN STEP	2026-10-03T15:03:46.5306900Z Get:135 http://azure.archive.ubuntu.com/ubuntu noble/main amd64 libgraphene-1.0-0 amd64 1.10.8-3build2 [46.2 kB]
verify / web	UNKNOWN STEP	2026-10-03T15:03:46.5569364Z Get:136 http://azure.archive.ubuntu.com/ubuntu noble/main amd64 libgssdp-1.6-0 amd64 1.6.3-1build3 [40.4 kB]
verify / web	UNKNOWN STEP	2026-10-03T15:03:46.5828986Z Get:137 http://azure.archive.ubuntu.com/ubuntu noble/main amd64 libegl1 amd64 1.7.0-1build1 [28.7 kB]
verify / web	UNKNOWN STEP	2026-10-03T15:03:46.6089562Z Get:138 http://azure.archive.ubuntu.com/ubuntu noble-updates/main amd64 libgstreamer-gl1.0-0 amd64 1.24.2-1ubuntu0.5 [214 kB]
verify / web	UNKNOWN STEP	2026-10-03T15:03:46.6893421Z Get:139 http://azure.archive.ubuntu.com/ubuntu noble-updates/main amd64 libgtk-4-common all 4.14.5+ds-0ubuntu0.10 [1497 kB]
verify / web	UNKNOWN STEP	2026-10-03T15:03:46.7579126Z Get:140 http://azure.archive.ubuntu.com/ubuntu noble-updates/main amd64 libgtk-4-1 amd64 4.14.5+ds-0ubuntu0.10 [3295 kB]
verify / web	UNKNOWN STEP	2026-10-03T15:03:46.8489061Z Get:141 http://azure.archive.ubuntu.com/ubuntu noble/main amd64 libgupnp-1.6-0 amd64 1.6.6-1build3 [92.7 kB]
verify / web	UNKNOWN STEP	2026-10-03T15:03:46.8761360Z Get:142 http://azure.archive.ubuntu.com/ubuntu noble/universe amd64 libgupnp-igd-1.6-0 amd64 1.6.0-3build3 [16.5 kB]
verify / web	UNKNOWN STEP	2026-10-03T15:03:46.9019401Z Get:143 http://azure.archive.ubuntu.com/ubuntu noble/main amd64 libharfbuzz-icu0 amd64 8.3.0-2build2 [13.3 kB]
verify / web	UNKNOWN STEP	2026-10-03T15:03:46.9284386Z Get:144 http://azure.archive.ubuntu.com/ubuntu noble/main amd64 libhyphen0 amd64 2.8.8-7build3 [26.5 kB]
verify / web	UNKNOWN STEP	2026-10-03T15:03:46.9502925Z Get:145 http://azure.archive.ubuntu.com/ubuntu noble/universe amd64 libimath-3-1-29t64 amd64 3.1.9-3.1ubuntu2 [72.2 kB]
verify / web	UNKNOWN STEP	2026-10-03T15:03:46.9781225Z Get:146 http://azure.archive.ubuntu.com/ubuntu noble/main amd64 liblc3-1 amd64 1.0.4-3build1 [69.7 kB]
verify / web	UNKNOWN STEP	2026-10-03T15:03:47.0020408Z Get:147 http://azure.archive.ubuntu.com/ubuntu noble/main amd64 libldacbt-enc2 amd64 2.0.2.3+git20200429+ed310a0-4ubuntu2 [27.1 kB]
verify / web	UNKNOWN STEP	2026-10-03T15:03:47.0238693Z Get:148 http://azure.archive.ubuntu.com/ubuntu noble-updates/main amd64 libraptor2-0 amd64 2.0.16-3ubuntu0.1 [165 kB]
verify / web	UNKNOWN STEP	2026-10-03T15:03:47.0477594Z Get:149 http://azure.archive.ubuntu.com/ubuntu noble/universe amd64 liblrdf0 amd64 0.6.1-4build1 [18.5 kB]
verify / web	UNKNOWN STEP	2026-10-03T15:03:47.0737840Z Get:150 http://azure.archive.ubuntu.com/ubuntu noble/universe amd64 libltc11 amd64 1.3.2-1build1 [13.0 kB]
verify / web	UNKNOWN STEP	2026-10-03T15:03:47.0998655Z Get:151 http://azure.archive.ubuntu.com/ubuntu noble/main amd64 libmanette-0.2-0 amd64 0.2.7-1build2 [30.6 kB]
verify / web	UNKNOWN STEP	2026-10-03T15:03:47.1253193Z Get:152 http://azure.archive.ubuntu.com/ubuntu noble/universe amd64 libmfx1 amd64 22.5.4-1 [3124 kB]
verify / web	UNKNOWN STEP	2026-10-03T15:03:47.2129569Z Get:153 http://azure.archive.ubuntu.com/ubuntu noble/universe amd64 libmjpegutils-2.1-0t64 amd64 1:2.1.0+debian-8.1build1 [25.5 kB]
verify / web	UNKNOWN STEP	2026-10-03T15:03:47.2389232Z Get:154 http://azure.archive.ubuntu.com/ubuntu noble/universe amd64 libmodplug1 amd64 1:0.8.9.0-3build1 [166 kB]
verify / web	UNKNOWN STEP	2026-10-03T15:03:47.2674234Z Get:155 http://azure.archive.ubuntu.com/ubuntu noble/universe amd64 libmpcdec6 amd64 2:0.1~r495-2build1 [32.7 kB]
verify / web	UNKNOWN STEP	2026-10-03T15:03:47.2939787Z Get:156 http://azure.archive.ubuntu.com/ubuntu noble/universe amd64 libmpeg2encpp-2.1-0t64 amd64 1:2.1.0+debian-8.1build1 [75.6 kB]
verify / web	UNKNOWN STEP	2026-10-03T15:03:47.3638098Z Get:157 http://azure.archive.ubuntu.com/ubuntu noble/universe amd64 libmplex2-2.1-0t64 amd64 1:2.1.0+debian-8.1build1 [46.1 kB]
verify / web	UNKNOWN STEP	2026-10-03T15:03:47.3903123Z Get:158 http://azure.archive.ubuntu.com/ubuntu noble/universe amd64 libneon27t64 amd64 0.33.0-1.1build3 [102 kB]
verify / web	UNKNOWN STEP	2026-10-03T15:03:47.4198416Z Get:159 http://azure.archive.ubuntu.com/ubuntu noble/universe amd64 libnice10 amd64 0.1.21-2build3 [157 kB]
verify / web	UNKNOWN STEP	2026-10-03T15:03:47.4501327Z Get:160 http://azure.archive.ubuntu.com/ubuntu noble/universe amd64 libopenal-data all 1:1.23.1-4build1 [161 kB]
verify / web	UNKNOWN STEP	2026-10-03T15:03:47.4828065Z Get:161 http://azure.archive.ubuntu.com/ubuntu noble/universe amd64 libopenexr-3-1-30 amd64 3.1.5-5.1build3 [1004 kB]
verify / web	UNKNOWN STEP	2026-10-03T15:03:47.5394907Z Get:162 http://azure.archive.ubuntu.com/ubuntu noble/universe amd64 libopenh264-7 amd64 2.4.1+dfsg-1 [409 kB]
verify / web	UNKNOWN STEP	2026-10-03T15:03:47.5732547Z Get:163 http://azure.archive.ubuntu.com/ubuntu noble/universe amd64 libopenni2-0 amd64 2.2.0.33+dfsg-18 [370 kB]
verify / web	UNKNOWN STEP	2026-10-03T15:03:47.6012503Z Get:164 http://azure.archive.ubuntu.com/ubuntu noble/universe amd64 libqrencode4 amd64 4.1.1-1build2 [25.0 kB]
verify / web	UNKNOWN STEP	2026-10-03T15:03:47.6229779Z Get:165 http://azure.archive.ubuntu.com/ubuntu noble/main amd64 libsecret-common all 0.21.4-1build3 [4962 B]
verify / web	UNKNOWN STEP	2026-10-03T15:03:47.6444441Z Get:166 http://azure.archive.ubuntu.com/ubuntu noble/main amd64 libsecret-1-0 amd64 0.21.4-1build3 [116 kB]
verify / web	UNKNOWN STEP	2026-10-03T15:03:47.6676118Z Get:167 http://azure.archive.ubuntu.com/ubuntu noble/universe amd64 libsndio7.0 amd64 1.9.0-0.3build3 [29.6 kB]
verify / web	UNKNOWN STEP	2026-10-03T15:03:47.6897810Z Get:168 http://azure.archive.ubuntu.com/ubuntu noble/universe amd64 libsoundtouch1 amd64 2.3.2+ds1-1build1 [60.5 kB]
verify / web	UNKNOWN STEP	2026-10-03T15:03:47.7132592Z Get:169 http://azure.archive.ubuntu.com/ubuntu noble/universe amd64 libspandsp2t64 amd64 0.0.6+dfsg-2.1build1 [311 kB]
verify / web	UNKNOWN STEP	2026-10-03T15:03:47.7413941Z Get:170 http://azure.archive.ubuntu.com/ubuntu noble/universe amd64 libsrtp2-1 amd64 2.5.0-3build1 [41.9 kB]
verify / web	UNKNOWN STEP	2026-10-03T15:03:47.7636598Z Get:171 http://azure.archive.ubuntu.com/ubuntu noble/main amd64 libwayland-server0 amd64 1.22.0-2.1build1 [33.9 kB]
verify / web	UNKNOWN STEP	2026-10-03T15:03:47.7859128Z Get:172 http://azure.archive.ubuntu.com/ubuntu noble/universe amd64 libwildmidi2 amd64 0.4.3-1build3 [68.5 kB]
verify / web	UNKNOWN STEP	2026-10-03T15:03:47.8103784Z Get:173 http://azure.archive.ubuntu.com/ubuntu noble/main amd64 libwoff1 amd64 1.0.2-2build1 [45.3 kB]
verify / web	UNKNOWN STEP	2026-10-03T15:03:47.8343399Z Get:174 http://azure.archive.ubuntu.com/ubuntu noble/main amd64 libxcb-xkb1 amd64 1.15-1ubuntu2 [32.3 kB]
verify / web	UNKNOWN STEP	2026-10-03T15:03:47.8559790Z Get:175 http://azure.archive.ubuntu.com/ubuntu noble/main amd64 libxkbcommon-x11-0 amd64 1.6.0-1build1 [14.5 kB]
verify / web	UNKNOWN STEP	2026-10-03T15:03:47.9193725Z Get:176 http://azure.archive.ubuntu.com/ubuntu noble/universe amd64 libzbar0t64 amd64 0.23.93-4build3 [123 kB]
verify / web	UNKNOWN STEP	2026-10-03T15:03:47.9442516Z Get:177 http://azure.archive.ubuntu.com/ubuntu noble/universe amd64 libzxing3 amd64 2.2.1-3 [583 kB]
verify / web	UNKNOWN STEP	2026-10-03T15:03:47.9752764Z Get:178 http://azure.archive.ubuntu.com/ubuntu noble/main amd64 xfonts-encodings all 1:1.0.5-0ubuntu2 [578 kB]
verify / web	UNKNOWN STEP	2026-10-03T15:03:48.0087382Z Get:179 http://azure.archive.ubuntu.com/ubuntu noble/main amd64 xfonts-utils amd64 1:7.7+6build3 [94.4 kB]
verify / web	UNKNOWN STEP	2026-10-03T15:03:48.0317815Z Get:180 http://azure.archive.ubuntu.com/ubuntu noble/universe amd64 xfonts-cyrillic all 1:1.0.5+nmu1 [384 kB]
verify / web	UNKNOWN STEP	2026-10-03T15:03:48.0607507Z Get:181 http://azure.archive.ubuntu.com/ubuntu noble/main amd64 xfonts-scalable all 1:1.0.3-1.3 [304 kB]
verify / web	UNKNOWN STEP	2026-10-03T15:03:48.0880837Z Get:182 http://azure.archive.ubuntu.com/ubuntu noble/universe amd64 libgstreamer-plugins-bad1.0-0 amd64 1.24.2-1ubuntu4 [797 kB]
verify / web	UNKNOWN STEP	2026-10-03T15:03:48.1264605Z Get:183 http://azure.archive.ubuntu.com/ubuntu noble/universe amd64 libdca0 amd64 0.0.7-2build1 [93.8 kB]
verify / web	UNKNOWN STEP	2026-10-03T15:03:48.1490162Z Get:184 http://azure.archive.ubuntu.com/ubuntu noble/universe amd64 libopenal1 amd64 1:1.23.1-4build1 [540 kB]
verify / web	UNKNOWN STEP	2026-10-03T15:03:48.1800442Z Get:185 http://azure.archive.ubuntu.com/ubuntu noble/main amd64 libsbc1 amd64 2.0-1build1 [33.9 kB]
verify / web	UNKNOWN STEP	2026-10-03T15:03:48.2030662Z Get:186 http://azure.archive.ubuntu.com/ubuntu noble/universe amd64 libvo-aacenc0 amd64 0.1.3-2build1 [67.8 kB]
verify / web	UNKNOWN STEP	2026-10-03T15:03:48.2261369Z Get:187 http://azure.archive.ubuntu.com/ubuntu noble/universe amd64 libvo-amrwbenc0 amd64 0.1.3-2build1 [76.7 kB]
verify / web	UNKNOWN STEP	2026-10-03T15:03:48.2484582Z Get:188 http://azure.archive.ubuntu.com/ubuntu noble/universe amd64 gstreamer1.0-plugins-bad amd64 1.24.2-1ubuntu4 [3081 kB]
verify / web	UNKNOWN STEP	2026-10-03T15:03:48.7171228Z Fetched 125 MB in 7s (18.6 MB/s)
verify / web	UNKNOWN STEP	2026-10-03T15:03:48.7469538Z Selecting previously unselected package fonts-ipafont-gothic.
verify / web	UNKNOWN STEP	2026-10-03T15:03:48.7730059Z (Reading database ... 
verify / web	UNKNOWN STEP	2026-10-03T15:03:48.7730559Z (Reading database ... 5%
verify / web	UNKNOWN STEP	2026-10-03T15:03:48.7730934Z (Reading database ... 10%
verify / web	UNKNOWN STEP	2026-10-03T15:03:48.7731450Z (Reading database ... 15%
verify / web	UNKNOWN STEP	2026-10-03T15:03:48.7731809Z (Reading database ... 20%
verify / web	UNKNOWN STEP	2026-10-03T15:03:48.7732179Z (Reading database ... 25%
verify / web	UNKNOWN STEP	2026-10-03T15:03:48.7732676Z (Reading database ... 30%
verify / web	UNKNOWN STEP	2026-10-03T15:03:48.7733172Z (Reading database ... 35%
verify / web	UNKNOWN STEP	2026-10-03T15:03:48.7733687Z (Reading database ... 40%
verify / web	UNKNOWN STEP	2026-10-03T15:03:48.7734032Z (Reading database ... 45%
verify / web	UNKNOWN STEP	2026-10-03T15:03:48.7734363Z (Reading database ... 50%
verify / web	UNKNOWN STEP	2026-10-03T15:03:48.7763813Z (Reading database ... 55%
verify / web	UNKNOWN STEP	2026-10-03T15:03:48.8748119Z (Reading database ... 60%
verify / web	UNKNOWN STEP	2026-10-03T15:03:49.0814297Z (Reading database ... 65%
verify / web	UNKNOWN STEP	2026-10-03T15:03:49.2740714Z (Reading database ... 70%
verify / web	UNKNOWN STEP	2026-10-03T15:03:49.4719054Z (Reading database ... 75%
verify / web	UNKNOWN STEP	2026-10-03T15:03:49.5776994Z (Reading database ... 80%
verify / web	UNKNOWN STEP	2026-10-03T15:03:49.7287684Z (Reading database ... 85%
verify / web	UNKNOWN STEP	2026-10-03T15:03:49.8282090Z (Reading database ... 90%
verify / web	UNKNOWN STEP	2026-10-03T15:03:49.9459553Z (Reading database ... 95%
verify / web	UNKNOWN STEP	2026-10-03T15:03:49.9460423Z (Reading database ... 100%
verify / web	UNKNOWN STEP	2026-10-03T15:03:49.9461407Z (Reading database ... 202296 files and directories currently installed.)
verify / web	UNKNOWN STEP	2026-10-03T15:03:49.9503924Z Preparing to unpack .../000-fonts-ipafont-gothic_00303-21ubuntu1_all.deb ...
verify / web	UNKNOWN STEP	2026-10-03T15:03:49.9671560Z Unpacking fonts-ipafont-gothic (00303-21ubuntu1) ...
verify / web	UNKNOWN STEP	2026-10-03T15:03:50.2597551Z Selecting previously unselected package fonts-freefont-ttf.
verify / web	UNKNOWN STEP	2026-10-03T15:03:50.2718911Z Preparing to unpack .../001-fonts-freefont-ttf_20211204+svn4273-2_all.deb ...
verify / web	UNKNOWN STEP	2026-10-03T15:03:50.2729670Z Unpacking fonts-freefont-ttf (20211204+svn4273-2) ...
verify / web	UNKNOWN STEP	2026-10-03T15:03:50.3784646Z Selecting previously unselected package fonts-tlwg-loma-otf.
verify / web	UNKNOWN STEP	2026-10-03T15:03:50.3906298Z Preparing to unpack .../002-fonts-tlwg-loma-otf_1%3a0.7.3-1_all.deb ...
verify / web	UNKNOWN STEP	2026-10-03T15:03:50.3915453Z Unpacking fonts-tlwg-loma-otf (1:0.7.3-1) ...
verify / web	UNKNOWN STEP	2026-10-03T15:03:50.4094845Z Selecting previously unselected package fonts-unifont.
verify / web	UNKNOWN STEP	2026-10-03T15:03:50.4216590Z Preparing to unpack .../003-fonts-unifont_1%3a15.1.01-1build1_all.deb ...
verify / web	UNKNOWN STEP	2026-10-03T15:03:50.4225762Z Unpacking fonts-unifont (1:15.1.01-1build1) ...
verify / web	UNKNOWN STEP	2026-10-03T15:03:50.6395191Z Selecting previously unselected package fonts-wqy-zenhei.
verify / web	UNKNOWN STEP	2026-10-03T15:03:50.6517013Z Preparing to unpack .../004-fonts-wqy-zenhei_0.9.45-8_all.deb ...
verify / web	UNKNOWN STEP	2026-10-03T15:03:50.6606103Z Unpacking fonts-wqy-zenhei (0.9.45-8) ...
verify / web	UNKNOWN STEP	2026-10-03T15:03:51.2487579Z Selecting previously unselected package libproxy1v5:amd64.
verify / web	UNKNOWN STEP	2026-10-03T15:03:51.2608636Z Preparing to unpack .../005-libproxy1v5_0.5.4-4build1_amd64.deb ...
verify / web	UNKNOWN STEP	2026-10-03T15:03:51.2630510Z Unpacking libproxy1v5:amd64 (0.5.4-4build1) ...
verify / web	UNKNOWN STEP	2026-10-03T15:03:51.2800532Z Selecting previously unselected package glib-networking-common.
verify / web	UNKNOWN STEP	2026-10-03T15:03:51.2921508Z Preparing to unpack .../006-glib-networking-common_2.80.0-1build1_all.deb ...
verify / web	UNKNOWN STEP	2026-10-03T15:03:51.2931248Z Unpacking glib-networking-common (2.80.0-1build1) ...
verify / web	UNKNOWN STEP	2026-10-03T15:03:51.3079290Z Selecting previously unselected package glib-networking-services.
verify / web	UNKNOWN STEP	2026-10-03T15:03:51.3199484Z Preparing to unpack .../007-glib-networking-services_2.80.0-1build1_amd64.deb ...
verify / web	UNKNOWN STEP	2026-10-03T15:03:51.3209397Z Unpacking glib-networking-services (2.80.0-1build1) ...
verify / web	UNKNOWN STEP	2026-10-03T15:03:51.3369348Z Selecting previously unselected package session-migration.
verify / web	UNKNOWN STEP	2026-10-03T15:03:51.3487666Z Preparing to unpack .../008-session-migration_0.3.9build1_amd64.deb ...
verify / web	UNKNOWN STEP	2026-10-03T15:03:51.3495617Z Unpacking session-migration (0.3.9build1) ...
verify / web	UNKNOWN STEP	2026-10-03T15:03:51.3678111Z Selecting previously unselected package gsettings-desktop-schemas.
verify / web	UNKNOWN STEP	2026-10-03T15:03:51.3794565Z Preparing to unpack .../009-gsettings-desktop-schemas_46.1-0ubuntu1_all.deb ...
verify / web	UNKNOWN STEP	2026-10-03T15:03:51.3802046Z Unpacking gsettings-desktop-schemas (46.1-0ubuntu1) ...
verify / web	UNKNOWN STEP	2026-10-03T15:03:51.4312959Z Selecting previously unselected package glib-networking:amd64.
verify / web	UNKNOWN STEP	2026-10-03T15:03:51.4433412Z Preparing to unpack .../010-glib-networking_2.80.0-1build1_amd64.deb ...
verify / web	UNKNOWN STEP	2026-10-03T15:03:51.4442070Z Unpacking glib-networking:amd64 (2.80.0-1build1) ...
verify / web	UNKNOWN STEP	2026-10-03T15:03:51.4618170Z Selecting previously unselected package libva2:amd64.
verify / web	UNKNOWN STEP	2026-10-03T15:03:51.4739187Z Preparing to unpack .../011-libva2_2.20.0-2ubuntu0.2_amd64.deb ...
verify / web	UNKNOWN STEP	2026-10-03T15:03:51.4749238Z Unpacking libva2:amd64 (2.20.0-2ubuntu0.2) ...
verify / web	UNKNOWN STEP	2026-10-03T15:03:51.4921459Z Selecting previously unselected package libva-drm2:amd64.
verify / web	UNKNOWN STEP	2026-10-03T15:03:51.5041568Z Preparing to unpack .../012-libva-drm2_2.20.0-2ubuntu0.2_amd64.deb ...
verify / web	UNKNOWN STEP	2026-10-03T15:03:51.5051855Z Unpacking libva-drm2:amd64 (2.20.0-2ubuntu0.2) ...
verify / web	UNKNOWN STEP	2026-10-03T15:03:51.5211486Z Selecting previously unselected package libva-x11-2:amd64.
verify / web	UNKNOWN STEP	2026-10-03T15:03:51.5330019Z Preparing to unpack .../013-libva-x11-2_2.20.0-2ubuntu0.2_amd64.deb ...
verify / web	UNKNOWN STEP	2026-10-03T15:03:51.5340412Z Unpacking libva-x11-2:amd64 (2.20.0-2ubuntu0.2) ...
verify / web	UNKNOWN STEP	2026-10-03T15:03:51.5507321Z Selecting previously unselected package libvdpau1:amd64.
verify / web	UNKNOWN STEP	2026-10-03T15:03:51.5625536Z Preparing to unpack .../014-libvdpau1_1.5-2build1_amd64.deb ...
verify / web	UNKNOWN STEP	2026-10-03T15:03:51.5633248Z Unpacking libvdpau1:amd64 (1.5-2build1) ...
verify / web	UNKNOWN STEP	2026-10-03T15:03:51.5804770Z Selecting previously unselected package libvpl2.
verify / web	UNKNOWN STEP	2026-10-03T15:03:51.5921832Z Preparing to unpack .../015-libvpl2_2023.3.0-1build1_amd64.deb ...
verify / web	UNKNOWN STEP	2026-10-03T15:03:51.5930228Z Unpacking libvpl2 (2023.3.0-1build1) ...
verify / web	UNKNOWN STEP	2026-10-03T15:03:51.6107370Z Selecting previously unselected package ocl-icd-libopencl1:amd64.
verify / web	UNKNOWN STEP	2026-10-03T15:03:51.6224794Z Preparing to unpack .../016-ocl-icd-libopencl1_2.3.2-1build1_amd64.deb ...
verify / web	UNKNOWN STEP	2026-10-03T15:03:51.6233660Z Unpacking ocl-icd-libopencl1:amd64 (2.3.2-1build1) ...
verify / web	UNKNOWN STEP	2026-10-03T15:03:51.6417209Z Selecting previously unselected package libavutil58:amd64.
verify / web	UNKNOWN STEP	2026-10-03T15:03:51.6533975Z Preparing to unpack .../017-libavutil58_7%3a6.1.1-3ubuntu5_amd64.deb ...
verify / web	UNKNOWN STEP	2026-10-03T15:03:51.6545782Z Unpacking libavutil58:amd64 (7:6.1.1-3ubuntu5) ...
verify / web	UNKNOWN STEP	2026-10-03T15:03:51.6788317Z Selecting previously unselected package libcodec2-1.2:amd64.
verify / web	UNKNOWN STEP	2026-10-03T15:03:51.6905964Z Preparing to unpack .../018-libcodec2-1.2_1.2.0-2build1_amd64.deb ...
verify / web	UNKNOWN STEP	2026-10-03T15:03:51.6914085Z Unpacking libcodec2-1.2:amd64 (1.2.0-2build1) ...
verify / web	UNKNOWN STEP	2026-10-03T15:03:51.8461969Z Selecting previously unselected package libdav1d7:amd64.
verify / web	UNKNOWN STEP	2026-10-03T15:03:51.8582224Z Preparing to unpack .../019-libdav1d7_1.4.1-1build1_amd64.deb ...
verify / web	UNKNOWN STEP	2026-10-03T15:03:51.8592561Z Unpacking libdav1d7:amd64 (1.4.1-1build1) ...
verify / web	UNKNOWN STEP	2026-10-03T15:03:51.8898107Z Selecting previously unselected package libgsm1:amd64.
verify / web	UNKNOWN STEP	2026-10-03T15:03:51.9021139Z Preparing to unpack .../020-libgsm1_1.0.22-1build1_amd64.deb ...
verify / web	UNKNOWN STEP	2026-10-03T15:03:51.9030486Z Unpacking libgsm1:amd64 (1.0.22-1build1) ...
verify / web	UNKNOWN STEP	2026-10-03T15:03:51.9199529Z Selecting previously unselected package libhwy1t64:amd64.
verify / web	UNKNOWN STEP	2026-10-03T15:03:51.9318678Z Preparing to unpack .../021-libhwy1t64_1.0.7-8.1build1_amd64.deb ...
verify / web	UNKNOWN STEP	2026-10-03T15:03:51.9329522Z Unpacking libhwy1t64:amd64 (1.0.7-8.1build1) ...
verify / web	UNKNOWN STEP	2026-10-03T15:03:51.9759234Z Selecting previously unselected package libjxl0.7:amd64.
verify / web	UNKNOWN STEP	2026-10-03T15:03:51.9878439Z Preparing to unpack .../022-libjxl0.7_0.7.0-10.2ubuntu6.1_amd64.deb ...
verify / web	UNKNOWN STEP	2026-10-03T15:03:51.9887294Z Unpacking libjxl0.7:amd64 (0.7.0-10.2ubuntu6.1) ...
verify / web	UNKNOWN STEP	2026-10-03T15:03:52.0347839Z Selecting previously unselected package libmp3lame0:amd64.
verify / web	UNKNOWN STEP	2026-10-03T15:03:52.0467097Z Preparing to unpack .../023-libmp3lame0_3.100-6build1_amd64.deb ...
verify / web	UNKNOWN STEP	2026-10-03T15:03:52.0475800Z Unpacking libmp3lame0:amd64 (3.100-6build1) ...
verify / web	UNKNOWN STEP	2026-10-03T15:03:52.0697493Z Selecting previously unselected package libopus0:amd64.
verify / web	UNKNOWN STEP	2026-10-03T15:03:52.0815390Z Preparing to unpack .../024-libopus0_1.4-1build1_amd64.deb ...
verify / web	UNKNOWN STEP	2026-10-03T15:03:52.0823548Z Unpacking libopus0:amd64 (1.4-1build1) ...
verify / web	UNKNOWN STEP	2026-10-03T15:03:52.1017255Z Selecting previously unselected package librav1e0:amd64.
verify / web	UNKNOWN STEP	2026-10-03T15:03:52.1137011Z Preparing to unpack .../025-librav1e0_0.7.1-2_amd64.deb ...
verify / web	UNKNOWN STEP	2026-10-03T15:03:52.1146165Z Unpacking librav1e0:amd64 (0.7.1-2) ...
verify / web	UNKNOWN STEP	2026-10-03T15:03:52.1597254Z Selecting previously unselected package librsvg2-2:amd64.
verify / web	UNKNOWN STEP	2026-10-03T15:03:52.1717731Z Preparing to unpack .../026-librsvg2-2_2.58.0+dfsg-1build1_amd64.deb ...
verify / web	UNKNOWN STEP	2026-10-03T15:03:52.1725854Z Unpacking librsvg2-2:amd64 (2.58.0+dfsg-1build1) ...
verify / web	UNKNOWN STEP	2026-10-03T15:03:52.2463829Z Selecting previously unselected package libshine3:amd64.
verify / web	UNKNOWN STEP	2026-10-03T15:03:52.2584402Z Preparing to unpack .../027-libshine3_3.1.1-2build1_amd64.deb ...
verify / web	UNKNOWN STEP	2026-10-03T15:03:52.2596074Z Unpacking libshine3:amd64 (3.1.1-2build1) ...
verify / web	UNKNOWN STEP	2026-10-03T15:03:52.2756278Z Selecting previously unselected package libspeex1:amd64.
verify / web	UNKNOWN STEP	2026-10-03T15:03:52.2876982Z Preparing to unpack .../028-libspeex1_1.2.1-2ubuntu2.24.04.1_amd64.deb ...
verify / web	UNKNOWN STEP	2026-10-03T15:03:52.2888233Z Unpacking libspeex1:amd64 (1.2.1-2ubuntu2.24.04.1) ...
verify / web	UNKNOWN STEP	2026-10-03T15:03:52.3050076Z Selecting previously unselected package libsvtav1enc1d1:amd64.
verify / web	UNKNOWN STEP	2026-10-03T15:03:52.3170408Z Preparing to unpack .../029-libsvtav1enc1d1_1.7.0+dfsg-2build1_amd64.deb ...
verify / web	UNKNOWN STEP	2026-10-03T15:03:52.3180180Z Unpacking libsvtav1enc1d1:amd64 (1.7.0+dfsg-2build1) ...
verify / web	UNKNOWN STEP	2026-10-03T15:03:52.3969260Z Selecting previously unselected package libsoxr0:amd64.
verify / web	UNKNOWN STEP	2026-10-03T15:03:52.4089377Z Preparing to unpack .../030-libsoxr0_0.1.3-4build3_amd64.deb ...
verify / web	UNKNOWN STEP	2026-10-03T15:03:52.4099419Z Unpacking libsoxr0:amd64 (0.1.3-4build3) ...
verify / web	UNKNOWN STEP	2026-10-03T15:03:52.4273492Z Selecting previously unselected package libswresample4:amd64.
verify / web	UNKNOWN STEP	2026-10-03T15:03:52.4394351Z Preparing to unpack .../031-libswresample4_7%3a6.1.1-3ubuntu5_amd64.deb ...
verify / web	UNKNOWN STEP	2026-10-03T15:03:52.4403885Z Unpacking libswresample4:amd64 (7:6.1.1-3ubuntu5) ...
verify / web	UNKNOWN STEP	2026-10-03T15:03:52.4576944Z Selecting previously unselected package libtheora0:amd64.
verify / web	UNKNOWN STEP	2026-10-03T15:03:52.4697688Z Preparing to unpack .../032-libtheora0_1.1.1+dfsg.1-16.1build3_amd64.deb ...
verify / web	UNKNOWN STEP	2026-10-03T15:03:52.4705373Z Unpacking libtheora0:amd64 (1.1.1+dfsg.1-16.1build3) ...
verify / web	UNKNOWN STEP	2026-10-03T15:03:52.4920343Z Selecting previously unselected package libtwolame0:amd64.
verify / web	UNKNOWN STEP	2026-10-03T15:03:52.5038672Z Preparing to unpack .../033-libtwolame0_0.4.0-2build3_amd64.deb ...
verify / web	UNKNOWN STEP	2026-10-03T15:03:52.5046639Z Unpacking libtwolame0:amd64 (0.4.0-2build3) ...
verify / web	UNKNOWN STEP	2026-10-03T15:03:52.5216380Z Selecting previously unselected package libvorbisenc2:amd64.
verify / web	UNKNOWN STEP	2026-10-03T15:03:52.5336200Z Preparing to unpack .../034-libvorbisenc2_1.3.7-1build3_amd64.deb ...
verify / web	UNKNOWN STEP	2026-10-03T15:03:52.5343770Z Unpacking libvorbisenc2:amd64 (1.3.7-1build3) ...
verify / web	UNKNOWN STEP	2026-10-03T15:03:52.5548867Z Selecting previously unselected package libvpx9:amd64.
verify / web	UNKNOWN STEP	2026-10-03T15:03:52.5667447Z Preparing to unpack .../035-libvpx9_1.14.0-1ubuntu2.3_amd64.deb ...
verify / web	UNKNOWN STEP	2026-10-03T15:03:52.5678425Z Unpacking libvpx9:amd64 (1.14.0-1ubuntu2.3) ...
verify / web	UNKNOWN STEP	2026-10-03T15:03:52.6127847Z Selecting previously unselected package libx264-164:amd64.
verify / web	UNKNOWN STEP	2026-10-03T15:03:52.6248416Z Preparing to unpack .../036-libx264-164_2%3a0.164.3108+git31e19f9-1_amd64.deb ...
verify / web	UNKNOWN STEP	2026-10-03T15:03:52.6255981Z Unpacking libx264-164:amd64 (2:0.164.3108+git31e19f9-1) ...
verify / web	UNKNOWN STEP	2026-10-03T15:03:52.6580545Z Selecting previously unselected package libx265-199:amd64.
verify / web	UNKNOWN STEP	2026-10-03T15:03:52.6699962Z Preparing to unpack .../037-libx265-199_3.5-2build1_amd64.deb ...
verify / web	UNKNOWN STEP	2026-10-03T15:03:52.6707543Z Unpacking libx265-199:amd64 (3.5-2build1) ...
verify / web	UNKNOWN STEP	2026-10-03T15:03:52.8116402Z Selecting previously unselected package libxvidcore4:amd64.
verify / web	UNKNOWN STEP	2026-10-03T15:03:52.8237943Z Preparing to unpack .../038-libxvidcore4_2%3a1.3.7-1build1_amd64.deb ...
verify / web	UNKNOWN STEP	2026-10-03T15:03:52.8248909Z Unpacking libxvidcore4:amd64 (2:1.3.7-1build1) ...
verify / web	UNKNOWN STEP	2026-10-03T15:03:52.8455875Z Selecting previously unselected package libzvbi-common.
verify / web	UNKNOWN STEP	2026-10-03T15:03:52.8577814Z Preparing to unpack .../039-libzvbi-common_0.2.42-2_all.deb ...
verify / web	UNKNOWN STEP	2026-10-03T15:03:52.8586966Z Unpacking libzvbi-common (0.2.42-2) ...
verify / web	UNKNOWN STEP	2026-10-03T15:03:52.9324918Z Selecting previously unselected package libzvbi0t64:amd64.
verify / web	UNKNOWN STEP	2026-10-03T15:03:52.9444224Z Preparing to unpack .../040-libzvbi0t64_0.2.42-2_amd64.deb ...
verify / web	UNKNOWN STEP	2026-10-03T15:03:52.9453627Z Unpacking libzvbi0t64:amd64 (0.2.42-2) ...
verify / web	UNKNOWN STEP	2026-10-03T15:03:52.9673059Z Selecting previously unselected package libavcodec60:amd64.
verify / web	UNKNOWN STEP	2026-10-03T15:03:52.9793396Z Preparing to unpack .../041-libavcodec60_7%3a6.1.1-3ubuntu5_amd64.deb ...
verify / web	UNKNOWN STEP	2026-10-03T15:03:52.9803357Z Unpacking libavcodec60:amd64 (7:6.1.1-3ubuntu5) ...
verify / web	UNKNOWN STEP	2026-10-03T15:03:53.1472794Z Selecting previously unselected package libunibreak5:amd64.
verify / web	UNKNOWN STEP	2026-10-03T15:03:53.1594169Z Preparing to unpack .../042-libunibreak5_5.1-2build1_amd64.deb ...
verify / web	UNKNOWN STEP	2026-10-03T15:03:53.1605326Z Unpacking libunibreak5:amd64 (5.1-2build1) ...
verify / web	UNKNOWN STEP	2026-10-03T15:03:53.1786134Z Selecting previously unselected package libass9:amd64.
verify / web	UNKNOWN STEP	2026-10-03T15:03:53.1907911Z Preparing to unpack .../043-libass9_1%3a0.17.1-2build1_amd64.deb ...
verify / web	UNKNOWN STEP	2026-10-03T15:03:53.1919440Z Unpacking libass9:amd64 (1:0.17.1-2build1) ...
verify / web	UNKNOWN STEP	2026-10-03T15:03:53.2097898Z Selecting previously unselected package libudfread0:amd64.
verify / web	UNKNOWN STEP	2026-10-03T15:03:53.2217358Z Preparing to unpack .../044-libudfread0_1.1.2-1build1_amd64.deb ...
verify / web	UNKNOWN STEP	2026-10-03T15:03:53.2224996Z Unpacking libudfread0:amd64 (1.1.2-1build1) ...
verify / web	UNKNOWN STEP	2026-10-03T15:03:53.2388238Z Selecting previously unselected package libbluray2:amd64.
verify / web	UNKNOWN STEP	2026-10-03T15:03:53.2506523Z Preparing to unpack .../045-libbluray2_1%3a1.3.4-1build1_amd64.deb ...
verify / web	UNKNOWN STEP	2026-10-03T15:03:53.2515072Z Unpacking libbluray2:amd64 (1:1.3.4-1build1) ...
verify / web	UNKNOWN STEP	2026-10-03T15:03:53.2706508Z Selecting previously unselected package libchromaprint1:amd64.
verify / web	UNKNOWN STEP	2026-10-03T15:03:53.2825663Z Preparing to unpack .../046-libchromaprint1_1.5.1-5_amd64.deb ...
verify / web	UNKNOWN STEP	2026-10-03T15:03:53.2833932Z Unpacking libchromaprint1:amd64 (1.5.1-5) ...
verify / web	UNKNOWN STEP	2026-10-03T15:03:53.3000403Z Selecting previously unselected package libgme0:amd64.
verify / web	UNKNOWN STEP	2026-10-03T15:03:53.3119236Z Preparing to unpack .../047-libgme0_0.6.3-7build1_amd64.deb ...
verify / web	UNKNOWN STEP	2026-10-03T15:03:53.3127581Z Unpacking libgme0:amd64 (0.6.3-7build1) ...
verify / web	UNKNOWN STEP	2026-10-03T15:03:53.3313210Z Selecting previously unselected package libmpg123-0t64:amd64.
verify / web	UNKNOWN STEP	2026-10-03T15:03:53.3432107Z Preparing to unpack .../048-libmpg123-0t64_1.32.5-1ubuntu1.1_amd64.deb ...
verify / web	UNKNOWN STEP	2026-10-03T15:03:53.3440648Z Unpacking libmpg123-0t64:amd64 (1.32.5-1ubuntu1.1) ...
verify / web	UNKNOWN STEP	2026-10-03T15:03:53.3627975Z Selecting previously unselected package libopenmpt0t64:amd64.
verify / web	UNKNOWN STEP	2026-10-03T15:03:53.3745391Z Preparing to unpack .../049-libopenmpt0t64_0.7.3-1.1build3_amd64.deb ...
verify / web	UNKNOWN STEP	2026-10-03T15:03:53.3753623Z Unpacking libopenmpt0t64:amd64 (0.7.3-1.1build3) ...
verify / web	UNKNOWN STEP	2026-10-03T15:03:53.4042730Z Selecting previously unselected package libcjson1:amd64.
verify / web	UNKNOWN STEP	2026-10-03T15:03:53.4159551Z Preparing to unpack .../050-libcjson1_1.7.17-1_amd64.deb ...
verify / web	UNKNOWN STEP	2026-10-03T15:03:53.4167920Z Unpacking libcjson1:amd64 (1.7.17-1) ...
verify / web	UNKNOWN STEP	2026-10-03T15:03:53.4331533Z Selecting previously unselected package libmbedcrypto7t64:amd64.
verify / web	UNKNOWN STEP	2026-10-03T15:03:53.4448881Z Preparing to unpack .../051-libmbedcrypto7t64_2.28.8-1_amd64.deb ...
verify / web	UNKNOWN STEP	2026-10-03T15:03:53.4457707Z Unpacking libmbedcrypto7t64:amd64 (2.28.8-1) ...
verify / web	UNKNOWN STEP	2026-10-03T15:03:53.4659453Z Selecting previously unselected package librist4:amd64.
verify / web	UNKNOWN STEP	2026-10-03T15:03:53.4775557Z Preparing to unpack .../052-librist4_0.2.10+dfsg-2_amd64.deb ...
verify / web	UNKNOWN STEP	2026-10-03T15:03:53.4785817Z Unpacking librist4:amd64 (0.2.10+dfsg-2) ...
verify / web	UNKNOWN STEP	2026-10-03T15:03:53.4952347Z Selecting previously unselected package libsrt1.5-gnutls:amd64.
verify / web	UNKNOWN STEP	2026-10-03T15:03:53.5067580Z Preparing to unpack .../053-libsrt1.5-gnutls_1.5.3-1build2_amd64.deb ...
verify / web	UNKNOWN STEP	2026-10-03T15:03:53.5078041Z Unpacking libsrt1.5-gnutls:amd64 (1.5.3-1build2) ...
verify / web	UNKNOWN STEP	2026-10-03T15:03:53.8064181Z Selecting previously unselected package libssh-gcrypt-4:amd64.
verify / web	UNKNOWN STEP	2026-10-03T15:03:53.8183965Z Preparing to unpack .../054-libssh-gcrypt-4_0.10.6-2ubuntu0.5_amd64.deb ...
verify / web	UNKNOWN STEP	2026-10-03T15:03:53.8193831Z Unpacking libssh-gcrypt-4:amd64 (0.10.6-2ubuntu0.5) ...
verify / web	UNKNOWN STEP	2026-10-03T15:03:53.8427332Z Selecting previously unselected package libavformat60:amd64.
verify / web	UNKNOWN STEP	2026-10-03T15:03:53.8549994Z Preparing to unpack .../055-libavformat60_7%3a6.1.1-3ubuntu5_amd64.deb ...
verify / web	UNKNOWN STEP	2026-10-03T15:03:53.8560369Z Unpacking libavformat60:amd64 (7:6.1.1-3ubuntu5) ...
verify / web	UNKNOWN STEP	2026-10-03T15:03:53.8975171Z Selecting previously unselected package libbs2b0:amd64.
verify / web	UNKNOWN STEP	2026-10-03T15:03:53.9098104Z Preparing to unpack .../056-libbs2b0_3.1.0+dfsg-7build1_amd64.deb ...
verify / web	UNKNOWN STEP	2026-10-03T15:03:53.9107868Z Unpacking libbs2b0:amd64 (3.1.0+dfsg-7build1) ...
verify / web	UNKNOWN STEP	2026-10-03T15:03:53.9355688Z Selecting previously unselected package libflite1:amd64.
verify / web	UNKNOWN STEP	2026-10-03T15:03:53.9479479Z Preparing to unpack .../057-libflite1_2.2-6build3_amd64.deb ...
verify / web	UNKNOWN STEP	2026-10-03T15:03:53.9490740Z Unpacking libflite1:amd64 (2.2-6build3) ...
verify / web	UNKNOWN STEP	2026-10-03T15:03:54.1219616Z Selecting previously unselected package libserd-0-0:amd64.
verify / web	UNKNOWN STEP	2026-10-03T15:03:54.1340602Z Preparing to unpack .../058-libserd-0-0_0.32.2-1_amd64.deb ...
verify / web	UNKNOWN STEP	2026-10-03T15:03:54.1350540Z Unpacking libserd-0-0:amd64 (0.32.2-1) ...
verify / web	UNKNOWN STEP	2026-10-03T15:03:54.1517303Z Selecting previously unselected package libzix-0-0:amd64.
verify / web	UNKNOWN STEP	2026-10-03T15:03:54.1637085Z Preparing to unpack .../059-libzix-0-0_0.4.2-2build1_amd64.deb ...
verify / web	UNKNOWN STEP	2026-10-03T15:03:54.1647779Z Unpacking libzix-0-0:amd64 (0.4.2-2build1) ...
verify / web	UNKNOWN STEP	2026-10-03T15:03:54.1811174Z Selecting previously unselected package libsord-0-0:amd64.
verify / web	UNKNOWN STEP	2026-10-03T15:03:54.1926002Z Preparing to unpack .../060-libsord-0-0_0.16.16-2build1_amd64.deb ...
verify / web	UNKNOWN STEP	2026-10-03T15:03:54.1936566Z Unpacking libsord-0-0:amd64 (0.16.16-2build1) ...
verify / web	UNKNOWN STEP	2026-10-03T15:03:54.2097605Z Selecting previously unselected package libsratom-0-0:amd64.
verify / web	UNKNOWN STEP	2026-10-03T15:03:54.2211159Z Preparing to unpack .../061-libsratom-0-0_0.6.16-1build1_amd64.deb ...
verify / web	UNKNOWN STEP	2026-10-03T15:03:54.2221351Z Unpacking libsratom-0-0:amd64 (0.6.16-1build1) ...
verify / web	UNKNOWN STEP	2026-10-03T15:03:54.2381017Z Selecting previously unselected package liblilv-0-0:amd64.
verify / web	UNKNOWN STEP	2026-10-03T15:03:54.2494561Z Preparing to unpack .../062-liblilv-0-0_0.24.22-1build1_amd64.deb ...
verify / web	UNKNOWN STEP	2026-10-03T15:03:54.2502466Z Unpacking liblilv-0-0:amd64 (0.24.22-1build1) ...
verify / web	UNKNOWN STEP	2026-10-03T15:03:54.2667223Z Selecting previously unselected package libmysofa1:amd64.
verify / web	UNKNOWN STEP	2026-10-03T15:03:54.2779177Z Preparing to unpack .../063-libmysofa1_1.3.2+dfsg-2ubuntu2_amd64.deb ...
verify / web	UNKNOWN STEP	2026-10-03T15:03:54.2787653Z Unpacking libmysofa1:amd64 (1.3.2+dfsg-2ubuntu2) ...
verify / web	UNKNOWN STEP	2026-10-03T15:03:54.3042206Z Selecting previously unselected package libplacebo338:amd64.
verify / web	UNKNOWN STEP	2026-10-03T15:03:54.3153334Z Preparing to unpack .../064-libplacebo338_6.338.2-2build1_amd64.deb ...
verify / web	UNKNOWN STEP	2026-10-03T15:03:54.3160716Z Unpacking libplacebo338:amd64 (6.338.2-2build1) ...
verify / web	UNKNOWN STEP	2026-10-03T15:03:54.4100191Z Selecting previously unselected package libblas3:amd64.
verify / web	UNKNOWN STEP	2026-10-03T15:03:54.4218500Z Preparing to unpack .../065-libblas3_3.12.0-3build1.1_amd64.deb ...
verify / web	UNKNOWN STEP	2026-10-03T15:03:54.4244702Z Unpacking libblas3:amd64 (3.12.0-3build1.1) ...
verify / web	UNKNOWN STEP	2026-10-03T15:03:54.4470558Z Selecting previously unselected package liblapack3:amd64.
verify / web	UNKNOWN STEP	2026-10-03T15:03:54.4588691Z Preparing to unpack .../066-liblapack3_3.12.0-3build1.1_amd64.deb ...
verify / web	UNKNOWN STEP	2026-10-03T15:03:54.4613100Z Unpacking liblapack3:amd64 (3.12.0-3build1.1) ...
verify / web	UNKNOWN STEP	2026-10-03T15:03:54.5408427Z Selecting previously unselected package libasyncns0:amd64.
verify / web	UNKNOWN STEP	2026-10-03T15:03:54.5529070Z Preparing to unpack .../067-libasyncns0_0.8-6build4_amd64.deb ...
verify / web	UNKNOWN STEP	2026-10-03T15:03:54.5538149Z Unpacking libasyncns0:amd64 (0.8-6build4) ...
verify / web	UNKNOWN STEP	2026-10-03T15:03:54.5703799Z Selecting previously unselected package libflac12t64:amd64.
verify / web	UNKNOWN STEP	2026-10-03T15:03:54.5822568Z Preparing to unpack .../068-libflac12t64_1.4.3+ds-2.1ubuntu2_amd64.deb ...
verify / web	UNKNOWN STEP	2026-10-03T15:03:54.5833926Z Unpacking libflac12t64:amd64 (1.4.3+ds-2.1ubuntu2) ...
verify / web	UNKNOWN STEP	2026-10-03T15:03:54.6030542Z Selecting previously unselected package libsndfile1:amd64.
verify / web	UNKNOWN STEP	2026-10-03T15:03:54.6146744Z Preparing to unpack .../069-libsndfile1_1.2.2-1ubuntu5.24.04.1_amd64.deb ...
verify / web	UNKNOWN STEP	2026-10-03T15:03:54.6154565Z Unpacking libsndfile1:amd64 (1.2.2-1ubuntu5.24.04.1) ...
verify / web	UNKNOWN STEP	2026-10-03T15:03:54.6370507Z Selecting previously unselected package libpulse0:amd64.
verify / web	UNKNOWN STEP	2026-10-03T15:03:54.6485328Z Preparing to unpack .../070-libpulse0_1%3a16.1+dfsg1-2ubuntu10.1_amd64.deb ...
verify / web	UNKNOWN STEP	2026-10-03T15:03:54.6536428Z Unpacking libpulse0:amd64 (1:16.1+dfsg1-2ubuntu10.1) ...
verify / web	UNKNOWN STEP	2026-10-03T15:03:54.6750870Z Selecting previously unselected package libsphinxbase3t64:amd64.
verify / web	UNKNOWN STEP	2026-10-03T15:03:54.6864657Z Preparing to unpack .../071-libsphinxbase3t64_0.8+5prealpha+1-17build2_amd64.deb ...
verify / web	UNKNOWN STEP	2026-10-03T15:03:54.6872811Z Unpacking libsphinxbase3t64:amd64 (0.8+5prealpha+1-17build2) ...
verify / web	UNKNOWN STEP	2026-10-03T15:03:54.7044169Z Selecting previously unselected package libpocketsphinx3:amd64.
verify / web	UNKNOWN STEP	2026-10-03T15:03:54.7156925Z Preparing to unpack .../072-libpocketsphinx3_0.8.0+real5prealpha+1-15ubuntu5_amd64.deb ...
verify / web	UNKNOWN STEP	2026-10-03T15:03:54.7164883Z Unpacking libpocketsphinx3:amd64 (0.8.0+real5prealpha+1-15ubuntu5) ...
verify / web	UNKNOWN STEP	2026-10-03T15:03:54.7340333Z Selecting previously unselected package libpostproc57:amd64.
verify / web	UNKNOWN STEP	2026-10-03T15:03:54.7453958Z Preparing to unpack .../073-libpostproc57_7%3a6.1.1-3ubuntu5_amd64.deb ...
verify / web	UNKNOWN STEP	2026-10-03T15:03:54.7462060Z Unpacking libpostproc57:amd64 (7:6.1.1-3ubuntu5) ...
verify / web	UNKNOWN STEP	2026-10-03T15:03:54.7626696Z Selecting previously unselected package libsamplerate0:amd64.
verify / web	UNKNOWN STEP	2026-10-03T15:03:54.7741008Z Preparing to unpack .../074-libsamplerate0_0.2.2-4build1_amd64.deb ...
verify / web	UNKNOWN STEP	2026-10-03T15:03:54.7748584Z Unpacking libsamplerate0:amd64 (0.2.2-4build1) ...
verify / web	UNKNOWN STEP	2026-10-03T15:03:54.8033245Z Selecting previously unselected package librubberband2:amd64.
verify / web	UNKNOWN STEP	2026-10-03T15:03:54.8151692Z Preparing to unpack .../075-librubberband2_3.3.0+dfsg-2build1_amd64.deb ...
verify / web	UNKNOWN STEP	2026-10-03T15:03:54.8159497Z Unpacking librubberband2:amd64 (3.3.0+dfsg-2build1) ...
verify / web	UNKNOWN STEP	2026-10-03T15:03:54.8344056Z Selecting previously unselected package libswscale7:amd64.
verify / web	UNKNOWN STEP	2026-10-03T15:03:54.8461693Z Preparing to unpack .../076-libswscale7_7%3a6.1.1-3ubuntu5_amd64.deb ...
verify / web	UNKNOWN STEP	2026-10-03T15:03:54.8469625Z Unpacking libswscale7:amd64 (7:6.1.1-3ubuntu5) ...
verify / web	UNKNOWN STEP	2026-10-03T15:03:54.8675884Z Selecting previously unselected package libvidstab1.1:amd64.
verify / web	UNKNOWN STEP	2026-10-03T15:03:54.8793522Z Preparing to unpack .../077-libvidstab1.1_1.1.0-2build1_amd64.deb ...
verify / web	UNKNOWN STEP	2026-10-03T15:03:54.8801583Z Unpacking libvidstab1.1:amd64 (1.1.0-2build1) ...
verify / web	UNKNOWN STEP	2026-10-03T15:03:54.9119343Z Selecting previously unselected package libzimg2:amd64.
verify / web	UNKNOWN STEP	2026-10-03T15:03:54.9237400Z Preparing to unpack .../078-libzimg2_3.0.5+ds1-1build1_amd64.deb ...
verify / web	UNKNOWN STEP	2026-10-03T15:03:54.9245370Z Unpacking libzimg2:amd64 (3.0.5+ds1-1build1) ...
verify / web	UNKNOWN STEP	2026-10-03T15:03:54.9486629Z Selecting previously unselected package libavfilter9:amd64.
verify / web	UNKNOWN STEP	2026-10-03T15:03:54.9606073Z Preparing to unpack .../079-libavfilter9_7%3a6.1.1-3ubuntu5_amd64.deb ...
verify / web	UNKNOWN STEP	2026-10-03T15:03:54.9616993Z Unpacking libavfilter9:amd64 (7:6.1.1-3ubuntu5) ...
verify / web	UNKNOWN STEP	2026-10-03T15:03:55.0996983Z Selecting previously unselected package liborc-0.4-0t64:amd64.
verify / web	UNKNOWN STEP	2026-10-03T15:03:55.1119388Z Preparing to unpack .../080-liborc-0.4-0t64_1%3a0.4.38-1ubuntu0.1_amd64.deb ...
verify / web	UNKNOWN STEP	2026-10-03T15:03:55.1129931Z Unpacking liborc-0.4-0t64:amd64 (1:0.4.38-1ubuntu0.1) ...
verify / web	UNKNOWN STEP	2026-10-03T15:03:55.1491777Z Selecting previously unselected package libgstreamer-plugins-base1.0-0:amd64.
verify / web	UNKNOWN STEP	2026-10-03T15:03:55.1612829Z Preparing to unpack .../081-libgstreamer-plugins-base1.0-0_1.24.2-1ubuntu0.5_amd64.deb ...
verify / web	UNKNOWN STEP	2026-10-03T15:03:55.1623949Z Unpacking libgstreamer-plugins-base1.0-0:amd64 (1.24.2-1ubuntu0.5) ...
verify / web	UNKNOWN STEP	2026-10-03T15:03:55.2382713Z Selecting previously unselected package gstreamer1.0-libav:amd64.
verify / web	UNKNOWN STEP	2026-10-03T15:03:55.2505021Z Preparing to unpack .../082-gstreamer1.0-libav_1.24.1-1build1_amd64.deb ...
verify / web	UNKNOWN STEP	2026-10-03T15:03:55.2513307Z Unpacking gstreamer1.0-libav:amd64 (1.24.1-1build1) ...
verify / web	UNKNOWN STEP	2026-10-03T15:03:55.2693888Z Selecting previously unselected package libcdparanoia0:amd64.
verify / web	UNKNOWN STEP	2026-10-03T15:03:55.2814511Z Preparing to unpack .../083-libcdparanoia0_3.10.2+debian-14build3_amd64.deb ...
verify / web	UNKNOWN STEP	2026-10-03T15:03:55.2822400Z Unpacking libcdparanoia0:amd64 (3.10.2+debian-14build3) ...
verify / web	UNKNOWN STEP	2026-10-03T15:03:55.2999233Z Selecting previously unselected package libvisual-0.4-0:amd64.
verify / web	UNKNOWN STEP	2026-10-03T15:03:55.3114040Z Preparing to unpack .../084-libvisual-0.4-0_0.4.2-2build1_amd64.deb ...
verify / web	UNKNOWN STEP	2026-10-03T15:03:55.3129994Z Unpacking libvisual-0.4-0:amd64 (0.4.2-2build1) ...
verify / web	UNKNOWN STEP	2026-10-03T15:03:55.3299160Z Selecting previously unselected package gstreamer1.0-plugins-base:amd64.
verify / web	UNKNOWN STEP	2026-10-03T15:03:55.3409824Z Preparing to unpack .../085-gstreamer1.0-plugins-base_1.24.2-1ubuntu0.5_amd64.deb ...
verify / web	UNKNOWN STEP	2026-10-03T15:03:55.3423704Z Unpacking gstreamer1.0-plugins-base:amd64 (1.24.2-1ubuntu0.5) ...
verify / web	UNKNOWN STEP	2026-10-03T15:03:55.3775782Z Selecting previously unselected package libaa1:amd64.
verify / web	UNKNOWN STEP	2026-10-03T15:03:55.3890961Z Preparing to unpack .../086-libaa1_1.4p5-51.1_amd64.deb ...
verify / web	UNKNOWN STEP	2026-10-03T15:03:55.3898468Z Unpacking libaa1:amd64 (1.4p5-51.1) ...
verify / web	UNKNOWN STEP	2026-10-03T15:03:55.4072468Z Selecting previously unselected package libraw1394-11:amd64.
verify / web	UNKNOWN STEP	2026-10-03T15:03:55.4187645Z Preparing to unpack .../087-libraw1394-11_2.1.2-2build3_amd64.deb ...
verify / web	UNKNOWN STEP	2026-10-03T15:03:55.4198385Z Unpacking libraw1394-11:amd64 (2.1.2-2build3) ...
verify / web	UNKNOWN STEP	2026-10-03T15:03:55.4375932Z Selecting previously unselected package libavc1394-0:amd64.
verify / web	UNKNOWN STEP	2026-10-03T15:03:55.4490356Z Preparing to unpack .../088-libavc1394-0_0.5.4-5build3_amd64.deb ...
verify / web	UNKNOWN STEP	2026-10-03T15:03:55.4497877Z Unpacking libavc1394-0:amd64 (0.5.4-5build3) ...
verify / web	UNKNOWN STEP	2026-10-03T15:03:55.4660577Z Selecting previously unselected package libcaca0:amd64.
verify / web	UNKNOWN STEP	2026-10-03T15:03:55.4774872Z Preparing to unpack .../089-libcaca0_0.99.beta20-4ubuntu0.2_amd64.deb ...
verify / web	UNKNOWN STEP	2026-10-03T15:03:55.4782914Z Unpacking libcaca0:amd64 (0.99.beta20-4ubuntu0.2) ...
verify / web	UNKNOWN STEP	2026-10-03T15:03:55.5014874Z Selecting previously unselected package libdv4t64:amd64.
verify / web	UNKNOWN STEP	2026-10-03T15:03:55.5128359Z Preparing to unpack .../090-libdv4t64_1.0.0-17.1build1_amd64.deb ...
verify / web	UNKNOWN STEP	2026-10-03T15:03:55.5138986Z Unpacking libdv4t64:amd64 (1.0.0-17.1build1) ...
verify / web	UNKNOWN STEP	2026-10-03T15:03:55.5321394Z Selecting previously unselected package libgstreamer-plugins-good1.0-0:amd64.
verify / web	UNKNOWN STEP	2026-10-03T15:03:55.5433262Z Preparing to unpack .../091-libgstreamer-plugins-good1.0-0_1.24.2-1ubuntu1.8_amd64.deb ...
verify / web	UNKNOWN STEP	2026-10-03T15:03:55.5440937Z Unpacking libgstreamer-plugins-good1.0-0:amd64 (1.24.2-1ubuntu1.8) ...
verify / web	UNKNOWN STEP	2026-10-03T15:03:55.5621518Z Selecting previously unselected package libiec61883-0:amd64.
verify / web	UNKNOWN STEP	2026-10-03T15:03:55.5732650Z Preparing to unpack .../092-libiec61883-0_1.2.0-6build1_amd64.deb ...
verify / web	UNKNOWN STEP	2026-10-03T15:03:55.5740694Z Unpacking libiec61883-0:amd64 (1.2.0-6build1) ...
verify / web	UNKNOWN STEP	2026-10-03T15:03:55.5909208Z Selecting previously unselected package libshout3:amd64.
verify / web	UNKNOWN STEP	2026-10-03T15:03:55.6020796Z Preparing to unpack .../093-libshout3_2.4.6-1build2_amd64.deb ...
verify / web	UNKNOWN STEP	2026-10-03T15:03:55.6032174Z Unpacking libshout3:amd64 (2.4.6-1build2) ...
verify / web	UNKNOWN STEP	2026-10-03T15:03:55.6221849Z Selecting previously unselected package libtag1v5-vanilla:amd64.
verify / web	UNKNOWN STEP	2026-10-03T15:03:55.6334158Z Preparing to unpack .../094-libtag1v5-vanilla_1.13.1-1build1_amd64.deb ...
verify / web	UNKNOWN STEP	2026-10-03T15:03:55.6349757Z Unpacking libtag1v5-vanilla:amd64 (1.13.1-1build1) ...
verify / web	UNKNOWN STEP	2026-10-03T15:03:55.6583039Z Selecting previously unselected package libtag1v5:amd64.
verify / web	UNKNOWN STEP	2026-10-03T15:03:55.6696742Z Preparing to unpack .../095-libtag1v5_1.13.1-1build1_amd64.deb ...
verify / web	UNKNOWN STEP	2026-10-03T15:03:55.6711680Z Unpacking libtag1v5:amd64 (1.13.1-1build1) ...
verify / web	UNKNOWN STEP	2026-10-03T15:03:55.6869391Z Selecting previously unselected package libv4lconvert0t64:amd64.
verify / web	UNKNOWN STEP	2026-10-03T15:03:55.6983442Z Preparing to unpack .../096-libv4lconvert0t64_1.26.1-4build3_amd64.deb ...
verify / web	UNKNOWN STEP	2026-10-03T15:03:55.6994292Z Unpacking libv4lconvert0t64:amd64 (1.26.1-4build3) ...
verify / web	UNKNOWN STEP	2026-10-03T15:03:55.7181399Z Selecting previously unselected package libv4l-0t64:amd64.
verify / web	UNKNOWN STEP	2026-10-03T15:03:55.7296044Z Preparing to unpack .../097-libv4l-0t64_1.26.1-4build3_amd64.deb ...
verify / web	UNKNOWN STEP	2026-10-03T15:03:55.7309240Z Unpacking libv4l-0t64:amd64 (1.26.1-4build3) ...
verify / web	UNKNOWN STEP	2026-10-03T15:03:55.7494896Z Selecting previously unselected package libwavpack1:amd64.
verify / web	UNKNOWN STEP	2026-10-03T15:03:55.7608870Z Preparing to unpack .../098-libwavpack1_5.6.0-1build1_amd64.deb ...
verify / web	UNKNOWN STEP	2026-10-03T15:03:55.7618088Z Unpacking libwavpack1:amd64 (5.6.0-1build1) ...
verify / web	UNKNOWN STEP	2026-10-03T15:03:55.7779280Z Selecting previously unselected package libsoup-3.0-common.
verify / web	UNKNOWN STEP	2026-10-03T15:03:55.7891709Z Preparing to unpack .../099-libsoup-3.0-common_3.4.4-5ubuntu0.8_all.deb ...
verify / web	UNKNOWN STEP	2026-10-03T15:03:55.7900248Z Unpacking libsoup-3.0-common (3.4.4-5ubuntu0.8) ...
verify / web	UNKNOWN STEP	2026-10-03T15:03:55.8069186Z Selecting previously unselected package libsoup-3.0-0:amd64.
verify / web	UNKNOWN STEP	2026-10-03T15:03:55.8180959Z Preparing to unpack .../100-libsoup-3.0-0_3.4.4-5ubuntu0.8_amd64.deb ...
verify / web	UNKNOWN STEP	2026-10-03T15:03:55.8192309Z Unpacking libsoup-3.0-0:amd64 (3.4.4-5ubuntu0.8) ...
verify / web	UNKNOWN STEP	2026-10-03T15:03:55.8416835Z Selecting previously unselected package gstreamer1.0-plugins-good:amd64.
verify / web	UNKNOWN STEP	2026-10-03T15:03:55.8530745Z Preparing to unpack .../101-gstreamer1.0-plugins-good_1.24.2-1ubuntu1.8_amd64.deb ...
verify / web	UNKNOWN STEP	2026-10-03T15:03:55.8539052Z Unpacking gstreamer1.0-plugins-good:amd64 (1.24.2-1ubuntu1.8) ...
verify / web	UNKNOWN STEP	2026-10-03T15:03:55.9292047Z Selecting previously unselected package libabsl20220623t64:amd64.
verify / web	UNKNOWN STEP	2026-10-03T15:03:55.9413713Z Preparing to unpack .../102-libabsl20220623t64_20220623.1-3.1ubuntu3.2_amd64.deb ...
verify / web	UNKNOWN STEP	2026-10-03T15:03:55.9425189Z Unpacking libabsl20220623t64:amd64 (20220623.1-3.1ubuntu3.2) ...
verify / web	UNKNOWN STEP	2026-10-03T15:03:55.9854334Z Selecting previously unselected package libgav1-1:amd64.
verify / web	UNKNOWN STEP	2026-10-03T15:03:55.9975807Z Preparing to unpack .../103-libgav1-1_0.18.0-1build3_amd64.deb ...
verify / web	UNKNOWN STEP	2026-10-03T15:03:55.9987190Z Unpacking libgav1-1:amd64 (0.18.0-1build3) ...
verify / web	UNKNOWN STEP	2026-10-03T15:03:56.0234174Z Selecting previously unselected package libyuv0:amd64.
verify / web	UNKNOWN STEP	2026-10-03T15:03:56.0350660Z Preparing to unpack .../104-libyuv0_0.0~git202401110.af6ac82-1_amd64.deb ...
verify / web	UNKNOWN STEP	2026-10-03T15:03:56.0361702Z Unpacking libyuv0:amd64 (0.0~git202401110.af6ac82-1) ...
verify / web	UNKNOWN STEP	2026-10-03T15:03:56.0573680Z Selecting previously unselected package libavif16:amd64.
verify / web	UNKNOWN STEP	2026-10-03T15:03:56.0692954Z Preparing to unpack .../105-libavif16_1.0.4-1ubuntu3_amd64.deb ...
verify / web	UNKNOWN STEP	2026-10-03T15:03:56.0711573Z Unpacking libavif16:amd64 (1.0.4-1ubuntu3) ...
verify / web	UNKNOWN STEP	2026-10-03T15:03:56.0884593Z Selecting previously unselected package libavtp0:amd64.
verify / web	UNKNOWN STEP	2026-10-03T15:03:56.1002749Z Preparing to unpack .../106-libavtp0_0.2.0-1build1_amd64.deb ...
verify / web	UNKNOWN STEP	2026-10-03T15:03:56.1017332Z Unpacking libavtp0:amd64 (0.2.0-1build1) ...
verify / web	UNKNOWN STEP	2026-10-03T15:03:56.1178021Z Selecting previously unselected package libcairo-script-interpreter2:amd64.
verify / web	UNKNOWN STEP	2026-10-03T15:03:56.1295040Z Preparing to unpack .../107-libcairo-script-interpreter2_1.18.0-3build1_amd64.deb ...
verify / web	UNKNOWN STEP	2026-10-03T15:03:56.1302894Z Unpacking libcairo-script-interpreter2:amd64 (1.18.0-3build1) ...
verify / web	UNKNOWN STEP	2026-10-03T15:03:56.1479144Z Selecting previously unselected package libdc1394-25:amd64.
verify / web	UNKNOWN STEP	2026-10-03T15:03:56.1597197Z Preparing to unpack .../108-libdc1394-25_2.2.6-4build1_amd64.deb ...
verify / web	UNKNOWN STEP	2026-10-03T15:03:56.1605895Z Unpacking libdc1394-25:amd64 (2.2.6-4build1) ...
verify / web	UNKNOWN STEP	2026-10-03T15:03:56.1785343Z Selecting previously unselected package libde265-0:amd64.
verify / web	UNKNOWN STEP	2026-10-03T15:03:56.1903561Z Preparing to unpack .../109-libde265-0_1.0.15-1ubuntu0.1_amd64.deb ...
verify / web	UNKNOWN STEP	2026-10-03T15:03:56.1912201Z Unpacking libde265-0:amd64 (1.0.15-1ubuntu0.1) ...
verify / web	UNKNOWN STEP	2026-10-03T15:03:56.2113848Z Selecting previously unselected package libdecor-0-0:amd64.
verify / web	UNKNOWN STEP	2026-10-03T15:03:56.2233702Z Preparing to unpack .../110-libdecor-0-0_0.2.2-1build2_amd64.deb ...
verify / web	UNKNOWN STEP	2026-10-03T15:03:56.2241818Z Unpacking libdecor-0-0:amd64 (0.2.2-1build2) ...
verify / web	UNKNOWN STEP	2026-10-03T15:03:56.2406408Z Selecting previously unselected package libgles2:amd64.
verify / web	UNKNOWN STEP	2026-10-03T15:03:56.2526052Z Preparing to unpack .../111-libgles2_1.7.0-1build1_amd64.deb ...
verify / web	UNKNOWN STEP	2026-10-03T15:03:56.2533703Z Unpacking libgles2:amd64 (1.7.0-1build1) ...
verify / web	UNKNOWN STEP	2026-10-03T15:03:56.2701472Z Selecting previously unselected package libdirectfb-1.7-7t64:amd64.
verify / web	UNKNOWN STEP	2026-10-03T15:03:56.2816607Z Preparing to unpack .../112-libdirectfb-1.7-7t64_1.7.7-11.1ubuntu2_amd64.deb ...
verify / web	UNKNOWN STEP	2026-10-03T15:03:56.2828116Z Unpacking libdirectfb-1.7-7t64:amd64 (1.7.7-11.1ubuntu2) ...
verify / web	UNKNOWN STEP	2026-10-03T15:03:56.3324292Z Selecting previously unselected package libdvdread8t64:amd64.
verify / web	UNKNOWN STEP	2026-10-03T15:03:56.3440940Z Preparing to unpack .../113-libdvdread8t64_6.1.3-1.1build1_amd64.deb ...
verify / web	UNKNOWN STEP	2026-10-03T15:03:56.3453550Z Unpacking libdvdread8t64:amd64 (6.1.3-1.1build1) ...
verify / web	UNKNOWN STEP	2026-10-03T15:03:56.3628225Z Selecting previously unselected package libdvdnav4:amd64.
verify / web	UNKNOWN STEP	2026-10-03T15:03:56.3746468Z Preparing to unpack .../114-libdvdnav4_6.1.1-3build1_amd64.deb ...
verify / web	UNKNOWN STEP	2026-10-03T15:03:56.3756605Z Unpacking libdvdnav4:amd64 (6.1.1-3build1) ...
verify / web	UNKNOWN STEP	2026-10-03T15:03:56.4046651Z Preparing to unpack .../115-libgl1-mesa-dri_25.2.8-0ubuntu0.24.04.4_amd64.deb ...
verify / web	UNKNOWN STEP	2026-10-03T15:03:56.4163439Z Unpacking libgl1-mesa-dri:amd64 (25.2.8-0ubuntu0.24.04.4) over (25.2.8-0ubuntu0.24.04.2) ...
verify / web	UNKNOWN STEP	2026-10-03T15:03:56.4562587Z Preparing to unpack .../116-libglx-mesa0_25.2.8-0ubuntu0.24.04.4_amd64.deb ...
verify / web	UNKNOWN STEP	2026-10-03T15:03:56.4589543Z Unpacking libglx-mesa0:amd64 (25.2.8-0ubuntu0.24.04.4) over (25.2.8-0ubuntu0.24.04.2) ...
verify / web	UNKNOWN STEP	2026-10-03T15:03:56.4921511Z Preparing to unpack .../117-libgbm1_25.2.8-0ubuntu0.24.04.4_amd64.deb ...
verify / web	UNKNOWN STEP	2026-10-03T15:03:56.4943817Z Unpacking libgbm1:amd64 (25.2.8-0ubuntu0.24.04.4) over (25.2.8-0ubuntu0.24.04.2) ...
verify / web	UNKNOWN STEP	2026-10-03T15:03:56.5263497Z Preparing to unpack .../118-mesa-libgallium_25.2.8-0ubuntu0.24.04.4_amd64.deb ...
verify / web	UNKNOWN STEP	2026-10-03T15:03:56.5289026Z Unpacking mesa-libgallium:amd64 (25.2.8-0ubuntu0.24.04.4) over (25.2.8-0ubuntu0.24.04.2) ...
verify / web	UNKNOWN STEP	2026-10-03T15:03:56.9193322Z Selecting previously unselected package libegl-mesa0:amd64.
verify / web	UNKNOWN STEP	2026-10-03T15:03:56.9315856Z Preparing to unpack .../119-libegl-mesa0_25.2.8-0ubuntu0.24.04.4_amd64.deb ...
verify / web	UNKNOWN STEP	2026-10-03T15:03:56.9326094Z Unpacking libegl-mesa0:amd64 (25.2.8-0ubuntu0.24.04.4) ...
verify / web	UNKNOWN STEP	2026-10-03T15:03:56.9520327Z Selecting previously unselected package libevent-2.1-7t64:amd64.
verify / web	UNKNOWN STEP	2026-10-03T15:03:56.9640496Z Preparing to unpack .../120-libevent-2.1-7t64_2.1.12-stable-9ubuntu2.2_amd64.deb ...
verify / web	UNKNOWN STEP	2026-10-03T15:03:56.9654311Z Unpacking libevent-2.1-7t64:amd64 (2.1.12-stable-9ubuntu2.2) ...
verify / web	UNKNOWN STEP	2026-10-03T15:03:57.0008329Z Preparing to unpack .../121-libevent-pthreads-2.1-7t64_2.1.12-stable-9ubuntu2.2_amd64.deb ...
verify / web	UNKNOWN STEP	2026-10-03T15:03:57.0036806Z Unpacking libevent-pthreads-2.1-7t64:amd64 (2.1.12-stable-9ubuntu2.2) over (2.1.12-stable-9ubuntu2.1) ...
verify / web	UNKNOWN STEP	2026-10-03T15:03:57.0353079Z Preparing to unpack .../122-libevent-core-2.1-7t64_2.1.12-stable-9ubuntu2.2_amd64.deb ...
verify / web	UNKNOWN STEP	2026-10-03T15:03:57.0428521Z Unpacking libevent-core-2.1-7t64:amd64 (2.1.12-stable-9ubuntu2.2) over (2.1.12-stable-9ubuntu2.1) ...
verify / web	UNKNOWN STEP	2026-10-03T15:03:57.0629726Z Selecting previously unselected package libfaad2:amd64.
verify / web	UNKNOWN STEP	2026-10-03T15:03:57.0743700Z Preparing to unpack .../123-libfaad2_2.11.1-1build1_amd64.deb ...
verify / web	UNKNOWN STEP	2026-10-03T15:03:57.0754699Z Unpacking libfaad2:amd64 (2.11.1-1build1) ...
verify / web	UNKNOWN STEP	2026-10-03T15:03:57.0958485Z Selecting previously unselected package libinstpatch-1.0-2:amd64.
verify / web	UNKNOWN STEP	2026-10-03T15:03:57.1069342Z Preparing to unpack .../124-libinstpatch-1.0-2_1.1.6-1build2_amd64.deb ...
verify / web	UNKNOWN STEP	2026-10-03T15:03:57.1082144Z Unpacking libinstpatch-1.0-2:amd64 (1.1.6-1build2) ...
verify / web	UNKNOWN STEP	2026-10-03T15:03:57.1296627Z Selecting previously unselected package libjack-jackd2-0:amd64.
verify / web	UNKNOWN STEP	2026-10-03T15:03:57.1408417Z Preparing to unpack .../125-libjack-jackd2-0_1.9.21~dfsg-3ubuntu3_amd64.deb ...
verify / web	UNKNOWN STEP	2026-10-03T15:03:57.1422860Z Unpacking libjack-jackd2-0:amd64 (1.9.21~dfsg-3ubuntu3) ...
verify / web	UNKNOWN STEP	2026-10-03T15:03:57.1687339Z Selecting previously unselected package libwebrtc-audio-processing1:amd64.
verify / web	UNKNOWN STEP	2026-10-03T15:03:57.1805029Z Preparing to unpack .../126-libwebrtc-audio-processing1_0.3.1-0ubuntu6_amd64.deb ...
verify / web	UNKNOWN STEP	2026-10-03T15:03:57.1818099Z Unpacking libwebrtc-audio-processing1:amd64 (0.3.1-0ubuntu6) ...
verify / web	UNKNOWN STEP	2026-10-03T15:03:57.2027201Z Selecting previously unselected package libspa-0.2-modules:amd64.
verify / web	UNKNOWN STEP	2026-10-03T15:03:57.2143739Z Preparing to unpack .../127-libspa-0.2-modules_1.0.5-1ubuntu3.3_amd64.deb ...
verify / web	UNKNOWN STEP	2026-10-03T15:03:57.2153455Z Unpacking libspa-0.2-modules:amd64 (1.0.5-1ubuntu3.3) ...
verify / web	UNKNOWN STEP	2026-10-03T15:03:57.2501062Z Selecting previously unselected package libpipewire-0.3-0t64:amd64.
verify / web	UNKNOWN STEP	2026-10-03T15:03:57.2617918Z Preparing to unpack .../128-libpipewire-0.3-0t64_1.0.5-1ubuntu3.3_amd64.deb ...
verify / web	UNKNOWN STEP	2026-10-03T15:03:57.2631379Z Unpacking libpipewire-0.3-0t64:amd64 (1.0.5-1ubuntu3.3) ...
verify / web	UNKNOWN STEP	2026-10-03T15:03:57.2866117Z Selecting previously unselected package libsdl2-2.0-0:amd64.
verify / web	UNKNOWN STEP	2026-10-03T15:03:57.2982891Z Preparing to unpack .../129-libsdl2-2.0-0_2.30.0+dfsg-1ubuntu3.1_amd64.deb ...
verify / web	UNKNOWN STEP	2026-10-03T15:03:57.2999853Z Unpacking libsdl2-2.0-0:amd64 (2.30.0+dfsg-1ubuntu3.1) ...
verify / web	UNKNOWN STEP	2026-10-03T15:03:57.3337806Z Selecting previously unselected package timgm6mb-soundfont.
verify / web	UNKNOWN STEP	2026-10-03T15:03:57.3456110Z Preparing to unpack .../130-timgm6mb-soundfont_1.3-5_all.deb ...
verify / web	UNKNOWN STEP	2026-10-03T15:03:57.3466736Z Unpacking timgm6mb-soundfont (1.3-5) ...
verify / web	UNKNOWN STEP	2026-10-03T15:03:57.7592172Z Selecting previously unselected package libfluidsynth3:amd64.
verify / web	UNKNOWN STEP	2026-10-03T15:03:57.7714471Z Preparing to unpack .../131-libfluidsynth3_2.3.4-1build3_amd64.deb ...
verify / web	UNKNOWN STEP	2026-10-03T15:03:57.7725091Z Unpacking libfluidsynth3:amd64 (2.3.4-1build3) ...
verify / web	UNKNOWN STEP	2026-10-03T15:03:57.7942370Z Selecting previously unselected package libfreeaptx0:amd64.
verify / web	UNKNOWN STEP	2026-10-03T15:03:57.8064705Z Preparing to unpack .../132-libfreeaptx0_0.1.1-2build1_amd64.deb ...
verify / web	UNKNOWN STEP	2026-10-03T15:03:57.8074060Z Unpacking libfreeaptx0:amd64 (0.1.1-2build1) ...
verify / web	UNKNOWN STEP	2026-10-03T15:03:57.8267754Z Selecting previously unselected package libgraphene-1.0-0:amd64.
verify / web	UNKNOWN STEP	2026-10-03T15:03:57.8381263Z Preparing to unpack .../133-libgraphene-1.0-0_1.10.8-3build2_amd64.deb ...
verify / web	UNKNOWN STEP	2026-10-03T15:03:57.8392608Z Unpacking libgraphene-1.0-0:amd64 (1.10.8-3build2) ...
verify / web	UNKNOWN STEP	2026-10-03T15:03:57.8561941Z Selecting previously unselected package libgssdp-1.6-0:amd64.
verify / web	UNKNOWN STEP	2026-10-03T15:03:57.8676408Z Preparing to unpack .../134-libgssdp-1.6-0_1.6.3-1build3_amd64.deb ...
verify / web	UNKNOWN STEP	2026-10-03T15:03:57.8694704Z Unpacking libgssdp-1.6-0:amd64 (1.6.3-1build3) ...
verify / web	UNKNOWN STEP	2026-10-03T15:03:57.8867262Z Selecting previously unselected package libegl1:amd64.
verify / web	UNKNOWN STEP	2026-10-03T15:03:57.8981209Z Preparing to unpack .../135-libegl1_1.7.0-1build1_amd64.deb ...
verify / web	UNKNOWN STEP	2026-10-03T15:03:57.8991755Z Unpacking libegl1:amd64 (1.7.0-1build1) ...
verify / web	UNKNOWN STEP	2026-10-03T15:03:57.9163258Z Selecting previously unselected package libgstreamer-gl1.0-0:amd64.
verify / web	UNKNOWN STEP	2026-10-03T15:03:57.9274116Z Preparing to unpack .../136-libgstreamer-gl1.0-0_1.24.2-1ubuntu0.5_amd64.deb ...
verify / web	UNKNOWN STEP	2026-10-03T15:03:57.9283070Z Unpacking libgstreamer-gl1.0-0:amd64 (1.24.2-1ubuntu0.5) ...
verify / web	UNKNOWN STEP	2026-10-03T15:03:57.9486868Z Selecting previously unselected package libgtk-4-common.
verify / web	UNKNOWN STEP	2026-10-03T15:03:57.9598305Z Preparing to unpack .../137-libgtk-4-common_4.14.5+ds-0ubuntu0.10_all.deb ...
verify / web	UNKNOWN STEP	2026-10-03T15:03:57.9608363Z Unpacking libgtk-4-common (4.14.5+ds-0ubuntu0.10) ...
verify / web	UNKNOWN STEP	2026-10-03T15:03:58.0191727Z Selecting previously unselected package libgtk-4-1:amd64.
verify / web	UNKNOWN STEP	2026-10-03T15:03:58.0307793Z Preparing to unpack .../138-libgtk-4-1_4.14.5+ds-0ubuntu0.10_amd64.deb ...
verify / web	UNKNOWN STEP	2026-10-03T15:03:58.0319763Z Unpacking libgtk-4-1:amd64 (4.14.5+ds-0ubuntu0.10) ...
verify / web	UNKNOWN STEP	2026-10-03T15:03:58.1501883Z Selecting previously unselected package libgupnp-1.6-0:amd64.
verify / web	UNKNOWN STEP	2026-10-03T15:03:58.1621884Z Preparing to unpack .../139-libgupnp-1.6-0_1.6.6-1build3_amd64.deb ...
verify / web	UNKNOWN STEP	2026-10-03T15:03:58.1630928Z Unpacking libgupnp-1.6-0:amd64 (1.6.6-1build3) ...
verify / web	UNKNOWN STEP	2026-10-03T15:03:58.1816821Z Selecting previously unselected package libgupnp-igd-1.6-0:amd64.
verify / web	UNKNOWN STEP	2026-10-03T15:03:58.1937670Z Preparing to unpack .../140-libgupnp-igd-1.6-0_1.6.0-3build3_amd64.deb ...
verify / web	UNKNOWN STEP	2026-10-03T15:03:58.1948256Z Unpacking libgupnp-igd-1.6-0:amd64 (1.6.0-3build3) ...
verify / web	UNKNOWN STEP	2026-10-03T15:03:58.2115765Z Selecting previously unselected package libharfbuzz-icu0:amd64.
verify / web	UNKNOWN STEP	2026-10-03T15:03:58.2233488Z Preparing to unpack .../141-libharfbuzz-icu0_8.3.0-2build2_amd64.deb ...
verify / web	UNKNOWN STEP	2026-10-03T15:03:58.2243745Z Unpacking libharfbuzz-icu0:amd64 (8.3.0-2build2) ...
verify / web	UNKNOWN STEP	2026-10-03T15:03:58.2409487Z Selecting previously unselected package libhyphen0:amd64.
verify / web	UNKNOWN STEP	2026-10-03T15:03:58.2521637Z Preparing to unpack .../142-libhyphen0_2.8.8-7build3_amd64.deb ...
verify / web	UNKNOWN STEP	2026-10-03T15:03:58.2529622Z Unpacking libhyphen0:amd64 (2.8.8-7build3) ...
verify / web	UNKNOWN STEP	2026-10-03T15:03:58.2695352Z Selecting previously unselected package libimath-3-1-29t64:amd64.
verify / web	UNKNOWN STEP	2026-10-03T15:03:58.2804976Z Preparing to unpack .../143-libimath-3-1-29t64_3.1.9-3.1ubuntu2_amd64.deb ...
verify / web	UNKNOWN STEP	2026-10-03T15:03:58.2815387Z Unpacking libimath-3-1-29t64:amd64 (3.1.9-3.1ubuntu2) ...
verify / web	UNKNOWN STEP	2026-10-03T15:03:58.3005543Z Selecting previously unselected package liblc3-1:amd64.
verify / web	UNKNOWN STEP	2026-10-03T15:03:58.3113540Z Preparing to unpack .../144-liblc3-1_1.0.4-3build1_amd64.deb ...
verify / web	UNKNOWN STEP	2026-10-03T15:03:58.3126284Z Unpacking liblc3-1:amd64 (1.0.4-3build1) ...
verify / web	UNKNOWN STEP	2026-10-03T15:03:58.3290209Z Selecting previously unselected package libldacbt-enc2:amd64.
verify / web	UNKNOWN STEP	2026-10-03T15:03:58.3397858Z Preparing to unpack .../145-libldacbt-enc2_2.0.2.3+git20200429+ed310a0-4ubuntu2_amd64.deb ...
verify / web	UNKNOWN STEP	2026-10-03T15:03:58.3410606Z Unpacking libldacbt-enc2:amd64 (2.0.2.3+git20200429+ed310a0-4ubuntu2) ...
verify / web	UNKNOWN STEP	2026-10-03T15:03:58.3571176Z Selecting previously unselected package libraptor2-0:amd64.
verify / web	UNKNOWN STEP	2026-10-03T15:03:58.3675691Z Preparing to unpack .../146-libraptor2-0_2.0.16-3ubuntu0.1_amd64.deb ...
verify / web	UNKNOWN STEP	2026-10-03T15:03:58.3684660Z Unpacking libraptor2-0:amd64 (2.0.16-3ubuntu0.1) ...
verify / web	UNKNOWN STEP	2026-10-03T15:03:58.3886976Z Selecting previously unselected package liblrdf0:amd64.
verify / web	UNKNOWN STEP	2026-10-03T15:03:58.3994204Z Preparing to unpack .../147-liblrdf0_0.6.1-4build1_amd64.deb ...
verify / web	UNKNOWN STEP	2026-10-03T15:03:58.4003551Z Unpacking liblrdf0:amd64 (0.6.1-4build1) ...
verify / web	UNKNOWN STEP	2026-10-03T15:03:58.4171251Z Selecting previously unselected package libltc11:amd64.
verify / web	UNKNOWN STEP	2026-10-03T15:03:58.4280879Z Preparing to unpack .../148-libltc11_1.3.2-1build1_amd64.deb ...
verify / web	UNKNOWN STEP	2026-10-03T15:03:58.4292700Z Unpacking libltc11:amd64 (1.3.2-1build1) ...
verify / web	UNKNOWN STEP	2026-10-03T15:03:58.4460204Z Selecting previously unselected package libmanette-0.2-0:amd64.
verify / web	UNKNOWN STEP	2026-10-03T15:03:58.4572870Z Preparing to unpack .../149-libmanette-0.2-0_0.2.7-1build2_amd64.deb ...
verify / web	UNKNOWN STEP	2026-10-03T15:03:58.4583674Z Unpacking libmanette-0.2-0:amd64 (0.2.7-1build2) ...
verify / web	UNKNOWN STEP	2026-10-03T15:03:58.4756165Z Selecting previously unselected package libmfx1:amd64.
verify / web	UNKNOWN STEP	2026-10-03T15:03:58.4867797Z Preparing to unpack .../150-libmfx1_22.5.4-1_amd64.deb ...
verify / web	UNKNOWN STEP	2026-10-03T15:03:58.4876970Z Unpacking libmfx1:amd64 (22.5.4-1) ...
verify / web	UNKNOWN STEP	2026-10-03T15:03:58.6780655Z Selecting previously unselected package libmjpegutils-2.1-0t64:amd64.
verify / web	UNKNOWN STEP	2026-10-03T15:03:58.6902267Z Preparing to unpack .../151-libmjpegutils-2.1-0t64_1%3a2.1.0+debian-8.1build1_amd64.deb ...
verify / web	UNKNOWN STEP	2026-10-03T15:03:58.6913641Z Unpacking libmjpegutils-2.1-0t64:amd64 (1:2.1.0+debian-8.1build1) ...
verify / web	UNKNOWN STEP	2026-10-03T15:03:58.7088126Z Selecting previously unselected package libmodplug1:amd64.
verify / web	UNKNOWN STEP	2026-10-03T15:03:58.7208646Z Preparing to unpack .../152-libmodplug1_1%3a0.8.9.0-3build1_amd64.deb ...
verify / web	UNKNOWN STEP	2026-10-03T15:03:58.7224652Z Unpacking libmodplug1:amd64 (1:0.8.9.0-3build1) ...
verify / web	UNKNOWN STEP	2026-10-03T15:03:58.7417743Z Selecting previously unselected package libmpcdec6:amd64.
verify / web	UNKNOWN STEP	2026-10-03T15:03:58.7531599Z Preparing to unpack .../153-libmpcdec6_2%3a0.1~r495-2build1_amd64.deb ...
verify / web	UNKNOWN STEP	2026-10-03T15:03:58.7540750Z Unpacking libmpcdec6:amd64 (2:0.1~r495-2build1) ...
verify / web	UNKNOWN STEP	2026-10-03T15:03:58.7712637Z Selecting previously unselected package libmpeg2encpp-2.1-0t64:amd64.
verify / web	UNKNOWN STEP	2026-10-03T15:03:58.7821736Z Preparing to unpack .../154-libmpeg2encpp-2.1-0t64_1%3a2.1.0+debian-8.1build1_amd64.deb ...
verify / web	UNKNOWN STEP	2026-10-03T15:03:58.7830927Z Unpacking libmpeg2encpp-2.1-0t64:amd64 (1:2.1.0+debian-8.1build1) ...
verify / web	UNKNOWN STEP	2026-10-03T15:03:58.8000388Z Selecting previously unselected package libmplex2-2.1-0t64:amd64.
verify / web	UNKNOWN STEP	2026-10-03T15:03:58.8111350Z Preparing to unpack .../155-libmplex2-2.1-0t64_1%3a2.1.0+debian-8.1build1_amd64.deb ...
verify / web	UNKNOWN STEP	2026-10-03T15:03:58.8119851Z Unpacking libmplex2-2.1-0t64:amd64 (1:2.1.0+debian-8.1build1) ...
verify / web	UNKNOWN STEP	2026-10-03T15:03:58.8291125Z Selecting previously unselected package libneon27t64:amd64.
verify / web	UNKNOWN STEP	2026-10-03T15:03:58.8400508Z Preparing to unpack .../156-libneon27t64_0.33.0-1.1build3_amd64.deb ...
verify / web	UNKNOWN STEP	2026-10-03T15:03:58.8408850Z Unpacking libneon27t64:amd64 (0.33.0-1.1build3) ...
verify / web	UNKNOWN STEP	2026-10-03T15:03:58.8590498Z Selecting previously unselected package libnice10:amd64.
verify / web	UNKNOWN STEP	2026-10-03T15:03:58.8700337Z Preparing to unpack .../157-libnice10_0.1.21-2build3_amd64.deb ...
verify / web	UNKNOWN STEP	2026-10-03T15:03:58.8708590Z Unpacking libnice10:amd64 (0.1.21-2build3) ...
verify / web	UNKNOWN STEP	2026-10-03T15:03:58.8901904Z Selecting previously unselected package libopenal-data.
verify / web	UNKNOWN STEP	2026-10-03T15:03:58.9011771Z Preparing to unpack .../158-libopenal-data_1%3a1.23.1-4build1_all.deb ...
verify / web	UNKNOWN STEP	2026-10-03T15:03:58.9020205Z Unpacking libopenal-data (1:1.23.1-4build1) ...
verify / web	UNKNOWN STEP	2026-10-03T15:03:58.9745053Z Selecting previously unselected package libopenexr-3-1-30:amd64.
verify / web	UNKNOWN STEP	2026-10-03T15:03:58.9863441Z Preparing to unpack .../159-libopenexr-3-1-30_3.1.5-5.1build3_amd64.deb ...
verify / web	UNKNOWN STEP	2026-10-03T15:03:58.9874457Z Unpacking libopenexr-3-1-30:amd64 (3.1.5-5.1build3) ...
verify / web	UNKNOWN STEP	2026-10-03T15:03:59.0354934Z Selecting previously unselected package libopenh264-7:amd64.
verify / web	UNKNOWN STEP	2026-10-03T15:03:59.0475880Z Preparing to unpack .../160-libopenh264-7_2.4.1+dfsg-1_amd64.deb ...
verify / web	UNKNOWN STEP	2026-10-03T15:03:59.0486291Z Unpacking libopenh264-7:amd64 (2.4.1+dfsg-1) ...
verify / web	UNKNOWN STEP	2026-10-03T15:03:59.0767559Z Selecting previously unselected package libopenni2-0:amd64.
verify / web	UNKNOWN STEP	2026-10-03T15:03:59.0890179Z Preparing to unpack .../161-libopenni2-0_2.2.0.33+dfsg-18_amd64.deb ...
verify / web	UNKNOWN STEP	2026-10-03T15:03:59.0925646Z Unpacking libopenni2-0:amd64 (2.2.0.33+dfsg-18) ...
verify / web	UNKNOWN STEP	2026-10-03T15:03:59.1175948Z Selecting previously unselected package libqrencode4:amd64.
verify / web	UNKNOWN STEP	2026-10-03T15:03:59.1297211Z Preparing to unpack .../162-libqrencode4_4.1.1-1build2_amd64.deb ...
verify / web	UNKNOWN STEP	2026-10-03T15:03:59.1305126Z Unpacking libqrencode4:amd64 (4.1.1-1build2) ...
verify / web	UNKNOWN STEP	2026-10-03T15:03:59.1461731Z Selecting previously unselected package libsecret-common.
verify / web	UNKNOWN STEP	2026-10-03T15:03:59.1580341Z Preparing to unpack .../163-libsecret-common_0.21.4-1build3_all.deb ...
verify / web	UNKNOWN STEP	2026-10-03T15:03:59.1590143Z Unpacking libsecret-common (0.21.4-1build3) ...
verify / web	UNKNOWN STEP	2026-10-03T15:03:59.1753208Z Selecting previously unselected package libsecret-1-0:amd64.
verify / web	UNKNOWN STEP	2026-10-03T15:03:59.1871791Z Preparing to unpack .../164-libsecret-1-0_0.21.4-1build3_amd64.deb ...
verify / web	UNKNOWN STEP	2026-10-03T15:03:59.1885908Z Unpacking libsecret-1-0:amd64 (0.21.4-1build3) ...
verify / web	UNKNOWN STEP	2026-10-03T15:03:59.2075959Z Selecting previously unselected package libsndio7.0:amd64.
verify / web	UNKNOWN STEP	2026-10-03T15:03:59.2194369Z Preparing to unpack .../165-libsndio7.0_1.9.0-0.3build3_amd64.deb ...
verify / web	UNKNOWN STEP	2026-10-03T15:03:59.2208027Z Unpacking libsndio7.0:amd64 (1.9.0-0.3build3) ...
verify / web	UNKNOWN STEP	2026-10-03T15:03:59.2379675Z Selecting previously unselected package libsoundtouch1:amd64.
verify / web	UNKNOWN STEP	2026-10-03T15:03:59.2497588Z Preparing to unpack .../166-libsoundtouch1_2.3.2+ds1-1build1_amd64.deb ...
verify / web	UNKNOWN STEP	2026-10-03T15:03:59.2506308Z Unpacking libsoundtouch1:amd64 (2.3.2+ds1-1build1) ...
verify / web	UNKNOWN STEP	2026-10-03T15:03:59.2684931Z Selecting previously unselected package libspandsp2t64:amd64.
verify / web	UNKNOWN STEP	2026-10-03T15:03:59.2801851Z Preparing to unpack .../167-libspandsp2t64_0.0.6+dfsg-2.1build1_amd64.deb ...
verify / web	UNKNOWN STEP	2026-10-03T15:03:59.2813134Z Unpacking libspandsp2t64:amd64 (0.0.6+dfsg-2.1build1) ...
verify / web	UNKNOWN STEP	2026-10-03T15:03:59.3052071Z Selecting previously unselected package libsrtp2-1:amd64.
verify / web	UNKNOWN STEP	2026-10-03T15:03:59.3169162Z Preparing to unpack .../168-libsrtp2-1_2.5.0-3build1_amd64.deb ...
verify / web	UNKNOWN STEP	2026-10-03T15:03:59.3180082Z Unpacking libsrtp2-1:amd64 (2.5.0-3build1) ...
verify / web	UNKNOWN STEP	2026-10-03T15:03:59.3355378Z Selecting previously unselected package libwayland-server0:amd64.
verify / web	UNKNOWN STEP	2026-10-03T15:03:59.3471711Z Preparing to unpack .../169-libwayland-server0_1.22.0-2.1build1_amd64.deb ...
verify / web	UNKNOWN STEP	2026-10-03T15:03:59.3484900Z Unpacking libwayland-server0:amd64 (1.22.0-2.1build1) ...
verify / web	UNKNOWN STEP	2026-10-03T15:03:59.3656022Z Selecting previously unselected package libwildmidi2:amd64.
verify / web	UNKNOWN STEP	2026-10-03T15:03:59.3772549Z Preparing to unpack .../170-libwildmidi2_0.4.3-1build3_amd64.deb ...
verify / web	UNKNOWN STEP	2026-10-03T15:03:59.3780664Z Unpacking libwildmidi2:amd64 (0.4.3-1build3) ...
verify / web	UNKNOWN STEP	2026-10-03T15:03:59.3953010Z Selecting previously unselected package libwoff1:amd64.
verify / web	UNKNOWN STEP	2026-10-03T15:03:59.4068472Z Preparing to unpack .../171-libwoff1_1.0.2-2build1_amd64.deb ...
verify / web	UNKNOWN STEP	2026-10-03T15:03:59.4076159Z Unpacking libwoff1:amd64 (1.0.2-2build1) ...
verify / web	UNKNOWN STEP	2026-10-03T15:03:59.4249327Z Selecting previously unselected package libxcb-xkb1:amd64.
verify / web	UNKNOWN STEP	2026-10-03T15:03:59.4365787Z Preparing to unpack .../172-libxcb-xkb1_1.15-1ubuntu2_amd64.deb ...
verify / web	UNKNOWN STEP	2026-10-03T15:03:59.4375243Z Unpacking libxcb-xkb1:amd64 (1.15-1ubuntu2) ...
verify / web	UNKNOWN STEP	2026-10-03T15:03:59.4547871Z Selecting previously unselected package libxkbcommon-x11-0:amd64.
verify / web	UNKNOWN STEP	2026-10-03T15:03:59.4664070Z Preparing to unpack .../173-libxkbcommon-x11-0_1.6.0-1build1_amd64.deb ...
verify / web	UNKNOWN STEP	2026-10-03T15:03:59.4672252Z Unpacking libxkbcommon-x11-0:amd64 (1.6.0-1build1) ...
verify / web	UNKNOWN STEP	2026-10-03T15:03:59.4839202Z Selecting previously unselected package libzbar0t64:amd64.
verify / web	UNKNOWN STEP	2026-10-03T15:03:59.4954538Z Preparing to unpack .../174-libzbar0t64_0.23.93-4build3_amd64.deb ...
verify / web	UNKNOWN STEP	2026-10-03T15:03:59.4965928Z Unpacking libzbar0t64:amd64 (0.23.93-4build3) ...
verify / web	UNKNOWN STEP	2026-10-03T15:03:59.5143184Z Selecting previously unselected package libzxing3:amd64.
verify / web	UNKNOWN STEP	2026-10-03T15:03:59.5255787Z Preparing to unpack .../175-libzxing3_2.2.1-3_amd64.deb ...
verify / web	UNKNOWN STEP	2026-10-03T15:03:59.5268270Z Unpacking libzxing3:amd64 (2.2.1-3) ...
verify / web	UNKNOWN STEP	2026-10-03T15:03:59.5517983Z Selecting previously unselected package xfonts-encodings.
verify / web	UNKNOWN STEP	2026-10-03T15:03:59.5633511Z Preparing to unpack .../176-xfonts-encodings_1%3a1.0.5-0ubuntu2_all.deb ...
verify / web	UNKNOWN STEP	2026-10-03T15:03:59.5641590Z Unpacking xfonts-encodings (1:1.0.5-0ubuntu2) ...
verify / web	UNKNOWN STEP	2026-10-03T15:03:59.5881500Z Selecting previously unselected package xfonts-utils.
verify / web	UNKNOWN STEP	2026-10-03T15:03:59.5996593Z Preparing to unpack .../177-xfonts-utils_1%3a7.7+6build3_amd64.deb ...
verify / web	UNKNOWN STEP	2026-10-03T15:03:59.6004672Z Unpacking xfonts-utils (1:7.7+6build3) ...
verify / web	UNKNOWN STEP	2026-10-03T15:03:59.6327566Z Selecting previously unselected package xfonts-cyrillic.
verify / web	UNKNOWN STEP	2026-10-03T15:03:59.6443997Z Preparing to unpack .../178-xfonts-cyrillic_1%3a1.0.5+nmu1_all.deb ...
verify / web	UNKNOWN STEP	2026-10-03T15:03:59.6451920Z Unpacking xfonts-cyrillic (1:1.0.5+nmu1) ...
verify / web	UNKNOWN STEP	2026-10-03T15:03:59.6693098Z Selecting previously unselected package xfonts-scalable.
verify / web	UNKNOWN STEP	2026-10-03T15:03:59.6811138Z Preparing to unpack .../179-xfonts-scalable_1%3a1.0.3-1.3_all.deb ...
verify / web	UNKNOWN STEP	2026-10-03T15:03:59.6818650Z Unpacking xfonts-scalable (1:1.0.3-1.3) ...
verify / web	UNKNOWN STEP	2026-10-03T15:03:59.7038570Z Selecting previously unselected package libgstreamer-plugins-bad1.0-0:amd64.
verify / web	UNKNOWN STEP	2026-10-03T15:03:59.7154916Z Preparing to unpack .../180-libgstreamer-plugins-bad1.0-0_1.24.2-1ubuntu4_amd64.deb ...
verify / web	UNKNOWN STEP	2026-10-03T15:03:59.7162671Z Unpacking libgstreamer-plugins-bad1.0-0:amd64 (1.24.2-1ubuntu4) ...
verify / web	UNKNOWN STEP	2026-10-03T15:03:59.7545379Z Selecting previously unselected package libdca0:amd64.
verify / web	UNKNOWN STEP	2026-10-03T15:03:59.7664798Z Preparing to unpack .../181-libdca0_0.0.7-2build1_amd64.deb ...
verify / web	UNKNOWN STEP	2026-10-03T15:03:59.7672270Z Unpacking libdca0:amd64 (0.0.7-2build1) ...
verify / web	UNKNOWN STEP	2026-10-03T15:03:59.7852896Z Selecting previously unselected package libopenal1:amd64.
verify / web	UNKNOWN STEP	2026-10-03T15:03:59.7970630Z Preparing to unpack .../182-libopenal1_1%3a1.23.1-4build1_amd64.deb ...
verify / web	UNKNOWN STEP	2026-10-03T15:03:59.7978596Z Unpacking libopenal1:amd64 (1:1.23.1-4build1) ...
verify / web	UNKNOWN STEP	2026-10-03T15:03:59.8244210Z Selecting previously unselected package libsbc1:amd64.
verify / web	UNKNOWN STEP	2026-10-03T15:03:59.8360684Z Preparing to unpack .../183-libsbc1_2.0-1build1_amd64.deb ...
verify / web	UNKNOWN STEP	2026-10-03T15:03:59.8368386Z Unpacking libsbc1:amd64 (2.0-1build1) ...
verify / web	UNKNOWN STEP	2026-10-03T15:03:59.8535986Z Selecting previously unselected package libvo-aacenc0:amd64.
verify / web	UNKNOWN STEP	2026-10-03T15:03:59.8650261Z Preparing to unpack .../184-libvo-aacenc0_0.1.3-2build1_amd64.deb ...
verify / web	UNKNOWN STEP	2026-10-03T15:03:59.8657308Z Unpacking libvo-aacenc0:amd64 (0.1.3-2build1) ...
verify / web	UNKNOWN STEP	2026-10-03T15:03:59.8822930Z Selecting previously unselected package libvo-amrwbenc0:amd64.
verify / web	UNKNOWN STEP	2026-10-03T15:03:59.8933113Z Preparing to unpack .../185-libvo-amrwbenc0_0.1.3-2build1_amd64.deb ...
verify / web	UNKNOWN STEP	2026-10-03T15:03:59.8940894Z Unpacking libvo-amrwbenc0:amd64 (0.1.3-2build1) ...
verify / web	UNKNOWN STEP	2026-10-03T15:03:59.9110913Z Selecting previously unselected package gstreamer1.0-plugins-bad:amd64.
verify / web	UNKNOWN STEP	2026-10-03T15:03:59.9224560Z Preparing to unpack .../186-gstreamer1.0-plugins-bad_1.24.2-1ubuntu4_amd64.deb ...
verify / web	UNKNOWN STEP	2026-10-03T15:03:59.9233451Z Unpacking gstreamer1.0-plugins-bad:amd64 (1.24.2-1ubuntu4) ...
verify / web	UNKNOWN STEP	2026-10-03T15:04:00.1767962Z Setting up libgme0:amd64 (0.6.3-7build1) ...
verify / web	UNKNOWN STEP	2026-10-03T15:04:00.1797674Z Setting up libchromaprint1:amd64 (1.5.1-5) ...
verify / web	UNKNOWN STEP	2026-10-03T15:04:00.1819196Z Setting up libssh-gcrypt-4:amd64 (0.10.6-2ubuntu0.5) ...
verify / web	UNKNOWN STEP	2026-10-03T15:04:00.1836902Z Setting up libhwy1t64:amd64 (1.0.7-8.1build1) ...
verify / web	UNKNOWN STEP	2026-10-03T15:04:00.1859973Z Setting up libcairo-script-interpreter2:amd64 (1.18.0-3build1) ...
verify / web	UNKNOWN STEP	2026-10-03T15:04:00.1879015Z Setting up libfreeaptx0:amd64 (0.1.1-2build1) ...
verify / web	UNKNOWN STEP	2026-10-03T15:04:00.1901060Z Setting up libdvdread8t64:amd64 (6.1.3-1.1build1) ...
verify / web	UNKNOWN STEP	2026-10-03T15:04:00.1922201Z Setting up libudfread0:amd64 (1.1.2-1build1) ...
verify / web	UNKNOWN STEP	2026-10-03T15:04:00.1939794Z Setting up libmodplug1:amd64 (1:0.8.9.0-3build1) ...
verify / web	UNKNOWN STEP	2026-10-03T15:04:00.1963626Z Setting up libcdparanoia0:amd64 (3.10.2+debian-14build3) ...
verify / web	UNKNOWN STEP	2026-10-03T15:04:00.1984470Z Setting up libwayland-server0:amd64 (1.22.0-2.1build1) ...
verify / web	UNKNOWN STEP	2026-10-03T15:04:00.2011179Z Setting up libvo-amrwbenc0:amd64 (0.1.3-2build1) ...
verify / web	UNKNOWN STEP	2026-10-03T15:04:00.2031924Z Setting up mesa-libgallium:amd64 (25.2.8-0ubuntu0.24.04.4) ...
verify / web	UNKNOWN STEP	2026-10-03T15:04:00.2052339Z Setting up session-migration (0.3.9build1) ...
verify / web	UNKNOWN STEP	2026-10-03T15:04:00.3259927Z Created symlink /etc/systemd/user/graphical-session-pre.target.wants/session-migration.service → /usr/lib/systemd/user/session-migration.service.
verify / web	UNKNOWN STEP	2026-10-03T15:04:00.3260795Z 
verify / web	UNKNOWN STEP	2026-10-03T15:04:00.3289989Z Setting up libraw1394-11:amd64 (2.1.2-2build3) ...
verify / web	UNKNOWN STEP	2026-10-03T15:04:00.3310264Z Setting up libsbc1:amd64 (2.0-1build1) ...
verify / web	UNKNOWN STEP	2026-10-03T15:04:00.3328313Z Setting up libproxy1v5:amd64 (0.5.4-4build1) ...
verify / web	UNKNOWN STEP	2026-10-03T15:04:00.3350998Z Setting up libneon27t64:amd64 (0.33.0-1.1build3) ...
verify / web	UNKNOWN STEP	2026-10-03T15:04:00.3369765Z Setting up libtag1v5-vanilla:amd64 (1.13.1-1build1) ...
verify / web	UNKNOWN STEP	2026-10-03T15:04:00.3388496Z Setting up libharfbuzz-icu0:amd64 (8.3.0-2build2) ...
verify / web	UNKNOWN STEP	2026-10-03T15:04:00.3412321Z Setting up libopenni2-0:amd64 (2.2.0.33+dfsg-18) ...
verify / web	UNKNOWN STEP	2026-10-03T15:04:00.3572343Z Setting up libspeex1:amd64 (1.2.1-2ubuntu2.24.04.1) ...
verify / web	UNKNOWN STEP	2026-10-03T15:04:00.3591021Z Setting up libshine3:amd64 (3.1.1-2build1) ...
verify / web	UNKNOWN STEP	2026-10-03T15:04:00.3612271Z Setting up libcaca0:amd64 (0.99.beta20-4ubuntu0.2) ...
verify / web	UNKNOWN STEP	2026-10-03T15:04:00.3630616Z Setting up libvpl2 (2023.3.0-1build1) ...
verify / web	UNKNOWN STEP	2026-10-03T15:04:00.3657090Z Setting up libv4lconvert0t64:amd64 (1.26.1-4build3) ...
verify / web	UNKNOWN STEP	2026-10-03T15:04:00.3676168Z Setting up libx264-164:amd64 (2:0.164.3108+git31e19f9-1) ...
verify / web	UNKNOWN STEP	2026-10-03T15:04:00.3694545Z Setting up libtwolame0:amd64 (0.4.0-2build3) ...
verify / web	UNKNOWN STEP	2026-10-03T15:04:00.3715669Z Setting up libmbedcrypto7t64:amd64 (2.28.8-1) ...
verify / web	UNKNOWN STEP	2026-10-03T15:04:00.3734134Z Setting up libwoff1:amd64 (1.0.2-2build1) ...
verify / web	UNKNOWN STEP	2026-10-03T15:04:00.3757361Z Setting up liblc3-1:amd64 (1.0.4-3build1) ...
verify / web	UNKNOWN STEP	2026-10-03T15:04:00.3775361Z Setting up libqrencode4:amd64 (4.1.1-1build2) ...
verify / web	UNKNOWN STEP	2026-10-03T15:04:00.3793700Z Setting up libhyphen0:amd64 (2.8.8-7build3) ...
verify / web	UNKNOWN STEP	2026-10-03T15:04:00.3814704Z Setting up libgbm1:amd64 (25.2.8-0ubuntu0.24.04.4) ...
verify / web	UNKNOWN STEP	2026-10-03T15:04:00.3836677Z Setting up libgsm1:amd64 (1.0.22-1build1) ...
verify / web	UNKNOWN STEP	2026-10-03T15:04:00.3860895Z Setting up libvisual-0.4-0:amd64 (0.4.2-2build1) ...
verify / web	UNKNOWN STEP	2026-10-03T15:04:00.3878941Z Setting up libsoxr0:amd64 (0.1.3-4build3) ...
verify / web	UNKNOWN STEP	2026-10-03T15:04:00.3897509Z Setting up libzix-0-0:amd64 (0.4.2-2build1) ...
verify / web	UNKNOWN STEP	2026-10-03T15:04:00.3918375Z Setting up libcodec2-1.2:amd64 (1.2.0-2build1) ...
verify / web	UNKNOWN STEP	2026-10-03T15:04:00.3939438Z Setting up libmanette-0.2-0:amd64 (0.2.7-1build2) ...
verify / web	UNKNOWN STEP	2026-10-03T15:04:00.3960506Z Setting up libsrtp2-1:amd64 (2.5.0-3build1) ...
verify / web	UNKNOWN STEP	2026-10-03T15:04:00.3980553Z Setting up libgl1-mesa-dri:amd64 (25.2.8-0ubuntu0.24.04.4) ...
verify / web	UNKNOWN STEP	2026-10-03T15:04:00.4052952Z Setting up libmysofa1:amd64 (1.3.2+dfsg-2ubuntu2) ...
verify / web	UNKNOWN STEP	2026-10-03T15:04:00.4077509Z Setting up libraptor2-0:amd64 (2.0.16-3ubuntu0.1) ...
verify / web	UNKNOWN STEP	2026-10-03T15:04:00.4097059Z Setting up libldacbt-enc2:amd64 (2.0.2.3+git20200429+ed310a0-4ubuntu2) ...
verify / web	UNKNOWN STEP	2026-10-03T15:04:00.4118077Z Setting up fonts-wqy-zenhei (0.9.45-8) ...
verify / web	UNKNOWN STEP	2026-10-03T15:04:00.4229463Z Setting up libwebrtc-audio-processing1:amd64 (0.3.1-0ubuntu6) ...
verify / web	UNKNOWN STEP	2026-10-03T15:04:00.4249359Z Setting up fonts-freefont-ttf (20211204+svn4273-2) ...
verify / web	UNKNOWN STEP	2026-10-03T15:04:00.4271950Z Setting up libevent-2.1-7t64:amd64 (2.1.12-stable-9ubuntu2.2) ...
verify / web	UNKNOWN STEP	2026-10-03T15:04:00.4291003Z Setting up libsvtav1enc1d1:amd64 (1.7.0+dfsg-2build1) ...
verify / web	UNKNOWN STEP	2026-10-03T15:04:00.4312639Z Setting up libsoup-3.0-common (3.4.4-5ubuntu0.8) ...
verify / web	UNKNOWN STEP	2026-10-03T15:04:00.4333909Z Setting up libmpg123-0t64:amd64 (1.32.5-1ubuntu1.1) ...
verify / web	UNKNOWN STEP	2026-10-03T15:04:00.4352956Z Setting up libcjson1:amd64 (1.7.17-1) ...
verify / web	UNKNOWN STEP	2026-10-03T15:04:00.4373182Z Setting up libxvidcore4:amd64 (2:1.3.7-1build1) ...
verify / web	UNKNOWN STEP	2026-10-03T15:04:00.4392860Z Setting up libmpcdec6:amd64 (2:0.1~r495-2build1) ...
verify / web	UNKNOWN STEP	2026-10-03T15:04:00.4415536Z Setting up libmjpegutils-2.1-0t64:amd64 (1:2.1.0+debian-8.1build1) ...
verify / web	UNKNOWN STEP	2026-10-03T15:04:00.4434078Z Setting up librav1e0:amd64 (0.7.1-2) ...
verify / web	UNKNOWN STEP	2026-10-03T15:04:00.4453461Z Setting up liborc-0.4-0t64:amd64 (1:0.4.38-1ubuntu0.1) ...
verify / web	UNKNOWN STEP	2026-10-03T15:04:00.4479419Z Setting up libxcb-xkb1:amd64 (1.15-1ubuntu2) ...
verify / web	UNKNOWN STEP	2026-10-03T15:04:00.4500790Z Setting up libvo-aacenc0:amd64 (0.1.3-2build1) ...
verify / web	UNKNOWN STEP	2026-10-03T15:04:00.4521323Z Setting up librist4:amd64 (0.2.10+dfsg-2) ...
verify / web	UNKNOWN STEP	2026-10-03T15:04:00.4539524Z Setting up librsvg2-2:amd64 (2.58.0+dfsg-1build1) ...
verify / web	UNKNOWN STEP	2026-10-03T15:04:00.4559068Z Setting up libblas3:amd64 (3.12.0-3build1.1) ...
verify / web	UNKNOWN STEP	2026-10-03T15:04:00.4611883Z update-alternatives: using /usr/lib/x86_64-linux-gnu/blas/libblas.so.3 to provide /usr/lib/x86_64-linux-gnu/libblas.so.3 (libblas.so.3-x86_64-linux-gnu) in auto mode
verify / web	UNKNOWN STEP	2026-10-03T15:04:00.4631054Z Setting up libegl-mesa0:amd64 (25.2.8-0ubuntu0.24.04.4) ...
verify / web	UNKNOWN STEP	2026-10-03T15:04:00.4650375Z Setting up libsoundtouch1:amd64 (2.3.2+ds1-1build1) ...
verify / web	UNKNOWN STEP	2026-10-03T15:04:00.4675029Z Setting up libplacebo338:amd64 (6.338.2-2build1) ...
verify / web	UNKNOWN STEP	2026-10-03T15:04:00.4700433Z Setting up libgles2:amd64 (1.7.0-1build1) ...
verify / web	UNKNOWN STEP	2026-10-03T15:04:00.4718382Z Setting up fonts-tlwg-loma-otf (1:0.7.3-1) ...
verify / web	UNKNOWN STEP	2026-10-03T15:04:00.4739481Z Setting up libva2:amd64 (2.20.0-2ubuntu0.2) ...
verify / web	UNKNOWN STEP	2026-10-03T15:04:00.4757782Z Setting up libspa-0.2-modules:amd64 (1.0.5-1ubuntu3.3) ...
verify / web	UNKNOWN STEP	2026-10-03T15:04:00.4777775Z Setting up libzxing3:amd64 (2.2.1-3) ...
verify / web	UNKNOWN STEP	2026-10-03T15:04:00.4796775Z Setting up xfonts-encodings (1:1.0.5-0ubuntu2) ...
verify / web	UNKNOWN STEP	2026-10-03T15:04:00.4814058Z Setting up libopus0:amd64 (1.4-1build1) ...
verify / web	UNKNOWN STEP	2026-10-03T15:04:00.4834043Z Setting up libfaad2:amd64 (2.11.1-1build1) ...
verify / web	UNKNOWN STEP	2026-10-03T15:04:00.4852221Z Setting up libxkbcommon-x11-0:amd64 (1.6.0-1build1) ...
verify / web	UNKNOWN STEP	2026-10-03T15:04:00.4872741Z Setting up libdc1394-25:amd64 (2.2.6-4build1) ...
verify / web	UNKNOWN STEP	2026-10-03T15:04:00.4890868Z Setting up libimath-3-1-29t64:amd64 (3.1.9-3.1ubuntu2) ...
verify / web	UNKNOWN STEP	2026-10-03T15:04:00.4908104Z Setting up libunibreak5:amd64 (5.1-2build1) ...
verify / web	UNKNOWN STEP	2026-10-03T15:04:00.4932471Z Setting up libdv4t64:amd64 (1.0.0-17.1build1) ...
verify / web	UNKNOWN STEP	2026-10-03T15:04:00.4953816Z Setting up libjxl0.7:amd64 (0.7.0-10.2ubuntu6.1) ...
verify / web	UNKNOWN STEP	2026-10-03T15:04:00.4974049Z Setting up libopenh264-7:amd64 (2.4.1+dfsg-1) ...
verify / web	UNKNOWN STEP	2026-10-03T15:04:00.4992353Z Setting up libltc11:amd64 (1.3.2-1build1) ...
verify / web	UNKNOWN STEP	2026-10-03T15:04:00.5009524Z Setting up libx265-199:amd64 (3.5-2build1) ...
verify / web	UNKNOWN STEP	2026-10-03T15:04:00.5470078Z Setting up libv4l-0t64:amd64 (1.26.1-4build3) ...
verify / web	UNKNOWN STEP	2026-10-03T15:04:00.5492660Z Setting up libavtp0:amd64 (0.2.0-1build1) ...
verify / web	UNKNOWN STEP	2026-10-03T15:04:00.5518047Z Setting up libsndio7.0:amd64 (1.9.0-0.3build3) ...
verify / web	UNKNOWN STEP	2026-10-03T15:04:00.5536336Z Setting up libdirectfb-1.7-7t64:amd64 (1.7.7-11.1ubuntu2) ...
verify / web	UNKNOWN STEP	2026-10-03T15:04:00.5556623Z Setting up libspandsp2t64:amd64 (0.0.6+dfsg-2.1build1) ...
verify / web	UNKNOWN STEP	2026-10-03T15:04:00.5580653Z Setting up libvidstab1.1:amd64 (1.1.0-2build1) ...
verify / web	UNKNOWN STEP	2026-10-03T15:04:00.5597906Z Setting up libvpx9:amd64 (1.14.0-1ubuntu2.3) ...
verify / web	UNKNOWN STEP	2026-10-03T15:04:00.5618276Z Setting up libsrt1.5-gnutls:amd64 (1.5.3-1build2) ...
verify / web	UNKNOWN STEP	2026-10-03T15:04:00.5636868Z Setting up libtag1v5:amd64 (1.13.1-1build1) ...
verify / web	UNKNOWN STEP	2026-10-03T15:04:00.5658427Z Setting up libflite1:amd64 (2.2-6build3) ...
verify / web	UNKNOWN STEP	2026-10-03T15:04:00.5678317Z Setting up libdav1d7:amd64 (1.4.1-1build1) ...
verify / web	UNKNOWN STEP	2026-10-03T15:04:00.5945847Z Setting up libva-drm2:amd64 (2.20.0-2ubuntu0.2) ...
verify / web	UNKNOWN STEP	2026-10-03T15:04:00.5946780Z Setting up fonts-ipafont-gothic (00303-21ubuntu1) ...
verify / web	UNKNOWN STEP	2026-10-03T15:04:00.5947868Z update-alternatives: using /usr/share/fonts/opentype/ipafont-gothic/ipag.ttf to provide /usr/share/fonts/truetype/fonts-japanese-gothic.ttf (fonts-japanese-gothic.ttf) in auto mode
verify / web	UNKNOWN STEP	2026-10-03T15:04:00.5949190Z Setting up ocl-icd-libopencl1:amd64 (2.3.2-1build1) ...
verify / web	UNKNOWN STEP	2026-10-03T15:04:00.5949925Z Setting up libasyncns0:amd64 (0.8-6build4) ...
verify / web	UNKNOWN STEP	2026-10-03T15:04:00.5950382Z Setting up libwildmidi2:amd64 (0.4.3-1build3) ...
verify / web	UNKNOWN STEP	2026-10-03T15:04:00.5950746Z Setting up libvdpau1:amd64 (1.5-2build1) ...
verify / web	UNKNOWN STEP	2026-10-03T15:04:00.5951060Z Setting up libwavpack1:amd64 (5.6.0-1build1) ...
verify / web	UNKNOWN STEP	2026-10-03T15:04:00.5951397Z Setting up libbs2b0:amd64 (3.1.0+dfsg-7build1) ...
verify / web	UNKNOWN STEP	2026-10-03T15:04:00.5951743Z Setting up libtheora0:amd64 (1.1.1+dfsg.1-16.1build3) ...
verify / web	UNKNOWN STEP	2026-10-03T15:04:00.5965455Z Setting up libegl1:amd64 (1.7.0-1build1) ...
verify / web	UNKNOWN STEP	2026-10-03T15:04:00.5989320Z Setting up libdecor-0-0:amd64 (0.2.2-1build2) ...
verify / web	UNKNOWN STEP	2026-10-03T15:04:00.6007293Z Setting up libdca0:amd64 (0.0.7-2build1) ...
verify / web	UNKNOWN STEP	2026-10-03T15:04:00.6033867Z Setting up libzimg2:amd64 (3.0.5+ds1-1build1) ...
verify / web	UNKNOWN STEP	2026-10-03T15:04:00.6051930Z Setting up libopenal-data (1:1.23.1-4build1) ...
verify / web	UNKNOWN STEP	2026-10-03T15:04:00.6078836Z Setting up libevent-core-2.1-7t64:amd64 (2.1.12-stable-9ubuntu2.2) ...
verify / web	UNKNOWN STEP	2026-10-03T15:04:00.6098085Z Setting up libabsl20220623t64:amd64 (20220623.1-3.1ubuntu3.2) ...
verify / web	UNKNOWN STEP	2026-10-03T15:04:00.6115382Z Setting up libflac12t64:amd64 (1.4.3+ds-2.1ubuntu2) ...
verify / web	UNKNOWN STEP	2026-10-03T15:04:00.6135833Z Setting up libgtk-4-common (4.14.5+ds-0ubuntu0.10) ...
verify / web	UNKNOWN STEP	2026-10-03T15:04:00.6153900Z Setting up libmpeg2encpp-2.1-0t64:amd64 (1:2.1.0+debian-8.1build1) ...
verify / web	UNKNOWN STEP	2026-10-03T15:04:00.6175974Z Setting up glib-networking-common (2.80.0-1build1) ...
verify / web	UNKNOWN STEP	2026-10-03T15:04:00.6198278Z Setting up libmfx1:amd64 (22.5.4-1) ...
verify / web	UNKNOWN STEP	2026-10-03T15:04:00.6216712Z Setting up libbluray2:amd64 (1:1.3.4-1build1) ...
verify / web	UNKNOWN STEP	2026-10-03T15:04:00.6239008Z Setting up libde265-0:amd64 (1.0.15-1ubuntu0.1) ...
verify / web	UNKNOWN STEP	2026-10-03T15:04:00.6258170Z Setting up libsamplerate0:amd64 (0.2.2-4build1) ...
verify / web	UNKNOWN STEP	2026-10-03T15:04:00.6279221Z Setting up timgm6mb-soundfont (1.3-5) ...
verify / web	UNKNOWN STEP	2026-10-03T15:04:00.6355237Z update-alternatives: using /usr/share/sounds/sf2/TimGM6mb.sf2 to provide /usr/share/sounds/sf2/default-GM.sf2 (default-GM.sf2) in auto mode
verify / web	UNKNOWN STEP	2026-10-03T15:04:00.6393357Z update-alternatives: using /usr/share/sounds/sf2/TimGM6mb.sf2 to provide /usr/share/sounds/sf3/default-GM.sf3 (default-GM.sf3) in auto mode
verify / web	UNKNOWN STEP	2026-10-03T15:04:00.6409887Z Setting up libva-x11-2:amd64 (2.20.0-2ubuntu0.2) ...
verify / web	UNKNOWN STEP	2026-10-03T15:04:00.6433356Z Setting up libyuv0:amd64 (0.0~git202401110.af6ac82-1) ...
verify / web	UNKNOWN STEP	2026-10-03T15:04:00.6452256Z Setting up libmplex2-2.1-0t64:amd64 (1:2.1.0+debian-8.1build1) ...
verify / web	UNKNOWN STEP	2026-10-03T15:04:00.6474248Z Setting up libpipewire-0.3-0t64:amd64 (1.0.5-1ubuntu3.3) ...
verify / web	UNKNOWN STEP	2026-10-03T15:04:00.6493784Z Setting up libopenmpt0t64:amd64 (0.7.3-1.1build3) ...
verify / web	UNKNOWN STEP	2026-10-03T15:04:00.6514188Z Setting up libzvbi-common (0.2.42-2) ...
verify / web	UNKNOWN STEP	2026-10-03T15:04:00.6535494Z Setting up libsecret-common (0.21.4-1build3) ...
verify / web	UNKNOWN STEP	2026-10-03T15:04:00.6554013Z Setting up libmp3lame0:amd64 (3.100-6build1) ...
verify / web	UNKNOWN STEP	2026-10-03T15:04:00.6574251Z Setting up libgraphene-1.0-0:amd64 (1.10.8-3build2) ...
verify / web	UNKNOWN STEP	2026-10-03T15:04:00.6593778Z Setting up libvorbisenc2:amd64 (1.3.7-1build3) ...
verify / web	UNKNOWN STEP	2026-10-03T15:04:00.6611164Z Setting up libdvdnav4:amd64 (6.1.1-3build1) ...
verify / web	UNKNOWN STEP	2026-10-03T15:04:00.6634435Z Setting up fonts-unifont (1:15.1.01-1build1) ...
verify / web	UNKNOWN STEP	2026-10-03T15:04:00.6652088Z Setting up libaa1:amd64 (1.4p5-51.1) ...
verify / web	UNKNOWN STEP	2026-10-03T15:04:00.6676175Z Setting up libiec61883-0:amd64 (1.2.0-6build1) ...
verify / web	UNKNOWN STEP	2026-10-03T15:04:00.6694690Z Setting up libserd-0-0:amd64 (0.32.2-1) ...
verify / web	UNKNOWN STEP	2026-10-03T15:04:00.6719079Z Setting up libavc1394-0:amd64 (0.5.4-5build3) ...
verify / web	UNKNOWN STEP	2026-10-03T15:04:00.6736221Z Setting up gsettings-desktop-schemas (46.1-0ubuntu1) ...
verify / web	UNKNOWN STEP	2026-10-03T15:04:00.6759107Z Setting up glib-networking-services (2.80.0-1build1) ...
verify / web	UNKNOWN STEP	2026-10-03T15:04:00.6779492Z Setting up liblapack3:amd64 (3.12.0-3build1.1) ...
verify / web	UNKNOWN STEP	2026-10-03T15:04:00.6829212Z update-alternatives: using /usr/lib/x86_64-linux-gnu/lapack/liblapack.so.3 to provide /usr/lib/x86_64-linux-gnu/liblapack.so.3 (liblapack.so.3-x86_64-linux-gnu) in auto mode
verify / web	UNKNOWN STEP	2026-10-03T15:04:00.6845550Z Setting up libglx-mesa0:amd64 (25.2.8-0ubuntu0.24.04.4) ...
verify / web	UNKNOWN STEP	2026-10-03T15:04:00.6870548Z Setting up libzvbi0t64:amd64 (0.2.42-2) ...
verify / web	UNKNOWN STEP	2026-10-03T15:04:00.6887505Z Setting up libevent-pthreads-2.1-7t64:amd64 (2.1.12-stable-9ubuntu2.2) ...
verify / web	UNKNOWN STEP	2026-10-03T15:04:00.6904960Z Setting up liblrdf0:amd64 (0.6.1-4build1) ...
verify / web	UNKNOWN STEP	2026-10-03T15:04:00.6931212Z Setting up libzbar0t64:amd64 (0.23.93-4build3) ...
verify / web	UNKNOWN STEP	2026-10-03T15:04:00.6948608Z Setting up libgstreamer-plugins-base1.0-0:amd64 (1.24.2-1ubuntu0.5) ...
verify / web	UNKNOWN STEP	2026-10-03T15:04:00.6971785Z Setting up libavutil58:amd64 (7:6.1.1-3ubuntu5) ...
verify / web	UNKNOWN STEP	2026-10-03T15:04:00.6992282Z Setting up libopenal1:amd64 (1:1.23.1-4build1) ...
verify / web	UNKNOWN STEP	2026-10-03T15:04:00.7011853Z Setting up xfonts-utils (1:7.7+6build3) ...
verify / web	UNKNOWN STEP	2026-10-03T15:04:00.7051540Z Setting up libsecret-1-0:amd64 (0.21.4-1build3) ...
verify / web	UNKNOWN STEP	2026-10-03T15:04:00.7070164Z Setting up libgstreamer-plugins-good1.0-0:amd64 (1.24.2-1ubuntu1.8) ...
verify / web	UNKNOWN STEP	2026-10-03T15:04:00.7090819Z Setting up libgstreamer-gl1.0-0:amd64 (1.24.2-1ubuntu0.5) ...
verify / web	UNKNOWN STEP	2026-10-03T15:04:00.7110861Z Setting up gstreamer1.0-plugins-base:amd64 (1.24.2-1ubuntu0.5) ...
verify / web	UNKNOWN STEP	2026-10-03T15:04:00.7130310Z Setting up libass9:amd64 (1:0.17.1-2build1) ...
verify / web	UNKNOWN STEP	2026-10-03T15:04:00.7150308Z Setting up libswresample4:amd64 (7:6.1.1-3ubuntu5) ...
verify / web	UNKNOWN STEP	2026-10-03T15:04:00.7168216Z Setting up libopenexr-3-1-30:amd64 (3.1.5-5.1build3) ...
verify / web	UNKNOWN STEP	2026-10-03T15:04:00.7189895Z Setting up libshout3:amd64 (2.4.6-1build2) ...
verify / web	UNKNOWN STEP	2026-10-03T15:04:00.7209197Z Setting up libgav1-1:amd64 (0.18.0-1build3) ...
verify / web	UNKNOWN STEP	2026-10-03T15:04:00.7227169Z Setting up libavcodec60:amd64 (7:6.1.1-3ubuntu5) ...
verify / web	UNKNOWN STEP	2026-10-03T15:04:00.7252491Z Setting up librubberband2:amd64 (3.3.0+dfsg-2build1) ...
verify / web	UNKNOWN STEP	2026-10-03T15:04:00.7270302Z Setting up libjack-jackd2-0:amd64 (1.9.21~dfsg-3ubuntu3) ...
verify / web	UNKNOWN STEP	2026-10-03T15:04:00.7293812Z Setting up libsord-0-0:amd64 (0.16.16-2build1) ...
verify / web	UNKNOWN STEP	2026-10-03T15:04:00.7318967Z Setting up xfonts-cyrillic (1:1.0.5+nmu1) ...
verify / web	UNKNOWN STEP	2026-10-03T15:04:00.7583766Z Setting up libpostproc57:amd64 (7:6.1.1-3ubuntu5) ...
verify / web	UNKNOWN STEP	2026-10-03T15:04:00.7612211Z Setting up libsratom-0-0:amd64 (0.6.16-1build1) ...
verify / web	UNKNOWN STEP	2026-10-03T15:04:00.7630828Z Setting up libsndfile1:amd64 (1.2.2-1ubuntu5.24.04.1) ...
verify / web	UNKNOWN STEP	2026-10-03T15:04:00.7663252Z Setting up liblilv-0-0:amd64 (0.24.22-1build1) ...
verify / web	UNKNOWN STEP	2026-10-03T15:04:00.8149883Z Setting up libinstpatch-1.0-2:amd64 (1.1.6-1build2) ...
verify / web	UNKNOWN STEP	2026-10-03T15:04:00.8168399Z Setting up xfonts-scalable (1:1.0.3-1.3) ...
verify / web	UNKNOWN STEP	2026-10-03T15:04:00.8405554Z Setting up libswscale7:amd64 (7:6.1.1-3ubuntu5) ...
verify / web	UNKNOWN STEP	2026-10-03T15:04:00.8424805Z Setting up libavif16:amd64 (1.0.4-1ubuntu3) ...
verify / web	UNKNOWN STEP	2026-10-03T15:04:00.8447847Z Setting up libpulse0:amd64 (1:16.1+dfsg1-2ubuntu10.1) ...
verify / web	UNKNOWN STEP	2026-10-03T15:04:00.8512193Z Setting up libavformat60:amd64 (7:6.1.1-3ubuntu5) ...
verify / web	UNKNOWN STEP	2026-10-03T15:04:00.8539331Z Setting up libsphinxbase3t64:amd64 (0.8+5prealpha+1-17build2) ...
verify / web	UNKNOWN STEP	2026-10-03T15:04:00.8559277Z Setting up libsdl2-2.0-0:amd64 (2.30.0+dfsg-1ubuntu3.1) ...
verify / web	UNKNOWN STEP	2026-10-03T15:04:00.8580237Z Setting up libfluidsynth3:amd64 (2.3.4-1build3) ...
verify / web	UNKNOWN STEP	2026-10-03T15:04:00.8599163Z Setting up libpocketsphinx3:amd64 (0.8.0+real5prealpha+1-15ubuntu5) ...
verify / web	UNKNOWN STEP	2026-10-03T15:04:00.8621146Z Setting up libavfilter9:amd64 (7:6.1.1-3ubuntu5) ...
verify / web	UNKNOWN STEP	2026-10-03T15:04:00.8643224Z Setting up gstreamer1.0-libav:amd64 (1.24.1-1build1) ...
verify / web	UNKNOWN STEP	2026-10-03T15:04:00.8999019Z Processing triggers for fontconfig (2.15.0-1.1ubuntu2) ...
verify / web	UNKNOWN STEP	2026-10-03T15:04:00.9796420Z Processing triggers for libc-bin (2.39-0ubuntu8.9) ...
verify / web	UNKNOWN STEP	2026-10-03T15:04:01.0194410Z Processing triggers for man-db (2.12.0-4build2) ...
verify / web	UNKNOWN STEP	2026-10-03T15:04:01.0213911Z Not building database; man-db/auto-update is not 'true'.
verify / web	UNKNOWN STEP	2026-10-03T15:04:01.0244650Z Processing triggers for libglib2.0-0t64:amd64 (2.80.0-6ubuntu3.9) ...
verify / web	UNKNOWN STEP	2026-10-03T15:04:01.0877606Z Setting up libgtk-4-1:amd64 (4.14.5+ds-0ubuntu0.10) ...
verify / web	UNKNOWN STEP	2026-10-03T15:04:01.1702497Z Setting up glib-networking:amd64 (2.80.0-1build1) ...
verify / web	UNKNOWN STEP	2026-10-03T15:04:01.1745308Z Setting up libsoup-3.0-0:amd64 (3.4.4-5ubuntu0.8) ...
verify / web	UNKNOWN STEP	2026-10-03T15:04:01.1782487Z Setting up libgssdp-1.6-0:amd64 (1.6.3-1build3) ...
verify / web	UNKNOWN STEP	2026-10-03T15:04:01.1868064Z Setting up gstreamer1.0-plugins-good:amd64 (1.24.2-1ubuntu1.8) ...
verify / web	UNKNOWN STEP	2026-10-03T15:04:01.1894915Z Setting up libgupnp-1.6-0:amd64 (1.6.6-1build3) ...
verify / web	UNKNOWN STEP	2026-10-03T15:04:01.1976463Z Setting up libgupnp-igd-1.6-0:amd64 (1.6.0-3build3) ...
verify / web	UNKNOWN STEP	2026-10-03T15:04:01.2014700Z Setting up libnice10:amd64 (0.1.21-2build3) ...
verify / web	UNKNOWN STEP	2026-10-03T15:04:01.2075018Z Setting up libgstreamer-plugins-bad1.0-0:amd64 (1.24.2-1ubuntu4) ...
verify / web	UNKNOWN STEP	2026-10-03T15:04:01.2125723Z Setting up gstreamer1.0-plugins-bad:amd64 (1.24.2-1ubuntu4) ...
verify / web	UNKNOWN STEP	2026-10-03T15:04:01.2149294Z Processing triggers for libc-bin (2.39-0ubuntu8.9) ...
verify / web	UNKNOWN STEP	2026-10-03T15:04:01.8327443Z 
verify / web	UNKNOWN STEP	2026-10-03T15:04:01.8328162Z Running kernel seems to be up-to-date.
verify / web	UNKNOWN STEP	2026-10-03T15:04:01.8328506Z 
verify / web	UNKNOWN STEP	2026-10-03T15:04:01.8328955Z No services need to be restarted.
verify / web	UNKNOWN STEP	2026-10-03T15:04:01.8329315Z 
verify / web	UNKNOWN STEP	2026-10-03T15:04:01.8329690Z No containers need to be restarted.
verify / web	UNKNOWN STEP	2026-10-03T15:04:01.8329955Z 
verify / web	UNKNOWN STEP	2026-10-03T15:04:01.8330140Z No user sessions are running outdated binaries.
verify / web	UNKNOWN STEP	2026-10-03T15:04:01.8330447Z 
verify / web	UNKNOWN STEP	2026-10-03T15:04:01.8330731Z No VM guests are running outdated hypervisor (qemu) binaries on this host.
verify / web	UNKNOWN STEP	2026-10-03T15:04:02.7573871Z Downloading Chrome for Testing 153.0.8010.12 (playwright chromium v1243) from https://cdn.playwright.dev/builds/cft/153.0.8010.12/linux64/chrome-linux64.zip
verify / web	UNKNOWN STEP	2026-10-03T15:04:03.1656713Z |                                                                                |   0% of 186.8 MiB
verify / web	UNKNOWN STEP	2026-10-03T15:04:03.3095895Z |■■■■■■■■                                                                        |  10% of 186.8 MiB
verify / web	UNKNOWN STEP	2026-10-03T15:04:03.3984330Z |■■■■■■■■■■■■■■■■                                                                |  20% of 186.8 MiB
verify / web	UNKNOWN STEP	2026-10-03T15:04:03.4961011Z |■■■■■■■■■■■■■■■■■■■■■■■■                                                        |  30% of 186.8 MiB
verify / web	UNKNOWN STEP	2026-10-03T15:04:03.6115482Z |■■■■■■■■■■■■■■■■■■■■■■■■■■■■■■■■                                                |  40% of 186.8 MiB
verify / web	UNKNOWN STEP	2026-10-03T15:04:03.7064744Z |■■■■■■■■■■■■■■■■■■■■■■■■■■■■■■■■■■■■■■■■                                        |  50% of 186.8 MiB
verify / web	UNKNOWN STEP	2026-10-03T15:04:03.7975915Z |■■■■■■■■■■■■■■■■■■■■■■■■■■■■■■■■■■■■■■■■■■■■■■■■                                |  60% of 186.8 MiB
verify / web	UNKNOWN STEP	2026-10-03T15:04:03.9506299Z |■■■■■■■■■■■■■■■■■■■■■■■■■■■■■■■■■■■■■■■■■■■■■■■■■■■■■■■■                        |  70% of 186.8 MiB
verify / web	UNKNOWN STEP	2026-10-03T15:04:04.0907719Z |■■■■■■■■■■■■■■■■■■■■■■■■■■■■■■■■■■■■■■■■■■■■■■■■■■■■■■■■■■■■■■■■                |  80% of 186.8 MiB
verify / web	UNKNOWN STEP	2026-10-03T15:04:04.1924255Z |■■■■■■■■■■■■■■■■■■■■■■■■■■■■■■■■■■■■■■■■■■■■■■■■■■■■■■■■■■■■■■■■■■■■■■■■        |  90% of 186.8 MiB
verify / web	UNKNOWN STEP	2026-10-03T15:04:04.2745085Z |■■■■■■■■■■■■■■■■■■■■■■■■■■■■■■■■■■■■■■■■■■■■■■■■■■■■■■■■■■■■■■■■■■■■■■■■■■■■■■■■| 100% of 186.8 MiB
verify / web	UNKNOWN STEP	2026-10-03T15:04:07.1439860Z Chrome for Testing 153.0.8010.12 (playwright chromium v1243) downloaded to /home/runner/.cache/ms-playwright/chromium-1243
verify / web	UNKNOWN STEP	2026-10-03T15:04:07.1443060Z Downloading FFmpeg (playwright ffmpeg v1011) from https://cdn.playwright.dev/dbazure/download/playwright/builds/ffmpeg/1011/ffmpeg-linux.zip
verify / web	UNKNOWN STEP	2026-10-03T15:04:07.5818938Z |                                                                                |   0% of 2.3 MiB
verify / web	UNKNOWN STEP	2026-10-03T15:04:07.5872189Z |■■■■■■■■                                                                        |  10% of 2.3 MiB
verify / web	UNKNOWN STEP	2026-10-03T15:04:07.5973250Z |■■■■■■■■■■■■■■■■                                                                |  20% of 2.3 MiB
verify / web	UNKNOWN STEP	2026-10-03T15:04:07.6087891Z |■■■■■■■■■■■■■■■■■■■■■■■■                                                        |  31% of 2.3 MiB
verify / web	UNKNOWN STEP	2026-10-03T15:04:07.6138384Z |■■■■■■■■■■■■■■■■■■■■■■■■■■■■■■■■                                                |  40% of 2.3 MiB
verify / web	UNKNOWN STEP	2026-10-03T15:04:07.6165585Z |■■■■■■■■■■■■■■■■■■■■■■■■■■■■■■■■■■■■■■■■                                        |  50% of 2.3 MiB
verify / web	UNKNOWN STEP	2026-10-03T15:04:07.6187001Z |■■■■■■■■■■■■■■■■■■■■■■■■■■■■■■■■■■■■■■■■■■■■■■■■                                |  61% of 2.3 MiB
verify / web	UNKNOWN STEP	2026-10-03T15:04:07.6202463Z |■■■■■■■■■■■■■■■■■■■■■■■■■■■■■■■■■■■■■■■■■■■■■■■■■■■■■■■■                        |  70% of 2.3 MiB
verify / web	UNKNOWN STEP	2026-10-03T15:04:07.6213575Z |■■■■■■■■■■■■■■■■■■■■■■■■■■■■■■■■■■■■■■■■■■■■■■■■■■■■■■■■■■■■■■■■                |  80% of 2.3 MiB
verify / web	UNKNOWN STEP	2026-10-03T15:04:07.6228517Z |■■■■■■■■■■■■■■■■■■■■■■■■■■■■■■■■■■■■■■■■■■■■■■■■■■■■■■■■■■■■■■■■■■■■■■■■        |  92% of 2.3 MiB
verify / web	UNKNOWN STEP	2026-10-03T15:04:07.6235058Z |■■■■■■■■■■■■■■■■■■■■■■■■■■■■■■■■■■■■■■■■■■■■■■■■■■■■■■■■■■■■■■■■■■■■■■■■■■■■■■■■| 100% of 2.3 MiB
verify / web	UNKNOWN STEP	2026-10-03T15:04:07.6790946Z FFmpeg (playwright ffmpeg v1011) downloaded to /home/runner/.cache/ms-playwright/ffmpeg-1011
verify / web	UNKNOWN STEP	2026-10-03T15:04:07.6793857Z Downloading Chrome Headless Shell 153.0.8010.12 (playwright chromium-headless-shell v1243) from https://cdn.playwright.dev/builds/cft/153.0.8010.12/linux64/chrome-headless-shell-linux64.zip
verify / web	UNKNOWN STEP	2026-10-03T15:04:08.0881439Z |                                                                                |   0% of 114.3 MiB
verify / web	UNKNOWN STEP	2026-10-03T15:04:08.2190436Z |■■■■■■■■                                                                        |  10% of 114.3 MiB
verify / web	UNKNOWN STEP	2026-10-03T15:04:08.3140893Z |■■■■■■■■■■■■■■■■                                                                |  20% of 114.3 MiB
verify / web	UNKNOWN STEP	2026-10-03T15:04:08.3821490Z |■■■■■■■■■■■■■■■■■■■■■■■■                                                        |  30% of 114.3 MiB
verify / web	UNKNOWN STEP	2026-10-03T15:04:08.4675427Z |■■■■■■■■■■■■■■■■■■■■■■■■■■■■■■■■                                                |  40% of 114.3 MiB
verify / web	UNKNOWN STEP	2026-10-03T15:04:08.5598380Z |■■■■■■■■■■■■■■■■■■■■■■■■■■■■■■■■■■■■■■■■                                        |  50% of 114.3 MiB
verify / web	UNKNOWN STEP	2026-10-03T15:04:08.6565502Z |■■■■■■■■■■■■■■■■■■■■■■■■■■■■■■■■■■■■■■■■■■■■■■■■                                |  60% of 114.3 MiB
verify / web	UNKNOWN STEP	2026-10-03T15:04:08.8588475Z |■■■■■■■■■■■■■■■■■■■■■■■■■■■■■■■■■■■■■■■■■■■■■■■■■■■■■■■■                        |  70% of 114.3 MiB
verify / web	UNKNOWN STEP	2026-10-03T15:04:08.9356961Z |■■■■■■■■■■■■■■■■■■■■■■■■■■■■■■■■■■■■■■■■■■■■■■■■■■■■■■■■■■■■■■■■                |  80% of 114.3 MiB
verify / web	UNKNOWN STEP	2026-10-03T15:04:09.0210634Z |■■■■■■■■■■■■■■■■■■■■■■■■■■■■■■■■■■■■■■■■■■■■■■■■■■■■■■■■■■■■■■■■■■■■■■■■        |  90% of 114.3 MiB
verify / web	UNKNOWN STEP	2026-10-03T15:04:09.1024062Z |■■■■■■■■■■■■■■■■■■■■■■■■■■■■■■■■■■■■■■■■■■■■■■■■■■■■■■■■■■■■■■■■■■■■■■■■■■■■■■■■| 100% of 114.3 MiB
verify / web	UNKNOWN STEP	2026-10-03T15:04:11.1782112Z Chrome Headless Shell 153.0.8010.12 (playwright chromium-headless-shell v1243) downloaded to /home/runner/.cache/ms-playwright/chromium_headless_shell-1243
verify / web	UNKNOWN STEP	2026-10-03T15:04:11.1785012Z Downloading Firefox 155.0 (playwright firefox v1543) from https://cdn.playwright.dev/dbazure/download/playwright/builds/firefox/1543/firefox-ubuntu-24.04.zip
verify / web	UNKNOWN STEP	2026-10-03T15:04:11.5382650Z |                                                                                |   0% of 109.5 MiB
verify / web	UNKNOWN STEP	2026-10-03T15:04:11.7032627Z |■■■■■■■■                                                                        |  10% of 109.5 MiB
verify / web	UNKNOWN STEP	2026-10-03T15:04:11.8370958Z |■■■■■■■■■■■■■■■■                                                                |  20% of 109.5 MiB
verify / web	UNKNOWN STEP	2026-10-03T15:04:12.0545393Z |■■■■■■■■■■■■■■■■■■■■■■■■                                                        |  30% of 109.5 MiB
verify / web	UNKNOWN STEP	2026-10-03T15:04:12.1536979Z |■■■■■■■■■■■■■■■■■■■■■■■■■■■■■■■■                                                |  40% of 109.5 MiB
verify / web	UNKNOWN STEP	2026-10-03T15:04:12.2398327Z |■■■■■■■■■■■■■■■■■■■■■■■■■■■■■■■■■■■■■■■■                                        |  50% of 109.5 MiB
verify / web	UNKNOWN STEP	2026-10-03T15:04:12.3164362Z |■■■■■■■■■■■■■■■■■■■■■■■■■■■■■■■■■■■■■■■■■■■■■■■■                                |  60% of 109.5 MiB
verify / web	UNKNOWN STEP	2026-10-03T15:04:12.3800696Z |■■■■■■■■■■■■■■■■■■■■■■■■■■■■■■■■■■■■■■■■■■■■■■■■■■■■■■■■                        |  70% of 109.5 MiB
verify / web	UNKNOWN STEP	2026-10-03T15:04:12.4649363Z |■■■■■■■■■■■■■■■■■■■■■■■■■■■■■■■■■■■■■■■■■■■■■■■■■■■■■■■■■■■■■■■■                |  80% of 109.5 MiB
verify / web	UNKNOWN STEP	2026-10-03T15:04:12.5642110Z |■■■■■■■■■■■■■■■■■■■■■■■■■■■■■■■■■■■■■■■■■■■■■■■■■■■■■■■■■■■■■■■■■■■■■■■■        |  90% of 109.5 MiB
verify / web	UNKNOWN STEP	2026-10-03T15:04:12.7095543Z |■■■■■■■■■■■■■■■■■■■■■■■■■■■■■■■■■■■■■■■■■■■■■■■■■■■■■■■■■■■■■■■■■■■■■■■■■■■■■■■■| 100% of 109.5 MiB
verify / web	UNKNOWN STEP	2026-10-03T15:04:14.6699330Z Firefox 155.0 (playwright firefox v1543) downloaded to /home/runner/.cache/ms-playwright/firefox-1543
verify / web	UNKNOWN STEP	2026-10-03T15:04:14.6710208Z Downloading WebKit 26.6 (playwright webkit v2359) from https://cdn.playwright.dev/dbazure/download/playwright/builds/webkit/2359/webkit-ubuntu-24.04.zip
verify / web	UNKNOWN STEP	2026-10-03T15:04:15.0404136Z |                                                                                |   0% of 102.3 MiB
verify / web	UNKNOWN STEP	2026-10-03T15:04:15.1528031Z |■■■■■■■■                                                                        |  10% of 102.3 MiB
verify / web	UNKNOWN STEP	2026-10-03T15:04:15.2385448Z |■■■■■■■■■■■■■■■■                                                                |  20% of 102.3 MiB
verify / web	UNKNOWN STEP	2026-10-03T15:04:15.3431143Z |■■■■■■■■■■■■■■■■■■■■■■■■                                                        |  30% of 102.3 MiB
verify / web	UNKNOWN STEP	2026-10-03T15:04:15.4282545Z |■■■■■■■■■■■■■■■■■■■■■■■■■■■■■■■■                                                |  40% of 102.3 MiB
verify / web	UNKNOWN STEP	2026-10-03T15:04:15.4912937Z |■■■■■■■■■■■■■■■■■■■■■■■■■■■■■■■■■■■■■■■■                                        |  50% of 102.3 MiB
verify / web	UNKNOWN STEP	2026-10-03T15:04:15.5758610Z |■■■■■■■■■■■■■■■■■■■■■■■■■■■■■■■■■■■■■■■■■■■■■■■■                                |  60% of 102.3 MiB
verify / web	UNKNOWN STEP	2026-10-03T15:04:15.6663566Z |■■■■■■■■■■■■■■■■■■■■■■■■■■■■■■■■■■■■■■■■■■■■■■■■■■■■■■■■                        |  70% of 102.3 MiB
verify / web	UNKNOWN STEP	2026-10-03T15:04:15.7568557Z |■■■■■■■■■■■■■■■■■■■■■■■■■■■■■■■■■■■■■■■■■■■■■■■■■■■■■■■■■■■■■■■■                |  80% of 102.3 MiB
verify / web	UNKNOWN STEP	2026-10-03T15:04:15.8446144Z |■■■■■■■■■■■■■■■■■■■■■■■■■■■■■■■■■■■■■■■■■■■■■■■■■■■■■■■■■■■■■■■■■■■■■■■■        |  90% of 102.3 MiB
verify / web	UNKNOWN STEP	2026-10-03T15:04:15.9452027Z |■■■■■■■■■■■■■■■■■■■■■■■■■■■■■■■■■■■■■■■■■■■■■■■■■■■■■■■■■■■■■■■■■■■■■■■■■■■■■■■■| 100% of 102.3 MiB
verify / web	UNKNOWN STEP	2026-10-03T15:04:17.8820896Z WebKit 26.6 (playwright webkit v2359) downloaded to /home/runner/.cache/ms-playwright/webkit-2359
verify / web	UNKNOWN STEP	2026-10-03T15:04:18.0901245Z ##[group]Run bun run test:browser
verify / web	UNKNOWN STEP	2026-10-03T15:04:18.0901562Z ^[[36;1mbun run test:browser^[[0m
verify / web	UNKNOWN STEP	2026-10-03T15:04:18.0942276Z shell: /usr/bin/bash -e {0}
verify / web	UNKNOWN STEP	2026-10-03T15:04:18.0942548Z env:
verify / web	UNKNOWN STEP	2026-10-03T15:04:18.0942750Z   MISE_LOG_LEVEL: info
verify / web	UNKNOWN STEP	2026-10-03T15:04:18.0944960Z   MISE_GITHUB_TOKEN: ***
verify / web	UNKNOWN STEP	2026-10-03T15:04:18.0945283Z   MISE_TRUSTED_CONFIG_PATHS: /home/runner/work/ChronoShift/ChronoShift
verify / web	UNKNOWN STEP	2026-10-03T15:04:18.0945621Z   MISE_YES: 1
verify / web	UNKNOWN STEP	2026-10-03T15:04:18.0946872Z   PATH: /home/runner/.local/share/mise/installs/bun/1.4.0/bin:/home/runner/.local/share/mise/installs/node/26.8.1/bin:/home/runner/.local/share/mise/shims:/home/runner/.local/share/mise/bin:/snap/bin:/home/runner/.local/bin:/opt/pipx_bin:/home/runner/.cargo/bin:/home/runner/.config/composer/vendor/bin:/usr/local/.ghcup/bin:/home/runner/.dotnet/tools:/usr/local/sbin:/usr/local/bin:/usr/sbin:/usr/bin:/sbin:/bin:/usr/games:/usr/local/games
verify / web	UNKNOWN STEP	2026-10-03T15:04:18.0948189Z ##[endgroup]
verify / web	UNKNOWN STEP	2026-10-03T15:04:18.1102785Z $ bunx --bun playwright test
verify / web	UNKNOWN STEP	2026-10-03T15:04:18.7642600Z 
verify / web	UNKNOWN STEP	2026-10-03T15:04:18.7643303Z Running 68 tests using 2 workers
verify / web	UNKNOWN STEP	2026-10-03T15:04:18.7643638Z 
verify / web	UNKNOWN STEP	2026-10-03T15:04:20.3315119Z   ✓   1 [foldable] › e2e/foldable.spec.ts:59:0 › tabletop posture confines the scrollable task to the upper screen (963ms)
verify / web	UNKNOWN STEP	2026-10-03T15:04:20.4691371Z   ✓   2 [foldable] › e2e/foldable.spec.ts:3:0 › input and results avoid a vertical hinge and survive folding (1.0s)
verify / web	UNKNOWN STEP	2026-10-03T15:04:20.7440728Z   ✓   3 [foldable] › e2e/foldable.spec.ts:102:0 › notch and home-indicator safe areas inset the task (403ms)
verify / web	UNKNOWN STEP	2026-10-03T15:04:22.8294797Z   ✓   5 [chromium] › e2e/app.spec.ts:64:0 › missing cache reports incomplete and reconnect repairs the complete offline app (1.5s)
verify / web	UNKNOWN STEP	2026-10-03T15:04:23.1699630Z   ✓   4 [chromium] › e2e/app.spec.ts:4:0 › worker failure recovers and a late response cannot resurrect cleared input (2.1s)
verify / web	UNKNOWN STEP	2026-10-03T15:04:23.4247318Z   ✓   6 [chromium] › e2e/app.spec.ts:96:0 › pasted HTML cannot execute or fetch its URL (586ms)
verify / web	UNKNOWN STEP	2026-10-03T15:04:24.0867008Z   ✓   7 [chromium] › e2e/app.spec.ts:117:0 › convert, inspect ambiguity, copy manually and protect privacy (907ms)
verify / web	UNKNOWN STEP	2026-10-03T15:04:24.4914542Z   ✓   8 [chromium] › e2e/app.spec.ts:150:0 › close and reopen offline, then convert previously unseen input (1.1s)
verify / web	UNKNOWN STEP	2026-10-03T15:04:25.4253360Z   ✓   9 [chromium] › e2e/app.spec.ts:169:0 › preferences persist, input does not; denied storage still converts (1.3s)
verify / web	UNKNOWN STEP	2026-10-03T15:04:25.7023727Z   ✓  10 [chromium] › e2e/app.spec.ts:191:0 › input errors recover, edits invalidate results, keyboard keeps multiline input (1.2s)
verify / web	UNKNOWN STEP	2026-10-03T15:04:26.5192521Z   ✓  12 [chromium] › e2e/app.spec.ts:243:0 › offline POST share is single-use and never places message in URL (805ms)
verify / web	UNKNOWN STEP	2026-10-03T15:04:27.7027954Z   ✓  11 [chromium] › e2e/app.spec.ts:214:0 › readable at 320px, dark mode, with no serious accessibility violations (2.3s)
verify / web	UNKNOWN STEP	2026-10-03T15:04:29.2230898Z   ✓  14 [chromium] › e2e/engine.spec.ts:4:0 › independent exact fixture expectations run in the production browser worker (1.5s)
verify / web	UNKNOWN STEP	2026-10-03T15:04:29.4518632Z   ✓  13 [chromium] › e2e/app.spec.ts:281:0 › an update waits, preserves draft on opt-in, and survives a partial next update (2.9s)
verify / web	UNKNOWN STEP	2026-10-03T15:04:30.6547341Z   ✓  16 [chromium] › e2e/responsive.spec.ts:57:0 › touch-sized controls and keyboard navigation remain usable in a short viewport (1.2s)
verify / web	UNKNOWN STEP	2026-10-03T15:04:31.1881287Z   ✓  15 [chromium] › e2e/responsive.spec.ts:3:0 › reflows across cover screens, phones, tablets and desktops without losing work (2.0s)
verify / web	UNKNOWN STEP	2026-10-03T15:04:34.9160886Z   ✓  18 [firefox] › e2e/app.spec.ts:64:0 › missing cache reports incomplete and reconnect repairs the complete offline app (2.7s)
verify / web	UNKNOWN STEP	2026-10-03T15:04:35.5703570Z   ✓  17 [firefox] › e2e/app.spec.ts:4:0 › worker failure recovers and a late response cannot resurrect cleared input (3.9s)
verify / web	UNKNOWN STEP	2026-10-03T15:04:35.8517828Z   ✓  19 [firefox] › e2e/app.spec.ts:96:0 › pasted HTML cannot execute or fetch its URL (925ms)
verify / web	UNKNOWN STEP	2026-10-03T15:04:36.8722145Z   ✓  20 [firefox] › e2e/app.spec.ts:117:0 › convert, inspect ambiguity, copy manually and protect privacy (1.3s)
verify / web	UNKNOWN STEP	2026-10-03T15:04:37.3687664Z   ✓  21 [firefox] › e2e/app.spec.ts:150:0 › close and reopen offline, then convert previously unseen input (1.5s)
verify / web	UNKNOWN STEP	2026-10-03T15:04:38.5861972Z   ✓  22 [firefox] › e2e/app.spec.ts:169:0 › preferences persist, input does not; denied storage still converts (1.7s)
verify / web	UNKNOWN STEP	2026-10-03T15:04:39.2329727Z   ✓  23 [firefox] › e2e/app.spec.ts:191:0 › input errors recover, edits invalidate results, keyboard keeps multiline input (1.8s)
verify / web	UNKNOWN STEP	2026-10-03T15:04:40.4856634Z   ✓  25 [firefox] › e2e/app.spec.ts:243:0 › offline POST share is single-use and never places message in URL (1.2s)
verify / web	UNKNOWN STEP	2026-10-03T15:04:41.5711557Z   ✓  24 [firefox] › e2e/app.spec.ts:214:0 › readable at 320px, dark mode, with no serious accessibility violations (3.0s)
verify / web	UNKNOWN STEP	2026-10-03T15:04:42.3881106Z   ✓  27 [firefox] › e2e/engine.spec.ts:4:0 › independent exact fixture expectations run in the production browser worker (804ms)
verify / web	UNKNOWN STEP	2026-10-03T15:04:44.7762010Z   ✓  26 [firefox] › e2e/app.spec.ts:281:0 › an update waits, preserves draft on opt-in, and survives a partial next update (4.3s)
verify / web	UNKNOWN STEP	2026-10-03T15:04:44.8696692Z   ✓  28 [firefox] › e2e/responsive.spec.ts:3:0 › reflows across cover screens, phones, tablets and desktops without losing work (2.5s)
verify / web	UNKNOWN STEP	2026-10-03T15:04:45.9360301Z   ✓  29 [firefox] › e2e/responsive.spec.ts:57:0 › touch-sized controls and keyboard navigation remain usable in a short viewport (1.2s)
verify / web	UNKNOWN STEP	2026-10-03T15:04:51.7205202Z   ✓  31 [webkit] › e2e/app.spec.ts:64:0 › missing cache reports incomplete and reconnect repairs the complete offline app (4.9s)
verify / web	UNKNOWN STEP	2026-10-03T15:04:52.9515793Z   ✓  30 [webkit] › e2e/app.spec.ts:4:0 › worker failure recovers and a late response cannot resurrect cleared input (6.6s)
verify / web	UNKNOWN STEP	2026-10-03T15:04:53.4061943Z   ✓  32 [webkit] › e2e/app.spec.ts:96:0 › pasted HTML cannot execute or fetch its URL (1.7s)
verify / web	UNKNOWN STEP	2026-10-03T15:04:55.0740471Z   ✓  33 [webkit] › e2e/app.spec.ts:117:0 › convert, inspect ambiguity, copy manually and protect privacy (2.1s)
verify / web	UNKNOWN STEP	2026-10-03T15:04:55.4297146Z   ✓  34 [webkit] › e2e/app.spec.ts:150:0 › close and reopen offline, then convert previously unseen input (2.0s)
verify / web	UNKNOWN STEP	2026-10-03T15:04:57.6752879Z   ✓  35 [webkit] › e2e/app.spec.ts:169:0 › preferences persist, input does not; denied storage still converts (2.6s)
verify / web	UNKNOWN STEP	2026-10-03T15:04:58.3716437Z   ✓  36 [webkit] › e2e/app.spec.ts:191:0 › input errors recover, edits invalidate results, keyboard keeps multiline input (2.9s)
verify / web	UNKNOWN STEP	2026-10-03T15:04:59.7668698Z   ✓  38 [webkit] › e2e/app.spec.ts:243:0 › offline POST share is single-use and never places message in URL (1.4s)
verify / web	UNKNOWN STEP	2026-10-03T15:05:01.4580133Z   ✓  37 [webkit] › e2e/app.spec.ts:214:0 › readable at 320px, dark mode, with no serious accessibility violations (3.8s)
verify / web	UNKNOWN STEP	2026-10-03T15:05:02.6595687Z   ✓  39 [webkit] › e2e/app.spec.ts:281:0 › an update waits, preserves draft on opt-in, and survives a partial next update (2.9s)
verify / web	UNKNOWN STEP	2026-10-03T15:05:02.8251751Z   ✓  40 [webkit] › e2e/engine.spec.ts:4:0 › independent exact fixture expectations run in the production browser worker (1.4s)
verify / web	UNKNOWN STEP	2026-10-03T15:05:04.2200751Z   ✓  42 [webkit] › e2e/responsive.spec.ts:57:0 › touch-sized controls and keyboard navigation remain usable in a short viewport (1.4s)
verify / web	UNKNOWN STEP	2026-10-03T15:05:06.3361953Z   ✓  41 [webkit] › e2e/responsive.spec.ts:3:0 › reflows across cover screens, phones, tablets and desktops without losing work (3.7s)
verify / web	UNKNOWN STEP	2026-10-03T15:05:07.4183739Z   ✓  43 [android-emulation] › e2e/app.spec.ts:4:0 › worker failure recovers and a late response cannot resurrect cleared input (2.5s)
verify / web	UNKNOWN STEP	2026-10-03T15:05:08.0821448Z   ✓  44 [android-emulation] › e2e/app.spec.ts:64:0 › missing cache reports incomplete and reconnect repairs the complete offline app (1.2s)
verify / web	UNKNOWN STEP	2026-10-03T15:05:08.1821262Z   ✓  45 [android-emulation] › e2e/app.spec.ts:96:0 › pasted HTML cannot execute or fetch its URL (756ms)
verify / web	UNKNOWN STEP	2026-10-03T15:05:09.1473005Z   ✓  46 [android-emulation] › e2e/app.spec.ts:117:0 › convert, inspect ambiguity, copy manually and protect privacy (1.1s)
verify / web	UNKNOWN STEP	2026-10-03T15:05:09.1787802Z   ✓  47 [android-emulation] › e2e/app.spec.ts:150:0 › close and reopen offline, then convert previously unseen input (984ms)
verify / web	UNKNOWN STEP	2026-10-03T15:05:10.3633533Z   ✓  49 [android-emulation] › e2e/app.spec.ts:191:0 › input errors recover, edits invalidate results, keyboard keeps multiline input (1.2s)
verify / web	UNKNOWN STEP	2026-10-03T15:05:10.4258063Z   ✓  48 [android-emulation] › e2e/app.spec.ts:169:0 › preferences persist, input does not; denied storage still converts (1.3s)
verify / web	UNKNOWN STEP	2026-10-03T15:05:11.2191869Z   ✓  51 [android-emulation] › e2e/app.spec.ts:243:0 › offline POST share is single-use and never places message in URL (781ms)
verify / web	UNKNOWN STEP	2026-10-03T15:05:12.4490615Z   ✓  50 [android-emulation] › e2e/app.spec.ts:214:0 › readable at 320px, dark mode, with no serious accessibility violations (2.1s)
verify / web	UNKNOWN STEP	2026-10-03T15:05:13.1114406Z   ✓  53 [android-emulation] › e2e/engine.spec.ts:4:0 › independent exact fixture expectations run in the production browser worker (654ms)
verify / web	UNKNOWN STEP	2026-10-03T15:05:13.6348107Z   ✓  52 [android-emulation] › e2e/app.spec.ts:281:0 › an update waits, preserves draft on opt-in, and survives a partial next update (2.4s)
verify / web	UNKNOWN STEP	2026-10-03T15:05:14.3947797Z   ✓  55 [android-emulation] › e2e/responsive.spec.ts:57:0 › touch-sized controls and keyboard navigation remain usable in a short viewport (747ms)
verify / web	UNKNOWN STEP	2026-10-03T15:05:14.8384475Z   ✓  54 [android-emulation] › e2e/responsive.spec.ts:3:0 › reflows across cover screens, phones, tablets and desktops without losing work (1.7s)
verify / web	UNKNOWN STEP	2026-10-03T15:05:17.7250784Z   ✓  57 [iphone-emulation] › e2e/app.spec.ts:64:0 › missing cache reports incomplete and reconnect repairs the complete offline app (2.1s)
verify / web	UNKNOWN STEP	2026-10-03T15:05:18.0097644Z   ✓  56 [iphone-emulation] › e2e/app.spec.ts:4:0 › worker failure recovers and a late response cannot resurrect cleared input (3.0s)
verify / web	UNKNOWN STEP	2026-10-03T15:05:19.2476705Z   ✓  58 [iphone-emulation] › e2e/app.spec.ts:96:0 › pasted HTML cannot execute or fetch its URL (1.5s)
verify / web	UNKNOWN STEP	2026-10-03T15:05:19.9930793Z   ✓  59 [iphone-emulation] › e2e/app.spec.ts:117:0 › convert, inspect ambiguity, copy manually and protect privacy (2.0s)
verify / web	UNKNOWN STEP	2026-10-03T15:05:21.2151801Z   ✓  60 [iphone-emulation] › e2e/app.spec.ts:150:0 › close and reopen offline, then convert previously unseen input (2.0s)
verify / web	UNKNOWN STEP	2026-10-03T15:05:22.3322115Z   ✓  61 [iphone-emulation] › e2e/app.spec.ts:169:0 › preferences persist, input does not; denied storage still converts (2.3s)
verify / web	UNKNOWN STEP	2026-10-03T15:05:23.9214354Z   ✓  62 [iphone-emulation] › e2e/app.spec.ts:191:0 › input errors recover, edits invalidate results, keyboard keeps multiline input (2.7s)
verify / web	UNKNOWN STEP	2026-10-03T15:05:25.2752830Z   ✓  64 [iphone-emulation] › e2e/app.spec.ts:243:0 › offline POST share is single-use and never places message in URL (1.3s)
verify / web	UNKNOWN STEP	2026-10-03T15:05:26.3200686Z   ✓  63 [iphone-emulation] › e2e/app.spec.ts:214:0 › readable at 320px, dark mode, with no serious accessibility violations (4.0s)
verify / web	UNKNOWN STEP	2026-10-03T15:05:27.6713925Z   ✓  66 [iphone-emulation] › e2e/engine.spec.ts:4:0 › independent exact fixture expectations run in the production browser worker (1.3s)
verify / web	UNKNOWN STEP	2026-10-03T15:05:27.9032844Z   ✓  65 [iphone-emulation] › e2e/app.spec.ts:281:0 › an update waits, preserves draft on opt-in, and survives a partial next update (2.6s)
verify / web	UNKNOWN STEP	2026-10-03T15:05:29.4039794Z   ✓  68 [iphone-emulation] › e2e/responsive.spec.ts:57:0 › touch-sized controls and keyboard navigation remain usable in a short viewport (1.5s)
verify / web	UNKNOWN STEP	2026-10-03T15:05:32.5573244Z   ✓  67 [iphone-emulation] › e2e/responsive.spec.ts:3:0 › reflows across cover screens, phones, tablets and desktops without losing work (4.9s)
verify / web	UNKNOWN STEP	2026-10-03T15:05:32.7424767Z 
verify / web	UNKNOWN STEP	2026-10-03T15:05:32.7429867Z   68 passed (1.2m)
verify / web	UNKNOWN STEP	2026-10-03T15:05:32.8067463Z ##[group]Run BASE_PATH=/ChronoShift/ bun run build
verify / web	UNKNOWN STEP	2026-10-03T15:05:32.8067838Z ^[[36;1mBASE_PATH=/ChronoShift/ bun run build^[[0m
verify / web	UNKNOWN STEP	2026-10-03T15:05:32.8068231Z ^[[36;1mbunx --bun playwright test --config=playwright.subpath.config.ts^[[0m
verify / web	UNKNOWN STEP	2026-10-03T15:05:32.8068617Z ^[[36;1mbun run build^[[0m
verify / web	UNKNOWN STEP	2026-10-03T15:05:32.8108599Z shell: /usr/bin/bash -e {0}
verify / web	UNKNOWN STEP	2026-10-03T15:05:32.8109050Z env:
verify / web	UNKNOWN STEP	2026-10-03T15:05:32.8109255Z   MISE_LOG_LEVEL: info
verify / web	UNKNOWN STEP	2026-10-03T15:05:32.8111617Z   MISE_GITHUB_TOKEN: ***
verify / web	UNKNOWN STEP	2026-10-03T15:05:32.8111936Z   MISE_TRUSTED_CONFIG_PATHS: /home/runner/work/ChronoShift/ChronoShift
verify / web	UNKNOWN STEP	2026-10-03T15:05:32.8112277Z   MISE_YES: 1
verify / web	UNKNOWN STEP	2026-10-03T15:05:32.8113579Z   PATH: /home/runner/.local/share/mise/installs/bun/1.4.0/bin:/home/runner/.local/share/mise/installs/node/26.8.1/bin:/home/runner/.local/share/mise/shims:/home/runner/.local/share/mise/bin:/snap/bin:/home/runner/.local/bin:/opt/pipx_bin:/home/runner/.cargo/bin:/home/runner/.config/composer/vendor/bin:/usr/local/.ghcup/bin:/home/runner/.dotnet/tools:/usr/local/sbin:/usr/local/bin:/usr/sbin:/usr/bin:/sbin:/bin:/usr/games:/usr/local/games
verify / web	UNKNOWN STEP	2026-10-03T15:05:32.8114871Z ##[endgroup]
verify / web	UNKNOWN STEP	2026-10-03T15:05:32.8276211Z $ bun run typecheck && bun scripts/third-party-notices.ts && bunx --bun vite build && bun scripts/build-offline.ts
verify / web	UNKNOWN STEP	2026-10-03T15:05:32.8296390Z $ bunx --bun tsc --noEmit
verify / web	UNKNOWN STEP	2026-10-03T15:05:33.1345372Z Included notices for 6 production packages.
verify / web	UNKNOWN STEP	2026-10-03T15:05:33.2712795Z ^[[36mvite v8.3.2 ^[[32mbuilding client environment for production...^[[36m^[[39m
verify / web	UNKNOWN STEP	2026-10-03T15:05:33.2777888Z transforming...
verify / web	UNKNOWN STEP	2026-10-03T15:05:33.4114418Z ✓ 24 modules transformed.
verify / web	UNKNOWN STEP	2026-10-03T15:05:33.4375902Z rendering chunks...
verify / web	UNKNOWN STEP	2026-10-03T15:05:33.4901979Z computing gzip size...
verify / web	UNKNOWN STEP	2026-10-03T15:05:33.4970546Z dist/index.html                   0.84 kB │ gzip:   0.45 kB
verify / web	UNKNOWN STEP	2026-10-03T15:05:33.4971178Z dist/assets/worker-Dcv-t75w.js  218.70 kB
verify / web	UNKNOWN STEP	2026-10-03T15:05:33.4971869Z dist/assets/index-CuSIudKT.css   10.37 kB │ gzip:   2.97 kB
verify / web	UNKNOWN STEP	2026-10-03T15:05:33.4972640Z dist/assets/index-BteaGTFj.js   399.20 kB │ gzip: 120.72 kB
verify / web	UNKNOWN STEP	2026-10-03T15:05:33.4973059Z 
verify / web	UNKNOWN STEP	2026-10-03T15:05:33.4974105Z ^[[32m✓ built in 226ms^[[39m
verify / web	UNKNOWN STEP	2026-10-03T15:05:33.5220460Z Offline version 65cdae8dd96d69f7: 10 local assets, /ChronoShift/
verify / web	UNKNOWN STEP	2026-10-03T15:05:34.0826366Z 
verify / web	UNKNOWN STEP	2026-10-03T15:05:34.0827068Z Running 1 test using 1 worker
verify / web	UNKNOWN STEP	2026-10-03T15:05:35.2355335Z ·
verify / web	UNKNOWN STEP	2026-10-03T15:05:35.2358599Z   1 passed (1.3s)
verify / web	UNKNOWN STEP	2026-10-03T15:05:35.2510771Z $ bun run typecheck && bun scripts/third-party-notices.ts && bunx --bun vite build && bun scripts/build-offline.ts
verify / web	UNKNOWN STEP	2026-10-03T15:05:35.2537310Z $ bunx --bun tsc --noEmit
verify / web	UNKNOWN STEP	2026-10-03T15:05:35.5644378Z Included notices for 6 production packages.
verify / web	UNKNOWN STEP	2026-10-03T15:05:35.6996571Z ^[[36mvite v8.3.2 ^[[32mbuilding client environment for production...^[[36m^[[39m
verify / web	UNKNOWN STEP	2026-10-03T15:05:35.7069868Z transforming...
verify / web	UNKNOWN STEP	2026-10-03T15:05:35.8387800Z ✓ 24 modules transformed.
verify / web	UNKNOWN STEP	2026-10-03T15:05:35.8623832Z rendering chunks...
verify / web	UNKNOWN STEP	2026-10-03T15:05:35.9131932Z computing gzip size...
verify / web	UNKNOWN STEP	2026-10-03T15:05:35.9202154Z dist/index.html                   0.79 kB │ gzip:   0.44 kB
verify / web	UNKNOWN STEP	2026-10-03T15:05:35.9205464Z dist/assets/worker-Dcv-t75w.js  218.70 kB
verify / web	UNKNOWN STEP	2026-10-03T15:05:35.9205999Z dist/assets/index-CuSIudKT.css   10.37 kB │ gzip:   2.97 kB
verify / web	UNKNOWN STEP	2026-10-03T15:05:35.9206596Z dist/assets/index-BStsfkDs.js   399.15 kB │ gzip: 120.72 kB
verify / web	UNKNOWN STEP	2026-10-03T15:05:35.9206849Z 
verify / web	UNKNOWN STEP	2026-10-03T15:05:35.9207093Z ^[[32m✓ built in 221ms^[[39m
verify / web	UNKNOWN STEP	2026-10-03T15:05:35.9448637Z Offline version 866ec7afdeb5ac3a: 10 local assets, /
verify / web	UNKNOWN STEP	2026-10-03T15:05:35.9541764Z ##[group]Run actions/upload-artifact@ea165f8d65b6e75b540449e92b4886f43607fa02
verify / web	UNKNOWN STEP	2026-10-03T15:05:35.9542156Z with:
verify / web	UNKNOWN STEP	2026-10-03T15:05:35.9542449Z   name: chronoshift-web-c31b8656bc4ef0fce84d5767b0d9c39f89a00f0f
verify / web	UNKNOWN STEP	2026-10-03T15:05:35.9542828Z   path: dist/
verify / web	UNKNOWN STEP	playwright-report/
verify / web	UNKNOWN STEP	test-results/
verify / web	UNKNOWN STEP	
verify / web	UNKNOWN STEP	2026-10-03T15:05:35.9543116Z   retention-days: 14
verify / web	UNKNOWN STEP	2026-10-03T15:05:35.9543335Z   if-no-files-found: warn
verify / web	UNKNOWN STEP	2026-10-03T15:05:35.9543571Z   compression-level: 6
verify / web	UNKNOWN STEP	2026-10-03T15:05:35.9543783Z   overwrite: false
verify / web	UNKNOWN STEP	2026-10-03T15:05:35.9543996Z   include-hidden-files: false
verify / web	UNKNOWN STEP	2026-10-03T15:05:35.9544242Z env:
verify / web	UNKNOWN STEP	2026-10-03T15:05:35.9544434Z   MISE_LOG_LEVEL: info
verify / web	UNKNOWN STEP	2026-10-03T15:05:35.9546793Z   MISE_GITHUB_TOKEN: ***
verify / web	UNKNOWN STEP	2026-10-03T15:05:35.9547108Z   MISE_TRUSTED_CONFIG_PATHS: /home/runner/work/ChronoShift/ChronoShift
verify / web	UNKNOWN STEP	2026-10-03T15:05:35.9547455Z   MISE_YES: 1
verify / web	UNKNOWN STEP	2026-10-03T15:05:35.9548986Z   PATH: /home/runner/.local/share/mise/installs/bun/1.4.0/bin:/home/runner/.local/share/mise/installs/node/26.8.1/bin:/home/runner/.local/share/mise/shims:/home/runner/.local/share/mise/bin:/snap/bin:/home/runner/.local/bin:/opt/pipx_bin:/home/runner/.cargo/bin:/home/runner/.config/composer/vendor/bin:/usr/local/.ghcup/bin:/home/runner/.dotnet/tools:/usr/local/sbin:/usr/local/bin:/usr/sbin:/usr/bin:/sbin:/bin:/usr/games:/usr/local/games
verify / web	UNKNOWN STEP	2026-10-03T15:05:35.9550335Z ##[endgroup]
verify / web	UNKNOWN STEP	2026-10-03T15:05:36.1117976Z (node:9702) [DEP0040] DeprecationWarning: The `punycode` module is deprecated. Please use a userland alternative instead.
verify / web	UNKNOWN STEP	2026-10-03T15:05:36.1118951Z (Use `node --trace-deprecation ...` to show where the warning was created)
verify / web	UNKNOWN STEP	2026-10-03T15:05:36.1202987Z Multiple search paths detected. Calculating the least common ancestor of all paths
verify / web	UNKNOWN STEP	2026-10-03T15:05:36.1205452Z The least common ancestor is /home/runner/work/ChronoShift/ChronoShift. This will be the root directory of the artifact
verify / web	UNKNOWN STEP	2026-10-03T15:05:36.1206233Z With the provided path, there will be 12 files uploaded
verify / web	UNKNOWN STEP	2026-10-03T15:05:36.1211663Z Artifact name is valid!
verify / web	UNKNOWN STEP	2026-10-03T15:05:36.1212880Z Root directory input is valid!
verify / web	UNKNOWN STEP	2026-10-03T15:05:36.3881081Z Beginning upload of artifact content to blob storage
verify / web	UNKNOWN STEP	2026-10-03T15:05:36.4574716Z (node:9702) [DEP0169] DeprecationWarning: `url.parse()` behavior is not standardized and prone to errors that have security implications. Use the WHATWG URL API instead. CVEs are not issued for `url.parse()` vulnerabilities.
verify / web	UNKNOWN STEP	2026-10-03T15:05:36.6873544Z Uploaded bytes 530892
verify / web	UNKNOWN STEP	2026-10-03T15:05:36.7209510Z Finished uploading artifact content to blob storage!
verify / web	UNKNOWN STEP	2026-10-03T15:05:36.7210622Z SHA256 digest of uploaded artifact zip is ba1ca49f2bd9889158cb01cb181ec6661183f876be19f711e44a30f1a4b8949c
verify / web	UNKNOWN STEP	2026-10-03T15:05:36.7213568Z Finalizing artifact upload
verify / web	UNKNOWN STEP	2026-10-03T15:05:36.9392167Z Artifact chronoshift-web-c31b8656bc4ef0fce84d5767b0d9c39f89a00f0f.zip successfully finalized. Artifact ID 11277651020
verify / web	UNKNOWN STEP	2026-10-03T15:05:36.9393411Z Artifact chronoshift-web-c31b8656bc4ef0fce84d5767b0d9c39f89a00f0f has been successfully uploaded! Final size is 530892 bytes. Artifact ID is 11277651020
verify / web	UNKNOWN STEP	2026-10-03T15:05:36.9399797Z Artifact download URL: https://github.com/Tien-Lam/ChronoShift/actions/runs/37131749773/artifacts/11277651020
verify / web	UNKNOWN STEP	2026-10-03T15:05:36.9553171Z Post job cleanup.
verify / web	UNKNOWN STEP	2026-10-03T15:05:37.0368635Z [command]/usr/bin/git version
verify / web	UNKNOWN STEP	2026-10-03T15:05:37.0404955Z git version 2.55.0
verify / web	UNKNOWN STEP	2026-10-03T15:05:37.0437433Z Temporarily overriding HOME='/home/runner/work/_temp/2aec4317-1d5e-440d-8619-b43577f441ee' before making global git config changes
verify / web	UNKNOWN STEP	2026-10-03T15:05:37.0438631Z Adding repository directory to the temporary git global config as a safe directory
verify / web	UNKNOWN STEP	2026-10-03T15:05:37.0443639Z [command]/usr/bin/git config --global --add safe.directory /home/runner/work/ChronoShift/ChronoShift
verify / web	UNKNOWN STEP	2026-10-03T15:05:37.0479139Z [command]/usr/bin/git config --local --name-only --get-regexp core\.sshCommand
verify / web	UNKNOWN STEP	2026-10-03T15:05:37.0510368Z [command]/usr/bin/git submodule foreach --recursive sh -c "git config --local --name-only --get-regexp 'core\.sshCommand' && git config --local --unset-all 'core.sshCommand' || :"
verify / web	UNKNOWN STEP	2026-10-03T15:05:37.0714559Z [command]/usr/bin/git config --local --name-only --get-regexp http\.https\:\/\/github\.com\/\.extraheader
verify / web	UNKNOWN STEP	2026-10-03T15:05:37.0739457Z http.https://github.com/.extraheader
verify / web	UNKNOWN STEP	2026-10-03T15:05:37.0755054Z [command]/usr/bin/git config --local --unset-all http.https://github.com/.extraheader
verify / web	UNKNOWN STEP	2026-10-03T15:05:37.0788422Z [command]/usr/bin/git submodule foreach --recursive sh -c "git config --local --name-only --get-regexp 'http\.https\:\/\/github\.com\/\.extraheader' && git config --local --unset-all 'http.https://github.com/.extraheader' || :"
verify / web	UNKNOWN STEP	2026-10-03T15:05:37.0988333Z [command]/usr/bin/git config --local --name-only --get-regexp ^includeIf\.gitdir:
verify / web	UNKNOWN STEP	2026-10-03T15:05:37.1017108Z [command]/usr/bin/git submodule foreach --recursive git config --local --show-origin --name-only --get-regexp remote.origin.url
verify / web	UNKNOWN STEP	2026-10-03T15:05:37.1354292Z Cleaning up orphan processes
verify / web	UNKNOWN STEP	2026-10-03T15:05:37.1605413Z ##[warning]Node.js 20 is deprecated. The following actions target Node.js 20 but are being forced to run on Node.js 24: actions/checkout@34e114876b0b11c390a56381ad16ebd13914f8d5, actions/upload-artifact@ea165f8d65b6e75b540449e92b4886f43607fa02, jdx/mise-action@5228313ee0372e111a38da051671ca30fc5a96db. For more information see: https://github.blog/changelog/2025-09-19-deprecation-of-node-20-on-github-actions-runners/
build	Set up job	﻿2026-10-03T15:05:41.0526632Z Current runner version: '2.337.0'
build	Set up job	2026-10-03T15:05:41.0565409Z ##[group]Runner Image Provisioner
build	Set up job	2026-10-03T15:05:41.0567105Z Hosted Compute Agent
build	Set up job	2026-10-03T15:05:41.0568618Z Version: 20260901.588
build	Set up job	2026-10-03T15:05:41.0569850Z Commit: f88ec8081b781fac6c440065ac7ff9e710ce3d0b
build	Set up job	2026-10-03T15:05:41.0571306Z Build Date: 2026-09-01T19:56:44Z
build	Set up job	2026-10-03T15:05:41.0572561Z Worker ID: {05c2a617-edc2-4530-8eaa-f5574f67a88b}
build	Set up job	2026-10-03T15:05:41.0573826Z Azure Region: eastus
build	Set up job	2026-10-03T15:05:41.0574901Z ##[endgroup]
build	Set up job	2026-10-03T15:05:41.0577306Z ##[group]Operating System
build	Set up job	2026-10-03T15:05:41.0578596Z Ubuntu
build	Set up job	2026-10-03T15:05:41.0579547Z 24.04.5
build	Set up job	2026-10-03T15:05:41.0580412Z LTS
build	Set up job	2026-10-03T15:05:41.0581352Z ##[endgroup]
build	Set up job	2026-10-03T15:05:41.0582392Z ##[group]Runner Image
build	Set up job	2026-10-03T15:05:41.0583412Z Image: ubuntu-24.04
build	Set up job	2026-10-03T15:05:41.0584489Z Version: 20260927.320.1
build	Set up job	2026-10-03T15:05:41.0586355Z Included Software: https://github.com/actions/runner-images/blob/ubuntu24/20260927.320/images/ubuntu/Ubuntu2404-Readme.md
build	Set up job	2026-10-03T15:05:41.0589914Z Image Release: https://github.com/actions/runner-images/releases/tag/ubuntu24%2F20260927.320
build	Set up job	2026-10-03T15:05:41.0591679Z ##[endgroup]
build	Set up job	2026-10-03T15:05:41.0594406Z ##[group]GITHUB_TOKEN Permissions
build	Set up job	2026-10-03T15:05:41.0597432Z Contents: read
build	Set up job	2026-10-03T15:05:41.0599035Z Metadata: read
build	Set up job	2026-10-03T15:05:41.0600119Z Pages: read
build	Set up job	2026-10-03T15:05:41.0601219Z ##[endgroup]
build	Set up job	2026-10-03T15:05:41.0604169Z Secret source: Actions
build	Set up job	2026-10-03T15:05:41.0605935Z Cache mode: write
build	Set up job	2026-10-03T15:05:41.0607990Z Prepare workflow directory
build	Set up job	2026-10-03T15:05:41.1090475Z Prepare all required actions
build	Set up job	2026-10-03T15:05:41.1162038Z Getting action download info
build	Set up job	2026-10-03T15:05:41.3258936Z Download action repository 'actions/checkout@34e114876b0b11c390a56381ad16ebd13914f8d5' (SHA:34e114876b0b11c390a56381ad16ebd13914f8d5)
build	Set up job	2026-10-03T15:05:41.4699608Z Download action repository 'jdx/mise-action@5228313ee0372e111a38da051671ca30fc5a96db' (SHA:5228313ee0372e111a38da051671ca30fc5a96db)
build	Set up job	2026-10-03T15:05:41.6544106Z Download action repository 'actions/configure-pages@983d7736d9b0ae728b81ab479565c72886d7745b' (SHA:983d7736d9b0ae728b81ab479565c72886d7745b)
build	Set up job	2026-10-03T15:05:41.7818794Z Download action repository 'actions/upload-pages-artifact@7b1f4a764d45c48632c6b24a0339c27f5614fb0b' (SHA:7b1f4a764d45c48632c6b24a0339c27f5614fb0b)
build	Set up job	2026-10-03T15:05:41.9700049Z Getting action download info
build	Set up job	2026-10-03T15:05:42.0738909Z Download action repository 'actions/upload-artifact@ea165f8d65b6e75b540449e92b4886f43607fa02' (SHA:ea165f8d65b6e75b540449e92b4886f43607fa02)
build	Set up job	2026-10-03T15:05:42.2010493Z Complete job name: build
build	Run actions/checkout@34e114876b0b11c390a56381ad16ebd13914f8d5	﻿2026-10-03T15:05:42.2786320Z ##[group]Run actions/checkout@34e114876b0b11c390a56381ad16ebd13914f8d5
build	Run actions/checkout@34e114876b0b11c390a56381ad16ebd13914f8d5	2026-10-03T15:05:42.2787887Z with:
build	Run actions/checkout@34e114876b0b11c390a56381ad16ebd13914f8d5	2026-10-03T15:05:42.2788741Z   repository: Tien-Lam/ChronoShift
build	Run actions/checkout@34e114876b0b11c390a56381ad16ebd13914f8d5	2026-10-03T15:05:42.2792593Z   token: ***
build	Run actions/checkout@34e114876b0b11c390a56381ad16ebd13914f8d5	2026-10-03T15:05:42.2793168Z   ssh-strict: true
build	Run actions/checkout@34e114876b0b11c390a56381ad16ebd13914f8d5	2026-10-03T15:05:42.2793774Z   ssh-user: git
build	Run actions/checkout@34e114876b0b11c390a56381ad16ebd13914f8d5	2026-10-03T15:05:42.2794374Z   persist-credentials: true
build	Run actions/checkout@34e114876b0b11c390a56381ad16ebd13914f8d5	2026-10-03T15:05:42.2794996Z   clean: true
build	Run actions/checkout@34e114876b0b11c390a56381ad16ebd13914f8d5	2026-10-03T15:05:42.2795549Z   sparse-checkout-cone-mode: true
build	Run actions/checkout@34e114876b0b11c390a56381ad16ebd13914f8d5	2026-10-03T15:05:42.2796148Z   fetch-depth: 1
build	Run actions/checkout@34e114876b0b11c390a56381ad16ebd13914f8d5	2026-10-03T15:05:42.2796735Z   fetch-tags: false
build	Run actions/checkout@34e114876b0b11c390a56381ad16ebd13914f8d5	2026-10-03T15:05:42.2797300Z   show-progress: true
build	Run actions/checkout@34e114876b0b11c390a56381ad16ebd13914f8d5	2026-10-03T15:05:42.2798054Z   lfs: false
build	Run actions/checkout@34e114876b0b11c390a56381ad16ebd13914f8d5	2026-10-03T15:05:42.2798588Z   submodules: false
build	Run actions/checkout@34e114876b0b11c390a56381ad16ebd13914f8d5	2026-10-03T15:05:42.2799132Z   set-safe-directory: true
build	Run actions/checkout@34e114876b0b11c390a56381ad16ebd13914f8d5	2026-10-03T15:05:42.2800191Z ##[endgroup]
build	Run actions/checkout@34e114876b0b11c390a56381ad16ebd13914f8d5	2026-10-03T15:05:42.3809484Z Syncing repository: Tien-Lam/ChronoShift
build	Run actions/checkout@34e114876b0b11c390a56381ad16ebd13914f8d5	2026-10-03T15:05:42.3812498Z ##[group]Getting Git version info
build	Run actions/checkout@34e114876b0b11c390a56381ad16ebd13914f8d5	2026-10-03T15:05:42.3813473Z Working directory is '/home/runner/work/ChronoShift/ChronoShift'
build	Run actions/checkout@34e114876b0b11c390a56381ad16ebd13914f8d5	2026-10-03T15:05:42.3815005Z [command]/usr/bin/git version
build	Run actions/checkout@34e114876b0b11c390a56381ad16ebd13914f8d5	2026-10-03T15:05:42.3918298Z git version 2.55.0
build	Run actions/checkout@34e114876b0b11c390a56381ad16ebd13914f8d5	2026-10-03T15:05:42.3950191Z ##[endgroup]
build	Run actions/checkout@34e114876b0b11c390a56381ad16ebd13914f8d5	2026-10-03T15:05:42.3963205Z Temporarily overriding HOME='/home/runner/work/_temp/b481c0f3-7eae-42d3-9765-1a26e5f0401e' before making global git config changes
build	Run actions/checkout@34e114876b0b11c390a56381ad16ebd13914f8d5	2026-10-03T15:05:42.3965610Z Adding repository directory to the temporary git global config as a safe directory
build	Run actions/checkout@34e114876b0b11c390a56381ad16ebd13914f8d5	2026-10-03T15:05:42.3967269Z [command]/usr/bin/git config --global --add safe.directory /home/runner/work/ChronoShift/ChronoShift
build	Run actions/checkout@34e114876b0b11c390a56381ad16ebd13914f8d5	2026-10-03T15:05:42.4021976Z Deleting the contents of '/home/runner/work/ChronoShift/ChronoShift'
build	Run actions/checkout@34e114876b0b11c390a56381ad16ebd13914f8d5	2026-10-03T15:05:42.4027239Z ##[group]Initializing the repository
build	Run actions/checkout@34e114876b0b11c390a56381ad16ebd13914f8d5	2026-10-03T15:05:42.4032862Z [command]/usr/bin/git init /home/runner/work/ChronoShift/ChronoShift
build	Run actions/checkout@34e114876b0b11c390a56381ad16ebd13914f8d5	2026-10-03T15:05:42.4179754Z hint: Using 'master' as the name for the initial branch. This default branch name
build	Run actions/checkout@34e114876b0b11c390a56381ad16ebd13914f8d5	2026-10-03T15:05:42.4182035Z hint: will change to "main" in Git 3.0. To configure the initial branch name
build	Run actions/checkout@34e114876b0b11c390a56381ad16ebd13914f8d5	2026-10-03T15:05:42.4185340Z hint: to use in all of your new repositories, which will suppress this warning,
build	Run actions/checkout@34e114876b0b11c390a56381ad16ebd13914f8d5	2026-10-03T15:05:42.4187277Z hint: call:
build	Run actions/checkout@34e114876b0b11c390a56381ad16ebd13914f8d5	2026-10-03T15:05:42.4188644Z hint:
build	Run actions/checkout@34e114876b0b11c390a56381ad16ebd13914f8d5	2026-10-03T15:05:42.4190387Z hint: 	git config --global init.defaultBranch <name>
build	Run actions/checkout@34e114876b0b11c390a56381ad16ebd13914f8d5	2026-10-03T15:05:42.4191962Z hint:
build	Run actions/checkout@34e114876b0b11c390a56381ad16ebd13914f8d5	2026-10-03T15:05:42.4193173Z hint: Names commonly chosen instead of 'master' are 'main', 'trunk' and
build	Run actions/checkout@34e114876b0b11c390a56381ad16ebd13914f8d5	2026-10-03T15:05:42.4194925Z hint: 'development'. The just-created branch can be renamed via this command:
build	Run actions/checkout@34e114876b0b11c390a56381ad16ebd13914f8d5	2026-10-03T15:05:42.4196576Z hint:
build	Run actions/checkout@34e114876b0b11c390a56381ad16ebd13914f8d5	2026-10-03T15:05:42.4198071Z hint: 	git branch -m <name>
build	Run actions/checkout@34e114876b0b11c390a56381ad16ebd13914f8d5	2026-10-03T15:05:42.4199310Z hint:
build	Run actions/checkout@34e114876b0b11c390a56381ad16ebd13914f8d5	2026-10-03T15:05:42.4200622Z hint: Disable this message with "git config set advice.defaultBranchName false"
build	Run actions/checkout@34e114876b0b11c390a56381ad16ebd13914f8d5	2026-10-03T15:05:42.4202645Z Initialized empty Git repository in /home/runner/work/ChronoShift/ChronoShift/.git/
build	Run actions/checkout@34e114876b0b11c390a56381ad16ebd13914f8d5	2026-10-03T15:05:42.4205860Z [command]/usr/bin/git remote add origin https://github.com/Tien-Lam/ChronoShift
build	Run actions/checkout@34e114876b0b11c390a56381ad16ebd13914f8d5	2026-10-03T15:05:42.4259500Z ##[endgroup]
build	Run actions/checkout@34e114876b0b11c390a56381ad16ebd13914f8d5	2026-10-03T15:05:42.4261672Z ##[group]Disabling automatic garbage collection
build	Run actions/checkout@34e114876b0b11c390a56381ad16ebd13914f8d5	2026-10-03T15:05:42.4270591Z [command]/usr/bin/git config --local gc.auto 0
build	Run actions/checkout@34e114876b0b11c390a56381ad16ebd13914f8d5	2026-10-03T15:05:42.4311874Z ##[endgroup]
build	Run actions/checkout@34e114876b0b11c390a56381ad16ebd13914f8d5	2026-10-03T15:05:42.4314047Z ##[group]Setting up auth
build	Run actions/checkout@34e114876b0b11c390a56381ad16ebd13914f8d5	2026-10-03T15:05:42.4319605Z [command]/usr/bin/git config --local --name-only --get-regexp core\.sshCommand
build	Run actions/checkout@34e114876b0b11c390a56381ad16ebd13914f8d5	2026-10-03T15:05:42.4363655Z [command]/usr/bin/git submodule foreach --recursive sh -c "git config --local --name-only --get-regexp 'core\.sshCommand' && git config --local --unset-all 'core.sshCommand' || :"
build	Run actions/checkout@34e114876b0b11c390a56381ad16ebd13914f8d5	2026-10-03T15:05:42.4771327Z [command]/usr/bin/git config --local --name-only --get-regexp http\.https\:\/\/github\.com\/\.extraheader
build	Run actions/checkout@34e114876b0b11c390a56381ad16ebd13914f8d5	2026-10-03T15:05:42.4809383Z [command]/usr/bin/git submodule foreach --recursive sh -c "git config --local --name-only --get-regexp 'http\.https\:\/\/github\.com\/\.extraheader' && git config --local --unset-all 'http.https://github.com/.extraheader' || :"
build	Run actions/checkout@34e114876b0b11c390a56381ad16ebd13914f8d5	2026-10-03T15:05:42.5034333Z [command]/usr/bin/git config --local --name-only --get-regexp ^includeIf\.gitdir:
build	Run actions/checkout@34e114876b0b11c390a56381ad16ebd13914f8d5	2026-10-03T15:05:42.5071682Z [command]/usr/bin/git submodule foreach --recursive git config --local --show-origin --name-only --get-regexp remote.origin.url
build	Run actions/checkout@34e114876b0b11c390a56381ad16ebd13914f8d5	2026-10-03T15:05:42.5299042Z [command]/usr/bin/git config --local http.https://github.com/.extraheader AUTHORIZATION: basic ***
build	Run actions/checkout@34e114876b0b11c390a56381ad16ebd13914f8d5	2026-10-03T15:05:42.5338631Z ##[endgroup]
build	Run actions/checkout@34e114876b0b11c390a56381ad16ebd13914f8d5	2026-10-03T15:05:42.5339659Z ##[group]Fetching the repository
build	Run actions/checkout@34e114876b0b11c390a56381ad16ebd13914f8d5	2026-10-03T15:05:42.5348672Z [command]/usr/bin/git -c protocol.version=2 fetch --no-tags --prune --no-recurse-submodules --depth=1 origin +c31b8656bc4ef0fce84d5767b0d9c39f89a00f0f:refs/remotes/origin/codex/offline-web-migration
build	Run actions/checkout@34e114876b0b11c390a56381ad16ebd13914f8d5	2026-10-03T15:05:42.7504789Z From https://github.com/Tien-Lam/ChronoShift
build	Run actions/checkout@34e114876b0b11c390a56381ad16ebd13914f8d5	2026-10-03T15:05:42.7507236Z  * [new ref]         c31b8656bc4ef0fce84d5767b0d9c39f89a00f0f -> origin/codex/offline-web-migration
build	Run actions/checkout@34e114876b0b11c390a56381ad16ebd13914f8d5	2026-10-03T15:05:42.7513441Z ##[endgroup]
build	Run actions/checkout@34e114876b0b11c390a56381ad16ebd13914f8d5	2026-10-03T15:05:42.7515610Z ##[group]Determining the checkout info
build	Run actions/checkout@34e114876b0b11c390a56381ad16ebd13914f8d5	2026-10-03T15:05:42.7518337Z ##[endgroup]
build	Run actions/checkout@34e114876b0b11c390a56381ad16ebd13914f8d5	2026-10-03T15:05:42.7522373Z [command]/usr/bin/git sparse-checkout disable
build	Run actions/checkout@34e114876b0b11c390a56381ad16ebd13914f8d5	2026-10-03T15:05:42.7583379Z [command]/usr/bin/git config --local --unset-all extensions.worktreeConfig
build	Run actions/checkout@34e114876b0b11c390a56381ad16ebd13914f8d5	2026-10-03T15:05:42.7620240Z ##[group]Checking out the ref
build	Run actions/checkout@34e114876b0b11c390a56381ad16ebd13914f8d5	2026-10-03T15:05:42.7625532Z [command]/usr/bin/git checkout --progress --force -B codex/offline-web-migration refs/remotes/origin/codex/offline-web-migration
build	Run actions/checkout@34e114876b0b11c390a56381ad16ebd13914f8d5	2026-10-03T15:05:42.7801372Z Switched to a new branch 'codex/offline-web-migration'
build	Run actions/checkout@34e114876b0b11c390a56381ad16ebd13914f8d5	2026-10-03T15:05:42.7803872Z branch 'codex/offline-web-migration' set up to track 'origin/codex/offline-web-migration'.
build	Run actions/checkout@34e114876b0b11c390a56381ad16ebd13914f8d5	2026-10-03T15:05:42.7808602Z ##[endgroup]
build	Run actions/checkout@34e114876b0b11c390a56381ad16ebd13914f8d5	2026-10-03T15:05:42.7831300Z [command]/usr/bin/git log -1 --format=%H
build	Run actions/checkout@34e114876b0b11c390a56381ad16ebd13914f8d5	2026-10-03T15:05:42.7857896Z c31b8656bc4ef0fce84d5767b0d9c39f89a00f0f
build	Run jdx/mise-action@5228313ee0372e111a38da051671ca30fc5a96db	﻿2026-10-03T15:05:42.8235331Z ##[group]Run jdx/mise-action@5228313ee0372e111a38da051671ca30fc5a96db
build	Run jdx/mise-action@5228313ee0372e111a38da051671ca30fc5a96db	2026-10-03T15:05:42.8236920Z with:
build	Run jdx/mise-action@5228313ee0372e111a38da051671ca30fc5a96db	2026-10-03T15:05:42.8237864Z   install: true
build	Run jdx/mise-action@5228313ee0372e111a38da051671ca30fc5a96db	2026-10-03T15:05:42.8238705Z   cache: true
build	Run jdx/mise-action@5228313ee0372e111a38da051671ca30fc5a96db	2026-10-03T15:05:42.8239509Z   cache_save: true
build	Run jdx/mise-action@5228313ee0372e111a38da051671ca30fc5a96db	2026-10-03T15:05:42.8240377Z   cache_key_prefix: mise-v1
build	Run jdx/mise-action@5228313ee0372e111a38da051671ca30fc5a96db	2026-10-03T15:05:42.8241359Z   experimental: false
build	Run jdx/mise-action@5228313ee0372e111a38da051671ca30fc5a96db	2026-10-03T15:05:42.8242241Z   log_level: info
build	Run jdx/mise-action@5228313ee0372e111a38da051671ca30fc5a96db	2026-10-03T15:05:42.8243073Z   reshim: false
build	Run jdx/mise-action@5228313ee0372e111a38da051671ca30fc5a96db	2026-10-03T15:05:42.8243914Z   add_shims_to_path: true
build	Run jdx/mise-action@5228313ee0372e111a38da051671ca30fc5a96db	2026-10-03T15:05:42.8253332Z   github_token: ***
build	Run jdx/mise-action@5228313ee0372e111a38da051671ca30fc5a96db	2026-10-03T15:05:42.8254239Z   fetch_from_github: true
build	Run jdx/mise-action@5228313ee0372e111a38da051671ca30fc5a96db	2026-10-03T15:05:42.8255184Z   env: true
build	Run jdx/mise-action@5228313ee0372e111a38da051671ca30fc5a96db	2026-10-03T15:05:42.8255944Z ##[endgroup]
build	Run jdx/mise-action@5228313ee0372e111a38da051671ca30fc5a96db	2026-10-03T15:05:42.9767985Z ##[group]Restoring mise cache
build	Run jdx/mise-action@5228313ee0372e111a38da051671ca30fc5a96db	2026-10-03T15:05:42.9859294Z [command]/usr/bin/ldd --version
build	Run jdx/mise-action@5228313ee0372e111a38da051671ca30fc5a96db	2026-10-03T15:05:42.9923529Z ldd (Ubuntu GLIBC 2.39-0ubuntu8.9) 2.39
build	Run jdx/mise-action@5228313ee0372e111a38da051671ca30fc5a96db	2026-10-03T15:05:42.9926262Z Copyright (C) 2024 Free Software Foundation, Inc.
build	Run jdx/mise-action@5228313ee0372e111a38da051671ca30fc5a96db	2026-10-03T15:05:42.9929929Z This is free software; see the source for copying conditions.  There is NO
build	Run jdx/mise-action@5228313ee0372e111a38da051671ca30fc5a96db	2026-10-03T15:05:42.9933821Z warranty; not even for MERCHANTABILITY or FITNESS FOR A PARTICULAR PURPOSE.
build	Run jdx/mise-action@5228313ee0372e111a38da051671ca30fc5a96db	2026-10-03T15:05:42.9937031Z Written by Roland McGrath and Ulrich Drepper.
build	Run jdx/mise-action@5228313ee0372e111a38da051671ca30fc5a96db	2026-10-03T15:05:43.2434570Z Cache hit for: mise-v1-linux-x64-f04942c4f71d9197453373398ea1e69dd84e0477b6eb8b8c3470bb42c7e3612d
build	Run jdx/mise-action@5228313ee0372e111a38da051671ca30fc5a96db	2026-10-03T15:05:43.8956699Z Received 134130881 of 134130881 (100.0%), 208.7 MBs/sec
build	Run jdx/mise-action@5228313ee0372e111a38da051671ca30fc5a96db	2026-10-03T15:05:43.8959792Z Cache Size: ~128 MB (134130881 B)
build	Run jdx/mise-action@5228313ee0372e111a38da051671ca30fc5a96db	2026-10-03T15:05:43.9079841Z [command]/usr/bin/tar -xf /home/runner/work/_temp/bbd84fa7-f660-4eb7-b260-4a83a8fb3831/cache.tzst -P -C /home/runner/work/ChronoShift/ChronoShift --use-compress-program unzstd
build	Run jdx/mise-action@5228313ee0372e111a38da051671ca30fc5a96db	2026-10-03T15:05:44.7767341Z Cache restored successfully
build	Run jdx/mise-action@5228313ee0372e111a38da051671ca30fc5a96db	2026-10-03T15:05:44.7834111Z mise cache restored from key: mise-v1-linux-x64-f04942c4f71d9197453373398ea1e69dd84e0477b6eb8b8c3470bb42c7e3612d
build	Run jdx/mise-action@5228313ee0372e111a38da051671ca30fc5a96db	2026-10-03T15:05:44.7842937Z ##[group]Setting env vars
build	Run jdx/mise-action@5228313ee0372e111a38da051671ca30fc5a96db	2026-10-03T15:05:44.7843658Z Setting MISE_LOG_LEVEL=info
build	Run jdx/mise-action@5228313ee0372e111a38da051671ca30fc5a96db	2026-10-03T15:05:44.7850591Z Setting MISE_GITHUB_TOKEN=***
build	Run jdx/mise-action@5228313ee0372e111a38da051671ca30fc5a96db	2026-10-03T15:05:44.7851517Z Setting MISE_TRUSTED_CONFIG_PATHS=/home/runner/work/ChronoShift/ChronoShift
build	Run jdx/mise-action@5228313ee0372e111a38da051671ca30fc5a96db	2026-10-03T15:05:44.7852467Z Setting MISE_YES=1
build	Run jdx/mise-action@5228313ee0372e111a38da051671ca30fc5a96db	2026-10-03T15:05:44.7852917Z Adding /home/runner/.local/share/mise/shims to PATH
build	Run jdx/mise-action@5228313ee0372e111a38da051671ca30fc5a96db	2026-10-03T15:05:44.7853670Z ##[group]Running mise --version
build	Run jdx/mise-action@5228313ee0372e111a38da051671ca30fc5a96db	2026-10-03T15:05:44.7871070Z [command]/home/runner/.local/share/mise/bin/mise --version
build	Run jdx/mise-action@5228313ee0372e111a38da051671ca30fc5a96db	2026-10-03T15:05:44.7936235Z 2026.10.1 linux-x64 (2026-10-03)
build	Run jdx/mise-action@5228313ee0372e111a38da051671ca30fc5a96db	2026-10-03T15:05:44.7950898Z ##[endgroup]
build	Run jdx/mise-action@5228313ee0372e111a38da051671ca30fc5a96db	2026-10-03T15:05:44.7951630Z ##[group]Running mise install 
build	Run jdx/mise-action@5228313ee0372e111a38da051671ca30fc5a96db	2026-10-03T15:05:44.7965262Z [command]/home/runner/.local/share/mise/bin/mise install
build	Run jdx/mise-action@5228313ee0372e111a38da051671ca30fc5a96db	2026-10-03T15:05:44.8064988Z ^[[2mmise^[[0m ^[[2mby @jdx^[[0m – installing 2 tools
build	Run jdx/mise-action@5228313ee0372e111a38da051671ca30fc5a96db	2026-10-03T15:05:44.8068995Z ^[[2mmise^[[0m ^[[38;5;11m⇢^[[0m bun@1.4.0    0ms · already installed
build	Run jdx/mise-action@5228313ee0372e111a38da051671ca30fc5a96db	2026-10-03T15:05:44.8073961Z ^[[2mmise^[[0m ^[[38;5;11m⇢^[[0m node@26.8.1  0ms · already installed
build	Run jdx/mise-action@5228313ee0372e111a38da051671ca30fc5a96db	2026-10-03T15:05:44.8075023Z ^[[2mmise^[[0m ^[[36m████████████████^[[0m^[[31m^[[0m^[[2m^[[0m 2/2 · installed 0 tools · 2 already installed in 0ms
build	Run jdx/mise-action@5228313ee0372e111a38da051671ca30fc5a96db	2026-10-03T15:05:44.8075914Z ^[[2mmise^[[0m all tools are installed
build	Run jdx/mise-action@5228313ee0372e111a38da051671ca30fc5a96db	2026-10-03T15:05:44.8124459Z ##[endgroup]
build	Run jdx/mise-action@5228313ee0372e111a38da051671ca30fc5a96db	2026-10-03T15:05:44.8125657Z ##[group]Running mise ls
build	Run jdx/mise-action@5228313ee0372e111a38da051671ca30fc5a96db	2026-10-03T15:05:44.8140434Z [command]/home/runner/.local/share/mise/bin/mise ls
build	Run jdx/mise-action@5228313ee0372e111a38da051671ca30fc5a96db	2026-10-03T15:05:44.8245152Z bun   1.4.0   ~/work/ChronoShift/ChronoShift/mise.toml  1.4.0
build	Run jdx/mise-action@5228313ee0372e111a38da051671ca30fc5a96db	2026-10-03T15:05:44.8246140Z node  26.8.1  ~/work/ChronoShift/ChronoShift/mise.toml  26.8.1
build	Run jdx/mise-action@5228313ee0372e111a38da051671ca30fc5a96db	2026-10-03T15:05:44.8257156Z ##[endgroup]
build	Run jdx/mise-action@5228313ee0372e111a38da051671ca30fc5a96db	2026-10-03T15:05:44.8259760Z ##[group]Exporting mise environment variables
build	Run jdx/mise-action@5228313ee0372e111a38da051671ca30fc5a96db	2026-10-03T15:05:44.8409704Z [command]/home/runner/.local/share/mise/bin/mise env --json
build	Run jdx/mise-action@5228313ee0372e111a38da051671ca30fc5a96db	2026-10-03T15:05:44.8514305Z {
build	Run jdx/mise-action@5228313ee0372e111a38da051671ca30fc5a96db	2026-10-03T15:05:44.8517374Z   "PATH": "/home/runner/.local/share/mise/installs/bun/1.4.0/bin:/home/runner/.local/share/mise/installs/node/26.8.1/bin:/home/runner/.local/share/mise/shims:/home/runner/.local/share/mise/bin:/snap/bin:/home/runner/.local/bin:/opt/pipx_bin:/home/runner/.cargo/bin:/home/runner/.config/composer/vendor/bin:/usr/local/.ghcup/bin:/home/runner/.dotnet/tools:/usr/local/sbin:/usr/local/bin:/usr/sbin:/usr/bin:/sbin:/bin:/usr/games:/usr/local/games"
build	Run jdx/mise-action@5228313ee0372e111a38da051671ca30fc5a96db	2026-10-03T15:05:44.8521023Z }
build	Run jdx/mise-action@5228313ee0372e111a38da051671ca30fc5a96db	2026-10-03T15:05:44.8535254Z ##[endgroup]
build	Run bun install --frozen-lockfile	﻿2026-10-03T15:05:44.8754961Z ##[group]Run bun install --frozen-lockfile
build	Run bun install --frozen-lockfile	2026-10-03T15:05:44.8755440Z ^[[36;1mbun install --frozen-lockfile^[[0m
build	Run bun install --frozen-lockfile	2026-10-03T15:05:44.9068890Z shell: /usr/bin/bash -e {0}
build	Run bun install --frozen-lockfile	2026-10-03T15:05:44.9069401Z env:
build	Run bun install --frozen-lockfile	2026-10-03T15:05:44.9069784Z   MISE_LOG_LEVEL: info
build	Run bun install --frozen-lockfile	2026-10-03T15:05:44.9074210Z   MISE_GITHUB_TOKEN: ***
build	Run bun install --frozen-lockfile	2026-10-03T15:05:44.9074835Z   MISE_TRUSTED_CONFIG_PATHS: /home/runner/work/ChronoShift/ChronoShift
build	Run bun install --frozen-lockfile	2026-10-03T15:05:44.9075534Z   MISE_YES: 1
build	Run bun install --frozen-lockfile	2026-10-03T15:05:44.9078274Z   PATH: /home/runner/.local/share/mise/installs/bun/1.4.0/bin:/home/runner/.local/share/mise/installs/node/26.8.1/bin:/home/runner/.local/share/mise/shims:/home/runner/.local/share/mise/bin:/snap/bin:/home/runner/.local/bin:/opt/pipx_bin:/home/runner/.cargo/bin:/home/runner/.config/composer/vendor/bin:/usr/local/.ghcup/bin:/home/runner/.dotnet/tools:/usr/local/sbin:/usr/local/bin:/usr/sbin:/usr/bin:/sbin:/bin:/usr/games:/usr/local/games
build	Run bun install --frozen-lockfile	2026-10-03T15:05:44.9080217Z ##[endgroup]
build	Run bun install --frozen-lockfile	2026-10-03T15:05:44.9289194Z bun install v1.4.0 (34cbb9a40)
build	Run bun install --frozen-lockfile	2026-10-03T15:05:45.2409157Z 
build	Run bun install --frozen-lockfile	2026-10-03T15:05:45.2409844Z + @axe-core/playwright@4.13.0
build	Run bun install --frozen-lockfile	2026-10-03T15:05:45.2410497Z + @playwright/test@1.63.0
build	Run bun install --frozen-lockfile	2026-10-03T15:05:45.2411036Z + @types/bun@1.4.2
build	Run bun install --frozen-lockfile	2026-10-03T15:05:45.2411504Z + @types/react@19.3.0
build	Run bun install --frozen-lockfile	2026-10-03T15:05:45.2411983Z + @types/react-dom@19.3.0
build	Run bun install --frozen-lockfile	2026-10-03T15:05:45.2412477Z + prettier@3.9.9
build	Run bun install --frozen-lockfile	2026-10-03T15:05:45.2412918Z + typescript@7.0.2
build	Run bun install --frozen-lockfile	2026-10-03T15:05:45.2413205Z + vite@8.3.2
build	Run bun install --frozen-lockfile	2026-10-03T15:05:45.2413503Z + @js-temporal/polyfill@0.5.1
build	Run bun install --frozen-lockfile	2026-10-03T15:05:45.2413864Z + chrono-node@2.10.2
build	Run bun install --frozen-lockfile	2026-10-03T15:05:45.2414178Z + react@19.3.0
build	Run bun install --frozen-lockfile	2026-10-03T15:05:45.2414482Z + react-dom@19.3.0
build	Run bun install --frozen-lockfile	2026-10-03T15:05:45.2414661Z 
build	Run bun install --frozen-lockfile	2026-10-03T15:05:45.2414842Z 38 packages installed [312.00ms]
build	Run actions/configure-pages@983d7736d9b0ae728b81ab479565c72886d7745b	﻿2026-10-03T15:05:45.2541230Z ##[group]Run actions/configure-pages@983d7736d9b0ae728b81ab479565c72886d7745b
build	Run actions/configure-pages@983d7736d9b0ae728b81ab479565c72886d7745b	2026-10-03T15:05:45.2541750Z with:
build	Run actions/configure-pages@983d7736d9b0ae728b81ab479565c72886d7745b	2026-10-03T15:05:45.2544441Z   token: ***
build	Run actions/configure-pages@983d7736d9b0ae728b81ab479565c72886d7745b	2026-10-03T15:05:45.2544710Z   enablement: false
build	Run actions/configure-pages@983d7736d9b0ae728b81ab479565c72886d7745b	2026-10-03T15:05:45.2544974Z env:
build	Run actions/configure-pages@983d7736d9b0ae728b81ab479565c72886d7745b	2026-10-03T15:05:45.2545211Z   MISE_LOG_LEVEL: info
build	Run actions/configure-pages@983d7736d9b0ae728b81ab479565c72886d7745b	2026-10-03T15:05:45.2548077Z   MISE_GITHUB_TOKEN: ***
build	Run actions/configure-pages@983d7736d9b0ae728b81ab479565c72886d7745b	2026-10-03T15:05:45.2548500Z   MISE_TRUSTED_CONFIG_PATHS: /home/runner/work/ChronoShift/ChronoShift
build	Run actions/configure-pages@983d7736d9b0ae728b81ab479565c72886d7745b	2026-10-03T15:05:45.2548926Z   MISE_YES: 1
build	Run actions/configure-pages@983d7736d9b0ae728b81ab479565c72886d7745b	2026-10-03T15:05:45.2550514Z   PATH: /home/runner/.local/share/mise/installs/bun/1.4.0/bin:/home/runner/.local/share/mise/installs/node/26.8.1/bin:/home/runner/.local/share/mise/shims:/home/runner/.local/share/mise/bin:/snap/bin:/home/runner/.local/bin:/opt/pipx_bin:/home/runner/.cargo/bin:/home/runner/.config/composer/vendor/bin:/usr/local/.ghcup/bin:/home/runner/.dotnet/tools:/usr/local/sbin:/usr/local/bin:/usr/sbin:/usr/bin:/sbin:/bin:/usr/games:/usr/local/games
build	Run actions/configure-pages@983d7736d9b0ae728b81ab479565c72886d7745b	2026-10-03T15:05:45.2552216Z ##[endgroup]
build	Build at the Pages repository path	﻿2026-10-03T15:05:45.6057198Z ##[group]Run bun run build
build	Build at the Pages repository path	2026-10-03T15:05:45.6057515Z ^[[36;1mbun run build^[[0m
build	Build at the Pages repository path	2026-10-03T15:05:45.6122663Z shell: /usr/bin/bash -e {0}
build	Build at the Pages repository path	2026-10-03T15:05:45.6122972Z env:
build	Build at the Pages repository path	2026-10-03T15:05:45.6123201Z   MISE_LOG_LEVEL: info
build	Build at the Pages repository path	2026-10-03T15:05:45.6126279Z   MISE_GITHUB_TOKEN: ***
build	Build at the Pages repository path	2026-10-03T15:05:45.6126706Z   MISE_TRUSTED_CONFIG_PATHS: /home/runner/work/ChronoShift/ChronoShift
build	Build at the Pages repository path	2026-10-03T15:05:45.6127160Z   MISE_YES: 1
build	Build at the Pages repository path	2026-10-03T15:05:45.6129243Z   PATH: /home/runner/.local/share/mise/installs/bun/1.4.0/bin:/home/runner/.local/share/mise/installs/node/26.8.1/bin:/home/runner/.local/share/mise/shims:/home/runner/.local/share/mise/bin:/snap/bin:/home/runner/.local/bin:/opt/pipx_bin:/home/runner/.cargo/bin:/home/runner/.config/composer/vendor/bin:/usr/local/.ghcup/bin:/home/runner/.dotnet/tools:/usr/local/sbin:/usr/local/bin:/usr/sbin:/usr/bin:/sbin:/bin:/usr/games:/usr/local/games
build	Build at the Pages repository path	2026-10-03T15:05:45.6131440Z   GITHUB_PAGES: true
build	Build at the Pages repository path	2026-10-03T15:05:45.6131677Z   BASE_PATH: /ChronoShift/
build	Build at the Pages repository path	2026-10-03T15:05:45.6131956Z ##[endgroup]
build	Build at the Pages repository path	2026-10-03T15:05:45.6314712Z $ bun run typecheck && bun scripts/third-party-notices.ts && bunx --bun vite build && bun scripts/build-offline.ts
build	Build at the Pages repository path	2026-10-03T15:05:45.6349741Z $ bunx --bun tsc --noEmit
build	Build at the Pages repository path	2026-10-03T15:05:45.9677914Z Included notices for 6 production packages.
build	Build at the Pages repository path	2026-10-03T15:05:46.2126262Z ^[[36mvite v8.3.2 ^[[32mbuilding client environment for production...^[[36m^[[39m
build	Build at the Pages repository path	2026-10-03T15:05:46.2238310Z transforming...
build	Build at the Pages repository path	2026-10-03T15:05:46.4077459Z ✓ 24 modules transformed.
build	Build at the Pages repository path	2026-10-03T15:05:46.4428303Z rendering chunks...
build	Build at the Pages repository path	2026-10-03T15:05:46.4933475Z computing gzip size...
build	Build at the Pages repository path	2026-10-03T15:05:46.5000036Z dist/index.html                   0.84 kB │ gzip:   0.45 kB
build	Build at the Pages repository path	2026-10-03T15:05:46.5000661Z dist/assets/worker-Dcv-t75w.js  218.70 kB
build	Build at the Pages repository path	2026-10-03T15:05:46.5001277Z dist/assets/index-CuSIudKT.css   10.37 kB │ gzip:   2.97 kB
build	Build at the Pages repository path	2026-10-03T15:05:46.5001933Z dist/assets/index-BteaGTFj.js   399.20 kB │ gzip: 120.72 kB
build	Build at the Pages repository path	2026-10-03T15:05:46.5002313Z 
build	Build at the Pages repository path	2026-10-03T15:05:46.5008009Z ^[[32m✓ built in 287ms^[[39m
build	Build at the Pages repository path	2026-10-03T15:05:46.8471453Z Offline version 65cdae8dd96d69f7: 10 local assets, /ChronoShift/
build	Run actions/upload-pages-artifact@7b1f4a764d45c48632c6b24a0339c27f5614fb0b	﻿2026-10-03T15:05:46.8583820Z ##[group]Run actions/upload-pages-artifact@7b1f4a764d45c48632c6b24a0339c27f5614fb0b
build	Run actions/upload-pages-artifact@7b1f4a764d45c48632c6b24a0339c27f5614fb0b	2026-10-03T15:05:46.8584301Z with:
build	Run actions/upload-pages-artifact@7b1f4a764d45c48632c6b24a0339c27f5614fb0b	2026-10-03T15:05:46.8584495Z   path: dist
build	Run actions/upload-pages-artifact@7b1f4a764d45c48632c6b24a0339c27f5614fb0b	2026-10-03T15:05:46.8584693Z   retention-days: 14
build	Run actions/upload-pages-artifact@7b1f4a764d45c48632c6b24a0339c27f5614fb0b	2026-10-03T15:05:46.8584915Z   name: github-pages
build	Run actions/upload-pages-artifact@7b1f4a764d45c48632c6b24a0339c27f5614fb0b	2026-10-03T15:05:46.8606437Z env:
build	Run actions/upload-pages-artifact@7b1f4a764d45c48632c6b24a0339c27f5614fb0b	2026-10-03T15:05:46.8606691Z   MISE_LOG_LEVEL: info
build	Run actions/upload-pages-artifact@7b1f4a764d45c48632c6b24a0339c27f5614fb0b	2026-10-03T15:05:46.8609611Z   MISE_GITHUB_TOKEN: ***
build	Run actions/upload-pages-artifact@7b1f4a764d45c48632c6b24a0339c27f5614fb0b	2026-10-03T15:05:46.8609982Z   MISE_TRUSTED_CONFIG_PATHS: /home/runner/work/ChronoShift/ChronoShift
build	Run actions/upload-pages-artifact@7b1f4a764d45c48632c6b24a0339c27f5614fb0b	2026-10-03T15:05:46.8610368Z   MISE_YES: 1
build	Run actions/upload-pages-artifact@7b1f4a764d45c48632c6b24a0339c27f5614fb0b	2026-10-03T15:05:46.8611846Z   PATH: /home/runner/.local/share/mise/installs/bun/1.4.0/bin:/home/runner/.local/share/mise/installs/node/26.8.1/bin:/home/runner/.local/share/mise/shims:/home/runner/.local/share/mise/bin:/snap/bin:/home/runner/.local/bin:/opt/pipx_bin:/home/runner/.cargo/bin:/home/runner/.config/composer/vendor/bin:/usr/local/.ghcup/bin:/home/runner/.dotnet/tools:/usr/local/sbin:/usr/local/bin:/usr/sbin:/usr/bin:/sbin:/bin:/usr/games:/usr/local/games
build	Run actions/upload-pages-artifact@7b1f4a764d45c48632c6b24a0339c27f5614fb0b	2026-10-03T15:05:46.8613450Z   GITHUB_PAGES: true
build	Run actions/upload-pages-artifact@7b1f4a764d45c48632c6b24a0339c27f5614fb0b	2026-10-03T15:05:46.8613677Z ##[endgroup]
build	Run actions/upload-pages-artifact@7b1f4a764d45c48632c6b24a0339c27f5614fb0b	2026-10-03T15:05:46.8673697Z ##[start-action display=Archive artifact;id=__actions_upload-pages-artifact.__run]
build	Run actions/upload-pages-artifact@7b1f4a764d45c48632c6b24a0339c27f5614fb0b	2026-10-03T15:05:46.8711039Z ##[group]Run echo ::group::Archive artifact
build	Run actions/upload-pages-artifact@7b1f4a764d45c48632c6b24a0339c27f5614fb0b	2026-10-03T15:05:46.8711398Z ^[[36;1mecho ::group::Archive artifact^[[0m
build	Run actions/upload-pages-artifact@7b1f4a764d45c48632c6b24a0339c27f5614fb0b	2026-10-03T15:05:46.8711676Z ^[[36;1mtar \^[[0m
build	Run actions/upload-pages-artifact@7b1f4a764d45c48632c6b24a0339c27f5614fb0b	2026-10-03T15:05:46.8711935Z ^[[36;1m  --dereference --hard-dereference \^[[0m
build	Run actions/upload-pages-artifact@7b1f4a764d45c48632c6b24a0339c27f5614fb0b	2026-10-03T15:05:46.8712253Z ^[[36;1m  --directory "$INPUT_PATH" \^[[0m
build	Run actions/upload-pages-artifact@7b1f4a764d45c48632c6b24a0339c27f5614fb0b	2026-10-03T15:05:46.8712582Z ^[[36;1m  -cvf "$RUNNER_TEMP/artifact.tar" \^[[0m
build	Run actions/upload-pages-artifact@7b1f4a764d45c48632c6b24a0339c27f5614fb0b	2026-10-03T15:05:46.8712877Z ^[[36;1m  --exclude=.git \^[[0m
build	Run actions/upload-pages-artifact@7b1f4a764d45c48632c6b24a0339c27f5614fb0b	2026-10-03T15:05:46.8713129Z ^[[36;1m  --exclude=.github \^[[0m
build	Run actions/upload-pages-artifact@7b1f4a764d45c48632c6b24a0339c27f5614fb0b	2026-10-03T15:05:46.8713381Z ^[[36;1m  --exclude=".[^/]*" \^[[0m
build	Run actions/upload-pages-artifact@7b1f4a764d45c48632c6b24a0339c27f5614fb0b	2026-10-03T15:05:46.8713622Z ^[[36;1m  .^[[0m
build	Run actions/upload-pages-artifact@7b1f4a764d45c48632c6b24a0339c27f5614fb0b	2026-10-03T15:05:46.8713826Z ^[[36;1mecho ::endgroup::^[[0m
build	Run actions/upload-pages-artifact@7b1f4a764d45c48632c6b24a0339c27f5614fb0b	2026-10-03T15:05:46.8741771Z shell: /usr/bin/sh -e {0}
build	Run actions/upload-pages-artifact@7b1f4a764d45c48632c6b24a0339c27f5614fb0b	2026-10-03T15:05:46.8742051Z env:
build	Run actions/upload-pages-artifact@7b1f4a764d45c48632c6b24a0339c27f5614fb0b	2026-10-03T15:05:46.8742271Z   MISE_LOG_LEVEL: info
build	Run actions/upload-pages-artifact@7b1f4a764d45c48632c6b24a0339c27f5614fb0b	2026-10-03T15:05:46.8745247Z   MISE_GITHUB_TOKEN: ***
build	Run actions/upload-pages-artifact@7b1f4a764d45c48632c6b24a0339c27f5614fb0b	2026-10-03T15:05:46.8745669Z   MISE_TRUSTED_CONFIG_PATHS: /home/runner/work/ChronoShift/ChronoShift
build	Run actions/upload-pages-artifact@7b1f4a764d45c48632c6b24a0339c27f5614fb0b	2026-10-03T15:05:46.8746122Z   MISE_YES: 1
build	Run actions/upload-pages-artifact@7b1f4a764d45c48632c6b24a0339c27f5614fb0b	2026-10-03T15:05:46.8748151Z   PATH: /home/runner/.local/share/mise/installs/bun/1.4.0/bin:/home/runner/.local/share/mise/installs/node/26.8.1/bin:/home/runner/.local/share/mise/shims:/home/runner/.local/share/mise/bin:/snap/bin:/home/runner/.local/bin:/opt/pipx_bin:/home/runner/.cargo/bin:/home/runner/.config/composer/vendor/bin:/usr/local/.ghcup/bin:/home/runner/.dotnet/tools:/usr/local/sbin:/usr/local/bin:/usr/sbin:/usr/bin:/sbin:/bin:/usr/games:/usr/local/games
build	Run actions/upload-pages-artifact@7b1f4a764d45c48632c6b24a0339c27f5614fb0b	2026-10-03T15:05:46.8750331Z   GITHUB_PAGES: true
build	Run actions/upload-pages-artifact@7b1f4a764d45c48632c6b24a0339c27f5614fb0b	2026-10-03T15:05:46.8750590Z   INPUT_PATH: dist
build	Run actions/upload-pages-artifact@7b1f4a764d45c48632c6b24a0339c27f5614fb0b	2026-10-03T15:05:46.8750840Z ##[endgroup]
build	Run actions/upload-pages-artifact@7b1f4a764d45c48632c6b24a0339c27f5614fb0b	2026-10-03T15:05:46.8794459Z ##[group]Archive artifact
build	Run actions/upload-pages-artifact@7b1f4a764d45c48632c6b24a0339c27f5614fb0b	2026-10-03T15:05:46.8811050Z ./
build	Run actions/upload-pages-artifact@7b1f4a764d45c48632c6b24a0339c27f5614fb0b	2026-10-03T15:05:46.8811526Z ./third-party-notices.txt
build	Run actions/upload-pages-artifact@7b1f4a764d45c48632c6b24a0339c27f5614fb0b	2026-10-03T15:05:46.8818410Z ./manifest.webmanifest
build	Run actions/upload-pages-artifact@7b1f4a764d45c48632c6b24a0339c27f5614fb0b	2026-10-03T15:05:46.8820599Z ./assets/
build	Run actions/upload-pages-artifact@7b1f4a764d45c48632c6b24a0339c27f5614fb0b	2026-10-03T15:05:46.8821212Z ./assets/worker-Dcv-t75w.js
build	Run actions/upload-pages-artifact@7b1f4a764d45c48632c6b24a0339c27f5614fb0b	2026-10-03T15:05:46.8822108Z ./assets/index-BteaGTFj.js
build	Run actions/upload-pages-artifact@7b1f4a764d45c48632c6b24a0339c27f5614fb0b	2026-10-03T15:05:46.8822688Z ./assets/index-CuSIudKT.css
build	Run actions/upload-pages-artifact@7b1f4a764d45c48632c6b24a0339c27f5614fb0b	2026-10-03T15:05:46.8823156Z ./index.html
build	Run actions/upload-pages-artifact@7b1f4a764d45c48632c6b24a0339c27f5614fb0b	2026-10-03T15:05:46.8823477Z ./release.json
build	Run actions/upload-pages-artifact@7b1f4a764d45c48632c6b24a0339c27f5614fb0b	2026-10-03T15:05:46.8823784Z ./sw.js
build	Run actions/upload-pages-artifact@7b1f4a764d45c48632c6b24a0339c27f5614fb0b	2026-10-03T15:05:46.8824068Z ./icon.svg
build	Run actions/upload-pages-artifact@7b1f4a764d45c48632c6b24a0339c27f5614fb0b	2026-10-03T15:05:46.8824375Z ./icon-512.png
build	Run actions/upload-pages-artifact@7b1f4a764d45c48632c6b24a0339c27f5614fb0b	2026-10-03T15:05:46.8824700Z ./icon-192.png
build	Run actions/upload-pages-artifact@7b1f4a764d45c48632c6b24a0339c27f5614fb0b	2026-10-03T15:05:46.8825280Z ##[endgroup]
build	Run actions/upload-pages-artifact@7b1f4a764d45c48632c6b24a0339c27f5614fb0b	2026-10-03T15:05:46.8837006Z ##[end-action id=__actions_upload-pages-artifact.__run;outcome=success;conclusion=success;duration_ms=16]
build	Run actions/upload-pages-artifact@7b1f4a764d45c48632c6b24a0339c27f5614fb0b	2026-10-03T15:05:46.8840726Z ##[start-action display=Archive artifact;id=__actions_upload-pages-artifact.__run_2]
build	Run actions/upload-pages-artifact@7b1f4a764d45c48632c6b24a0339c27f5614fb0b	2026-10-03T15:05:46.8846017Z ##[end-action id=__actions_upload-pages-artifact.__run_2;outcome=skipped;conclusion=skipped;duration_ms=0]
build	Run actions/upload-pages-artifact@7b1f4a764d45c48632c6b24a0339c27f5614fb0b	2026-10-03T15:05:46.8849288Z ##[start-action display=Archive artifact;id=__actions_upload-pages-artifact.__run_3]
build	Run actions/upload-pages-artifact@7b1f4a764d45c48632c6b24a0339c27f5614fb0b	2026-10-03T15:05:46.8853109Z ##[end-action id=__actions_upload-pages-artifact.__run_3;outcome=skipped;conclusion=skipped;duration_ms=0]
build	Run actions/upload-pages-artifact@7b1f4a764d45c48632c6b24a0339c27f5614fb0b	2026-10-03T15:05:46.8855455Z ##[start-action display=Upload artifact;id=__actions_upload-pages-artifact.upload-artifact]
build	Run actions/upload-pages-artifact@7b1f4a764d45c48632c6b24a0339c27f5614fb0b	2026-10-03T15:05:46.8891477Z ##[group]Run actions/upload-artifact@ea165f8d65b6e75b540449e92b4886f43607fa02
build	Run actions/upload-pages-artifact@7b1f4a764d45c48632c6b24a0339c27f5614fb0b	2026-10-03T15:05:46.8891896Z with:
build	Run actions/upload-pages-artifact@7b1f4a764d45c48632c6b24a0339c27f5614fb0b	2026-10-03T15:05:46.8892100Z   name: github-pages
build	Run actions/upload-pages-artifact@7b1f4a764d45c48632c6b24a0339c27f5614fb0b	2026-10-03T15:05:46.8892358Z   path: /home/runner/work/_temp/artifact.tar
build	Run actions/upload-pages-artifact@7b1f4a764d45c48632c6b24a0339c27f5614fb0b	2026-10-03T15:05:46.8892660Z   retention-days: 14
build	Run actions/upload-pages-artifact@7b1f4a764d45c48632c6b24a0339c27f5614fb0b	2026-10-03T15:05:46.8892898Z   if-no-files-found: error
build	Run actions/upload-pages-artifact@7b1f4a764d45c48632c6b24a0339c27f5614fb0b	2026-10-03T15:05:46.8893139Z   compression-level: 6
build	Run actions/upload-pages-artifact@7b1f4a764d45c48632c6b24a0339c27f5614fb0b	2026-10-03T15:05:46.8893359Z   overwrite: false
build	Run actions/upload-pages-artifact@7b1f4a764d45c48632c6b24a0339c27f5614fb0b	2026-10-03T15:05:46.8893613Z   include-hidden-files: false
build	Run actions/upload-pages-artifact@7b1f4a764d45c48632c6b24a0339c27f5614fb0b	2026-10-03T15:05:46.8893901Z env:
build	Run actions/upload-pages-artifact@7b1f4a764d45c48632c6b24a0339c27f5614fb0b	2026-10-03T15:05:46.8894086Z   MISE_LOG_LEVEL: info
build	Run actions/upload-pages-artifact@7b1f4a764d45c48632c6b24a0339c27f5614fb0b	2026-10-03T15:05:46.8896559Z   MISE_GITHUB_TOKEN: ***
build	Run actions/upload-pages-artifact@7b1f4a764d45c48632c6b24a0339c27f5614fb0b	2026-10-03T15:05:46.8896914Z   MISE_TRUSTED_CONFIG_PATHS: /home/runner/work/ChronoShift/ChronoShift
build	Run actions/upload-pages-artifact@7b1f4a764d45c48632c6b24a0339c27f5614fb0b	2026-10-03T15:05:46.8897279Z   MISE_YES: 1
build	Run actions/upload-pages-artifact@7b1f4a764d45c48632c6b24a0339c27f5614fb0b	2026-10-03T15:05:46.8899053Z   PATH: /home/runner/.local/share/mise/installs/bun/1.4.0/bin:/home/runner/.local/share/mise/installs/node/26.8.1/bin:/home/runner/.local/share/mise/shims:/home/runner/.local/share/mise/bin:/snap/bin:/home/runner/.local/bin:/opt/pipx_bin:/home/runner/.cargo/bin:/home/runner/.config/composer/vendor/bin:/usr/local/.ghcup/bin:/home/runner/.dotnet/tools:/usr/local/sbin:/usr/local/bin:/usr/sbin:/usr/bin:/sbin:/bin:/usr/games:/usr/local/games
build	Run actions/upload-pages-artifact@7b1f4a764d45c48632c6b24a0339c27f5614fb0b	2026-10-03T15:05:46.8900635Z   GITHUB_PAGES: true
build	Run actions/upload-pages-artifact@7b1f4a764d45c48632c6b24a0339c27f5614fb0b	2026-10-03T15:05:46.8900855Z ##[endgroup]
build	Run actions/upload-pages-artifact@7b1f4a764d45c48632c6b24a0339c27f5614fb0b	2026-10-03T15:05:47.0634565Z (node:2477) [DEP0040] DeprecationWarning: The `punycode` module is deprecated. Please use a userland alternative instead.
build	Run actions/upload-pages-artifact@7b1f4a764d45c48632c6b24a0339c27f5614fb0b	2026-10-03T15:05:47.0636073Z (Use `node --trace-deprecation ...` to show where the warning was created)
build	Run actions/upload-pages-artifact@7b1f4a764d45c48632c6b24a0339c27f5614fb0b	2026-10-03T15:05:47.0718943Z With the provided path, there will be 1 file uploaded
build	Run actions/upload-pages-artifact@7b1f4a764d45c48632c6b24a0339c27f5614fb0b	2026-10-03T15:05:47.0720931Z Artifact name is valid!
build	Run actions/upload-pages-artifact@7b1f4a764d45c48632c6b24a0339c27f5614fb0b	2026-10-03T15:05:47.0721904Z Root directory input is valid!
build	Run actions/upload-pages-artifact@7b1f4a764d45c48632c6b24a0339c27f5614fb0b	2026-10-03T15:05:47.2817389Z Beginning upload of artifact content to blob storage
build	Run actions/upload-pages-artifact@7b1f4a764d45c48632c6b24a0339c27f5614fb0b	2026-10-03T15:05:47.3232277Z (node:2477) [DEP0169] DeprecationWarning: `url.parse()` behavior is not standardized and prone to errors that have security implications. Use the WHATWG URL API instead. CVEs are not issued for `url.parse()` vulnerabilities.
build	Run actions/upload-pages-artifact@7b1f4a764d45c48632c6b24a0339c27f5614fb0b	2026-10-03T15:05:47.3554570Z Uploaded bytes 220772
build	Run actions/upload-pages-artifact@7b1f4a764d45c48632c6b24a0339c27f5614fb0b	2026-10-03T15:05:47.3712730Z Finished uploading artifact content to blob storage!
build	Run actions/upload-pages-artifact@7b1f4a764d45c48632c6b24a0339c27f5614fb0b	2026-10-03T15:05:47.3718015Z SHA256 digest of uploaded artifact zip is be776726e284a682568651dcf3f0693bffe44fa342f30d32642f99394542c09f
build	Run actions/upload-pages-artifact@7b1f4a764d45c48632c6b24a0339c27f5614fb0b	2026-10-03T15:05:47.3719483Z Finalizing artifact upload
build	Run actions/upload-pages-artifact@7b1f4a764d45c48632c6b24a0339c27f5614fb0b	2026-10-03T15:05:47.5650100Z Artifact github-pages.zip successfully finalized. Artifact ID 11276513957
build	Run actions/upload-pages-artifact@7b1f4a764d45c48632c6b24a0339c27f5614fb0b	2026-10-03T15:05:47.5651556Z Artifact github-pages has been successfully uploaded! Final size is 220772 bytes. Artifact ID is 11276513957
build	Run actions/upload-pages-artifact@7b1f4a764d45c48632c6b24a0339c27f5614fb0b	2026-10-03T15:05:47.5658314Z Artifact download URL: https://github.com/Tien-Lam/ChronoShift/actions/runs/37131749773/artifacts/11276513957
build	Run actions/upload-pages-artifact@7b1f4a764d45c48632c6b24a0339c27f5614fb0b	2026-10-03T15:05:47.5752111Z ##[end-action id=__actions_upload-pages-artifact.upload-artifact;outcome=success;conclusion=success;duration_ms=689]
build	Post Run actions/checkout@34e114876b0b11c390a56381ad16ebd13914f8d5	﻿2026-10-03T15:05:47.5872551Z Post job cleanup.
build	Post Run actions/checkout@34e114876b0b11c390a56381ad16ebd13914f8d5	2026-10-03T15:05:47.6708338Z [command]/usr/bin/git version
build	Post Run actions/checkout@34e114876b0b11c390a56381ad16ebd13914f8d5	2026-10-03T15:05:47.6751318Z git version 2.55.0
build	Post Run actions/checkout@34e114876b0b11c390a56381ad16ebd13914f8d5	2026-10-03T15:05:47.6796256Z Temporarily overriding HOME='/home/runner/work/_temp/f0547440-c350-45ec-9338-5fe4e84f7146' before making global git config changes
build	Post Run actions/checkout@34e114876b0b11c390a56381ad16ebd13914f8d5	2026-10-03T15:05:47.6798439Z Adding repository directory to the temporary git global config as a safe directory
build	Post Run actions/checkout@34e114876b0b11c390a56381ad16ebd13914f8d5	2026-10-03T15:05:47.6803240Z [command]/usr/bin/git config --global --add safe.directory /home/runner/work/ChronoShift/ChronoShift
build	Post Run actions/checkout@34e114876b0b11c390a56381ad16ebd13914f8d5	2026-10-03T15:05:47.6841348Z [command]/usr/bin/git config --local --name-only --get-regexp core\.sshCommand
build	Post Run actions/checkout@34e114876b0b11c390a56381ad16ebd13914f8d5	2026-10-03T15:05:47.6876293Z [command]/usr/bin/git submodule foreach --recursive sh -c "git config --local --name-only --get-regexp 'core\.sshCommand' && git config --local --unset-all 'core.sshCommand' || :"
build	Post Run actions/checkout@34e114876b0b11c390a56381ad16ebd13914f8d5	2026-10-03T15:05:47.7140644Z [command]/usr/bin/git config --local --name-only --get-regexp http\.https\:\/\/github\.com\/\.extraheader
build	Post Run actions/checkout@34e114876b0b11c390a56381ad16ebd13914f8d5	2026-10-03T15:05:47.7171428Z http.https://github.com/.extraheader
build	Post Run actions/checkout@34e114876b0b11c390a56381ad16ebd13914f8d5	2026-10-03T15:05:47.7183286Z [command]/usr/bin/git config --local --unset-all http.https://github.com/.extraheader
build	Post Run actions/checkout@34e114876b0b11c390a56381ad16ebd13914f8d5	2026-10-03T15:05:47.7223571Z [command]/usr/bin/git submodule foreach --recursive sh -c "git config --local --name-only --get-regexp 'http\.https\:\/\/github\.com\/\.extraheader' && git config --local --unset-all 'http.https://github.com/.extraheader' || :"
build	Post Run actions/checkout@34e114876b0b11c390a56381ad16ebd13914f8d5	2026-10-03T15:05:47.7492310Z [command]/usr/bin/git config --local --name-only --get-regexp ^includeIf\.gitdir:
build	Post Run actions/checkout@34e114876b0b11c390a56381ad16ebd13914f8d5	2026-10-03T15:05:47.7531781Z [command]/usr/bin/git submodule foreach --recursive git config --local --show-origin --name-only --get-regexp remote.origin.url
build	Complete job	﻿2026-10-03T15:05:47.7928557Z Cleaning up orphan processes
build	Complete job	2026-10-03T15:05:47.8219891Z ##[warning]Node.js 20 is deprecated. The following actions target Node.js 20 but are being forced to run on Node.js 24: actions/checkout@34e114876b0b11c390a56381ad16ebd13914f8d5, actions/configure-pages@983d7736d9b0ae728b81ab479565c72886d7745b, actions/upload-artifact@ea165f8d65b6e75b540449e92b4886f43607fa02, jdx/mise-action@5228313ee0372e111a38da051671ca30fc5a96db. For more information see: https://github.blog/changelog/2025-09-19-deprecation-of-node-20-on-github-actions-runners/
deploy	Set up job	﻿2026-10-03T15:05:53.4209166Z Current runner version: '2.337.0'
deploy	Set up job	2026-10-03T15:05:53.4231059Z ##[group]Runner Image Provisioner
deploy	Set up job	2026-10-03T15:05:53.4231896Z Hosted Compute Agent
deploy	Set up job	2026-10-03T15:05:53.4232437Z Version: 20260901.588
deploy	Set up job	2026-10-03T15:05:53.4233020Z Commit: f88ec8081b781fac6c440065ac7ff9e710ce3d0b
deploy	Set up job	2026-10-03T15:05:53.4233650Z Build Date: 2026-09-01T19:56:44Z
deploy	Set up job	2026-10-03T15:05:53.4234282Z Worker ID: {f0800ef9-ded3-492a-8cba-ba908823c018}
deploy	Set up job	2026-10-03T15:05:53.4234916Z Azure Region: westus3
deploy	Set up job	2026-10-03T15:05:53.4235440Z ##[endgroup]
deploy	Set up job	2026-10-03T15:05:53.4236887Z ##[group]Operating System
deploy	Set up job	2026-10-03T15:05:53.4237490Z Ubuntu
deploy	Set up job	2026-10-03T15:05:53.4237930Z 24.04.5
deploy	Set up job	2026-10-03T15:05:53.4238421Z LTS
deploy	Set up job	2026-10-03T15:05:53.4238935Z ##[endgroup]
deploy	Set up job	2026-10-03T15:05:53.4239483Z ##[group]Runner Image
deploy	Set up job	2026-10-03T15:05:53.4240018Z Image: ubuntu-24.04
deploy	Set up job	2026-10-03T15:05:53.4240620Z Version: 20260927.320.1
deploy	Set up job	2026-10-03T15:05:53.4241568Z Included Software: https://github.com/actions/runner-images/blob/ubuntu24/20260927.320/images/ubuntu/Ubuntu2404-Readme.md
deploy	Set up job	2026-10-03T15:05:53.4243040Z Image Release: https://github.com/actions/runner-images/releases/tag/ubuntu24%2F20260927.320
deploy	Set up job	2026-10-03T15:05:53.4243872Z ##[endgroup]
deploy	Set up job	2026-10-03T15:05:53.4244834Z ##[group]GITHUB_TOKEN Permissions
deploy	Set up job	2026-10-03T15:05:53.4246889Z Metadata: read
deploy	Set up job	2026-10-03T15:05:53.4247536Z Pages: write
deploy	Set up job	2026-10-03T15:05:53.4248067Z ##[endgroup]
deploy	Set up job	2026-10-03T15:05:53.4249892Z Secret source: Actions
deploy	Set up job	2026-10-03T15:05:53.4250706Z Cache mode: write
deploy	Set up job	2026-10-03T15:05:53.4251352Z Prepare workflow directory
deploy	Set up job	2026-10-03T15:05:53.4544377Z Prepare all required actions
deploy	Set up job	2026-10-03T15:05:53.4589267Z Getting action download info
deploy	Set up job	2026-10-03T15:05:53.7504121Z Download action repository 'actions/deploy-pages@d6db90164ac5ed86f2b6aed7e0febac5b3c0c03e' (SHA:d6db90164ac5ed86f2b6aed7e0febac5b3c0c03e)
deploy	Set up job	2026-10-03T15:05:54.9004527Z Complete job name: deploy
deploy	Run actions/deploy-pages@d6db90164ac5ed86f2b6aed7e0febac5b3c0c03e	﻿2026-10-03T15:05:54.9563459Z ##[group]Run actions/deploy-pages@d6db90164ac5ed86f2b6aed7e0febac5b3c0c03e
deploy	Run actions/deploy-pages@d6db90164ac5ed86f2b6aed7e0febac5b3c0c03e	2026-10-03T15:05:54.9564700Z with:
deploy	Run actions/deploy-pages@d6db90164ac5ed86f2b6aed7e0febac5b3c0c03e	2026-10-03T15:05:54.9569369Z   token: ***
deploy	Run actions/deploy-pages@d6db90164ac5ed86f2b6aed7e0febac5b3c0c03e	2026-10-03T15:05:54.9570069Z   timeout: 600000
deploy	Run actions/deploy-pages@d6db90164ac5ed86f2b6aed7e0febac5b3c0c03e	2026-10-03T15:05:54.9570651Z   error_count: 10
deploy	Run actions/deploy-pages@d6db90164ac5ed86f2b6aed7e0febac5b3c0c03e	2026-10-03T15:05:54.9571279Z   reporting_interval: 5000
deploy	Run actions/deploy-pages@d6db90164ac5ed86f2b6aed7e0febac5b3c0c03e	2026-10-03T15:05:54.9571940Z   artifact_name: github-pages
deploy	Run actions/deploy-pages@d6db90164ac5ed86f2b6aed7e0febac5b3c0c03e	2026-10-03T15:05:54.9572636Z   preview: false
deploy	Run actions/deploy-pages@d6db90164ac5ed86f2b6aed7e0febac5b3c0c03e	2026-10-03T15:05:54.9573431Z ##[endgroup]
deploy	Run actions/deploy-pages@d6db90164ac5ed86f2b6aed7e0febac5b3c0c03e	2026-10-03T15:05:55.1228019Z (node:1963) [DEP0040] DeprecationWarning: The `punycode` module is deprecated. Please use a userland alternative instead.
deploy	Run actions/deploy-pages@d6db90164ac5ed86f2b6aed7e0febac5b3c0c03e	2026-10-03T15:05:55.1229847Z (Use `node --trace-deprecation ...` to show where the warning was created)
deploy	Run actions/deploy-pages@d6db90164ac5ed86f2b6aed7e0febac5b3c0c03e	2026-10-03T15:05:55.3553397Z Fetching artifact metadata for "github-pages" in this workflow run
deploy	Run actions/deploy-pages@d6db90164ac5ed86f2b6aed7e0febac5b3c0c03e	2026-10-03T15:05:55.5877500Z Found 2 artifact(s)
deploy	Run actions/deploy-pages@d6db90164ac5ed86f2b6aed7e0febac5b3c0c03e	2026-10-03T15:05:55.5890918Z Creating Pages deployment with payload:
deploy	Run actions/deploy-pages@d6db90164ac5ed86f2b6aed7e0febac5b3c0c03e	2026-10-03T15:05:55.5892506Z {
deploy	Run actions/deploy-pages@d6db90164ac5ed86f2b6aed7e0febac5b3c0c03e	2026-10-03T15:05:55.5893519Z 	"artifact_id": 11276513957,
deploy	Run actions/deploy-pages@d6db90164ac5ed86f2b6aed7e0febac5b3c0c03e	2026-10-03T15:05:55.5895274Z 	"pages_build_version": "c31b8656bc4ef0fce84d5767b0d9c39f89a00f0f",
deploy	Run actions/deploy-pages@d6db90164ac5ed86f2b6aed7e0febac5b3c0c03e	2026-10-03T15:05:55.6033704Z 	"oidc_token": "***"
deploy	Run actions/deploy-pages@d6db90164ac5ed86f2b6aed7e0febac5b3c0c03e	2026-10-03T15:05:55.6034537Z }
deploy	Run actions/deploy-pages@d6db90164ac5ed86f2b6aed7e0febac5b3c0c03e	2026-10-03T15:05:56.5598094Z Created deployment for c31b8656bc4ef0fce84d5767b0d9c39f89a00f0f, ID: c31b8656bc4ef0fce84d5767b0d9c39f89a00f0f
deploy	Run actions/deploy-pages@d6db90164ac5ed86f2b6aed7e0febac5b3c0c03e	2026-10-03T15:06:01.5610194Z Getting Pages deployment status...
deploy	Run actions/deploy-pages@d6db90164ac5ed86f2b6aed7e0febac5b3c0c03e	2026-10-03T15:06:01.8104214Z Reported success!
deploy	Complete job	﻿2026-10-03T15:06:01.8357782Z Evaluate and set environment url
deploy	Complete job	2026-10-03T15:06:01.8363298Z Evaluated environment url: https://tien-lam.github.io/ChronoShift/
deploy	Complete job	2026-10-03T15:06:01.8364322Z Cleaning up orphan processes
deploy	Complete job	2026-10-03T15:06:01.8569708Z ##[warning]Node.js 20 is deprecated. The following actions target Node.js 20 but are being forced to run on Node.js 24: actions/deploy-pages@d6db90164ac5ed86f2b6aed7e0febac5b3c0c03e. For more information see: https://github.blog/changelog/2025-09-19-deprecation-of-node-20-on-github-actions-runners/
