web	Set up job	﻿2026-10-05T06:34:58.9916636Z Current runner version: '2.337.0'
web	Set up job	2026-10-05T06:34:58.9938886Z ##[group]Runner Image Provisioner
web	Set up job	2026-10-05T06:34:58.9939705Z Hosted Compute Agent
web	Set up job	2026-10-05T06:34:58.9940186Z Version: 20260901.588
web	Set up job	2026-10-05T06:34:58.9940686Z Commit: f88ec8081b781fac6c440065ac7ff9e710ce3d0b
web	Set up job	2026-10-05T06:34:58.9941365Z Build Date: 2026-09-01T19:56:44Z
web	Set up job	2026-10-05T06:34:58.9941916Z Worker ID: {03c6809b-7421-4c54-932e-8181ef973f54}
web	Set up job	2026-10-05T06:34:58.9942581Z Azure Region: eastus
web	Set up job	2026-10-05T06:34:58.9943178Z ##[endgroup]
web	Set up job	2026-10-05T06:34:58.9944477Z ##[group]Operating System
web	Set up job	2026-10-05T06:34:58.9945072Z Ubuntu
web	Set up job	2026-10-05T06:34:58.9945537Z 24.04.5
web	Set up job	2026-10-05T06:34:58.9945999Z LTS
web	Set up job	2026-10-05T06:34:58.9946437Z ##[endgroup]
web	Set up job	2026-10-05T06:34:58.9946892Z ##[group]Runner Image
web	Set up job	2026-10-05T06:34:58.9947423Z Image: ubuntu-24.04
web	Set up job	2026-10-05T06:34:58.9947896Z Version: 20260927.320.1
web	Set up job	2026-10-05T06:34:58.9948836Z Included Software: https://github.com/actions/runner-images/blob/ubuntu24/20260927.320/images/ubuntu/Ubuntu2404-Readme.md
web	Set up job	2026-10-05T06:34:58.9950182Z Image Release: https://github.com/actions/runner-images/releases/tag/ubuntu24%2F20260927.320
web	Set up job	2026-10-05T06:34:58.9950999Z ##[endgroup]
web	Set up job	2026-10-05T06:34:58.9951996Z ##[group]GITHUB_TOKEN Permissions
web	Set up job	2026-10-05T06:34:58.9954038Z Contents: read
web	Set up job	2026-10-05T06:34:58.9954542Z Metadata: read
web	Set up job	2026-10-05T06:34:58.9955055Z Pages: read
web	Set up job	2026-10-05T06:34:58.9955521Z ##[endgroup]
web	Set up job	2026-10-05T06:34:58.9957331Z Secret source: Actions
web	Set up job	2026-10-05T06:34:58.9958178Z Cache mode: write
web	Set up job	2026-10-05T06:34:58.9958993Z Prepare workflow directory
web	Set up job	2026-10-05T06:34:59.0449761Z Prepare all required actions
web	Set up job	2026-10-05T06:34:59.0489097Z Getting action download info
web	Set up job	2026-10-05T06:34:59.2490598Z Download action repository 'actions/checkout@34e114876b0b11c390a56381ad16ebd13914f8d5' (SHA:34e114876b0b11c390a56381ad16ebd13914f8d5)
web	Set up job	2026-10-05T06:34:59.3478379Z Download action repository 'jdx/mise-action@5228313ee0372e111a38da051671ca30fc5a96db' (SHA:5228313ee0372e111a38da051671ca30fc5a96db)
web	Set up job	2026-10-05T06:34:59.5601051Z Download action repository 'actions/upload-artifact@ea165f8d65b6e75b540449e92b4886f43607fa02' (SHA:ea165f8d65b6e75b540449e92b4886f43607fa02)
web	Set up job	2026-10-05T06:34:59.7348583Z Download action repository 'actions/configure-pages@983d7736d9b0ae728b81ab479565c72886d7745b' (SHA:983d7736d9b0ae728b81ab479565c72886d7745b)
web	Set up job	2026-10-05T06:34:59.8642904Z Download action repository 'actions/upload-pages-artifact@7b1f4a764d45c48632c6b24a0339c27f5614fb0b' (SHA:7b1f4a764d45c48632c6b24a0339c27f5614fb0b)
web	Set up job	2026-10-05T06:35:00.0554376Z Getting action download info
web	Set up job	2026-10-05T06:35:00.1799912Z Complete job name: web
web	Initialize containers	﻿2026-10-05T06:35:00.2372634Z ##[group]Checking docker version
web	Initialize containers	2026-10-05T06:35:00.2383890Z ##[command]/usr/bin/docker version --format '{{.Server.APIVersion}}'
web	Initialize containers	2026-10-05T06:35:00.3116118Z '1.48'
web	Initialize containers	2026-10-05T06:35:00.3130536Z Docker daemon API version: '1.48'
web	Initialize containers	2026-10-05T06:35:00.3131741Z ##[command]/usr/bin/docker version --format '{{.Client.APIVersion}}'
web	Initialize containers	2026-10-05T06:35:00.3273611Z '1.48'
web	Initialize containers	2026-10-05T06:35:00.3285966Z Docker client API version: '1.48'
web	Initialize containers	2026-10-05T06:35:00.3291298Z ##[endgroup]
web	Initialize containers	2026-10-05T06:35:00.3294514Z ##[group]Clean up resources from previous jobs
web	Initialize containers	2026-10-05T06:35:00.3299576Z ##[command]/usr/bin/docker ps --all --quiet --no-trunc --filter "label=2172c9"
web	Initialize containers	2026-10-05T06:35:00.3429131Z ##[command]/usr/bin/docker network prune --force --filter "label=2172c9"
web	Initialize containers	2026-10-05T06:35:00.3541987Z ##[endgroup]
web	Initialize containers	2026-10-05T06:35:00.3542828Z ##[group]Create local container network
web	Initialize containers	2026-10-05T06:35:00.3552083Z ##[command]/usr/bin/docker network create --label 2172c9 github_network_2e5e65e6a5e24c48aa4c545e6816bef6
web	Initialize containers	2026-10-05T06:35:00.4186805Z c0ad225863b7128622fd1dab3e914cf259f9eecd853094c72336d6ad10128dc6
web	Initialize containers	2026-10-05T06:35:00.4206098Z ##[endgroup]
web	Initialize containers	2026-10-05T06:35:00.4228310Z ##[group]Starting job container
web	Initialize containers	2026-10-05T06:35:00.4246436Z ##[command]/usr/bin/docker pull mcr.microsoft.com/playwright@sha256:eff16c30e6f3f4af0a03fa4b706120d5e9b0891c344a27d64559aff5900a4a27
web	Initialize containers	2026-10-05T06:35:00.5262002Z mcr.microsoft.com/playwright@sha256:eff16c30e6f3f4af0a03fa4b706120d5e9b0891c344a27d64559aff5900a4a27: Pulling from playwright
web	Initialize containers	2026-10-05T06:35:00.5751139Z 0926a8eb0e60: Pulling fs layer
web	Initialize containers	2026-10-05T06:35:00.5752995Z e2bfec3c8017: Pulling fs layer
web	Initialize containers	2026-10-05T06:35:00.5754858Z 74c72610aa2d: Pulling fs layer
web	Initialize containers	2026-10-05T06:35:00.5756517Z d8cf7dc1ff62: Pulling fs layer
web	Initialize containers	2026-10-05T06:35:00.5757996Z b4dfe9b5d621: Pulling fs layer
web	Initialize containers	2026-10-05T06:35:00.5759349Z a2ac83a9a562: Pulling fs layer
web	Initialize containers	2026-10-05T06:35:00.5760365Z 1b189482e65c: Pulling fs layer
web	Initialize containers	2026-10-05T06:35:00.5761210Z b4dfe9b5d621: Waiting
web	Initialize containers	2026-10-05T06:35:00.5761926Z a2ac83a9a562: Waiting
web	Initialize containers	2026-10-05T06:35:00.5762691Z 1b189482e65c: Waiting
web	Initialize containers	2026-10-05T06:35:00.5763537Z d8cf7dc1ff62: Waiting
web	Initialize containers	2026-10-05T06:35:00.6367186Z 74c72610aa2d: Verifying Checksum
web	Initialize containers	2026-10-05T06:35:00.6369410Z 74c72610aa2d: Download complete
web	Initialize containers	2026-10-05T06:35:00.7510787Z 0926a8eb0e60: Verifying Checksum
web	Initialize containers	2026-10-05T06:35:00.7513738Z 0926a8eb0e60: Download complete
web	Initialize containers	2026-10-05T06:35:01.0414427Z e2bfec3c8017: Verifying Checksum
web	Initialize containers	2026-10-05T06:35:01.0415370Z e2bfec3c8017: Download complete
web	Initialize containers	2026-10-05T06:35:01.5586391Z a2ac83a9a562: Verifying Checksum
web	Initialize containers	2026-10-05T06:35:01.5587617Z a2ac83a9a562: Download complete
web	Initialize containers	2026-10-05T06:35:01.6380506Z d8cf7dc1ff62: Verifying Checksum
web	Initialize containers	2026-10-05T06:35:01.6382362Z d8cf7dc1ff62: Download complete
web	Initialize containers	2026-10-05T06:35:01.9712736Z b4dfe9b5d621: Verifying Checksum
web	Initialize containers	2026-10-05T06:35:01.9713931Z b4dfe9b5d621: Download complete
web	Initialize containers	2026-10-05T06:35:02.7098535Z 0926a8eb0e60: Pull complete
web	Initialize containers	2026-10-05T06:35:02.9264475Z 1b189482e65c: Verifying Checksum
web	Initialize containers	2026-10-05T06:35:02.9264897Z 1b189482e65c: Download complete
web	Initialize containers	2026-10-05T06:35:15.8147705Z e2bfec3c8017: Pull complete
web	Initialize containers	2026-10-05T06:35:15.8485283Z 74c72610aa2d: Pull complete
web	Initialize containers	2026-10-05T06:35:26.1582487Z d8cf7dc1ff62: Pull complete
web	Initialize containers	2026-10-05T06:35:32.3479998Z b4dfe9b5d621: Pull complete
web	Initialize containers	2026-10-05T06:35:35.1104676Z a2ac83a9a562: Pull complete
web	Initialize containers	2026-10-05T06:35:37.7915108Z 1b189482e65c: Pull complete
web	Initialize containers	2026-10-05T06:35:37.7950676Z Digest: sha256:eff16c30e6f3f4af0a03fa4b706120d5e9b0891c344a27d64559aff5900a4a27
web	Initialize containers	2026-10-05T06:35:37.7958279Z Status: Downloaded newer image for mcr.microsoft.com/playwright@sha256:eff16c30e6f3f4af0a03fa4b706120d5e9b0891c344a27d64559aff5900a4a27
web	Initialize containers	2026-10-05T06:35:37.7963652Z mcr.microsoft.com/playwright@sha256:eff16c30e6f3f4af0a03fa4b706120d5e9b0891c344a27d64559aff5900a4a27
web	Initialize containers	2026-10-05T06:35:37.8031881Z ##[command]/usr/bin/docker create --name 480023a7d2394a2cbbf3c2d6c8a38c11_mcrmicrosoftcomplaywrightsha256eff16c30e6f3f4af0a03fa4b706120d5e9b0891c344a27d64559aff5900a4a27_ce56e0 --label 2172c9 --workdir /__w/ChronoShift/ChronoShift --network github_network_2e5e65e6a5e24c48aa4c545e6816bef6 --user 1001:1001 --ipc=host --init -e "HOME=/github/home" -e GITHUB_ACTIONS=true -e CI=true -v "/var/run/docker.sock":"/var/run/docker.sock" -v "/home/runner/work":"/__w" -v "/home/runner/actions-runner/cached/2.337.0/externals":"/__e":ro -v "/home/runner/work/_temp":"/__w/_temp" -v "/home/runner/work/_actions":"/__w/_actions" -v "/opt/hostedtoolcache":"/__t" -v "/home/runner/work/_temp/_github_home":"/github/home" -v "/home/runner/work/_temp/_github_workflow":"/github/workflow" --entrypoint "tail" mcr.microsoft.com/playwright@sha256:eff16c30e6f3f4af0a03fa4b706120d5e9b0891c344a27d64559aff5900a4a27 "-f" "/dev/null"
web	Initialize containers	2026-10-05T06:35:37.8284948Z 640873a8f3c10678dd2c29c77cb1ca369606492fb5ba020b8c119edc4fec2d37
web	Initialize containers	2026-10-05T06:35:37.8306330Z ##[command]/usr/bin/docker start 640873a8f3c10678dd2c29c77cb1ca369606492fb5ba020b8c119edc4fec2d37
web	Initialize containers	2026-10-05T06:35:37.9901032Z 640873a8f3c10678dd2c29c77cb1ca369606492fb5ba020b8c119edc4fec2d37
web	Initialize containers	2026-10-05T06:35:37.9917816Z ##[command]/usr/bin/docker ps --all --filter id=640873a8f3c10678dd2c29c77cb1ca369606492fb5ba020b8c119edc4fec2d37 --filter status=running --no-trunc --format "{{.ID}} {{.Status}}"
web	Initialize containers	2026-10-05T06:35:38.0022171Z 640873a8f3c10678dd2c29c77cb1ca369606492fb5ba020b8c119edc4fec2d37 Up Less than a second
web	Initialize containers	2026-10-05T06:35:38.0038532Z ##[command]/usr/bin/docker inspect --format "{{range .Config.Env}}{{println .}}{{end}}" 640873a8f3c10678dd2c29c77cb1ca369606492fb5ba020b8c119edc4fec2d37
web	Initialize containers	2026-10-05T06:35:38.0139074Z HOME=/github/home
web	Initialize containers	2026-10-05T06:35:38.0139819Z GITHUB_ACTIONS=true
web	Initialize containers	2026-10-05T06:35:38.0140305Z CI=true
web	Initialize containers	2026-10-05T06:35:38.0140820Z PATH=/usr/local/sbin:/usr/local/bin:/usr/sbin:/usr/bin:/sbin:/bin
web	Initialize containers	2026-10-05T06:35:38.0141237Z LANG=C.UTF-8
web	Initialize containers	2026-10-05T06:35:38.0141507Z LC_ALL=C.UTF-8
web	Initialize containers	2026-10-05T06:35:38.0141813Z PLAYWRIGHT_BROWSERS_PATH=/ms-playwright
web	Initialize containers	2026-10-05T06:35:38.0156810Z ##[endgroup]
web	Initialize containers	2026-10-05T06:35:38.0164570Z ##[group]Waiting for all services to be ready
web	Initialize containers	2026-10-05T06:35:38.0165936Z ##[endgroup]
web	Run actions/checkout@34e114876b0b11c390a56381ad16ebd13914f8d5	﻿2026-10-05T06:35:38.0388100Z ##[group]Run actions/checkout@34e114876b0b11c390a56381ad16ebd13914f8d5
web	Run actions/checkout@34e114876b0b11c390a56381ad16ebd13914f8d5	2026-10-05T06:35:38.0388619Z with:
web	Run actions/checkout@34e114876b0b11c390a56381ad16ebd13914f8d5	2026-10-05T06:35:38.0388829Z   repository: Tien-Lam/ChronoShift
web	Run actions/checkout@34e114876b0b11c390a56381ad16ebd13914f8d5	2026-10-05T06:35:38.0390696Z   token: ***
web	Run actions/checkout@34e114876b0b11c390a56381ad16ebd13914f8d5	2026-10-05T06:35:38.0390874Z   ssh-strict: true
web	Run actions/checkout@34e114876b0b11c390a56381ad16ebd13914f8d5	2026-10-05T06:35:38.0391056Z   ssh-user: git
web	Run actions/checkout@34e114876b0b11c390a56381ad16ebd13914f8d5	2026-10-05T06:35:38.0391237Z   persist-credentials: true
web	Run actions/checkout@34e114876b0b11c390a56381ad16ebd13914f8d5	2026-10-05T06:35:38.0391435Z   clean: true
web	Run actions/checkout@34e114876b0b11c390a56381ad16ebd13914f8d5	2026-10-05T06:35:38.0391637Z   sparse-checkout-cone-mode: true
web	Run actions/checkout@34e114876b0b11c390a56381ad16ebd13914f8d5	2026-10-05T06:35:38.0391847Z   fetch-depth: 1
web	Run actions/checkout@34e114876b0b11c390a56381ad16ebd13914f8d5	2026-10-05T06:35:38.0392017Z   fetch-tags: false
web	Run actions/checkout@34e114876b0b11c390a56381ad16ebd13914f8d5	2026-10-05T06:35:38.0392189Z   show-progress: true
web	Run actions/checkout@34e114876b0b11c390a56381ad16ebd13914f8d5	2026-10-05T06:35:38.0392365Z   lfs: false
web	Run actions/checkout@34e114876b0b11c390a56381ad16ebd13914f8d5	2026-10-05T06:35:38.0392534Z   submodules: false
web	Run actions/checkout@34e114876b0b11c390a56381ad16ebd13914f8d5	2026-10-05T06:35:38.0392720Z   set-safe-directory: true
web	Run actions/checkout@34e114876b0b11c390a56381ad16ebd13914f8d5	2026-10-05T06:35:38.0393172Z env:
web	Run actions/checkout@34e114876b0b11c390a56381ad16ebd13914f8d5	2026-10-05T06:35:38.0393364Z   PLAYWRIGHT_BROWSERS_PATH: /ms-playwright
web	Run actions/checkout@34e114876b0b11c390a56381ad16ebd13914f8d5	2026-10-05T06:35:38.0393704Z   PLAYWRIGHT_IMAGE_VERSION: 1.63.0
web	Run actions/checkout@34e114876b0b11c390a56381ad16ebd13914f8d5	2026-10-05T06:35:38.0393938Z   CHRONOSHIFT_CI_TIMING: 0
web	Run actions/checkout@34e114876b0b11c390a56381ad16ebd13914f8d5	2026-10-05T06:35:38.0394129Z   PUBLISH_PAGES: true
web	Run actions/checkout@34e114876b0b11c390a56381ad16ebd13914f8d5	2026-10-05T06:35:38.0394348Z ##[endgroup]
web	Run actions/checkout@34e114876b0b11c390a56381ad16ebd13914f8d5	2026-10-05T06:35:38.0442586Z ##[command]/usr/bin/docker exec  640873a8f3c10678dd2c29c77cb1ca369606492fb5ba020b8c119edc4fec2d37 sh -c "cat /etc/*release | grep ^ID"
web	Run actions/checkout@34e114876b0b11c390a56381ad16ebd13914f8d5	2026-10-05T06:35:38.2125328Z Syncing repository: Tien-Lam/ChronoShift
web	Run actions/checkout@34e114876b0b11c390a56381ad16ebd13914f8d5	2026-10-05T06:35:38.2127231Z ##[group]Getting Git version info
web	Run actions/checkout@34e114876b0b11c390a56381ad16ebd13914f8d5	2026-10-05T06:35:38.2127567Z Working directory is '/__w/ChronoShift/ChronoShift'
web	Run actions/checkout@34e114876b0b11c390a56381ad16ebd13914f8d5	2026-10-05T06:35:38.2128049Z [command]/usr/bin/git version
web	Run actions/checkout@34e114876b0b11c390a56381ad16ebd13914f8d5	2026-10-05T06:35:38.2128272Z git version 2.43.0
web	Run actions/checkout@34e114876b0b11c390a56381ad16ebd13914f8d5	2026-10-05T06:35:38.2128977Z ##[endgroup]
web	Run actions/checkout@34e114876b0b11c390a56381ad16ebd13914f8d5	2026-10-05T06:35:38.2131974Z Temporarily overriding HOME='/__w/_temp/a3f13edb-0387-42dd-ae00-64ab37bd88f5' before making global git config changes
web	Run actions/checkout@34e114876b0b11c390a56381ad16ebd13914f8d5	2026-10-05T06:35:38.2132805Z Adding repository directory to the temporary git global config as a safe directory
web	Run actions/checkout@34e114876b0b11c390a56381ad16ebd13914f8d5	2026-10-05T06:35:38.2144414Z [command]/usr/bin/git config --global --add safe.directory /__w/ChronoShift/ChronoShift
web	Run actions/checkout@34e114876b0b11c390a56381ad16ebd13914f8d5	2026-10-05T06:35:38.2175862Z Deleting the contents of '/__w/ChronoShift/ChronoShift'
web	Run actions/checkout@34e114876b0b11c390a56381ad16ebd13914f8d5	2026-10-05T06:35:38.2177560Z ##[group]Initializing the repository
web	Run actions/checkout@34e114876b0b11c390a56381ad16ebd13914f8d5	2026-10-05T06:35:38.2178250Z [command]/usr/bin/git init /__w/ChronoShift/ChronoShift
web	Run actions/checkout@34e114876b0b11c390a56381ad16ebd13914f8d5	2026-10-05T06:35:38.2209453Z hint: Using 'master' as the name for the initial branch. This default branch name
web	Run actions/checkout@34e114876b0b11c390a56381ad16ebd13914f8d5	2026-10-05T06:35:38.2210607Z hint: is subject to change. To configure the initial branch name to use in all
web	Run actions/checkout@34e114876b0b11c390a56381ad16ebd13914f8d5	2026-10-05T06:35:38.2211603Z hint: of your new repositories, which will suppress this warning, call:
web	Run actions/checkout@34e114876b0b11c390a56381ad16ebd13914f8d5	2026-10-05T06:35:38.2212256Z hint: 
web	Run actions/checkout@34e114876b0b11c390a56381ad16ebd13914f8d5	2026-10-05T06:35:38.2212902Z hint: 	git config --global init.defaultBranch <name>
web	Run actions/checkout@34e114876b0b11c390a56381ad16ebd13914f8d5	2026-10-05T06:35:38.2213669Z hint: 
web	Run actions/checkout@34e114876b0b11c390a56381ad16ebd13914f8d5	2026-10-05T06:35:38.2214056Z hint: Names commonly chosen instead of 'master' are 'main', 'trunk' and
web	Run actions/checkout@34e114876b0b11c390a56381ad16ebd13914f8d5	2026-10-05T06:35:38.2214660Z hint: 'development'. The just-created branch can be renamed via this command:
web	Run actions/checkout@34e114876b0b11c390a56381ad16ebd13914f8d5	2026-10-05T06:35:38.2215133Z hint: 
web	Run actions/checkout@34e114876b0b11c390a56381ad16ebd13914f8d5	2026-10-05T06:35:38.2215387Z hint: 	git branch -m <name>
web	Run actions/checkout@34e114876b0b11c390a56381ad16ebd13914f8d5	2026-10-05T06:35:38.2219392Z Initialized empty Git repository in /__w/ChronoShift/ChronoShift/.git/
web	Run actions/checkout@34e114876b0b11c390a56381ad16ebd13914f8d5	2026-10-05T06:35:38.2231240Z [command]/usr/bin/git remote add origin https://github.com/Tien-Lam/ChronoShift
web	Run actions/checkout@34e114876b0b11c390a56381ad16ebd13914f8d5	2026-10-05T06:35:38.2266208Z ##[endgroup]
web	Run actions/checkout@34e114876b0b11c390a56381ad16ebd13914f8d5	2026-10-05T06:35:38.2266911Z ##[group]Disabling automatic garbage collection
web	Run actions/checkout@34e114876b0b11c390a56381ad16ebd13914f8d5	2026-10-05T06:35:38.2268555Z [command]/usr/bin/git config --local gc.auto 0
web	Run actions/checkout@34e114876b0b11c390a56381ad16ebd13914f8d5	2026-10-05T06:35:38.2299606Z ##[endgroup]
web	Run actions/checkout@34e114876b0b11c390a56381ad16ebd13914f8d5	2026-10-05T06:35:38.2300158Z ##[group]Setting up auth
web	Run actions/checkout@34e114876b0b11c390a56381ad16ebd13914f8d5	2026-10-05T06:35:38.2306315Z [command]/usr/bin/git config --local --name-only --get-regexp core\.sshCommand
web	Run actions/checkout@34e114876b0b11c390a56381ad16ebd13914f8d5	2026-10-05T06:35:38.2339148Z [command]/usr/bin/git submodule foreach --recursive sh -c "git config --local --name-only --get-regexp 'core\.sshCommand' && git config --local --unset-all 'core.sshCommand' || :"
web	Run actions/checkout@34e114876b0b11c390a56381ad16ebd13914f8d5	2026-10-05T06:35:38.2586142Z [command]/usr/bin/git config --local --name-only --get-regexp http\.https\:\/\/github\.com\/\.extraheader
web	Run actions/checkout@34e114876b0b11c390a56381ad16ebd13914f8d5	2026-10-05T06:35:38.2630147Z [command]/usr/bin/git submodule foreach --recursive sh -c "git config --local --name-only --get-regexp 'http\.https\:\/\/github\.com\/\.extraheader' && git config --local --unset-all 'http.https://github.com/.extraheader' || :"
web	Run actions/checkout@34e114876b0b11c390a56381ad16ebd13914f8d5	2026-10-05T06:35:38.2873661Z [command]/usr/bin/git config --local --name-only --get-regexp ^includeIf\.gitdir:
web	Run actions/checkout@34e114876b0b11c390a56381ad16ebd13914f8d5	2026-10-05T06:35:38.2903588Z [command]/usr/bin/git submodule foreach --recursive git config --local --show-origin --name-only --get-regexp remote.origin.url
web	Run actions/checkout@34e114876b0b11c390a56381ad16ebd13914f8d5	2026-10-05T06:35:38.3115954Z [command]/usr/bin/git config --local http.https://github.com/.extraheader AUTHORIZATION: basic ***
web	Run actions/checkout@34e114876b0b11c390a56381ad16ebd13914f8d5	2026-10-05T06:35:38.3154049Z ##[endgroup]
web	Run actions/checkout@34e114876b0b11c390a56381ad16ebd13914f8d5	2026-10-05T06:35:38.3154445Z ##[group]Fetching the repository
web	Run actions/checkout@34e114876b0b11c390a56381ad16ebd13914f8d5	2026-10-05T06:35:38.3164501Z [command]/usr/bin/git -c protocol.version=2 fetch --no-tags --prune --no-recurse-submodules --depth=1 origin +43ea80f52e79c1b59ea635ea10e3dd6d0a9a76d9:refs/remotes/pull/37/merge
web	Run actions/checkout@34e114876b0b11c390a56381ad16ebd13914f8d5	2026-10-05T06:35:40.5737033Z From https://github.com/Tien-Lam/ChronoShift
web	Run actions/checkout@34e114876b0b11c390a56381ad16ebd13914f8d5	2026-10-05T06:35:40.5737690Z  * [new ref]         43ea80f52e79c1b59ea635ea10e3dd6d0a9a76d9 -> pull/37/merge
web	Run actions/checkout@34e114876b0b11c390a56381ad16ebd13914f8d5	2026-10-05T06:35:40.5759600Z ##[endgroup]
web	Run actions/checkout@34e114876b0b11c390a56381ad16ebd13914f8d5	2026-10-05T06:35:40.5760170Z ##[group]Determining the checkout info
web	Run actions/checkout@34e114876b0b11c390a56381ad16ebd13914f8d5	2026-10-05T06:35:40.5760804Z ##[endgroup]
web	Run actions/checkout@34e114876b0b11c390a56381ad16ebd13914f8d5	2026-10-05T06:35:40.5761139Z [command]/usr/bin/git sparse-checkout disable
web	Run actions/checkout@34e114876b0b11c390a56381ad16ebd13914f8d5	2026-10-05T06:35:40.5804176Z [command]/usr/bin/git config --local --unset-all extensions.worktreeConfig
web	Run actions/checkout@34e114876b0b11c390a56381ad16ebd13914f8d5	2026-10-05T06:35:40.5829649Z ##[group]Checking out the ref
web	Run actions/checkout@34e114876b0b11c390a56381ad16ebd13914f8d5	2026-10-05T06:35:40.5839739Z [command]/usr/bin/git checkout --progress --force refs/remotes/pull/37/merge
web	Run actions/checkout@34e114876b0b11c390a56381ad16ebd13914f8d5	2026-10-05T06:35:40.8051016Z Note: switching to 'refs/remotes/pull/37/merge'.
web	Run actions/checkout@34e114876b0b11c390a56381ad16ebd13914f8d5	2026-10-05T06:35:40.8051365Z 
web	Run actions/checkout@34e114876b0b11c390a56381ad16ebd13914f8d5	2026-10-05T06:35:40.8051573Z You are in 'detached HEAD' state. You can look around, make experimental
web	Run actions/checkout@34e114876b0b11c390a56381ad16ebd13914f8d5	2026-10-05T06:35:40.8052096Z changes and commit them, and you can discard any commits you make in this
web	Run actions/checkout@34e114876b0b11c390a56381ad16ebd13914f8d5	2026-10-05T06:35:40.8052606Z state without impacting any branches by switching back to a branch.
web	Run actions/checkout@34e114876b0b11c390a56381ad16ebd13914f8d5	2026-10-05T06:35:40.8052909Z 
web	Run actions/checkout@34e114876b0b11c390a56381ad16ebd13914f8d5	2026-10-05T06:35:40.8054553Z If you want to create a new branch to retain commits you create, you may
web	Run actions/checkout@34e114876b0b11c390a56381ad16ebd13914f8d5	2026-10-05T06:35:40.8055120Z do so (now or later) by using -c with the switch command. Example:
web	Run actions/checkout@34e114876b0b11c390a56381ad16ebd13914f8d5	2026-10-05T06:35:40.8055426Z 
web	Run actions/checkout@34e114876b0b11c390a56381ad16ebd13914f8d5	2026-10-05T06:35:40.8055549Z   git switch -c <new-branch-name>
web	Run actions/checkout@34e114876b0b11c390a56381ad16ebd13914f8d5	2026-10-05T06:35:40.8055753Z 
web	Run actions/checkout@34e114876b0b11c390a56381ad16ebd13914f8d5	2026-10-05T06:35:40.8055872Z Or undo this operation with:
web	Run actions/checkout@34e114876b0b11c390a56381ad16ebd13914f8d5	2026-10-05T06:35:40.8056067Z 
web	Run actions/checkout@34e114876b0b11c390a56381ad16ebd13914f8d5	2026-10-05T06:35:40.8056167Z   git switch -
web	Run actions/checkout@34e114876b0b11c390a56381ad16ebd13914f8d5	2026-10-05T06:35:40.8056334Z 
web	Run actions/checkout@34e114876b0b11c390a56381ad16ebd13914f8d5	2026-10-05T06:35:40.8056578Z Turn off this advice by setting config variable advice.detachedHead to false
web	Run actions/checkout@34e114876b0b11c390a56381ad16ebd13914f8d5	2026-10-05T06:35:40.8056928Z 
web	Run actions/checkout@34e114876b0b11c390a56381ad16ebd13914f8d5	2026-10-05T06:35:40.8057321Z HEAD is now at 43ea80f Merge e632d2f5bb8ff3cfc8c447ab87ae081078ca04c2 into 7059da3125ada61123f91d1267bbee9a6f4792ef
web	Run actions/checkout@34e114876b0b11c390a56381ad16ebd13914f8d5	2026-10-05T06:35:40.8075705Z ##[endgroup]
web	Run actions/checkout@34e114876b0b11c390a56381ad16ebd13914f8d5	2026-10-05T06:35:40.8115005Z [command]/usr/bin/git log -1 --format=%H
web	Run actions/checkout@34e114876b0b11c390a56381ad16ebd13914f8d5	2026-10-05T06:35:40.8138902Z 43ea80f52e79c1b59ea635ea10e3dd6d0a9a76d9
web	Capture the checked-in corpus audit	﻿2026-10-05T06:35:40.8334183Z ##[group]Run cp -f docs/planning/corpus-audit.json "$RUNNER_TEMP/chronoshift-corpus-audit.json"
web	Capture the checked-in corpus audit	2026-10-05T06:35:40.8334803Z ^[[36;1mcp -f docs/planning/corpus-audit.json "$RUNNER_TEMP/chronoshift-corpus-audit.json"^[[0m
web	Capture the checked-in corpus audit	2026-10-05T06:35:40.8338891Z shell: bash --noprofile --norc -e -o pipefail {0}
web	Capture the checked-in corpus audit	2026-10-05T06:35:40.8339256Z env:
web	Capture the checked-in corpus audit	2026-10-05T06:35:40.8362181Z   PLAYWRIGHT_BROWSERS_PATH: /ms-playwright
web	Capture the checked-in corpus audit	2026-10-05T06:35:40.8362494Z   PLAYWRIGHT_IMAGE_VERSION: 1.63.0
web	Capture the checked-in corpus audit	2026-10-05T06:35:40.8362717Z   CHRONOSHIFT_CI_TIMING: 0
web	Capture the checked-in corpus audit	2026-10-05T06:35:40.8362905Z   PUBLISH_PAGES: true
web	Capture the checked-in corpus audit	2026-10-05T06:35:40.8363452Z ##[endgroup]
web	Run jdx/mise-action@5228313ee0372e111a38da051671ca30fc5a96db	﻿2026-10-05T06:35:40.9876182Z ##[group]Run jdx/mise-action@5228313ee0372e111a38da051671ca30fc5a96db
web	Run jdx/mise-action@5228313ee0372e111a38da051671ca30fc5a96db	2026-10-05T06:35:40.9876493Z with:
web	Run jdx/mise-action@5228313ee0372e111a38da051671ca30fc5a96db	2026-10-05T06:35:40.9876659Z   install: true
web	Run jdx/mise-action@5228313ee0372e111a38da051671ca30fc5a96db	2026-10-05T06:35:40.9876823Z   cache: true
web	Run jdx/mise-action@5228313ee0372e111a38da051671ca30fc5a96db	2026-10-05T06:35:40.9876987Z   cache_save: true
web	Run jdx/mise-action@5228313ee0372e111a38da051671ca30fc5a96db	2026-10-05T06:35:40.9877161Z   cache_key_prefix: mise-v1
web	Run jdx/mise-action@5228313ee0372e111a38da051671ca30fc5a96db	2026-10-05T06:35:40.9877357Z   experimental: false
web	Run jdx/mise-action@5228313ee0372e111a38da051671ca30fc5a96db	2026-10-05T06:35:40.9877531Z   log_level: info
web	Run jdx/mise-action@5228313ee0372e111a38da051671ca30fc5a96db	2026-10-05T06:35:40.9877694Z   reshim: false
web	Run jdx/mise-action@5228313ee0372e111a38da051671ca30fc5a96db	2026-10-05T06:35:40.9877866Z   add_shims_to_path: true
web	Run jdx/mise-action@5228313ee0372e111a38da051671ca30fc5a96db	2026-10-05T06:35:40.9879689Z   github_token: ***
web	Run jdx/mise-action@5228313ee0372e111a38da051671ca30fc5a96db	2026-10-05T06:35:40.9879874Z   fetch_from_github: true
web	Run jdx/mise-action@5228313ee0372e111a38da051671ca30fc5a96db	2026-10-05T06:35:40.9880056Z   env: true
web	Run jdx/mise-action@5228313ee0372e111a38da051671ca30fc5a96db	2026-10-05T06:35:40.9880214Z env:
web	Run jdx/mise-action@5228313ee0372e111a38da051671ca30fc5a96db	2026-10-05T06:35:40.9880393Z   PLAYWRIGHT_BROWSERS_PATH: /ms-playwright
web	Run jdx/mise-action@5228313ee0372e111a38da051671ca30fc5a96db	2026-10-05T06:35:40.9880631Z   PLAYWRIGHT_IMAGE_VERSION: 1.63.0
web	Run jdx/mise-action@5228313ee0372e111a38da051671ca30fc5a96db	2026-10-05T06:35:40.9880849Z   CHRONOSHIFT_CI_TIMING: 0
web	Run jdx/mise-action@5228313ee0372e111a38da051671ca30fc5a96db	2026-10-05T06:35:40.9881038Z   PUBLISH_PAGES: true
web	Run jdx/mise-action@5228313ee0372e111a38da051671ca30fc5a96db	2026-10-05T06:35:40.9881228Z ##[endgroup]
web	Run jdx/mise-action@5228313ee0372e111a38da051671ca30fc5a96db	2026-10-05T06:35:40.9887459Z ##[command]/usr/bin/docker exec  640873a8f3c10678dd2c29c77cb1ca369606492fb5ba020b8c119edc4fec2d37 sh -c "cat /etc/*release | grep ^ID"
web	Run jdx/mise-action@5228313ee0372e111a38da051671ca30fc5a96db	2026-10-05T06:35:41.1871968Z ##[group]Restoring mise cache
web	Run jdx/mise-action@5228313ee0372e111a38da051671ca30fc5a96db	2026-10-05T06:35:41.1914753Z [command]/usr/bin/ldd --version
web	Run jdx/mise-action@5228313ee0372e111a38da051671ca30fc5a96db	2026-10-05T06:35:41.1955436Z ldd (Ubuntu GLIBC 2.39-0ubuntu8.8) 2.39
web	Run jdx/mise-action@5228313ee0372e111a38da051671ca30fc5a96db	2026-10-05T06:35:41.1955910Z Copyright (C) 2024 Free Software Foundation, Inc.
web	Run jdx/mise-action@5228313ee0372e111a38da051671ca30fc5a96db	2026-10-05T06:35:41.1956432Z This is free software; see the source for copying conditions.  There is NO
web	Run jdx/mise-action@5228313ee0372e111a38da051671ca30fc5a96db	2026-10-05T06:35:41.1957138Z warranty; not even for MERCHANTABILITY or FITNESS FOR A PARTICULAR PURPOSE.
web	Run jdx/mise-action@5228313ee0372e111a38da051671ca30fc5a96db	2026-10-05T06:35:41.1957674Z Written by Roland McGrath and Ulrich Drepper.
web	Run jdx/mise-action@5228313ee0372e111a38da051671ca30fc5a96db	2026-10-05T06:35:41.4454507Z Cache hit for: mise-v1-linux-x64-c431b670824c497264adda817284eefbf26de4a6a9a9aa17ee83e04238eaee3d
web	Run jdx/mise-action@5228313ee0372e111a38da051671ca30fc5a96db	2026-10-05T06:35:42.3337856Z Received 166328943 of 166328943 (100.0%), 190.0 MBs/sec
web	Run jdx/mise-action@5228313ee0372e111a38da051671ca30fc5a96db	2026-10-05T06:35:42.3338606Z Cache Size: ~159 MB (166328943 B)
web	Run jdx/mise-action@5228313ee0372e111a38da051671ca30fc5a96db	2026-10-05T06:35:42.3387879Z [command]/usr/bin/tar -xf /__w/_temp/772773d1-08a0-46c2-8c2a-f88fbcd6af0e/cache.tgz -P -C /__w/ChronoShift/ChronoShift -z
web	Run jdx/mise-action@5228313ee0372e111a38da051671ca30fc5a96db	2026-10-05T06:35:45.1014962Z Cache restored successfully
web	Run jdx/mise-action@5228313ee0372e111a38da051671ca30fc5a96db	2026-10-05T06:35:45.1085469Z mise cache restored from key: mise-v1-linux-x64-c431b670824c497264adda817284eefbf26de4a6a9a9aa17ee83e04238eaee3d
web	Run jdx/mise-action@5228313ee0372e111a38da051671ca30fc5a96db	2026-10-05T06:35:45.1091631Z ##[group]Setting env vars
web	Run jdx/mise-action@5228313ee0372e111a38da051671ca30fc5a96db	2026-10-05T06:35:45.1092026Z Setting MISE_LOG_LEVEL=info
web	Run jdx/mise-action@5228313ee0372e111a38da051671ca30fc5a96db	2026-10-05T06:35:45.1097640Z Setting MISE_GITHUB_TOKEN=***
web	Run jdx/mise-action@5228313ee0372e111a38da051671ca30fc5a96db	2026-10-05T06:35:45.1098105Z Setting MISE_TRUSTED_CONFIG_PATHS=/__w/ChronoShift/ChronoShift
web	Run jdx/mise-action@5228313ee0372e111a38da051671ca30fc5a96db	2026-10-05T06:35:45.1098550Z Setting MISE_YES=1
web	Run jdx/mise-action@5228313ee0372e111a38da051671ca30fc5a96db	2026-10-05T06:35:45.1098869Z Adding /github/home/.local/share/mise/shims to PATH
web	Run jdx/mise-action@5228313ee0372e111a38da051671ca30fc5a96db	2026-10-05T06:35:45.1099477Z ##[group]Running mise --version
web	Run jdx/mise-action@5228313ee0372e111a38da051671ca30fc5a96db	2026-10-05T06:35:45.1107006Z [command]/github/home/.local/share/mise/bin/mise --version
web	Run jdx/mise-action@5228313ee0372e111a38da051671ca30fc5a96db	2026-10-05T06:35:45.1164754Z 2026.10.1 linux-x64 (2026-10-03)
web	Run jdx/mise-action@5228313ee0372e111a38da051671ca30fc5a96db	2026-10-05T06:35:45.1176433Z ##[endgroup]
web	Run jdx/mise-action@5228313ee0372e111a38da051671ca30fc5a96db	2026-10-05T06:35:45.1177022Z ##[group]Running mise install 
web	Run jdx/mise-action@5228313ee0372e111a38da051671ca30fc5a96db	2026-10-05T06:35:45.1184441Z [command]/github/home/.local/share/mise/bin/mise install
web	Run jdx/mise-action@5228313ee0372e111a38da051671ca30fc5a96db	2026-10-05T06:35:45.1267124Z ^[[2mmise^[[0m ^[[2mby @jdx^[[0m – installing 3 tools
web	Run jdx/mise-action@5228313ee0372e111a38da051671ca30fc5a96db	2026-10-05T06:35:45.1272620Z ^[[2mmise^[[0m ^[[38;5;11m⇢^[[0m bun@1.4.0    0ms · already installed
web	Run jdx/mise-action@5228313ee0372e111a38da051671ca30fc5a96db	2026-10-05T06:35:45.1275982Z ^[[2mmise^[[0m ^[[38;5;11m⇢^[[0m node@26.8.1  0ms · already installed
web	Run jdx/mise-action@5228313ee0372e111a38da051671ca30fc5a96db	2026-10-05T06:35:45.1287847Z ^[[2mmise^[[0m ^[[38;5;11m⇢^[[0m gh@2.100.0   1ms · already installed
web	Run jdx/mise-action@5228313ee0372e111a38da051671ca30fc5a96db	2026-10-05T06:35:45.1288675Z ^[[2mmise^[[0m ^[[36m████████████████^[[0m^[[31m^[[0m^[[2m^[[0m 3/3 · installed 0 tools · 3 already installed in 2ms
web	Run jdx/mise-action@5228313ee0372e111a38da051671ca30fc5a96db	2026-10-05T06:35:45.1289618Z ^[[2mmise^[[0m all tools are installed
web	Run jdx/mise-action@5228313ee0372e111a38da051671ca30fc5a96db	2026-10-05T06:35:45.1350647Z ##[endgroup]
web	Run jdx/mise-action@5228313ee0372e111a38da051671ca30fc5a96db	2026-10-05T06:35:45.1351286Z ##[group]Running mise ls
web	Run jdx/mise-action@5228313ee0372e111a38da051671ca30fc5a96db	2026-10-05T06:35:45.1358946Z [command]/github/home/.local/share/mise/bin/mise ls
web	Run jdx/mise-action@5228313ee0372e111a38da051671ca30fc5a96db	2026-10-05T06:35:45.1454552Z bun   1.4.0    /__w/ChronoShift/ChronoShift/mise.toml  1.4.0
web	Run jdx/mise-action@5228313ee0372e111a38da051671ca30fc5a96db	2026-10-05T06:35:45.1455142Z gh    2.100.0  /__w/ChronoShift/ChronoShift/mise.toml  2.100.0
web	Run jdx/mise-action@5228313ee0372e111a38da051671ca30fc5a96db	2026-10-05T06:35:45.1455992Z node  26.8.1   /__w/ChronoShift/ChronoShift/mise.toml  26.8.1
web	Run jdx/mise-action@5228313ee0372e111a38da051671ca30fc5a96db	2026-10-05T06:35:45.1464883Z ##[endgroup]
web	Run jdx/mise-action@5228313ee0372e111a38da051671ca30fc5a96db	2026-10-05T06:35:45.1467172Z ##[group]Exporting mise environment variables
web	Run jdx/mise-action@5228313ee0372e111a38da051671ca30fc5a96db	2026-10-05T06:35:45.1595178Z [command]/github/home/.local/share/mise/bin/mise env --json
web	Run jdx/mise-action@5228313ee0372e111a38da051671ca30fc5a96db	2026-10-05T06:35:45.1694310Z {
web	Run jdx/mise-action@5228313ee0372e111a38da051671ca30fc5a96db	2026-10-05T06:35:45.1695473Z   "PATH": "/github/home/.local/share/mise/installs/bun/1.4.0/bin:/github/home/.local/share/mise/installs/node/26.8.1/bin:/github/home/.local/share/mise/installs/gh/2.100.0/gh_2.100.0_linux_amd64/bin:/github/home/.local/share/mise/shims:/github/home/.local/share/mise/bin:/usr/local/sbin:/usr/local/bin:/usr/sbin:/usr/bin:/sbin:/bin"
web	Run jdx/mise-action@5228313ee0372e111a38da051671ca30fc5a96db	2026-10-05T06:35:45.1696471Z }
web	Run jdx/mise-action@5228313ee0372e111a38da051671ca30fc5a96db	2026-10-05T06:35:45.1706604Z ##[endgroup]
web	Run bun install --frozen-lockfile	﻿2026-10-05T06:35:45.1906494Z ##[group]Run bun install --frozen-lockfile
web	Run bun install --frozen-lockfile	2026-10-05T06:35:45.1906799Z ^[[36;1mbun install --frozen-lockfile^[[0m
web	Run bun install --frozen-lockfile	2026-10-05T06:35:45.1907473Z shell: bash --noprofile --norc -e -o pipefail {0}
web	Run bun install --frozen-lockfile	2026-10-05T06:35:45.1907719Z env:
web	Run bun install --frozen-lockfile	2026-10-05T06:35:45.1907916Z   PLAYWRIGHT_BROWSERS_PATH: /ms-playwright
web	Run bun install --frozen-lockfile	2026-10-05T06:35:45.1908161Z   PLAYWRIGHT_IMAGE_VERSION: 1.63.0
web	Run bun install --frozen-lockfile	2026-10-05T06:35:45.1908376Z   CHRONOSHIFT_CI_TIMING: 0
web	Run bun install --frozen-lockfile	2026-10-05T06:35:45.1908575Z   PUBLISH_PAGES: true
web	Run bun install --frozen-lockfile	2026-10-05T06:35:45.1908754Z   MISE_LOG_LEVEL: info
web	Run bun install --frozen-lockfile	2026-10-05T06:35:45.1910652Z   MISE_GITHUB_TOKEN: ***
web	Run bun install --frozen-lockfile	2026-10-05T06:35:45.1910907Z   MISE_TRUSTED_CONFIG_PATHS: /__w/ChronoShift/ChronoShift
web	Run bun install --frozen-lockfile	2026-10-05T06:35:45.1911172Z   MISE_YES: 1
web	Run bun install --frozen-lockfile	2026-10-05T06:35:45.1912017Z   PATH: /github/home/.local/share/mise/installs/bun/1.4.0/bin:/github/home/.local/share/mise/installs/node/26.8.1/bin:/github/home/.local/share/mise/installs/gh/2.100.0/gh_2.100.0_linux_amd64/bin:/github/home/.local/share/mise/shims:/github/home/.local/share/mise/bin:/usr/local/sbin:/usr/local/bin:/usr/sbin:/usr/bin:/sbin:/bin
web	Run bun install --frozen-lockfile	2026-10-05T06:35:45.1912928Z ##[endgroup]
web	Run bun install --frozen-lockfile	2026-10-05T06:35:45.2456677Z bun install v1.4.0 (34cbb9a40)
web	Run bun install --frozen-lockfile	2026-10-05T06:35:46.2495747Z 
web	Run bun install --frozen-lockfile	2026-10-05T06:35:46.2496201Z + @axe-core/playwright@4.13.0
web	Run bun install --frozen-lockfile	2026-10-05T06:35:46.2496581Z + @playwright/test@1.63.0
web	Run bun install --frozen-lockfile	2026-10-05T06:35:46.2496801Z + @types/bun@1.4.2
web	Run bun install --frozen-lockfile	2026-10-05T06:35:46.2496987Z + @types/react@19.3.0
web	Run bun install --frozen-lockfile	2026-10-05T06:35:46.2497176Z + @types/react-dom@19.3.0
web	Run bun install --frozen-lockfile	2026-10-05T06:35:46.2497364Z + prettier@3.9.9
web	Run bun install --frozen-lockfile	2026-10-05T06:35:46.2497544Z + typescript@7.0.2
web	Run bun install --frozen-lockfile	2026-10-05T06:35:46.2497709Z + vite@8.3.2
web	Run bun install --frozen-lockfile	2026-10-05T06:35:46.2497882Z + @internationalized/date@3.12.4
web	Run bun install --frozen-lockfile	2026-10-05T06:35:46.2498100Z + @js-temporal/polyfill@0.5.1
web	Run bun install --frozen-lockfile	2026-10-05T06:35:46.2498312Z + chrono-node@2.10.2
web	Run bun install --frozen-lockfile	2026-10-05T06:35:46.2498481Z + react@19.3.0
web	Run bun install --frozen-lockfile	2026-10-05T06:35:46.2498665Z + react-aria-components@1.21.1
web	Run bun install --frozen-lockfile	2026-10-05T06:35:46.2498867Z + react-dom@19.3.0
web	Run bun install --frozen-lockfile	2026-10-05T06:35:46.2498975Z 
web	Run bun install --frozen-lockfile	2026-10-05T06:35:46.2499082Z 51 packages installed [1004.00ms]
web	Verify the pinned browser image matches the dependency	﻿2026-10-05T06:35:46.2597327Z ##[group]Run bun -e 'const pkg = await Bun.file("node_modules/playwright/package.json").json(); if (pkg.version !== process.env.PLAYWRIGHT_IMAGE_VERSION) throw new Error("Update the pinned Playwright image and version guard with the dependency"); const { chromium, firefox, webkit } = await import("@playwright/test"); for (const browser of [chromium, firefox, webkit]) if (!(await Bun.file(browser.executablePath()).exists())) throw new Error("The pinned image is missing " + browser.name());'
web	Verify the pinned browser image matches the dependency	2026-10-05T06:35:46.2601243Z ^[[36;1mbun -e 'const pkg = await Bun.file("node_modules/playwright/package.json").json(); if (pkg.version !== process.env.PLAYWRIGHT_IMAGE_VERSION) throw new Error("Update the pinned Playwright image and version guard with the dependency"); const { chromium, firefox, webkit } = await import("@playwright/test"); for (const browser of [chromium, firefox, webkit]) if (!(await Bun.file(browser.executablePath()).exists())) throw new Error("The pinned image is missing " + browser.name());'^[[0m
web	Verify the pinned browser image matches the dependency	2026-10-05T06:35:46.2603805Z shell: bash --noprofile --norc -e -o pipefail {0}
web	Verify the pinned browser image matches the dependency	2026-10-05T06:35:46.2604198Z env:
web	Verify the pinned browser image matches the dependency	2026-10-05T06:35:46.2604523Z   PLAYWRIGHT_BROWSERS_PATH: /ms-playwright
web	Verify the pinned browser image matches the dependency	2026-10-05T06:35:46.2604901Z   PLAYWRIGHT_IMAGE_VERSION: 1.63.0
web	Verify the pinned browser image matches the dependency	2026-10-05T06:35:46.2605557Z   CHRONOSHIFT_CI_TIMING: 0
web	Verify the pinned browser image matches the dependency	2026-10-05T06:35:46.2605861Z   PUBLISH_PAGES: true
web	Verify the pinned browser image matches the dependency	2026-10-05T06:35:46.2606138Z   MISE_LOG_LEVEL: info
web	Verify the pinned browser image matches the dependency	2026-10-05T06:35:46.2609269Z   MISE_GITHUB_TOKEN: ***
web	Verify the pinned browser image matches the dependency	2026-10-05T06:35:46.2609691Z   MISE_TRUSTED_CONFIG_PATHS: /__w/ChronoShift/ChronoShift
web	Verify the pinned browser image matches the dependency	2026-10-05T06:35:46.2610094Z   MISE_YES: 1
web	Verify the pinned browser image matches the dependency	2026-10-05T06:35:46.2611429Z   PATH: /github/home/.local/share/mise/installs/bun/1.4.0/bin:/github/home/.local/share/mise/installs/node/26.8.1/bin:/github/home/.local/share/mise/installs/gh/2.100.0/gh_2.100.0_linux_amd64/bin:/github/home/.local/share/mise/shims:/github/home/.local/share/mise/bin:/usr/local/sbin:/usr/local/bin:/usr/sbin:/usr/bin:/sbin:/bin
web	Verify the pinned browser image matches the dependency	2026-10-05T06:35:46.2612905Z ##[endgroup]
web	Run bun run format:check	﻿2026-10-05T06:35:46.7670227Z ##[group]Run bun run format:check
web	Run bun run format:check	2026-10-05T06:35:46.7670505Z ^[[36;1mbun run format:check^[[0m
web	Run bun run format:check	2026-10-05T06:35:46.7671059Z shell: bash --noprofile --norc -e -o pipefail {0}
web	Run bun run format:check	2026-10-05T06:35:46.7671311Z env:
web	Run bun run format:check	2026-10-05T06:35:46.7671497Z   PLAYWRIGHT_BROWSERS_PATH: /ms-playwright
web	Run bun run format:check	2026-10-05T06:35:46.7671757Z   PLAYWRIGHT_IMAGE_VERSION: 1.63.0
web	Run bun run format:check	2026-10-05T06:35:46.7671972Z   CHRONOSHIFT_CI_TIMING: 0
web	Run bun run format:check	2026-10-05T06:35:46.7672180Z   PUBLISH_PAGES: true
web	Run bun run format:check	2026-10-05T06:35:46.7672360Z   MISE_LOG_LEVEL: info
web	Run bun run format:check	2026-10-05T06:35:46.7674637Z   MISE_GITHUB_TOKEN: ***
web	Run bun run format:check	2026-10-05T06:35:46.7674898Z   MISE_TRUSTED_CONFIG_PATHS: /__w/ChronoShift/ChronoShift
web	Run bun run format:check	2026-10-05T06:35:46.7675157Z   MISE_YES: 1
web	Run bun run format:check	2026-10-05T06:35:46.7676007Z   PATH: /github/home/.local/share/mise/installs/bun/1.4.0/bin:/github/home/.local/share/mise/installs/node/26.8.1/bin:/github/home/.local/share/mise/installs/gh/2.100.0/gh_2.100.0_linux_amd64/bin:/github/home/.local/share/mise/shims:/github/home/.local/share/mise/bin:/usr/local/sbin:/usr/local/bin:/usr/sbin:/usr/bin:/sbin:/bin
web	Run bun run format:check	2026-10-05T06:35:46.7676974Z ##[endgroup]
web	Run bun run format:check	2026-10-05T06:35:46.8228945Z $ bunx --bun prettier --check web scripts/*.ts tests e2e *.ts
web	Run bun run format:check	2026-10-05T06:35:46.9019115Z Checking formatting...
web	Run bun run format:check	2026-10-05T06:35:48.2247326Z All matched files use Prettier code style!
web	Unit tests and production build	﻿2026-10-05T06:35:48.2448920Z ##[group]Run bun run test
web	Unit tests and production build	2026-10-05T06:35:48.2449188Z ^[[36;1mbun run test^[[0m
web	Unit tests and production build	2026-10-05T06:35:48.2449375Z ^[[36;1mbun run build^[[0m
web	Unit tests and production build	2026-10-05T06:35:48.2449736Z shell: bash --noprofile --norc -e -o pipefail {0}
web	Unit tests and production build	2026-10-05T06:35:48.2449981Z env:
web	Unit tests and production build	2026-10-05T06:35:48.2450171Z   PLAYWRIGHT_BROWSERS_PATH: /ms-playwright
web	Unit tests and production build	2026-10-05T06:35:48.2450427Z   PLAYWRIGHT_IMAGE_VERSION: 1.63.0
web	Unit tests and production build	2026-10-05T06:35:48.2450645Z   CHRONOSHIFT_CI_TIMING: 0
web	Unit tests and production build	2026-10-05T06:35:48.2450836Z   PUBLISH_PAGES: true
web	Unit tests and production build	2026-10-05T06:35:48.2451024Z   MISE_LOG_LEVEL: info
web	Unit tests and production build	2026-10-05T06:35:48.2452926Z   MISE_GITHUB_TOKEN: ***
web	Unit tests and production build	2026-10-05T06:35:48.2453553Z   MISE_TRUSTED_CONFIG_PATHS: /__w/ChronoShift/ChronoShift
web	Unit tests and production build	2026-10-05T06:35:48.2453874Z   MISE_YES: 1
web	Unit tests and production build	2026-10-05T06:35:48.2454730Z   PATH: /github/home/.local/share/mise/installs/bun/1.4.0/bin:/github/home/.local/share/mise/installs/node/26.8.1/bin:/github/home/.local/share/mise/installs/gh/2.100.0/gh_2.100.0_linux_amd64/bin:/github/home/.local/share/mise/shims:/github/home/.local/share/mise/bin:/usr/local/sbin:/usr/local/bin:/usr/sbin:/usr/bin:/sbin:/bin
web	Unit tests and production build	2026-10-05T06:35:48.2455709Z ##[endgroup]
web	Unit tests and production build	2026-10-05T06:35:48.3004606Z $ bun test tests
web	Unit tests and production build	2026-10-05T06:35:48.3024293Z bun test v1.4.0 (34cbb9a40)
web	Unit tests and production build	2026-10-05T06:35:48.3101595Z 
web	Unit tests and production build	2026-10-05T06:35:48.3102624Z ##[group]tests/console-capture.test.ts:
web	Unit tests and production build	2026-10-05T06:35:48.3121079Z (pass) navigation-lost console payload retains a stable event and flush waits for full metadata [0.72ms]
web	Unit tests and production build	2026-10-05T06:35:48.3122207Z (pass) unexpected capture failure is surfaced by flush instead of being swallowed [0.16ms]
web	Unit tests and production build	2026-10-05T06:35:48.3122607Z 
web	Unit tests and production build	2026-10-05T06:35:48.3122871Z ##[endgroup]
web	Unit tests and production build	2026-10-05T06:35:48.3122976Z 
web	Unit tests and production build	2026-10-05T06:35:48.3123549Z ##[group]tests/offline.test.ts:
web	Unit tests and production build	2026-10-05T06:35:48.3203669Z (pass) first installation reports safe asset/release identity before a controller exists [2.09ms]
web	Unit tests and production build	2026-10-05T06:35:48.3216233Z (pass) embedded navigation shell installs exact HTML without a network document [1.28ms]
web	Unit tests and production build	2026-10-05T06:35:48.3227236Z (pass) embedded navigation shell rejects inconsistent build bytes [1.14ms]
web	Unit tests and production build	2026-10-05T06:35:48.3236930Z (pass) claim requires a verified cache and scoped window: complete=true, inside=true [0.88ms]
web	Unit tests and production build	2026-10-05T06:35:48.3237955Z (pass) claim requires a verified cache and scoped window: complete=false, inside=true [0.11ms]
web	Unit tests and production build	2026-10-05T06:35:48.3239481Z (pass) claim requires a verified cache and scoped window: complete=true, inside=false [0.18ms]
web	Unit tests and production build	2026-10-05T06:35:48.3240093Z 
web	Unit tests and production build	2026-10-05T06:35:48.3240798Z ##[endgroup]
web	Unit tests and production build	2026-10-05T06:35:48.3241091Z 
web	Unit tests and production build	2026-10-05T06:35:48.3241458Z ##[group]tests/publishing.test.ts:
web	Unit tests and production build	2026-10-05T06:35:48.3261305Z (pass) publication reuse requires a trusted complete PR verification and exact tree [0.36ms]
web	Unit tests and production build	2026-10-05T06:35:48.3261692Z 
web	Unit tests and production build	2026-10-05T06:35:48.3261994Z ##[endgroup]
web	Unit tests and production build	2026-10-05T06:35:48.3262192Z 
web	Unit tests and production build	2026-10-05T06:35:48.3262573Z ##[group]tests/corpus.test.ts:
web	Unit tests and production build	2026-10-05T06:35:48.5476058Z (pass) all resilience corpus inputs execute the browser engine without crashing [171.16ms]
web	Unit tests and production build	2026-10-05T06:35:48.5486999Z 
web	Unit tests and production build	2026-10-05T06:35:48.5488656Z ##[endgroup]
web	Unit tests and production build	2026-10-05T06:35:48.5489163Z 
web	Unit tests and production build	2026-10-05T06:35:48.5489943Z ##[group]tests/conversion.test.ts:
web	Unit tests and production build	2026-10-05T06:35:48.5490509Z (pass) independently specified temporal fixtures > fixed EST in spring [0.66ms]
web	Unit tests and production build	2026-10-05T06:35:48.5491192Z (pass) independently specified temporal fixtures > fixed PST in summer [0.44ms]
web	Unit tests and production build	2026-10-05T06:35:48.5493939Z (pass) independently specified temporal fixtures > regional PT summer [0.42ms]
web	Unit tests and production build	2026-10-05T06:35:48.5498270Z (pass) independently specified temporal fixtures > regional PT winter [0.42ms]
web	Unit tests and production build	2026-10-05T06:35:48.5501986Z (pass) independently specified temporal fixtures > regional ET [0.39ms]
web	Unit tests and production build	2026-10-05T06:35:48.5507677Z (pass) independently specified temporal fixtures > CST ambiguity [0.52ms]
web	Unit tests and production build	2026-10-05T06:35:48.5512178Z (pass) independently specified temporal fixtures > IST ambiguity [0.46ms]
web	Unit tests and production build	2026-10-05T06:35:48.5517112Z (pass) independently specified temporal fixtures > BST ambiguity [0.48ms]
web	Unit tests and production build	2026-10-05T06:35:48.5521707Z (pass) independently specified temporal fixtures > AST ambiguity [0.46ms]
web	Unit tests and production build	2026-10-05T06:35:48.5526072Z (pass) independently specified temporal fixtures > quarter hour offset [0.43ms]
web	Unit tests and production build	2026-10-05T06:35:48.5529934Z (pass) independently specified temporal fixtures > negative half hour offset [0.35ms]
web	Unit tests and production build	2026-10-05T06:35:48.5532001Z (pass) independently specified temporal fixtures > invalid minutes [0.22ms]
web	Unit tests and production build	2026-10-05T06:35:48.5534001Z (pass) independently specified temporal fixtures > invalid offset bound [0.13ms]
web	Unit tests and production build	2026-10-05T06:35:48.5538194Z (pass) independently specified temporal fixtures > ISO offset [0.38ms]
web	Unit tests and production build	2026-10-05T06:35:48.5541699Z (pass) independently specified temporal fixtures > relative tomorrow [0.42ms]
web	Unit tests and production build	2026-10-05T06:35:48.5545987Z (pass) independently specified temporal fixtures > relative in Tokyo [0.42ms]
web	Unit tests and production build	2026-10-05T06:35:48.5551064Z (pass) independently specified temporal fixtures > source date across midnight [0.50ms]
web	Unit tests and production build	2026-10-05T06:35:48.5554991Z (pass) independently specified temporal fixtures > city Tokyo [0.38ms]
web	Unit tests and production build	2026-10-05T06:35:48.5558387Z (pass) independently specified temporal fixtures > city Mumbai [0.39ms]
web	Unit tests and production build	2026-10-05T06:35:48.5561854Z (pass) independently specified temporal fixtures > city Berlin summer [0.37ms]
web	Unit tests and production build	2026-10-05T06:35:48.5565296Z (pass) independently specified temporal fixtures > accented city [0.35ms]
web	Unit tests and production build	2026-10-05T06:35:48.5585488Z (pass) independently specified temporal fixtures > unique typo disclosure [1.93ms]
web	Unit tests and production build	2026-10-05T06:35:48.5591182Z (pass) independently specified temporal fixtures > unknown city [0.57ms]
web	Unit tests and production build	2026-10-05T06:35:48.5592364Z (pass) independently specified temporal fixtures > unknown abbreviation [0.17ms]
web	Unit tests and production build	2026-10-05T06:35:48.5597459Z (pass) independently specified temporal fixtures > IANA identity [0.47ms]
web	Unit tests and production build	2026-10-05T06:35:48.5606118Z (pass) independently specified temporal fixtures > spring gap [0.83ms]
web	Unit tests and production build	2026-10-05T06:35:48.5610298Z (pass) independently specified temporal fixtures > autumn fold [0.43ms]
web	Unit tests and production build	2026-10-05T06:35:48.5615218Z (pass) independently specified temporal fixtures > Sydney spring gap [0.49ms]
web	Unit tests and production build	2026-10-05T06:35:48.5619974Z (pass) independently specified temporal fixtures > Sydney autumn fold [0.42ms]
web	Unit tests and production build	2026-10-05T06:35:48.5622038Z (pass) independently specified temporal fixtures > date only [0.25ms]
web	Unit tests and production build	2026-10-05T06:35:48.5625634Z (pass) independently specified temporal fixtures > month day convention [0.36ms]
web	Unit tests and production build	2026-10-05T06:35:48.5631725Z (pass) independently specified temporal fixtures > day month convention [0.53ms]
web	Unit tests and production build	2026-10-05T06:35:48.5639355Z (pass) independently specified temporal fixtures > header date context [0.71ms]
web	Unit tests and production build	2026-10-05T06:35:48.5661890Z (pass) independently specified temporal fixtures > paragraph isolation [0.51ms]
web	Unit tests and production build	2026-10-05T06:35:48.5662600Z (pass) independently specified temporal fixtures > second explicit date [0.45ms]
web	Unit tests and production build	2026-10-05T06:35:48.5663537Z (pass) independently specified temporal fixtures > same date range [0.43ms]
web	Unit tests and production build	2026-10-05T06:35:48.5664605Z (pass) independently specified temporal fixtures > overnight range [0.52ms]
web	Unit tests and production build	2026-10-05T06:35:48.5665447Z (pass) independently specified temporal fixtures > Unix seconds [0.22ms]
web	Unit tests and production build	2026-10-05T06:35:48.5666102Z (pass) independently specified temporal fixtures > Unix text order [0.41ms]
web	Unit tests and production build	2026-10-05T06:35:48.5670597Z (pass) independently specified temporal fixtures > duplicate mentions [0.49ms]
web	Unit tests and production build	2026-10-05T06:35:48.5674935Z (pass) independently specified temporal fixtures > distinct dates retained [0.49ms]
web	Unit tests and production build	2026-10-05T06:35:48.5679601Z (pass) independently specified temporal fixtures > missing timezone source default [0.35ms]
web	Unit tests and production build	2026-10-05T06:35:48.5680457Z (pass) independently specified temporal fixtures > no matching time [0.07ms]
web	Unit tests and production build	2026-10-05T06:35:48.5682661Z (pass) independently specified temporal fixtures > HTML remains text [0.28ms]
web	Unit tests and production build	2026-10-05T06:35:48.5690065Z (pass) independently specified temporal fixtures > relative source date at UTC midnight [0.33ms]
web	Unit tests and production build	2026-10-05T06:35:48.5690995Z (pass) independently specified temporal fixtures > relative header in source zone [0.28ms]
web	Unit tests and production build	2026-10-05T06:35:48.5693866Z (pass) independently specified temporal fixtures > unrelated sentence date reset [0.44ms]
web	Unit tests and production build	2026-10-05T06:35:48.5696714Z (pass) independently specified temporal fixtures > military time with fixed zone [0.32ms]
web	Unit tests and production build	2026-10-05T06:35:48.5698816Z (pass) independently specified temporal fixtures > military Zulu [0.22ms]
web	Unit tests and production build	2026-10-05T06:35:48.5706261Z (pass) independently specified temporal fixtures > shorthand meridiem [0.35ms]
web	Unit tests and production build	2026-10-05T06:35:48.5709745Z (pass) independently specified temporal fixtures > between range [0.66ms]
web	Unit tests and production build	2026-10-05T06:35:48.5712617Z (pass) independently specified temporal fixtures > unknown IANA wins over adjacent UTC token [0.28ms]
web	Unit tests and production build	2026-10-05T06:35:48.5716213Z (pass) independently specified temporal fixtures > leap day retained [0.33ms]
web	Unit tests and production build	2026-10-05T06:35:48.5719470Z (pass) independently specified temporal fixtures > bare city summer rules [0.34ms]
web	Unit tests and production build	2026-10-05T06:35:48.5722568Z (pass) independently specified temporal fixtures > city before prose [0.33ms]
web	Unit tests and production build	2026-10-05T06:35:48.5726050Z (pass) independently specified temporal fixtures > NYC alias [0.34ms]
web	Unit tests and production build	2026-10-05T06:35:48.5731415Z (pass) independently specified temporal fixtures > Melbourne alias [0.46ms]
web	Unit tests and production build	2026-10-05T06:35:48.5732540Z (pass) independently specified temporal fixtures > 2015 Unix boundary [0.12ms]
web	Unit tests and production build	2026-10-05T06:35:48.5734187Z (pass) independently specified temporal fixtures > 2035 Unix boundary [0.12ms]
web	Unit tests and production build	2026-10-05T06:35:48.5738965Z (pass) independently specified temporal fixtures > explicit zone upgrades default duplicate [0.49ms]
web	Unit tests and production build	2026-10-05T06:35:48.5742303Z (pass) independently specified temporal fixtures > ISO fractional seconds [0.33ms]
web	Unit tests and production build	2026-10-05T06:35:48.5743898Z (pass) independently specified temporal fixtures > partial colloquial match must not convert wrong time [0.13ms]
web	Unit tests and production build	2026-10-05T06:35:48.5748978Z (pass) independently specified temporal fixtures > vague approximate hour [0.10ms]
web	Unit tests and production build	2026-10-05T06:35:48.5750091Z (pass) independently specified temporal fixtures > no invented end of business hour [0.06ms]
web	Unit tests and production build	2026-10-05T06:35:48.5750940Z (pass) independently specified temporal fixtures > city before target-zone sentence [0.40ms]
web	Unit tests and production build	2026-10-05T06:35:48.5754069Z (pass) independently specified temporal fixtures > city before colleague timezone [0.32ms]
web	Unit tests and production build	2026-10-05T06:35:48.5762335Z (pass) independently specified temporal fixtures > city-qualified endpoint range [0.80ms]
web	Unit tests and production build	2026-10-05T06:35:48.5766925Z (pass) independently specified temporal fixtures > numeric offset endpoint range [0.49ms]
web	Unit tests and production build	2026-10-05T06:35:48.5774817Z (pass) independently specified temporal fixtures > repeated-zone overnight range [0.73ms]
web	Unit tests and production build	2026-10-05T06:35:48.5780443Z (pass) independently specified temporal fixtures > distinct endpoint zone clocks [0.54ms]
web	Unit tests and production build	2026-10-05T06:35:48.5787448Z (pass) independently specified temporal fixtures > regional repeated-zone overnight range [0.65ms]
web	Unit tests and production build	2026-10-05T06:35:48.5788558Z (pass) independently specified temporal fixtures > malformed three-digit offset minutes [0.12ms]
web	Unit tests and production build	2026-10-05T06:35:48.5789487Z (pass) independently specified temporal fixtures > malformed one-digit offset minutes [0.13ms]
web	Unit tests and production build	2026-10-05T06:35:48.5791012Z (pass) independently specified temporal fixtures > unsupported unicode offset minus [0.12ms]
web	Unit tests and production build	2026-10-05T06:35:48.5796527Z (pass) independently specified temporal fixtures > IANA numeric suffix identity [0.48ms]
web	Unit tests and production build	2026-10-05T06:35:48.5799341Z (pass) independently specified temporal fixtures > lowercase fixed zone [0.29ms]
web	Unit tests and production build	2026-10-05T06:35:48.5802152Z (pass) independently specified temporal fixtures > mixed-case fixed zone [0.27ms]
web	Unit tests and production build	2026-10-05T06:35:48.5805295Z (pass) independently specified temporal fixtures > lowercase numeric zone [0.30ms]
web	Unit tests and production build	2026-10-05T06:35:48.5810404Z (pass) independently specified temporal fixtures > range before colleague zone prose [0.51ms]
web	Unit tests and production build	2026-10-05T06:35:48.5815729Z (pass) independently specified temporal fixtures > range before format zone prose [0.47ms]
web	Unit tests and production build	2026-10-05T06:35:48.5822626Z (pass) independently specified temporal fixtures > dotted meridiem overnight range [0.71ms]
web	Unit tests and production build	2026-10-05T06:35:48.5827970Z (pass) independently specified temporal fixtures > military endpoint zone range [0.53ms]
web	Unit tests and production build	2026-10-05T06:35:48.5872235Z (pass) independently specified temporal fixtures > IANA qualified overnight range [4.29ms]
web	Unit tests and production build	2026-10-05T06:35:48.5883024Z (pass) independently specified temporal fixtures > city qualified overnight range [1.16ms]
web	Unit tests and production build	2026-10-05T06:35:48.5885506Z (pass) independently specified temporal fixtures > reject complete malformed offset UTC+05foo [0.25ms]
web	Unit tests and production build	2026-10-05T06:35:48.5887406Z (pass) independently specified temporal fixtures > reject complete malformed offset UTC+05:30abc [0.13ms]
web	Unit tests and production build	2026-10-05T06:35:48.5889297Z (pass) independently specified temporal fixtures > reject complete malformed offset UTC+5.5 [0.16ms]
web	Unit tests and production build	2026-10-05T06:35:48.5891160Z (pass) independently specified temporal fixtures > reject complete malformed offset GMT+2.5 [0.14ms]
web	Unit tests and production build	2026-10-05T06:35:48.5897606Z (pass) independently specified temporal fixtures > range propagates trailing explicit date [0.62ms]
web	Unit tests and production build	2026-10-05T06:35:48.5905612Z (pass) independently specified temporal fixtures > range infers trailing next year [0.80ms]
web	Unit tests and production build	2026-10-05T06:35:48.5912797Z (pass) independently specified temporal fixtures > range second precision rollover [0.71ms]
web	Unit tests and production build	2026-10-05T06:35:48.5921496Z (pass) independently specified temporal fixtures > cross-city civil overnight range [0.78ms]
web	Unit tests and production build	2026-10-05T06:35:48.5931081Z (pass) independently specified temporal fixtures > bare city overnight range [0.80ms]
web	Unit tests and production build	2026-10-05T06:35:48.5936409Z (pass) independently specified temporal fixtures > qualified until city range [0.74ms]
web	Unit tests and production build	2026-10-05T06:35:48.5938079Z (pass) independently specified temporal fixtures > reject repeated offset sign [0.15ms]
web	Unit tests and production build	2026-10-05T06:35:48.5939815Z (pass) independently specified temporal fixtures > reject malformed sign UTC++5 [0.11ms]
web	Unit tests and production build	2026-10-05T06:35:48.5941785Z (pass) independently specified temporal fixtures > reject malformed sign UTC+-5 [0.11ms]
web	Unit tests and production build	2026-10-05T06:35:48.5942835Z (pass) independently specified temporal fixtures > reject malformed sign UTC+ [0.10ms]
web	Unit tests and production build	2026-10-05T06:35:48.5963461Z (pass) formatting rolls into next day and copy includes full context [1.99ms]
web	Unit tests and production build	2026-10-05T06:35:48.5969196Z (pass) negative fractional offset never invents a location [0.58ms]
web	Unit tests and production build	2026-10-05T06:35:48.5978660Z (pass) short fuzzy city and unknown guesses are rejected [0.99ms]
web	Unit tests and production build	2026-10-05T06:35:48.5989832Z (pass) valid input at limit converts; arbitrary numbers and milliseconds stay unparsed [1.05ms]
web	Unit tests and production build	2026-10-05T06:35:48.5994948Z (pass) range keeps textual identities and both endpoints [0.50ms]
web	Unit tests and production build	2026-10-05T06:35:48.5995885Z (pass) input limit and invalid target give actionable errors [0.14ms]
web	Unit tests and production build	2026-10-05T06:35:48.6005468Z (pass) reference date override leaves source zone independent of target [0.89ms]
web	Unit tests and production build	2026-10-05T06:35:48.6006086Z 
web	Unit tests and production build	2026-10-05T06:35:48.6006790Z ##[endgroup]
web	Unit tests and production build	2026-10-05T06:35:48.6006965Z 
web	Unit tests and production build	2026-10-05T06:35:48.6007292Z ##[group]tests/preview.test.ts:
web	Unit tests and production build	2026-10-05T06:35:48.6759325Z (pass) preview publication accepts identical trees and rejects merged content differences [74.70ms]
web	Unit tests and production build	2026-10-05T06:35:48.6759838Z 
web	Unit tests and production build	2026-10-05T06:35:48.6760207Z ##[endgroup]
web	Unit tests and production build	2026-10-05T06:35:48.6760314Z 
web	Unit tests and production build	2026-10-05T06:35:48.6760393Z  116 pass
web	Unit tests and production build	2026-10-05T06:35:48.6760549Z  0 fail
web	Unit tests and production build	2026-10-05T06:35:48.6760704Z  725 expect() calls
web	Unit tests and production build	2026-10-05T06:35:48.6760894Z Ran 116 tests across 6 files. [373.00ms]
web	Unit tests and production build	2026-10-05T06:35:48.6912447Z $ bun run typecheck && bun scripts/third-party-notices.ts && bunx --bun vite build && bun scripts/build-offline.ts
web	Unit tests and production build	2026-10-05T06:35:48.6941568Z $ bunx --bun tsc --noEmit
web	Unit tests and production build	2026-10-05T06:35:49.0626448Z Included notices for 19 production packages.
web	Unit tests and production build	2026-10-05T06:35:49.2547430Z ^[[36mvite v8.3.2 ^[[32mbuilding client environment for production...^[[36m^[[39m
web	Unit tests and production build	2026-10-05T06:35:49.2613311Z transforming...
web	Unit tests and production build	2026-10-05T06:35:49.4546450Z ✓ 644 modules transformed.
web	Unit tests and production build	2026-10-05T06:35:49.4981050Z rendering chunks...
web	Unit tests and production build	2026-10-05T06:35:49.5874919Z computing gzip size...
web	Unit tests and production build	2026-10-05T06:35:49.5955156Z dist/index.html                                    0.80 kB │ gzip:   0.44 kB
web	Unit tests and production build	2026-10-05T06:35:49.5955628Z dist/assets/geist-latin-variable-Dm3htQBi.woff2   28.40 kB
web	Unit tests and production build	2026-10-05T06:35:49.5956316Z dist/assets/worker-C690IjaR.js                   221.14 kB
web	Unit tests and production build	2026-10-05T06:35:49.5956933Z dist/assets/index-Bst_xchV.css                    20.74 kB │ gzip:   4.83 kB
web	Unit tests and production build	2026-10-05T06:35:49.5957458Z dist/assets/index-DHi9pTHJ.js                    775.09 kB │ gzip: 235.19 kB
web	Unit tests and production build	2026-10-05T06:35:49.5957676Z 
web	Unit tests and production build	2026-10-05T06:35:49.5958544Z ^[[32m✓ built in 340ms^[[39m
web	Unit tests and production build	2026-10-05T06:35:49.5963326Z ^[[33m[plugin builtin:vite-reporter] 
web	Unit tests and production build	2026-10-05T06:35:49.5963787Z (!) Some chunks are larger than 500 kB after minification. Consider:
web	Unit tests and production build	2026-10-05T06:35:49.5964293Z - Using dynamic import() to code-split the application
web	Unit tests and production build	2026-10-05T06:35:49.5964901Z - Use build.rolldownOptions.output.codeSplitting to improve chunking: https://rolldown.rs/reference/OutputOptions.codeSplitting
web	Unit tests and production build	2026-10-05T06:35:49.5965904Z - Adjust chunk size limit for this warning via build.chunkSizeWarningLimit.^[[39m
web	Unit tests and production build	2026-10-05T06:35:49.6262394Z Offline version 7cdf93665f2f8c5d: 13 local assets, /
web	Verify the standalone conversion corpus audit	﻿2026-10-05T06:35:49.6334019Z ##[group]Run bun run corpus:audit
web	Verify the standalone conversion corpus audit	2026-10-05T06:35:49.6334310Z ^[[36;1mbun run corpus:audit^[[0m
web	Verify the standalone conversion corpus audit	2026-10-05T06:35:49.6334757Z ^[[36;1mdiff -u "$RUNNER_TEMP/chronoshift-corpus-audit.json" docs/planning/corpus-audit.json^[[0m
web	Verify the standalone conversion corpus audit	2026-10-05T06:35:49.6335940Z shell: bash --noprofile --norc -e -o pipefail {0}
web	Verify the standalone conversion corpus audit	2026-10-05T06:35:49.6336289Z env:
web	Verify the standalone conversion corpus audit	2026-10-05T06:35:49.6336485Z   PLAYWRIGHT_BROWSERS_PATH: /ms-playwright
web	Verify the standalone conversion corpus audit	2026-10-05T06:35:49.6336733Z   PLAYWRIGHT_IMAGE_VERSION: 1.63.0
web	Verify the standalone conversion corpus audit	2026-10-05T06:35:49.6336949Z   CHRONOSHIFT_CI_TIMING: 0
web	Verify the standalone conversion corpus audit	2026-10-05T06:35:49.6337142Z   PUBLISH_PAGES: true
web	Verify the standalone conversion corpus audit	2026-10-05T06:35:49.6337329Z   MISE_LOG_LEVEL: info
web	Verify the standalone conversion corpus audit	2026-10-05T06:35:49.6339211Z   MISE_GITHUB_TOKEN: ***
web	Verify the standalone conversion corpus audit	2026-10-05T06:35:49.6339467Z   MISE_TRUSTED_CONFIG_PATHS: /__w/ChronoShift/ChronoShift
web	Verify the standalone conversion corpus audit	2026-10-05T06:35:49.6339803Z   MISE_YES: 1
web	Verify the standalone conversion corpus audit	2026-10-05T06:35:49.6341038Z   PATH: /github/home/.local/share/mise/installs/bun/1.4.0/bin:/github/home/.local/share/mise/installs/node/26.8.1/bin:/github/home/.local/share/mise/installs/gh/2.100.0/gh_2.100.0_linux_amd64/bin:/github/home/.local/share/mise/shims:/github/home/.local/share/mise/bin:/usr/local/sbin:/usr/local/bin:/usr/sbin:/usr/bin:/sbin:/bin
web	Verify the standalone conversion corpus audit	2026-10-05T06:35:49.6342142Z ##[endgroup]
web	Verify the standalone conversion corpus audit	2026-10-05T06:35:49.7174425Z $ bun scripts/audit-corpus.ts
web	Verify the standalone conversion corpus audit	2026-10-05T06:35:49.9381667Z 353 real inputs exercised; 0 crashes; 29 cases need review of legacy expectations or parser gaps.
web	Run bun run test:browser	﻿2026-10-05T06:35:49.9724549Z ##[group]Run bun scripts/ci-environment.ts before
web	Run bun run test:browser	2026-10-05T06:35:49.9724919Z ^[[36;1mbun scripts/ci-environment.ts before^[[0m
web	Run bun run test:browser	2026-10-05T06:35:49.9725179Z ^[[36;1mbun run test:browser^[[0m
web	Run bun run test:browser	2026-10-05T06:35:49.9725625Z shell: bash --noprofile --norc -e -o pipefail {0}
web	Run bun run test:browser	2026-10-05T06:35:49.9725867Z env:
web	Run bun run test:browser	2026-10-05T06:35:49.9726052Z   PLAYWRIGHT_BROWSERS_PATH: /ms-playwright
web	Run bun run test:browser	2026-10-05T06:35:49.9726304Z   PLAYWRIGHT_IMAGE_VERSION: 1.63.0
web	Run bun run test:browser	2026-10-05T06:35:49.9726518Z   CHRONOSHIFT_CI_TIMING: 0
web	Run bun run test:browser	2026-10-05T06:35:49.9726709Z   PUBLISH_PAGES: true
web	Run bun run test:browser	2026-10-05T06:35:49.9726897Z   MISE_LOG_LEVEL: info
web	Run bun run test:browser	2026-10-05T06:35:49.9728826Z   MISE_GITHUB_TOKEN: ***
web	Run bun run test:browser	2026-10-05T06:35:49.9729090Z   MISE_TRUSTED_CONFIG_PATHS: /__w/ChronoShift/ChronoShift
web	Run bun run test:browser	2026-10-05T06:35:49.9729353Z   MISE_YES: 1
web	Run bun run test:browser	2026-10-05T06:35:49.9730216Z   PATH: /github/home/.local/share/mise/installs/bun/1.4.0/bin:/github/home/.local/share/mise/installs/node/26.8.1/bin:/github/home/.local/share/mise/installs/gh/2.100.0/gh_2.100.0_linux_amd64/bin:/github/home/.local/share/mise/shims:/github/home/.local/share/mise/bin:/usr/local/sbin:/usr/local/bin:/usr/sbin:/usr/bin:/sbin:/bin
web	Run bun run test:browser	2026-10-05T06:35:49.9731162Z ##[endgroup]
web	Run bun run test:browser	2026-10-05T06:35:50.0904592Z [ci-environment] {"at":"2026-10-05T06:35:50.089Z","phase":"before","platform":"linux","architecture":"x64","osRelease":"6.17.0-1022-azure","availableParallelism":4,"logicalCpus":4,"cpuModel":"AMD EPYC 9V74 80-Core Processor","totalMemoryBytes":16766414848,"cgroup":{"cpu.max":"max 100000","cpu.stat":"usage_usec 14988001\nuser_usec 11530708\nsystem_usec 3457292\nnice_usec 0\ncore_sched.force_idle_usec 0\nnr_periods 0\nnr_throttled 0\nthrottled_usec 0\nnr_bursts 0\nburst_usec 0","memory.max":"max","memory.peak":"1524912128","memory.events":"low 0\nhigh 0\nmax 0\noom 0\noom_kill 0\noom_group_kill 0"}}
web	Run bun run test:browser	2026-10-05T06:35:50.1015278Z $ bunx --bun playwright test
web	Run bun run test:browser	2026-10-05T06:35:51.0607534Z 
web	Run bun run test:browser	2026-10-05T06:35:51.0607999Z Running 258 tests using 2 workers
web	Run bun run test:browser	2026-10-05T06:35:51.0608219Z 
web	Run bun run test:browser	2026-10-05T06:35:52.9512537Z   ✓    2 [foldable] › e2e/foldable.spec.ts:70:0 › tabletop posture confines the scrollable task to the upper screen (1.2s)
web	Run bun run test:browser	2026-10-05T06:35:53.3282346Z   ✓    3 [foldable] › e2e/foldable.spec.ts:112:0 › notch and home-indicator safe areas inset the task (369ms)
web	Run bun run test:browser	2026-10-05T06:35:53.3951433Z   ✓    1 [foldable] › e2e/foldable.spec.ts:4:0 › input and results avoid a vertical hinge and survive folding (1.7s)
web	Run bun run test:browser	2026-10-05T06:35:56.2690092Z   ✓    5 [chromium] › e2e/app.spec.ts:67:0 › an intact offline app survives a failed registration check while changing target zones (2.4s)
web	Run bun run test:browser	2026-10-05T06:35:56.5588006Z   ✓    4 [chromium] › e2e/app.spec.ts:6:0 › worker failure recovers and a late response cannot resurrect cleared input (2.8s)
web	Run bun run test:browser	2026-10-05T06:35:57.8808515Z   ✓    7 [chromium] › e2e/app.spec.ts:130:0 › missing cache reports incomplete and reconnect repairs the complete offline app (1.3s)
web	Run bun run test:browser	2026-10-05T06:35:57.9606190Z   ✓    6 [chromium] › e2e/app.spec.ts:90:0 › a delayed failed readiness probe cannot overwrite a newer successful check (1.7s)
web	Run bun run test:browser	2026-10-05T06:35:59.2759271Z   ✓    8 [chromium] › e2e/app.spec.ts:162:0 › pasted HTML cannot execute or fetch its URL (1.4s)
web	Run bun run test:browser	2026-10-05T06:35:59.4766131Z   ✓    9 [chromium] › e2e/app.spec.ts:182:0 › convert, inspect ambiguity, copy manually and protect privacy (1.5s)
web	Run bun run test:browser	2026-10-05T06:36:01.4656990Z   ✓   10 [chromium] › e2e/app.spec.ts:215:0 › close and reopen offline, then convert previously unseen input (2.2s)
web	Run bun run test:browser	2026-10-05T06:36:02.5174423Z   ✓   11 [chromium] › e2e/app.spec.ts:239:0 › preferences persist, input does not; denied storage still converts (3.0s)
web	Run bun run test:browser	2026-10-05T06:36:04.4497753Z   ✓   12 [chromium] › e2e/app.spec.ts:267:0 › input errors recover, edits invalidate results, keyboard keeps multiline input (3.0s)
web	Run bun run test:browser	2026-10-05T06:36:05.3115835Z   ✓   14 [chromium] › e2e/app.spec.ts:340:0 › offline POST share is single-use and never places message in URL (855ms)
web	Run bun run test:browser	2026-10-05T06:36:05.9471858Z   ✓   13 [chromium] › e2e/app.spec.ts:286:0 › readable at 320px, dark mode, with no serious accessibility violations (3.4s)
web	Run bun run test:browser	2026-10-05T06:36:08.8520502Z   ✓   15 [chromium] › e2e/app.spec.ts:378:0 › an update waits, preserves draft on opt-in, and survives a partial next update (3.5s)
web	Run bun run test:browser	2026-10-05T06:36:14.6845531Z   ✓   17 [chromium] › e2e/controls.spec.ts:232:0 › choice menus support keyboard selection, nested Escape and pointer dismissal (5.8s)
web	Run bun run test:browser	2026-10-05T06:36:18.0515544Z   ✓   16 [chromium] › e2e/controls.spec.ts:55:0 › themed choices align and their opened menus fit every breakpoint without losing work (12.1s)
web	Run bun run test:browser	2026-10-05T06:36:18.9967595Z   ✓   18 [chromium] › e2e/controls.spec.ts:339:0 › timezone search preserves freeform offsets and recovers from empty and invalid choices (4.3s)
web	Run bun run test:browser	2026-10-05T06:36:20.4131641Z   ✓   19 [chromium] › e2e/controls.spec.ts:407:0 › hovering timezone suggestions preserves typed values while explicit selections still commit (2.4s)
web	Run bun run test:browser	2026-10-05T06:36:21.2199762Z   ✓   20 [chromium] › e2e/diagnostics.spec.ts:12:0 › detailed logs are opt-in, local, exclude message and selected zones, and stop when disabled (2.2s)
web	Run bun run test:browser	2026-10-05T06:36:21.7837369Z   ✓   21 [chromium] › e2e/diagnostics.spec.ts:84:0 › detailed logging survives a tab reload and reset preferences disables it (1.4s)
web	Run bun run test:browser	2026-10-05T06:36:22.4100022Z   ✓   22 [chromium] › e2e/diagnostics.spec.ts:114:0 › detailed logs still work in memory when session storage is denied (1.2s)
web	Run bun run test:browser	2026-10-05T06:36:23.3471572Z   ✓   23 [chromium] › e2e/diagnostics.spec.ts:145:0 › a retired release repairs only missing files using its intact cached assets (1.6s)
web	Run bun run test:browser	2026-10-05T06:36:23.4135024Z   ✓   24 [chromium] › e2e/diagnostics.spec.ts:191:0 › corrupt cached files fail integrity checks and detailed logs identify bounded repair failure (988ms)
web	Run bun run test:browser	2026-10-05T06:36:24.3742157Z   ✓   26 [chromium] › e2e/engine.spec.ts:4:0 › independent exact fixture expectations run in the production browser worker (959ms)
web	Run bun run test:browser	2026-10-05T06:36:27.6961970Z   ✓   25 [chromium] › e2e/diagnostics.spec.ts:232:0 › waiting updates remain actionable when a current cache probe times out (4.3s)
web	Run bun run test:browser	2026-10-05T06:36:28.2367665Z   ✓   27 [chromium] › e2e/imports.spec.ts:5:2 › delayed clipboard offers replacement instead of overwriting edited or cleared work (3.9s)
web	Run bun run test:browser	2026-10-05T06:36:30.7235031Z   ✓   29 [chromium] › e2e/imports.spec.ts:173:0 › an unresolved target hides copyable fallback results and correction restores the source interpretation (2.5s)
web	Run bun run test:browser	2026-10-05T06:36:31.8074784Z   ✓   28 [chromium] › e2e/imports.spec.ts:5:2 › delayed share offers replacement instead of overwriting edited or cleared work (4.1s)
web	Run bun run test:browser	2026-10-05T06:36:33.8751558Z   ✓   30 [chromium] › e2e/live.spec.ts:4:0 › typing, pasted text and conversion settings update without submission (3.1s)
web	Run bun run test:browser	2026-10-05T06:36:36.0651922Z   ✓   31 [chromium] › e2e/live.spec.ts:30:0 › composition defers conversion and queued work cannot overwrite a newer draft (4.2s)
web	Run bun run test:browser	2026-10-05T06:36:36.8632598Z   ✓   33 [chromium] › e2e/motion.spec.ts:61:0 › reduced motion keeps live feedback and usable results without animation (790ms)
web	Run bun run test:browser	2026-10-05T06:36:38.8098446Z   ✓   34 [chromium] › e2e/offline-install.spec.ts:31:0 › a transient initial registration failure retries before any controller exists (1.9s)
web	Run bun run test:browser	2026-10-05T06:36:39.2074593Z   ✓   32 [chromium] › e2e/motion.spec.ts:4:0 › live feedback covers debounce and worker completion, then settles or cancels (5.3s)
web	Run bun run test:browser	2026-10-05T06:36:40.1416578Z   ✓   36 [chromium] › e2e/offline-install.spec.ts:82:0 › a stale mutable release marker is refetched and checked before offline readiness (924ms)
web	Run bun run test:browser	2026-10-05T06:36:40.5185554Z   ✓   35 [chromium] › e2e/offline-install.spec.ts:59:0 › slow first installation clears its expired warning without losing conversion (1.7s)
web	Run bun run test:browser	2026-10-05T06:36:41.8498184Z   ✓   37 [chromium] › e2e/offline-install.spec.ts:106:0 › a rejected first installation retries without reloading or clearing input (1.7s)
web	Run bun run test:browser	2026-10-05T06:36:43.7097326Z   ✓   39 [chromium] › e2e/offline-install.spec.ts:155:0 › HTML response rewriting cannot break first installation or offline navigation (1.9s)
web	Run bun run test:browser	2026-10-05T06:36:45.5090086Z   ✓   40 [chromium] › e2e/privacy.spec.ts:6:2 › legacy lens preferences migrate, reset removes them and quota failures keep conversion usable (1.8s)
web	Run bun run test:browser	2026-10-05T06:36:46.4855669Z   ✓   38 [chromium] › e2e/offline-install.spec.ts:126:0 › persistently wrong release bytes never activate or claim offline readiness (6.0s)
web	Run bun run test:browser	2026-10-05T06:36:47.4265248Z   ✓   42 [chromium] › e2e/privacy.spec.ts:85:0 › invalid and oversized local shares return a paste fallback without storing text (932ms)
web	Run bun run test:browser	2026-10-05T06:36:47.5603855Z   ✓   41 [chromium] › e2e/privacy.spec.ts:6:2 › legacy command preferences migrate, reset removes them and quota failures keep conversion usable (2.0s)
web	Run bun run test:browser	2026-10-05T06:36:49.0383869Z   ✓   43 [chromium] › e2e/privacy.spec.ts:119:0 › expired and invalid temporary text is consumed and erased without restoring it (1.6s)
web	Run bun run test:browser	2026-10-05T06:36:49.9934562Z   ✓   44 [chromium] › e2e/privacy.spec.ts:223:0 › denied update storage keeps the draft active and requires clearing before reload (2.4s)
web	Run bun run test:browser	2026-10-05T06:36:50.9949362Z   ✓   46 [chromium] › e2e/responsive.spec.ts:83:0 › touch-sized controls and keyboard navigation remain usable in a short viewport (993ms)
web	Run bun run test:browser	2026-10-05T06:36:51.4903859Z   ✓   45 [chromium] › e2e/responsive.spec.ts:4:0 › reflows across cover screens, phones, tablets and desktops without losing work (2.4s)
web	Run bun run test:browser	2026-10-05T06:36:53.1073003Z   ✓   47 [chromium] › e2e/uncontrolled.spec.ts:102:0 › an activated worker reclaims a hard-refreshed tab without reloading its draft (2.1s)
web	Run bun run test:browser	2026-10-05T06:36:57.2454123Z   ✓   49 [chromium] › e2e/uncontrolled.spec.ts:227:0 › an older active worker cannot mark an uncontrolled tab ready or activate its waiting update (4.1s)
web	Run bun run test:browser	2026-10-05T06:36:57.4393745Z   ✓   48 [chromium] › e2e/uncontrolled.spec.ts:135:0 › an explicit update recovers a timed-out readiness probe without another reload (5.9s)
web	Run bun run test:browser	2026-10-05T06:36:58.4671370Z   ✓   50 [chromium] › e2e/updates.spec.ts:6:0 › repair refuses another release and leaves the existing offline shell intact (1.2s)
web	Run bun run test:browser	2026-10-05T06:37:00.8590994Z   ✓   51 [chromium] › e2e/updates.spec.ts:45:0 › an interrupted rollback preserves a retained cache and its old tab worker (3.4s)
web	Run bun run test:browser	2026-10-05T06:37:01.2147672Z   ✓   52 [chromium] › e2e/updates.spec.ts:93:0 › oversized drafts block an update until they can be safely preserved (2.7s)
web	Run bun run test:browser	2026-10-05T06:37:08.1991228Z   ✓   53 [chromium] › e2e/updates.spec.ts:209:0 › old and new tabs retain their own workers across successive releases and offline restart (7.3s)
web	Run bun run test:browser	2026-10-05T06:37:08.5354003Z   ✓   54 [chromium] › e2e/updates.spec.ts:270:0 › rollback preserves draft and preferences and removes obsolete caches with one remaining tab (7.3s)
web	Run bun run test:browser	2026-10-05T06:37:13.1412724Z   ✓   55 [firefox] › e2e/app.spec.ts:6:0 › worker failure recovers and a late response cannot resurrect cleared input (4.1s)
web	Run bun run test:browser	2026-10-05T06:37:13.3287010Z   ✓   56 [firefox] › e2e/app.spec.ts:67:0 › an intact offline app survives a failed registration check while changing target zones (3.9s)
web	Run bun run test:browser	2026-10-05T06:37:15.7287263Z   ✓   57 [firefox] › e2e/app.spec.ts:90:0 › a delayed failed readiness probe cannot overwrite a newer successful check (2.6s)
web	Run bun run test:browser	2026-10-05T06:37:16.2533492Z   ✓   58 [firefox] › e2e/app.spec.ts:130:0 › missing cache reports incomplete and reconnect repairs the complete offline app (2.9s)
web	Run bun run test:browser	2026-10-05T06:37:17.3256961Z   ✓   59 [firefox] › e2e/app.spec.ts:162:0 › pasted HTML cannot execute or fetch its URL (1.6s)
web	Run bun run test:browser	2026-10-05T06:37:18.0356163Z   ✓   60 [firefox] › e2e/app.spec.ts:182:0 › convert, inspect ambiguity, copy manually and protect privacy (1.8s)
web	Run bun run test:browser	2026-10-05T06:37:20.3998091Z   ✓   61 [firefox] › e2e/app.spec.ts:215:0 › close and reopen offline, then convert previously unseen input (3.1s)
web	Run bun run test:browser	2026-10-05T06:37:22.0720352Z   ✓   62 [firefox] › e2e/app.spec.ts:239:0 › preferences persist, input does not; denied storage still converts (4.0s)
web	Run bun run test:browser	2026-10-05T06:37:24.7276039Z   ✓   63 [firefox] › e2e/app.spec.ts:267:0 › input errors recover, edits invalidate results, keyboard keeps multiline input (4.3s)
web	Run bun run test:browser	2026-10-05T06:37:26.1013584Z   ✓   64 [firefox] › e2e/app.spec.ts:286:0 › readable at 320px, dark mode, with no serious accessibility violations (4.0s)
web	Run bun run test:browser	2026-10-05T06:37:26.2946219Z   ✓   65 [firefox] › e2e/app.spec.ts:340:0 › offline POST share is single-use and never places message in URL (1.6s)
web	Run bun run test:browser	2026-10-05T06:37:32.2600160Z   ✓   66 [firefox] › e2e/app.spec.ts:378:0 › an update waits, preserves draft on opt-in, and survives a partial next update (6.1s)
web	Run bun run test:browser	2026-10-05T06:37:38.5063484Z   ✓   68 [firefox] › e2e/controls.spec.ts:232:0 › choice menus support keyboard selection, nested Escape and pointer dismissal (6.2s)
web	Run bun run test:browser	2026-10-05T06:37:41.8311943Z   ✓   67 [firefox] › e2e/controls.spec.ts:55:0 › themed choices align and their opened menus fit every breakpoint without losing work (15.5s)
web	Run bun run test:browser	2026-10-05T06:37:43.8907154Z   ✓   69 [firefox] › e2e/controls.spec.ts:339:0 › timezone search preserves freeform offsets and recovers from empty and invalid choices (5.4s)
web	Run bun run test:browser	2026-10-05T06:37:44.7470416Z   ✓   70 [firefox] › e2e/controls.spec.ts:407:0 › hovering timezone suggestions preserves typed values while explicit selections still commit (2.9s)
web	Run bun run test:browser	2026-10-05T06:37:46.4673999Z   ✓   72 [firefox] › e2e/diagnostics.spec.ts:84:0 › detailed logging survives a tab reload and reset preferences disables it (1.7s)
web	Run bun run test:browser	2026-10-05T06:37:46.5169849Z   ✓   71 [firefox] › e2e/diagnostics.spec.ts:12:0 › detailed logs are opt-in, local, exclude message and selected zones, and stop when disabled (2.6s)
web	Run bun run test:browser	2026-10-05T06:37:48.7609706Z   ✓   73 [firefox] › e2e/diagnostics.spec.ts:114:0 › detailed logs still work in memory when session storage is denied (2.3s)
web	Run bun run test:browser	2026-10-05T06:37:49.0570787Z   ✓   74 [firefox] › e2e/diagnostics.spec.ts:145:0 › a retired release repairs only missing files using its intact cached assets (2.5s)
web	Run bun run test:browser	2026-10-05T06:37:50.1507307Z   ✓   75 [firefox] › e2e/diagnostics.spec.ts:191:0 › corrupt cached files fail integrity checks and detailed logs identify bounded repair failure (1.4s)
web	Run bun run test:browser	2026-10-05T06:37:51.2845888Z   ✓   77 [firefox] › e2e/engine.spec.ts:4:0 › independent exact fixture expectations run in the production browser worker (1.1s)
web	Run bun run test:browser	2026-10-05T06:37:54.3937057Z   ✓   76 [firefox] › e2e/diagnostics.spec.ts:232:0 › waiting updates remain actionable when a current cache probe times out (5.3s)
web	Run bun run test:browser	2026-10-05T06:37:55.7744803Z   ✓   78 [firefox] › e2e/imports.spec.ts:5:2 › delayed clipboard offers replacement instead of overwriting edited or cleared work (4.5s)
web	Run bun run test:browser	2026-10-05T06:37:58.6961381Z   ✓   80 [firefox] › e2e/imports.spec.ts:173:0 › an unresolved target hides copyable fallback results and correction restores the source interpretation (2.9s)
web	Run bun run test:browser	2026-10-05T06:37:59.3361496Z   ✓   79 [firefox] › e2e/imports.spec.ts:5:2 › delayed share offers replacement instead of overwriting edited or cleared work (4.9s)
web	Run bun run test:browser	2026-10-05T06:38:02.8060055Z   ✓   81 [firefox] › e2e/live.spec.ts:4:0 › typing, pasted text and conversion settings update without submission (4.1s)
web	Run bun run test:browser	2026-10-05T06:38:04.2192582Z   ✓   82 [firefox] › e2e/live.spec.ts:30:0 › composition defers conversion and queued work cannot overwrite a newer draft (4.9s)
web	Run bun run test:browser	2026-10-05T06:38:05.3786053Z   ✓   84 [firefox] › e2e/motion.spec.ts:61:0 › reduced motion keeps live feedback and usable results without animation (1.2s)
web	Run bun run test:browser	2026-10-05T06:38:07.1835492Z   ✓   85 [firefox] › e2e/offline-install.spec.ts:31:0 › a transient initial registration failure retries before any controller exists (1.8s)
web	Run bun run test:browser	2026-10-05T06:38:08.6536550Z   ✓   83 [firefox] › e2e/motion.spec.ts:4:0 › live feedback covers debounce and worker completion, then settles or cancels (5.8s)
web	Run bun run test:browser	2026-10-05T06:38:09.5813213Z   ✓   86 [firefox] › e2e/offline-install.spec.ts:59:0 › slow first installation clears its expired warning without losing conversion (2.4s)
web	Run bun run test:browser	2026-10-05T06:38:10.1532393Z   ✓   87 [firefox] › e2e/offline-install.spec.ts:82:0 › a stale mutable release marker is refetched and checked before offline readiness (1.5s)
web	Run bun run test:browser	2026-10-05T06:38:12.2080960Z   ✓   88 [firefox] › e2e/offline-install.spec.ts:106:0 › a rejected first installation retries without reloading or clearing input (2.6s)
web	Run bun run test:browser	2026-10-05T06:38:15.1957709Z   ✓   90 [firefox] › e2e/offline-install.spec.ts:155:0 › HTML response rewriting cannot break first installation or offline navigation (3.0s)
web	Run bun run test:browser	2026-10-05T06:38:16.3793827Z   ✓   89 [firefox] › e2e/offline-install.spec.ts:126:0 › persistently wrong release bytes never activate or claim offline readiness (6.2s)
web	Run bun run test:browser	2026-10-05T06:38:18.3164887Z   ✓   91 [firefox] › e2e/privacy.spec.ts:6:2 › legacy lens preferences migrate, reset removes them and quota failures keep conversion usable (3.1s)
web	Run bun run test:browser	2026-10-05T06:38:20.7275336Z   ✓   92 [firefox] › e2e/privacy.spec.ts:6:2 › legacy command preferences migrate, reset removes them and quota failures keep conversion usable (4.3s)
web	Run bun run test:browser	2026-10-05T06:38:21.5568942Z   ✓   93 [firefox] › e2e/privacy.spec.ts:85:0 › invalid and oversized local shares return a paste fallback without storing text (3.2s)
web	Run bun run test:browser	2026-10-05T06:38:24.4657979Z   ✓   94 [firefox] › e2e/privacy.spec.ts:119:0 › expired and invalid temporary text is consumed and erased without restoring it (3.7s)
web	Run bun run test:browser	2026-10-05T06:38:25.3652756Z   ✓   95 [firefox] › e2e/privacy.spec.ts:223:0 › denied update storage keeps the draft active and requires clearing before reload (3.8s)
web	Run bun run test:browser	2026-10-05T06:38:26.7360069Z   ✓   97 [firefox] › e2e/responsive.spec.ts:83:0 › touch-sized controls and keyboard navigation remain usable in a short viewport (1.4s)
web	Run bun run test:browser	2026-10-05T06:38:27.0212912Z   -   98 [firefox] › e2e/uncontrolled.spec.ts:102:0 › an activated worker reclaims a hard-refreshed tab without reloading its draft
web	Run bun run test:browser	2026-10-05T06:38:27.2919980Z   -   99 [firefox] › e2e/uncontrolled.spec.ts:135:0 › an explicit update recovers a timed-out readiness probe without another reload
web	Run bun run test:browser	2026-10-05T06:38:27.5443895Z   -  100 [firefox] › e2e/uncontrolled.spec.ts:227:0 › an older active worker cannot mark an uncontrolled tab ready or activate its waiting update
web	Run bun run test:browser	2026-10-05T06:38:28.0017556Z   ✓   96 [firefox] › e2e/responsive.spec.ts:4:0 › reflows across cover screens, phones, tablets and desktops without losing work (3.5s)
web	Run bun run test:browser	2026-10-05T06:38:29.3718120Z   ✓  101 [firefox] › e2e/updates.spec.ts:6:0 › repair refuses another release and leaves the existing offline shell intact (1.8s)
web	Run bun run test:browser	2026-10-05T06:38:32.7706899Z   ✓  102 [firefox] › e2e/updates.spec.ts:45:0 › an interrupted rollback preserves a retained cache and its old tab worker (4.8s)
web	Run bun run test:browser	2026-10-05T06:38:33.5372163Z   ✓  103 [firefox] › e2e/updates.spec.ts:93:0 › oversized drafts block an update until they can be safely preserved (4.2s)
web	Run bun run test:browser	2026-10-05T06:38:42.5627184Z   ✓  105 [firefox] › e2e/updates.spec.ts:270:0 › rollback preserves draft and preferences and removes obsolete caches with one remaining tab (9.0s)
web	Run bun run test:browser	2026-10-05T06:38:42.9357754Z   ✓  104 [firefox] › e2e/updates.spec.ts:209:0 › old and new tabs retain their own workers across successive releases and offline restart (10.2s)
web	Run bun run test:browser	2026-10-05T06:38:47.3404088Z   ✓  106 [webkit] › e2e/app.spec.ts:6:0 › worker failure recovers and a late response cannot resurrect cleared input (3.3s)
web	Run bun run test:browser	2026-10-05T06:38:47.5704041Z   ✓  107 [webkit] › e2e/app.spec.ts:67:0 › an intact offline app survives a failed registration check while changing target zones (3.0s)
web	Run bun run test:browser	2026-10-05T06:38:49.6047881Z   ✓  108 [webkit] › e2e/app.spec.ts:90:0 › a delayed failed readiness probe cannot overwrite a newer successful check (2.3s)
web	Run bun run test:browser	2026-10-05T06:38:50.2093597Z   ✓  109 [webkit] › e2e/app.spec.ts:130:0 › missing cache reports incomplete and reconnect repairs the complete offline app (2.6s)
web	Run bun run test:browser	2026-10-05T06:38:50.8588259Z   ✓  110 [webkit] › e2e/app.spec.ts:162:0 › pasted HTML cannot execute or fetch its URL (1.2s)
web	Run bun run test:browser	2026-10-05T06:38:52.2891624Z   ✓  111 [webkit] › e2e/app.spec.ts:182:0 › convert, inspect ambiguity, copy manually and protect privacy (2.1s)
web	Run bun run test:browser	2026-10-05T06:38:53.9529786Z   ✓  112 [webkit] › e2e/app.spec.ts:215:0 › close and reopen offline, then convert previously unseen input (3.1s)
web	Run bun run test:browser	2026-10-05T06:38:55.8637294Z   ✓  113 [webkit] › e2e/app.spec.ts:239:0 › preferences persist, input does not; denied storage still converts (3.6s)
web	Run bun run test:browser	2026-10-05T06:38:57.4066177Z   ✓  114 [webkit] › e2e/app.spec.ts:267:0 › input errors recover, edits invalidate results, keyboard keeps multiline input (3.4s)
web	Run bun run test:browser	2026-10-05T06:38:58.7454054Z   ✓  116 [webkit] › e2e/app.spec.ts:340:0 › offline POST share is single-use and never places message in URL (1.3s)
web	Run bun run test:browser	2026-10-05T06:39:00.0890801Z   ✓  115 [webkit] › e2e/app.spec.ts:286:0 › readable at 320px, dark mode, with no serious accessibility violations (4.2s)
web	Run bun run test:browser	2026-10-05T06:39:01.9290170Z   ✓  117 [webkit] › e2e/app.spec.ts:378:0 › an update waits, preserves draft on opt-in, and survives a partial next update (3.2s)
web	Run bun run test:browser	2026-10-05T06:39:10.2869986Z   ✓  119 [webkit] › e2e/controls.spec.ts:232:0 › choice menus support keyboard selection, nested Escape and pointer dismissal (8.3s)
web	Run bun run test:browser	2026-10-05T06:39:15.4661622Z   ✓  120 [webkit] › e2e/controls.spec.ts:339:0 › timezone search preserves freeform offsets and recovers from empty and invalid choices (5.2s)
web	Run bun run test:browser	2026-10-05T06:39:19.3562562Z   ✓  121 [webkit] › e2e/controls.spec.ts:407:0 › hovering timezone suggestions preserves typed values while explicit selections still commit (3.9s)
web	Run bun run test:browser	2026-10-05T06:39:20.2369504Z   ✓  118 [webkit] › e2e/controls.spec.ts:55:0 › themed choices align and their opened menus fit every breakpoint without losing work (20.1s)
web	Run bun run test:browser	2026-10-05T06:39:22.3137720Z   ✓  122 [webkit] › e2e/diagnostics.spec.ts:12:0 › detailed logs are opt-in, local, exclude message and selected zones, and stop when disabled (2.9s)
web	Run bun run test:browser	2026-10-05T06:39:22.4390328Z   ✓  123 [webkit] › e2e/diagnostics.spec.ts:84:0 › detailed logging survives a tab reload and reset preferences disables it (2.2s)
web	Run bun run test:browser	2026-10-05T06:39:23.8340201Z   ✓  125 [webkit] › e2e/diagnostics.spec.ts:145:0 › a retired release repairs only missing files using its intact cached assets (1.4s)
web	Run bun run test:browser	2026-10-05T06:39:23.9490912Z   ✓  124 [webkit] › e2e/diagnostics.spec.ts:114:0 › detailed logs still work in memory when session storage is denied (1.6s)
web	Run bun run test:browser	2026-10-05T06:39:25.3340922Z   ✓  126 [webkit] › e2e/diagnostics.spec.ts:191:0 › corrupt cached files fail integrity checks and detailed logs identify bounded repair failure (1.5s)
web	Run bun run test:browser	2026-10-05T06:39:26.3743617Z   ✓  128 [webkit] › e2e/engine.spec.ts:4:0 › independent exact fixture expectations run in the production browser worker (1.0s)
web	Run bun run test:browser	2026-10-05T06:39:27.7822519Z   ✓  127 [webkit] › e2e/diagnostics.spec.ts:232:0 › waiting updates remain actionable when a current cache probe times out (3.8s)
web	Run bun run test:browser	2026-10-05T06:39:31.3960198Z   ✓  129 [webkit] › e2e/imports.spec.ts:5:2 › delayed clipboard offers replacement instead of overwriting edited or cleared work (5.0s)
web	Run bun run test:browser	2026-10-05T06:39:33.3307314Z   ✓  130 [webkit] › e2e/imports.spec.ts:5:2 › delayed share offers replacement instead of overwriting edited or cleared work (5.5s)
web	Run bun run test:browser	2026-10-05T06:39:34.6791725Z   ✓  131 [webkit] › e2e/imports.spec.ts:173:0 › an unresolved target hides copyable fallback results and correction restores the source interpretation (3.3s)
web	Run bun run test:browser	2026-10-05T06:39:36.9305156Z   ✓  132 [webkit] › e2e/live.spec.ts:4:0 › typing, pasted text and conversion settings update without submission (3.6s)
web	Run bun run test:browser	2026-10-05T06:39:39.4417012Z   ✓  133 [webkit] › e2e/live.spec.ts:30:0 › composition defers conversion and queued work cannot overwrite a newer draft (4.8s)
web	Run bun run test:browser	2026-10-05T06:39:40.5747899Z   ✓  135 [webkit] › e2e/motion.spec.ts:61:0 › reduced motion keeps live feedback and usable results without animation (1.1s)
web	Run bun run test:browser	2026-10-05T06:39:42.3816822Z   ✓  136 [webkit] › e2e/offline-install.spec.ts:31:0 › a transient initial registration failure retries before any controller exists (1.8s)
web	Run bun run test:browser	2026-10-05T06:39:42.8126184Z   ✓  134 [webkit] › e2e/motion.spec.ts:4:0 › live feedback covers debounce and worker completion, then settles or cancels (5.9s)
web	Run bun run test:browser	2026-10-05T06:39:44.3322150Z   ✓  138 [webkit] › e2e/offline-install.spec.ts:82:0 › a stale mutable release marker is refetched and checked before offline readiness (1.5s)
web	Run bun run test:browser	2026-10-05T06:39:44.7823610Z   ✓  137 [webkit] › e2e/offline-install.spec.ts:59:0 › slow first installation clears its expired warning without losing conversion (2.4s)
web	Run bun run test:browser	2026-10-05T06:39:46.5651101Z   ✓  139 [webkit] › e2e/offline-install.spec.ts:106:0 › a rejected first installation retries without reloading or clearing input (2.2s)
web	Run bun run test:browser	2026-10-05T06:39:48.8462160Z   ✓  141 [webkit] › e2e/offline-install.spec.ts:155:0 › HTML response rewriting cannot break first installation or offline navigation (2.3s)
web	Run bun run test:browser	2026-10-05T06:39:51.1952766Z   ✓  142 [webkit] › e2e/privacy.spec.ts:6:2 › legacy lens preferences migrate, reset removes them and quota failures keep conversion usable (2.3s)
web	Run bun run test:browser	2026-10-05T06:39:51.2341696Z   ✓  140 [webkit] › e2e/offline-install.spec.ts:126:0 › persistently wrong release bytes never activate or claim offline readiness (6.4s)
web	Run bun run test:browser	2026-10-05T06:39:53.1944739Z   ✓  144 [webkit] › e2e/privacy.spec.ts:85:0 › invalid and oversized local shares return a paste fallback without storing text (2.0s)
web	Run bun run test:browser	2026-10-05T06:39:54.6022015Z   ✓  143 [webkit] › e2e/privacy.spec.ts:6:2 › legacy command preferences migrate, reset removes them and quota failures keep conversion usable (3.4s)
web	Run bun run test:browser	2026-10-05T06:39:56.2707756Z   ✓  145 [webkit] › e2e/privacy.spec.ts:119:0 › expired and invalid temporary text is consumed and erased without restoring it (3.1s)
web	Run bun run test:browser	2026-10-05T06:39:56.9479178Z   ✓  146 [webkit] › e2e/privacy.spec.ts:223:0 › denied update storage keeps the draft active and requires clearing before reload (2.3s)
web	Run bun run test:browser	2026-10-05T06:39:58.4321362Z   ✓  148 [webkit] › e2e/responsive.spec.ts:83:0 › touch-sized controls and keyboard navigation remain usable in a short viewport (1.5s)
web	Run bun run test:browser	2026-10-05T06:39:58.8966751Z   -  149 [webkit] › e2e/uncontrolled.spec.ts:102:0 › an activated worker reclaims a hard-refreshed tab without reloading its draft
web	Run bun run test:browser	2026-10-05T06:39:59.3457943Z   -  150 [webkit] › e2e/uncontrolled.spec.ts:135:0 › an explicit update recovers a timed-out readiness probe without another reload
web	Run bun run test:browser	2026-10-05T06:39:59.7644402Z   -  151 [webkit] › e2e/uncontrolled.spec.ts:227:0 › an older active worker cannot mark an uncontrolled tab ready or activate its waiting update
web	Run bun run test:browser	2026-10-05T06:40:00.8231243Z   ✓  147 [webkit] › e2e/responsive.spec.ts:4:0 › reflows across cover screens, phones, tablets and desktops without losing work (4.5s)
web	Run bun run test:browser	2026-10-05T06:40:01.3853216Z   ✓  152 [webkit] › e2e/updates.spec.ts:6:0 › repair refuses another release and leaves the existing offline shell intact (1.6s)
web	Run bun run test:browser	2026-10-05T06:40:03.6665329Z   ✓  154 [webkit] › e2e/updates.spec.ts:93:0 › oversized drafts block an update until they can be safely preserved (2.3s)
web	Run bun run test:browser	2026-10-05T06:40:04.2434067Z   ✓  153 [webkit] › e2e/updates.spec.ts:45:0 › an interrupted rollback preserves a retained cache and its old tab worker (3.4s)
web	Run bun run test:browser	2026-10-05T06:40:10.5091084Z   ✓  156 [webkit] › e2e/updates.spec.ts:270:0 › rollback preserves draft and preferences and removes obsolete caches with one remaining tab (6.3s)
web	Run bun run test:browser	2026-10-05T06:40:11.1153912Z   ✓  155 [webkit] › e2e/updates.spec.ts:209:0 › old and new tabs retain their own workers across successive releases and offline restart (7.4s)
web	Run bun run test:browser	2026-10-05T06:40:13.8652401Z   ✓  157 [android-emulation] › e2e/app.spec.ts:6:0 › worker failure recovers and a late response cannot resurrect cleared input (2.6s)
web	Run bun run test:browser	2026-10-05T06:40:14.4631532Z   ✓  158 [android-emulation] › e2e/app.spec.ts:67:0 › an intact offline app survives a failed registration check while changing target zones (2.7s)
web	Run bun run test:browser	2026-10-05T06:40:15.3613860Z   ✓  159 [android-emulation] › e2e/app.spec.ts:90:0 › a delayed failed readiness probe cannot overwrite a newer successful check (1.5s)
web	Run bun run test:browser	2026-10-05T06:40:16.0806254Z   ✓  160 [android-emulation] › e2e/app.spec.ts:130:0 › missing cache reports incomplete and reconnect repairs the complete offline app (1.6s)
web	Run bun run test:browser	2026-10-05T06:40:16.6515756Z   ✓  161 [android-emulation] › e2e/app.spec.ts:162:0 › pasted HTML cannot execute or fetch its URL (1.3s)
web	Run bun run test:browser	2026-10-05T06:40:17.4824751Z   ✓  162 [android-emulation] › e2e/app.spec.ts:182:0 › convert, inspect ambiguity, copy manually and protect privacy (1.4s)
web	Run bun run test:browser	2026-10-05T06:40:18.8181359Z   ✓  163 [android-emulation] › e2e/app.spec.ts:215:0 › close and reopen offline, then convert previously unseen input (2.2s)
web	Run bun run test:browser	2026-10-05T06:40:19.8626413Z   ✓  164 [android-emulation] › e2e/app.spec.ts:239:0 › preferences persist, input does not; denied storage still converts (2.4s)
web	Run bun run test:browser	2026-10-05T06:40:21.8103542Z   ✓  165 [android-emulation] › e2e/app.spec.ts:267:0 › input errors recover, edits invalidate results, keyboard keeps multiline input (3.0s)
web	Run bun run test:browser	2026-10-05T06:40:22.3665272Z   ✓  166 [android-emulation] › e2e/app.spec.ts:286:0 › readable at 320px, dark mode, with no serious accessibility violations (2.5s)
web	Run bun run test:browser	2026-10-05T06:40:22.6519462Z   ✓  167 [android-emulation] › e2e/app.spec.ts:340:0 › offline POST share is single-use and never places message in URL (835ms)
web	Run bun run test:browser	2026-10-05T06:40:25.2980184Z   ✓  168 [android-emulation] › e2e/app.spec.ts:378:0 › an update waits, preserves draft on opt-in, and survives a partial next update (2.9s)
web	Run bun run test:browser	2026-10-05T06:40:31.0606013Z   ✓  170 [android-emulation] › e2e/controls.spec.ts:232:0 › choice menus support keyboard selection, nested Escape and pointer dismissal (5.8s)
web	Run bun run test:browser	2026-10-05T06:40:34.5103020Z   ✓  169 [android-emulation] › e2e/controls.spec.ts:55:0 › themed choices align and their opened menus fit every breakpoint without losing work (11.8s)
web	Run bun run test:browser	2026-10-05T06:40:34.7382251Z   ✓  171 [android-emulation] › e2e/controls.spec.ts:339:0 › timezone search preserves freeform offsets and recovers from empty and invalid choices (3.7s)
web	Run bun run test:browser	2026-10-05T06:40:36.7345906Z   ✓  172 [android-emulation] › e2e/controls.spec.ts:407:0 › hovering timezone suggestions preserves typed values while explicit selections still commit (2.2s)
web	Run bun run test:browser	2026-10-05T06:40:37.3441142Z   ✓  173 [android-emulation] › e2e/diagnostics.spec.ts:12:0 › detailed logs are opt-in, local, exclude message and selected zones, and stop when disabled (2.6s)
web	Run bun run test:browser	2026-10-05T06:40:37.8945019Z   ✓  174 [android-emulation] › e2e/diagnostics.spec.ts:84:0 › detailed logging survives a tab reload and reset preferences disables it (1.1s)
web	Run bun run test:browser	2026-10-05T06:40:38.3984967Z   ✓  175 [android-emulation] › e2e/diagnostics.spec.ts:114:0 › detailed logs still work in memory when session storage is denied (1.0s)
web	Run bun run test:browser	2026-10-05T06:40:39.3319432Z   ✓  176 [android-emulation] › e2e/diagnostics.spec.ts:145:0 › a retired release repairs only missing files using its intact cached assets (1.4s)
web	Run bun run test:browser	2026-10-05T06:40:39.4382543Z   ✓  177 [android-emulation] › e2e/diagnostics.spec.ts:191:0 › corrupt cached files fail integrity checks and detailed logs identify bounded repair failure (1.0s)
web	Run bun run test:browser	2026-10-05T06:40:40.2646601Z   ✓  179 [android-emulation] › e2e/engine.spec.ts:4:0 › independent exact fixture expectations run in the production browser worker (814ms)
web	Run bun run test:browser	2026-10-05T06:40:43.5151552Z   ✓  178 [android-emulation] › e2e/diagnostics.spec.ts:232:0 › waiting updates remain actionable when a current cache probe times out (4.2s)
web	Run bun run test:browser	2026-10-05T06:40:43.9128242Z   ✓  180 [android-emulation] › e2e/imports.spec.ts:5:2 › delayed clipboard offers replacement instead of overwriting edited or cleared work (3.6s)
web	Run bun run test:browser	2026-10-05T06:40:46.3431976Z   ✓  182 [android-emulation] › e2e/imports.spec.ts:173:0 › an unresolved target hides copyable fallback results and correction restores the source interpretation (2.4s)
web	Run bun run test:browser	2026-10-05T06:40:47.4678455Z   ✓  181 [android-emulation] › e2e/imports.spec.ts:5:2 › delayed share offers replacement instead of overwriting edited or cleared work (3.9s)
web	Run bun run test:browser	2026-10-05T06:40:49.4095114Z   ✓  183 [android-emulation] › e2e/live.spec.ts:4:0 › typing, pasted text and conversion settings update without submission (3.1s)
web	Run bun run test:browser	2026-10-05T06:40:51.7246204Z   ✓  184 [android-emulation] › e2e/live.spec.ts:30:0 › composition defers conversion and queued work cannot overwrite a newer draft (4.2s)
web	Run bun run test:browser	2026-10-05T06:40:52.4912232Z   ✓  186 [android-emulation] › e2e/motion.spec.ts:61:0 › reduced motion keeps live feedback and usable results without animation (760ms)
web	Run bun run test:browser	2026-10-05T06:40:54.4144407Z   ✓  187 [android-emulation] › e2e/offline-install.spec.ts:31:0 › a transient initial registration failure retries before any controller exists (1.9s)
web	Run bun run test:browser	2026-10-05T06:40:54.7162715Z   ✓  185 [android-emulation] › e2e/motion.spec.ts:4:0 › live feedback covers debounce and worker completion, then settles or cancels (5.3s)
web	Run bun run test:browser	2026-10-05T06:40:55.6196751Z   ✓  189 [android-emulation] › e2e/offline-install.spec.ts:82:0 › a stale mutable release marker is refetched and checked before offline readiness (893ms)
web	Run bun run test:browser	2026-10-05T06:40:56.1162674Z   ✓  188 [android-emulation] › e2e/offline-install.spec.ts:59:0 › slow first installation clears its expired warning without losing conversion (1.7s)
web	Run bun run test:browser	2026-10-05T06:40:57.3142139Z   ✓  190 [android-emulation] › e2e/offline-install.spec.ts:106:0 › a rejected first installation retries without reloading or clearing input (1.7s)
web	Run bun run test:browser	2026-10-05T06:40:59.1260048Z   ✓  192 [android-emulation] › e2e/offline-install.spec.ts:155:0 › HTML response rewriting cannot break first installation or offline navigation (1.8s)
web	Run bun run test:browser	2026-10-05T06:41:00.8089991Z   ✓  193 [android-emulation] › e2e/privacy.spec.ts:6:2 › legacy lens preferences migrate, reset removes them and quota failures keep conversion usable (1.7s)
web	Run bun run test:browser	2026-10-05T06:41:01.9871662Z   ✓  191 [android-emulation] › e2e/offline-install.spec.ts:126:0 › persistently wrong release bytes never activate or claim offline readiness (5.9s)
web	Run bun run test:browser	2026-10-05T06:41:02.8080099Z   ✓  195 [android-emulation] › e2e/privacy.spec.ts:85:0 › invalid and oversized local shares return a paste fallback without storing text (813ms)
web	Run bun run test:browser	2026-10-05T06:41:03.5089113Z   ✓  194 [android-emulation] › e2e/privacy.spec.ts:6:2 › legacy command preferences migrate, reset removes them and quota failures keep conversion usable (2.7s)
web	Run bun run test:browser	2026-10-05T06:41:04.2715984Z   ✓  196 [android-emulation] › e2e/privacy.spec.ts:119:0 › expired and invalid temporary text is consumed and erased without restoring it (1.5s)
web	Run bun run test:browser	2026-10-05T06:41:06.0503890Z   ✓  197 [android-emulation] › e2e/privacy.spec.ts:223:0 › denied update storage keeps the draft active and requires clearing before reload (2.5s)
web	Run bun run test:browser	2026-10-05T06:41:06.7683733Z   ✓  198 [android-emulation] › e2e/responsive.spec.ts:4:0 › reflows across cover screens, phones, tablets and desktops without losing work (2.5s)
web	Run bun run test:browser	2026-10-05T06:41:07.0281490Z   ✓  199 [android-emulation] › e2e/responsive.spec.ts:83:0 › touch-sized controls and keyboard navigation remain usable in a short viewport (963ms)
web	Run bun run test:browser	2026-10-05T06:41:08.9581773Z   ✓  200 [android-emulation] › e2e/uncontrolled.spec.ts:102:0 › an activated worker reclaims a hard-refreshed tab without reloading its draft (2.2s)
web	Run bun run test:browser	2026-10-05T06:41:13.0726806Z   ✓  201 [android-emulation] › e2e/uncontrolled.spec.ts:135:0 › an explicit update recovers a timed-out readiness probe without another reload (6.0s)
web	Run bun run test:browser	2026-10-05T06:41:13.6619430Z   ✓  202 [android-emulation] › e2e/uncontrolled.spec.ts:227:0 › an older active worker cannot mark an uncontrolled tab ready or activate its waiting update (4.7s)
web	Run bun run test:browser	2026-10-05T06:41:14.1927426Z   ✓  203 [android-emulation] › e2e/updates.spec.ts:6:0 › repair refuses another release and leaves the existing offline shell intact (1.1s)
web	Run bun run test:browser	2026-10-05T06:41:16.9000348Z   ✓  205 [android-emulation] › e2e/updates.spec.ts:93:0 › oversized drafts block an update until they can be safely preserved (2.7s)
web	Run bun run test:browser	2026-10-05T06:41:17.0260487Z   ✓  204 [android-emulation] › e2e/updates.spec.ts:45:0 › an interrupted rollback preserves a retained cache and its old tab worker (3.4s)
web	Run bun run test:browser	2026-10-05T06:41:23.8343302Z   ✓  206 [android-emulation] › e2e/updates.spec.ts:209:0 › old and new tabs retain their own workers across successive releases and offline restart (6.9s)
web	Run bun run test:browser	2026-10-05T06:41:24.0785108Z   ✓  207 [android-emulation] › e2e/updates.spec.ts:270:0 › rollback preserves draft and preferences and removes obsolete caches with one remaining tab (7.0s)
web	Run bun run test:browser	2026-10-05T06:41:27.1185654Z   ✓  208 [iphone-emulation] › e2e/app.spec.ts:6:0 › worker failure recovers and a late response cannot resurrect cleared input (2.8s)
web	Run bun run test:browser	2026-10-05T06:41:27.1816351Z   ✓  209 [iphone-emulation] › e2e/app.spec.ts:67:0 › an intact offline app survives a failed registration check while changing target zones (2.5s)
web	Run bun run test:browser	2026-10-05T06:41:28.9828524Z   ✓  210 [iphone-emulation] › e2e/app.spec.ts:90:0 › a delayed failed readiness probe cannot overwrite a newer successful check (1.9s)
web	Run bun run test:browser	2026-10-05T06:41:29.3836618Z   ✓  211 [iphone-emulation] › e2e/app.spec.ts:130:0 › missing cache reports incomplete and reconnect repairs the complete offline app (2.2s)
web	Run bun run test:browser	2026-10-05T06:41:30.4566879Z   ✓  212 [iphone-emulation] › e2e/app.spec.ts:162:0 › pasted HTML cannot execute or fetch its URL (1.5s)
web	Run bun run test:browser	2026-10-05T06:41:31.0607361Z   ✓  213 [iphone-emulation] › e2e/app.spec.ts:182:0 › convert, inspect ambiguity, copy manually and protect privacy (1.7s)
web	Run bun run test:browser	2026-10-05T06:41:32.8170772Z   ✓  214 [iphone-emulation] › e2e/app.spec.ts:215:0 › close and reopen offline, then convert previously unseen input (2.4s)
web	Run bun run test:browser	2026-10-05T06:41:34.4426510Z   ✓  215 [iphone-emulation] › e2e/app.spec.ts:239:0 › preferences persist, input does not; denied storage still converts (3.4s)
web	Run bun run test:browser	2026-10-05T06:41:35.5334516Z   ✓  216 [iphone-emulation] › e2e/app.spec.ts:267:0 › input errors recover, edits invalidate results, keyboard keeps multiline input (2.7s)
web	Run bun run test:browser	2026-10-05T06:41:36.6614684Z   ✓  218 [iphone-emulation] › e2e/app.spec.ts:340:0 › offline POST share is single-use and never places message in URL (1.1s)
web	Run bun run test:browser	2026-10-05T06:41:37.5529719Z   ✓  217 [iphone-emulation] › e2e/app.spec.ts:286:0 › readable at 320px, dark mode, with no serious accessibility violations (3.1s)
web	Run bun run test:browser	2026-10-05T06:41:39.5747693Z   ✓  219 [iphone-emulation] › e2e/app.spec.ts:378:0 › an update waits, preserves draft on opt-in, and survives a partial next update (2.9s)
web	Run bun run test:browser	2026-10-05T06:41:45.5091797Z   ✓  221 [iphone-emulation] › e2e/controls.spec.ts:232:0 › choice menus support keyboard selection, nested Escape and pointer dismissal (5.9s)
web	Run bun run test:browser	2026-10-05T06:41:49.9353221Z   ✓  222 [iphone-emulation] › e2e/controls.spec.ts:339:0 › timezone search preserves freeform offsets and recovers from empty and invalid choices (4.4s)
web	Run bun run test:browser	2026-10-05T06:41:51.3806916Z   ✓  220 [iphone-emulation] › e2e/controls.spec.ts:55:0 › themed choices align and their opened menus fit every breakpoint without losing work (13.8s)
web	Run bun run test:browser	2026-10-05T06:41:52.5300009Z   ✓  223 [iphone-emulation] › e2e/controls.spec.ts:407:0 › hovering timezone suggestions preserves typed values while explicit selections still commit (2.6s)
web	Run bun run test:browser	2026-10-05T06:41:53.7790015Z   ✓  224 [iphone-emulation] › e2e/diagnostics.spec.ts:12:0 › detailed logs are opt-in, local, exclude message and selected zones, and stop when disabled (2.4s)
web	Run bun run test:browser	2026-10-05T06:41:54.1852031Z   ✓  225 [iphone-emulation] › e2e/diagnostics.spec.ts:84:0 › detailed logging survives a tab reload and reset preferences disables it (1.6s)
web	Run bun run test:browser	2026-10-05T06:41:55.1895301Z   ✓  226 [iphone-emulation] › e2e/diagnostics.spec.ts:114:0 › detailed logs still work in memory when session storage is denied (1.4s)
web	Run bun run test:browser	2026-10-05T06:41:55.7976724Z   ✓  227 [iphone-emulation] › e2e/diagnostics.spec.ts:145:0 › a retired release repairs only missing files using its intact cached assets (1.6s)
web	Run bun run test:browser	2026-10-05T06:41:56.2484533Z   ✓  228 [iphone-emulation] › e2e/diagnostics.spec.ts:191:0 › corrupt cached files fail integrity checks and detailed logs identify bounded repair failure (1.1s)
web	Run bun run test:browser	2026-10-05T06:41:57.2381636Z   ✓  230 [iphone-emulation] › e2e/engine.spec.ts:4:0 › independent exact fixture expectations run in the production browser worker (978ms)
web	Run bun run test:browser	2026-10-05T06:41:59.0514080Z   ✓  229 [iphone-emulation] › e2e/diagnostics.spec.ts:232:0 › waiting updates remain actionable when a current cache probe times out (3.2s)
web	Run bun run test:browser	2026-10-05T06:42:00.3808109Z   ✓  231 [iphone-emulation] › e2e/imports.spec.ts:5:2 › delayed clipboard offers replacement instead of overwriting edited or cleared work (3.1s)
web	Run bun run test:browser	2026-10-05T06:42:02.9571062Z   ✓  233 [iphone-emulation] › e2e/imports.spec.ts:173:0 › an unresolved target hides copyable fallback results and correction restores the source interpretation (2.6s)
web	Run bun run test:browser	2026-10-05T06:42:03.5946714Z   ✓  232 [iphone-emulation] › e2e/imports.spec.ts:5:2 › delayed share offers replacement instead of overwriting edited or cleared work (4.5s)
web	Run bun run test:browser	2026-10-05T06:42:06.2202011Z   ✓  234 [iphone-emulation] › e2e/live.spec.ts:4:0 › typing, pasted text and conversion settings update without submission (3.3s)
web	Run bun run test:browser	2026-10-05T06:42:08.2781212Z   ✓  235 [iphone-emulation] › e2e/live.spec.ts:30:0 › composition defers conversion and queued work cannot overwrite a newer draft (4.7s)
web	Run bun run test:browser	2026-10-05T06:42:09.2546604Z   ✓  237 [iphone-emulation] › e2e/motion.spec.ts:61:0 › reduced motion keeps live feedback and usable results without animation (969ms)
web	Run bun run test:browser	2026-10-05T06:42:10.8768262Z   ✓  238 [iphone-emulation] › e2e/offline-install.spec.ts:31:0 › a transient initial registration failure retries before any controller exists (1.6s)
web	Run bun run test:browser	2026-10-05T06:42:11.7968492Z   ✓  236 [iphone-emulation] › e2e/motion.spec.ts:4:0 › live feedback covers debounce and worker completion, then settles or cancels (5.6s)
web	Run bun run test:browser	2026-10-05T06:42:12.9510076Z   ✓  239 [iphone-emulation] › e2e/offline-install.spec.ts:59:0 › slow first installation clears its expired warning without losing conversion (2.1s)
web	Run bun run test:browser	2026-10-05T06:42:13.0209520Z   ✓  240 [iphone-emulation] › e2e/offline-install.spec.ts:82:0 › a stale mutable release marker is refetched and checked before offline readiness (1.2s)
web	Run bun run test:browser	2026-10-05T06:42:15.0791008Z   ✓  241 [iphone-emulation] › e2e/offline-install.spec.ts:106:0 › a rejected first installation retries without reloading or clearing input (2.1s)
web	Run bun run test:browser	2026-10-05T06:42:17.1486811Z   ✓  243 [iphone-emulation] › e2e/offline-install.spec.ts:155:0 › HTML response rewriting cannot break first installation or offline navigation (2.1s)
web	Run bun run test:browser	2026-10-05T06:42:19.1924066Z   ✓  244 [iphone-emulation] › e2e/privacy.spec.ts:6:2 › legacy lens preferences migrate, reset removes them and quota failures keep conversion usable (2.0s)
web	Run bun run test:browser	2026-10-05T06:42:19.3006175Z   ✓  242 [iphone-emulation] › e2e/offline-install.spec.ts:126:0 › persistently wrong release bytes never activate or claim offline readiness (6.3s)
web	Run bun run test:browser	2026-10-05T06:42:20.4566766Z   ✓  246 [iphone-emulation] › e2e/privacy.spec.ts:85:0 › invalid and oversized local shares return a paste fallback without storing text (1.1s)
web	Run bun run test:browser	2026-10-05T06:42:21.7470627Z   ✓  245 [iphone-emulation] › e2e/privacy.spec.ts:6:2 › legacy command preferences migrate, reset removes them and quota failures keep conversion usable (2.5s)
web	Run bun run test:browser	2026-10-05T06:42:22.9205540Z   ✓  247 [iphone-emulation] › e2e/privacy.spec.ts:119:0 › expired and invalid temporary text is consumed and erased without restoring it (2.5s)
web	Run bun run test:browser	2026-10-05T06:42:23.5526382Z   ✓  248 [iphone-emulation] › e2e/privacy.spec.ts:223:0 › denied update storage keeps the draft active and requires clearing before reload (1.8s)
web	Run bun run test:browser	2026-10-05T06:42:24.7705320Z   ✓  250 [iphone-emulation] › e2e/responsive.spec.ts:83:0 › touch-sized controls and keyboard navigation remain usable in a short viewport (1.2s)
web	Run bun run test:browser	2026-10-05T06:42:25.0364618Z   -  251 [iphone-emulation] › e2e/uncontrolled.spec.ts:102:0 › an activated worker reclaims a hard-refreshed tab without reloading its draft
web	Run bun run test:browser	2026-10-05T06:42:25.3544994Z   -  252 [iphone-emulation] › e2e/uncontrolled.spec.ts:135:0 › an explicit update recovers a timed-out readiness probe without another reload
web	Run bun run test:browser	2026-10-05T06:42:25.6160473Z   -  253 [iphone-emulation] › e2e/uncontrolled.spec.ts:227:0 › an older active worker cannot mark an uncontrolled tab ready or activate its waiting update
web	Run bun run test:browser	2026-10-05T06:42:26.1500623Z   ✓  249 [iphone-emulation] › e2e/responsive.spec.ts:4:0 › reflows across cover screens, phones, tablets and desktops without losing work (3.2s)
web	Run bun run test:browser	2026-10-05T06:42:27.0110131Z   ✓  254 [iphone-emulation] › e2e/updates.spec.ts:6:0 › repair refuses another release and leaves the existing offline shell intact (1.4s)
web	Run bun run test:browser	2026-10-05T06:42:28.7069355Z   ✓  256 [iphone-emulation] › e2e/updates.spec.ts:93:0 › oversized drafts block an update until they can be safely preserved (1.7s)
web	Run bun run test:browser	2026-10-05T06:42:29.0949150Z   ✓  255 [iphone-emulation] › e2e/updates.spec.ts:45:0 › an interrupted rollback preserves a retained cache and its old tab worker (2.9s)
web	Run bun run test:browser	2026-10-05T06:42:34.0537479Z   ✓  258 [iphone-emulation] › e2e/updates.spec.ts:270:0 › rollback preserves draft and preferences and removes obsolete caches with one remaining tab (4.9s)
web	Run bun run test:browser	2026-10-05T06:42:34.6030106Z   ✓  257 [iphone-emulation] › e2e/updates.spec.ts:209:0 › old and new tabs retain their own workers across successive releases and offline restart (5.9s)
web	Run bun run test:browser	2026-10-05T06:42:34.6989588Z 
web	Run bun run test:browser	2026-10-05T06:42:34.6994131Z   9 skipped
web	Run bun run test:browser	2026-10-05T06:42:34.6994527Z   249 passed (6.7m)
web	Record browser resource usage	﻿2026-10-05T06:42:34.9311724Z ##[group]Run bun scripts/ci-environment.ts after
web	Record browser resource usage	2026-10-05T06:42:34.9312054Z ^[[36;1mbun scripts/ci-environment.ts after^[[0m
web	Record browser resource usage	2026-10-05T06:42:34.9312453Z shell: bash --noprofile --norc -e -o pipefail {0}
web	Record browser resource usage	2026-10-05T06:42:34.9312694Z env:
web	Record browser resource usage	2026-10-05T06:42:34.9312878Z   PLAYWRIGHT_BROWSERS_PATH: /ms-playwright
web	Record browser resource usage	2026-10-05T06:42:34.9313523Z   PLAYWRIGHT_IMAGE_VERSION: 1.63.0
web	Record browser resource usage	2026-10-05T06:42:34.9313798Z   CHRONOSHIFT_CI_TIMING: 0
web	Record browser resource usage	2026-10-05T06:42:34.9314010Z   PUBLISH_PAGES: true
web	Record browser resource usage	2026-10-05T06:42:34.9314186Z   MISE_LOG_LEVEL: info
web	Record browser resource usage	2026-10-05T06:42:34.9316089Z   MISE_GITHUB_TOKEN: ***
web	Record browser resource usage	2026-10-05T06:42:34.9316342Z   MISE_TRUSTED_CONFIG_PATHS: /__w/ChronoShift/ChronoShift
web	Record browser resource usage	2026-10-05T06:42:34.9316606Z   MISE_YES: 1
web	Record browser resource usage	2026-10-05T06:42:34.9317481Z   PATH: /github/home/.local/share/mise/installs/bun/1.4.0/bin:/github/home/.local/share/mise/installs/node/26.8.1/bin:/github/home/.local/share/mise/installs/gh/2.100.0/gh_2.100.0_linux_amd64/bin:/github/home/.local/share/mise/shims:/github/home/.local/share/mise/bin:/usr/local/sbin:/usr/local/bin:/usr/sbin:/usr/bin:/sbin:/bin
web	Record browser resource usage	2026-10-05T06:42:34.9318420Z ##[endgroup]
web	Record browser resource usage	2026-10-05T06:42:34.9897729Z [ci-environment] {"at":"2026-10-05T06:42:34.988Z","phase":"after","platform":"linux","architecture":"x64","osRelease":"6.17.0-1022-azure","availableParallelism":4,"logicalCpus":4,"cpuModel":"AMD EPYC 9V74 80-Core Processor","totalMemoryBytes":16766414848,"cgroup":{"cpu.max":"max 100000","cpu.stat":"usage_usec 892408593\nuser_usec 747023073\nsystem_usec 145385519\nnice_usec 48942000\ncore_sched.force_idle_usec 0\nnr_periods 0\nnr_throttled 0\nthrottled_usec 0\nnr_bursts 0\nburst_usec 0","memory.max":"max","memory.peak":"5958569984","memory.events":"low 0\nhigh 0\nmax 0\noom 0\noom_kill 0\noom_group_kill 0"}}
web	Verify repository-subpath deployment	﻿2026-10-05T06:42:34.9972699Z ##[group]Run bun run build
web	Verify repository-subpath deployment	2026-10-05T06:42:34.9972946Z ^[[36;1mbun run build^[[0m
web	Verify repository-subpath deployment	2026-10-05T06:42:34.9973433Z ^[[36;1m# Keep browser first-attempt evidence when the separate subpath^[[0m
web	Verify repository-subpath deployment	2026-10-05T06:42:34.9973774Z ^[[36;1m# runner clears its own output before starting.^[[0m
web	Verify repository-subpath deployment	2026-10-05T06:42:34.9974201Z ^[[36;1mbunx --bun playwright test --config=playwright.subpath.config.ts --output=test-results/subpath^[[0m
web	Verify repository-subpath deployment	2026-10-05T06:42:34.9974760Z shell: bash --noprofile --norc -e -o pipefail {0}
web	Verify repository-subpath deployment	2026-10-05T06:42:34.9975006Z env:
web	Verify repository-subpath deployment	2026-10-05T06:42:34.9975193Z   PLAYWRIGHT_BROWSERS_PATH: /ms-playwright
web	Verify repository-subpath deployment	2026-10-05T06:42:34.9975431Z   PLAYWRIGHT_IMAGE_VERSION: 1.63.0
web	Verify repository-subpath deployment	2026-10-05T06:42:34.9975643Z   CHRONOSHIFT_CI_TIMING: 0
web	Verify repository-subpath deployment	2026-10-05T06:42:34.9976009Z   PUBLISH_PAGES: true
web	Verify repository-subpath deployment	2026-10-05T06:42:34.9976186Z   MISE_LOG_LEVEL: info
web	Verify repository-subpath deployment	2026-10-05T06:42:34.9978113Z   MISE_GITHUB_TOKEN: ***
web	Verify repository-subpath deployment	2026-10-05T06:42:34.9978365Z   MISE_TRUSTED_CONFIG_PATHS: /__w/ChronoShift/ChronoShift
web	Verify repository-subpath deployment	2026-10-05T06:42:34.9978623Z   MISE_YES: 1
web	Verify repository-subpath deployment	2026-10-05T06:42:34.9979516Z   PATH: /github/home/.local/share/mise/installs/bun/1.4.0/bin:/github/home/.local/share/mise/installs/node/26.8.1/bin:/github/home/.local/share/mise/installs/gh/2.100.0/gh_2.100.0_linux_amd64/bin:/github/home/.local/share/mise/shims:/github/home/.local/share/mise/bin:/usr/local/sbin:/usr/local/bin:/usr/sbin:/usr/bin:/sbin:/bin
web	Verify repository-subpath deployment	2026-10-05T06:42:34.9980411Z   BASE_PATH: /ChronoShift/
web	Verify repository-subpath deployment	2026-10-05T06:42:34.9980609Z ##[endgroup]
web	Verify repository-subpath deployment	2026-10-05T06:42:35.0549447Z $ bun run typecheck && bun scripts/third-party-notices.ts && bunx --bun vite build && bun scripts/build-offline.ts
web	Verify repository-subpath deployment	2026-10-05T06:42:35.0575441Z $ bunx --bun tsc --noEmit
web	Verify repository-subpath deployment	2026-10-05T06:42:35.4510023Z Included notices for 19 production packages.
web	Verify repository-subpath deployment	2026-10-05T06:42:35.5757895Z ^[[36mvite v8.3.2 ^[[32mbuilding client environment for production...^[[36m^[[39m
web	Verify repository-subpath deployment	2026-10-05T06:42:35.5817941Z transforming...
web	Verify repository-subpath deployment	2026-10-05T06:42:35.7447945Z ✓ 644 modules transformed.
web	Verify repository-subpath deployment	2026-10-05T06:42:35.7900947Z rendering chunks...
web	Verify repository-subpath deployment	2026-10-05T06:42:35.8584717Z computing gzip size...
web	Verify repository-subpath deployment	2026-10-05T06:42:35.8677871Z dist/index.html                                    0.84 kB │ gzip:   0.45 kB
web	Verify repository-subpath deployment	2026-10-05T06:42:35.8678429Z dist/assets/geist-latin-variable-Dm3htQBi.woff2   28.40 kB
web	Verify repository-subpath deployment	2026-10-05T06:42:35.8678927Z dist/assets/worker-C690IjaR.js                   221.14 kB
web	Verify repository-subpath deployment	2026-10-05T06:42:35.8679547Z dist/assets/index-CQJea-JE.css                    20.76 kB │ gzip:   4.84 kB
web	Verify repository-subpath deployment	2026-10-05T06:42:35.8680191Z dist/assets/index-CzXW0WLz.js                    775.12 kB │ gzip: 235.20 kB
web	Verify repository-subpath deployment	2026-10-05T06:42:35.8680543Z 
web	Verify repository-subpath deployment	2026-10-05T06:42:35.8680815Z ^[[32m✓ built in 291ms^[[39m
web	Verify repository-subpath deployment	2026-10-05T06:42:35.8685808Z ^[[33m[plugin builtin:vite-reporter] 
web	Verify repository-subpath deployment	2026-10-05T06:42:35.8686281Z (!) Some chunks are larger than 500 kB after minification. Consider:
web	Verify repository-subpath deployment	2026-10-05T06:42:35.8686816Z - Using dynamic import() to code-split the application
web	Verify repository-subpath deployment	2026-10-05T06:42:35.8687577Z - Use build.rolldownOptions.output.codeSplitting to improve chunking: https://rolldown.rs/reference/OutputOptions.codeSplitting
web	Verify repository-subpath deployment	2026-10-05T06:42:35.8688400Z - Adjust chunk size limit for this warning via build.chunkSizeWarningLimit.^[[39m
web	Verify repository-subpath deployment	2026-10-05T06:42:35.8998490Z Offline version 36cc2badf2d795b9: 13 local assets, /ChronoShift/
web	Verify repository-subpath deployment	2026-10-05T06:42:36.4873377Z 
web	Verify repository-subpath deployment	2026-10-05T06:42:36.4873953Z Running 1 test using 1 worker
web	Verify repository-subpath deployment	2026-10-05T06:42:38.0625131Z ·
web	Verify repository-subpath deployment	2026-10-05T06:42:38.0627462Z   1 passed (1.8s)
web	Upload the verified Pages build	﻿2026-10-05T06:42:38.0856179Z ##[group]Run actions/upload-pages-artifact@7b1f4a764d45c48632c6b24a0339c27f5614fb0b
web	Upload the verified Pages build	2026-10-05T06:42:38.0856524Z with:
web	Upload the verified Pages build	2026-10-05T06:42:38.0856690Z   path: dist
web	Upload the verified Pages build	2026-10-05T06:42:38.0856857Z   retention-days: 1
web	Upload the verified Pages build	2026-10-05T06:42:38.0857040Z   name: github-pages
web	Upload the verified Pages build	2026-10-05T06:42:38.0857209Z env:
web	Upload the verified Pages build	2026-10-05T06:42:38.0857388Z   PLAYWRIGHT_BROWSERS_PATH: /ms-playwright
web	Upload the verified Pages build	2026-10-05T06:42:38.0857646Z   PLAYWRIGHT_IMAGE_VERSION: 1.63.0
web	Upload the verified Pages build	2026-10-05T06:42:38.0857857Z   CHRONOSHIFT_CI_TIMING: 0
web	Upload the verified Pages build	2026-10-05T06:42:38.0858049Z   PUBLISH_PAGES: true
web	Upload the verified Pages build	2026-10-05T06:42:38.0858225Z   MISE_LOG_LEVEL: info
web	Upload the verified Pages build	2026-10-05T06:42:38.0860204Z   MISE_GITHUB_TOKEN: ***
web	Upload the verified Pages build	2026-10-05T06:42:38.0860456Z   MISE_TRUSTED_CONFIG_PATHS: /__w/ChronoShift/ChronoShift
web	Upload the verified Pages build	2026-10-05T06:42:38.0860709Z   MISE_YES: 1
web	Upload the verified Pages build	2026-10-05T06:42:38.0861552Z   PATH: /github/home/.local/share/mise/installs/bun/1.4.0/bin:/github/home/.local/share/mise/installs/node/26.8.1/bin:/github/home/.local/share/mise/installs/gh/2.100.0/gh_2.100.0_linux_amd64/bin:/github/home/.local/share/mise/shims:/github/home/.local/share/mise/bin:/usr/local/sbin:/usr/local/bin:/usr/sbin:/usr/bin:/sbin:/bin
web	Upload the verified Pages build	2026-10-05T06:42:38.0862446Z ##[endgroup]
web	Upload the verified Pages build	2026-10-05T06:42:38.0908281Z ##[start-action display=Archive artifact;id=__actions_upload-pages-artifact.__run]
web	Upload the verified Pages build	2026-10-05T06:42:38.0929980Z ##[group]Run echo ::group::Archive artifact
web	Upload the verified Pages build	2026-10-05T06:42:38.0930428Z ^[[36;1mecho ::group::Archive artifact^[[0m
web	Upload the verified Pages build	2026-10-05T06:42:38.0930646Z ^[[36;1mtar \^[[0m
web	Upload the verified Pages build	2026-10-05T06:42:38.0930871Z ^[[36;1m  --dereference --hard-dereference \^[[0m
web	Upload the verified Pages build	2026-10-05T06:42:38.0931117Z ^[[36;1m  --directory "$INPUT_PATH" \^[[0m
web	Upload the verified Pages build	2026-10-05T06:42:38.0931364Z ^[[36;1m  -cvf "$RUNNER_TEMP/artifact.tar" \^[[0m
web	Upload the verified Pages build	2026-10-05T06:42:38.0931589Z ^[[36;1m  --exclude=.git \^[[0m
web	Upload the verified Pages build	2026-10-05T06:42:38.0931791Z ^[[36;1m  --exclude=.github \^[[0m
web	Upload the verified Pages build	2026-10-05T06:42:38.0931991Z ^[[36;1m  --exclude=".[^/]*" \^[[0m
web	Upload the verified Pages build	2026-10-05T06:42:38.0932184Z ^[[36;1m  .^[[0m
web	Upload the verified Pages build	2026-10-05T06:42:38.0932352Z ^[[36;1mecho ::endgroup::^[[0m
web	Upload the verified Pages build	2026-10-05T06:42:38.0932617Z shell: sh -e {0}
web	Upload the verified Pages build	2026-10-05T06:42:38.0932789Z env:
web	Upload the verified Pages build	2026-10-05T06:42:38.0932975Z   PLAYWRIGHT_BROWSERS_PATH: /ms-playwright
web	Upload the verified Pages build	2026-10-05T06:42:38.0933515Z   PLAYWRIGHT_IMAGE_VERSION: 1.63.0
web	Upload the verified Pages build	2026-10-05T06:42:38.0933732Z   CHRONOSHIFT_CI_TIMING: 0
web	Upload the verified Pages build	2026-10-05T06:42:38.0933926Z   PUBLISH_PAGES: true
web	Upload the verified Pages build	2026-10-05T06:42:38.0934107Z   MISE_LOG_LEVEL: info
web	Upload the verified Pages build	2026-10-05T06:42:38.0935948Z   MISE_GITHUB_TOKEN: ***
web	Upload the verified Pages build	2026-10-05T06:42:38.0936207Z   MISE_TRUSTED_CONFIG_PATHS: /__w/ChronoShift/ChronoShift
web	Upload the verified Pages build	2026-10-05T06:42:38.0936471Z   MISE_YES: 1
web	Upload the verified Pages build	2026-10-05T06:42:38.0937331Z   PATH: /github/home/.local/share/mise/installs/bun/1.4.0/bin:/github/home/.local/share/mise/installs/node/26.8.1/bin:/github/home/.local/share/mise/installs/gh/2.100.0/gh_2.100.0_linux_amd64/bin:/github/home/.local/share/mise/shims:/github/home/.local/share/mise/bin:/usr/local/sbin:/usr/local/bin:/usr/sbin:/usr/bin:/sbin:/bin
web	Upload the verified Pages build	2026-10-05T06:42:38.0938219Z   INPUT_PATH: dist
web	Upload the verified Pages build	2026-10-05T06:42:38.0938395Z ##[endgroup]
web	Upload the verified Pages build	2026-10-05T06:42:38.1335052Z ##[group]Archive artifact
web	Upload the verified Pages build	2026-10-05T06:42:38.1347356Z ./
web	Upload the verified Pages build	2026-10-05T06:42:38.1347644Z ./third-party-notices.txt
web	Upload the verified Pages build	2026-10-05T06:42:38.1349006Z ./manifest.webmanifest
web	Upload the verified Pages build	2026-10-05T06:42:38.1349206Z ./assets/
web	Upload the verified Pages build	2026-10-05T06:42:38.1349452Z ./assets/worker-C690IjaR.js
web	Upload the verified Pages build	2026-10-05T06:42:38.1351023Z ./assets/index-CQJea-JE.css
web	Upload the verified Pages build	2026-10-05T06:42:38.1353416Z ./assets/index-CzXW0WLz.js
web	Upload the verified Pages build	2026-10-05T06:42:38.1357707Z ./assets/geist-latin-variable-Dm3htQBi.woff2
web	Upload the verified Pages build	2026-10-05T06:42:38.1358107Z ./index.html
web	Upload the verified Pages build	2026-10-05T06:42:38.1358805Z ./release.json
web	Upload the verified Pages build	2026-10-05T06:42:38.1359101Z ./sw.js
web	Upload the verified Pages build	2026-10-05T06:42:38.1359468Z ./icon.svg
web	Upload the verified Pages build	2026-10-05T06:42:38.1359708Z ./icon-512.png
web	Upload the verified Pages build	2026-10-05T06:42:38.1359963Z ./icon-192.png
web	Upload the verified Pages build	2026-10-05T06:42:38.1360133Z ./fonts/
web	Upload the verified Pages build	2026-10-05T06:42:38.1360300Z ./fonts/geist-OFL.txt
web	Upload the verified Pages build	2026-10-05T06:42:38.1360486Z ./fonts/README.txt
web	Upload the verified Pages build	2026-10-05T06:42:38.1362479Z ##[endgroup]
web	Upload the verified Pages build	2026-10-05T06:42:38.1397738Z ##[end-action id=__actions_upload-pages-artifact.__run;outcome=success;conclusion=success;duration_ms=48]
web	Upload the verified Pages build	2026-10-05T06:42:38.1401024Z ##[start-action display=Archive artifact;id=__actions_upload-pages-artifact.__run_2]
web	Upload the verified Pages build	2026-10-05T06:42:38.1405482Z ##[end-action id=__actions_upload-pages-artifact.__run_2;outcome=skipped;conclusion=skipped;duration_ms=0]
web	Upload the verified Pages build	2026-10-05T06:42:38.1407462Z ##[start-action display=Archive artifact;id=__actions_upload-pages-artifact.__run_3]
web	Upload the verified Pages build	2026-10-05T06:42:38.1410044Z ##[end-action id=__actions_upload-pages-artifact.__run_3;outcome=skipped;conclusion=skipped;duration_ms=0]
web	Upload the verified Pages build	2026-10-05T06:42:38.1411509Z ##[start-action display=Upload artifact;id=__actions_upload-pages-artifact.upload-artifact]
web	Upload the verified Pages build	2026-10-05T06:42:38.1455067Z ##[group]Run actions/upload-artifact@ea165f8d65b6e75b540449e92b4886f43607fa02
web	Upload the verified Pages build	2026-10-05T06:42:38.1455383Z with:
web	Upload the verified Pages build	2026-10-05T06:42:38.1455551Z   name: github-pages
web	Upload the verified Pages build	2026-10-05T06:42:38.1455758Z   path: /home/runner/work/_temp/artifact.tar
web	Upload the verified Pages build	2026-10-05T06:42:38.1455997Z   retention-days: 1
web	Upload the verified Pages build	2026-10-05T06:42:38.1456179Z   if-no-files-found: error
web	Upload the verified Pages build	2026-10-05T06:42:38.1456371Z   compression-level: 6
web	Upload the verified Pages build	2026-10-05T06:42:38.1456549Z   overwrite: false
web	Upload the verified Pages build	2026-10-05T06:42:38.1456740Z   include-hidden-files: false
web	Upload the verified Pages build	2026-10-05T06:42:38.1456942Z env:
web	Upload the verified Pages build	2026-10-05T06:42:38.1457124Z   PLAYWRIGHT_BROWSERS_PATH: /ms-playwright
web	Upload the verified Pages build	2026-10-05T06:42:38.1457361Z   PLAYWRIGHT_IMAGE_VERSION: 1.63.0
web	Upload the verified Pages build	2026-10-05T06:42:38.1457574Z   CHRONOSHIFT_CI_TIMING: 0
web	Upload the verified Pages build	2026-10-05T06:42:38.1457767Z   PUBLISH_PAGES: true
web	Upload the verified Pages build	2026-10-05T06:42:38.1458100Z   MISE_LOG_LEVEL: info
web	Upload the verified Pages build	2026-10-05T06:42:38.1460015Z   MISE_GITHUB_TOKEN: ***
web	Upload the verified Pages build	2026-10-05T06:42:38.1460280Z   MISE_TRUSTED_CONFIG_PATHS: /__w/ChronoShift/ChronoShift
web	Upload the verified Pages build	2026-10-05T06:42:38.1460540Z   MISE_YES: 1
web	Upload the verified Pages build	2026-10-05T06:42:38.1461405Z   PATH: /github/home/.local/share/mise/installs/bun/1.4.0/bin:/github/home/.local/share/mise/installs/node/26.8.1/bin:/github/home/.local/share/mise/installs/gh/2.100.0/gh_2.100.0_linux_amd64/bin:/github/home/.local/share/mise/shims:/github/home/.local/share/mise/bin:/usr/local/sbin:/usr/local/bin:/usr/sbin:/usr/bin:/sbin:/bin
web	Upload the verified Pages build	2026-10-05T06:42:38.1462297Z ##[endgroup]
web	Upload the verified Pages build	2026-10-05T06:42:38.1465580Z ##[command]/usr/bin/docker exec  640873a8f3c10678dd2c29c77cb1ca369606492fb5ba020b8c119edc4fec2d37 sh -c "cat /etc/*release | grep ^ID"
web	Upload the verified Pages build	2026-10-05T06:42:38.3583728Z (node:15871) [DEP0040] DeprecationWarning: The `punycode` module is deprecated. Please use a userland alternative instead.
web	Upload the verified Pages build	2026-10-05T06:42:38.3584675Z (Use `node --trace-deprecation ...` to show where the warning was created)
web	Upload the verified Pages build	2026-10-05T06:42:38.3627526Z With the provided path, there will be 1 file uploaded
web	Upload the verified Pages build	2026-10-05T06:42:38.3629252Z Artifact name is valid!
web	Upload the verified Pages build	2026-10-05T06:42:38.3629964Z Root directory input is valid!
web	Upload the verified Pages build	2026-10-05T06:42:38.5688716Z Beginning upload of artifact content to blob storage
web	Upload the verified Pages build	2026-10-05T06:42:38.6108150Z (node:15871) [DEP0169] DeprecationWarning: `url.parse()` behavior is not standardized and prone to errors that have security implications. Use the WHATWG URL API instead. CVEs are not issued for `url.parse()` vulnerabilities.
web	Upload the verified Pages build	2026-10-05T06:42:38.6498603Z Uploaded bytes 374682
web	Upload the verified Pages build	2026-10-05T06:42:38.6629466Z Finished uploading artifact content to blob storage!
web	Upload the verified Pages build	2026-10-05T06:42:38.6630455Z SHA256 digest of uploaded artifact zip is 601c8c68c4f8501be47f6f6888f40aedf6cc7da84fd5ad3c3b8db0ea1af8aa08
web	Upload the verified Pages build	2026-10-05T06:42:38.6631814Z Finalizing artifact upload
web	Upload the verified Pages build	2026-10-05T06:42:38.8918368Z Artifact github-pages.zip successfully finalized. Artifact ID 11329377867
web	Upload the verified Pages build	2026-10-05T06:42:38.8919530Z Artifact github-pages has been successfully uploaded! Final size is 374682 bytes. Artifact ID is 11329377867
web	Upload the verified Pages build	2026-10-05T06:42:38.8925083Z Artifact download URL: https://github.com/Tien-Lam/ChronoShift/actions/runs/37273144333/artifacts/11329377867
web	Upload the verified Pages build	2026-10-05T06:42:38.9055074Z ##[end-action id=__actions_upload-pages-artifact.upload-artifact;outcome=success;conclusion=success;duration_ms=764]
web	Post Run actions/checkout@34e114876b0b11c390a56381ad16ebd13914f8d5	﻿2026-10-05T06:42:38.9564896Z Post job cleanup.
web	Post Run actions/checkout@34e114876b0b11c390a56381ad16ebd13914f8d5	2026-10-05T06:42:38.9570817Z ##[command]/usr/bin/docker exec  640873a8f3c10678dd2c29c77cb1ca369606492fb5ba020b8c119edc4fec2d37 sh -c "cat /etc/*release | grep ^ID"
web	Post Run actions/checkout@34e114876b0b11c390a56381ad16ebd13914f8d5	2026-10-05T06:42:39.1002014Z [command]/usr/bin/git version
web	Post Run actions/checkout@34e114876b0b11c390a56381ad16ebd13914f8d5	2026-10-05T06:42:39.1035514Z git version 2.43.0
web	Post Run actions/checkout@34e114876b0b11c390a56381ad16ebd13914f8d5	2026-10-05T06:42:39.1079921Z Temporarily overriding HOME='/__w/_temp/53658f8b-88d8-448e-a9c5-ccdaa450b332' before making global git config changes
web	Post Run actions/checkout@34e114876b0b11c390a56381ad16ebd13914f8d5	2026-10-05T06:42:39.1081291Z Adding repository directory to the temporary git global config as a safe directory
web	Post Run actions/checkout@34e114876b0b11c390a56381ad16ebd13914f8d5	2026-10-05T06:42:39.1085243Z [command]/usr/bin/git config --global --add safe.directory /__w/ChronoShift/ChronoShift
web	Post Run actions/checkout@34e114876b0b11c390a56381ad16ebd13914f8d5	2026-10-05T06:42:39.1119325Z [command]/usr/bin/git config --local --name-only --get-regexp core\.sshCommand
web	Post Run actions/checkout@34e114876b0b11c390a56381ad16ebd13914f8d5	2026-10-05T06:42:39.1153175Z [command]/usr/bin/git submodule foreach --recursive sh -c "git config --local --name-only --get-regexp 'core\.sshCommand' && git config --local --unset-all 'core.sshCommand' || :"
web	Post Run actions/checkout@34e114876b0b11c390a56381ad16ebd13914f8d5	2026-10-05T06:42:39.1451882Z [command]/usr/bin/git config --local --name-only --get-regexp http\.https\:\/\/github\.com\/\.extraheader
web	Post Run actions/checkout@34e114876b0b11c390a56381ad16ebd13914f8d5	2026-10-05T06:42:39.1482316Z http.https://github.com/.extraheader
web	Post Run actions/checkout@34e114876b0b11c390a56381ad16ebd13914f8d5	2026-10-05T06:42:39.1492996Z [command]/usr/bin/git config --local --unset-all http.https://github.com/.extraheader
web	Post Run actions/checkout@34e114876b0b11c390a56381ad16ebd13914f8d5	2026-10-05T06:42:39.1533509Z [command]/usr/bin/git submodule foreach --recursive sh -c "git config --local --name-only --get-regexp 'http\.https\:\/\/github\.com\/\.extraheader' && git config --local --unset-all 'http.https://github.com/.extraheader' || :"
web	Post Run actions/checkout@34e114876b0b11c390a56381ad16ebd13914f8d5	2026-10-05T06:42:39.1776251Z [command]/usr/bin/git config --local --name-only --get-regexp ^includeIf\.gitdir:
web	Post Run actions/checkout@34e114876b0b11c390a56381ad16ebd13914f8d5	2026-10-05T06:42:39.1815645Z [command]/usr/bin/git submodule foreach --recursive git config --local --show-origin --name-only --get-regexp remote.origin.url
web	Stop containers	﻿2026-10-05T06:42:39.2160261Z Stop and remove container: 480023a7d2394a2cbbf3c2d6c8a38c11_mcrmicrosoftcomplaywrightsha256eff16c30e6f3f4af0a03fa4b706120d5e9b0891c344a27d64559aff5900a4a27_ce56e0
web	Stop containers	2026-10-05T06:42:39.2164608Z ##[command]/usr/bin/docker rm --force 640873a8f3c10678dd2c29c77cb1ca369606492fb5ba020b8c119edc4fec2d37
web	Stop containers	2026-10-05T06:42:39.3222947Z 640873a8f3c10678dd2c29c77cb1ca369606492fb5ba020b8c119edc4fec2d37
web	Stop containers	2026-10-05T06:42:39.3249730Z Remove container network: github_network_2e5e65e6a5e24c48aa4c545e6816bef6
web	Stop containers	2026-10-05T06:42:39.3253376Z ##[command]/usr/bin/docker network rm github_network_2e5e65e6a5e24c48aa4c545e6816bef6
web	Stop containers	2026-10-05T06:42:39.4221613Z github_network_2e5e65e6a5e24c48aa4c545e6816bef6
web	Complete job	﻿2026-10-05T06:42:39.4282863Z Cleaning up orphan processes
web	Complete job	2026-10-05T06:42:39.4557631Z ##[warning]Node.js 20 is deprecated. The following actions target Node.js 20 but are being forced to run on Node.js 24: actions/checkout@34e114876b0b11c390a56381ad16ebd13914f8d5, actions/upload-artifact@ea165f8d65b6e75b540449e92b4886f43607fa02, jdx/mise-action@5228313ee0372e111a38da051671ca30fc5a96db. For more information see: https://github.blog/changelog/2025-09-19-deprecation-of-node-20-on-github-actions-runners/
