prepare	Set up job	﻿2026-10-05T09:59:52.1821962Z Current runner version: '2.337.0'
prepare	Set up job	2026-10-05T09:59:52.1883492Z ##[group]Runner Image Provisioner
prepare	Set up job	2026-10-05T09:59:52.1884365Z Hosted Compute Agent
prepare	Set up job	2026-10-05T09:59:52.1884955Z Version: 20260901.588
prepare	Set up job	2026-10-05T09:59:52.1885632Z Commit: f88ec8081b781fac6c440065ac7ff9e710ce3d0b
prepare	Set up job	2026-10-05T09:59:52.1886410Z Build Date: 2026-09-01T19:56:44Z
prepare	Set up job	2026-10-05T09:59:52.1887129Z Worker ID: {eec486b2-6b24-4b05-80f2-9c23ee70c793}
prepare	Set up job	2026-10-05T09:59:52.1887853Z Azure Region: eastus
prepare	Set up job	2026-10-05T09:59:52.1888429Z ##[endgroup]
prepare	Set up job	2026-10-05T09:59:52.1890284Z ##[group]VM Image
prepare	Set up job	2026-10-05T09:59:52.1890891Z - OS: Linux (x64)
prepare	Set up job	2026-10-05T09:59:52.1891475Z - Source: Docker
prepare	Set up job	2026-10-05T09:59:52.1892085Z - Name: ubuntu:24.04
prepare	Set up job	2026-10-05T09:59:52.1892662Z - Version: 20260925.9.1
prepare	Set up job	2026-10-05T09:59:52.1893258Z ##[endgroup]
prepare	Set up job	2026-10-05T09:59:52.1894545Z ##[group]GITHUB_TOKEN Permissions
prepare	Set up job	2026-10-05T09:59:52.1896631Z Actions: read
prepare	Set up job	2026-10-05T09:59:52.1897253Z Contents: read
prepare	Set up job	2026-10-05T09:59:52.1897795Z Metadata: read
prepare	Set up job	2026-10-05T09:59:52.1898416Z Pages: write
prepare	Set up job	2026-10-05T09:59:52.1909679Z ##[endgroup]
prepare	Set up job	2026-10-05T09:59:52.1912425Z Secret source: Actions
prepare	Set up job	2026-10-05T09:59:52.1916302Z Cache mode: write
prepare	Set up job	2026-10-05T09:59:52.1917081Z Prepare workflow directory
prepare	Set up job	2026-10-05T09:59:52.2761906Z Prepare all required actions
prepare	Set up job	2026-10-05T09:59:52.2881604Z Getting action download info
prepare	Set up job	2026-10-05T09:59:52.6586661Z Download action repository 'actions/checkout@3d3c42e5aac5ba805825da76410c181273ba90b1' (SHA:3d3c42e5aac5ba805825da76410c181273ba90b1)
prepare	Set up job	2026-10-05T09:59:52.9483055Z Download action repository 'jdx/mise-action@7a4e45a543138629540c9a1616d08632b893e492' (SHA:7a4e45a543138629540c9a1616d08632b893e492)
prepare	Set up job	2026-10-05T09:59:53.2743321Z Download action repository 'actions/configure-pages@45bfe0192ca1faeb007ade9deae92b16b8254a0d' (SHA:45bfe0192ca1faeb007ade9deae92b16b8254a0d)
prepare	Set up job	2026-10-05T09:59:53.6414625Z Download action repository 'actions/upload-pages-artifact@fc324d3547104276b827a68afc52ff2a11cc49c9' (SHA:fc324d3547104276b827a68afc52ff2a11cc49c9)
prepare	Set up job	2026-10-05T09:59:53.7313824Z Download action repository 'actions/deploy-pages@368f82528645a54fb793d4d04e342629a3f51346' (SHA:368f82528645a54fb793d4d04e342629a3f51346)
prepare	Set up job	2026-10-05T09:59:54.1229660Z Getting action download info
prepare	Set up job	2026-10-05T09:59:54.2156872Z Download action repository 'actions/upload-artifact@bbbca2ddaa5d8feaa63e36b76fdaad77386f024f' (SHA:bbbca2ddaa5d8feaa63e36b76fdaad77386f024f)
prepare	Set up job	2026-10-05T09:59:54.3522760Z Complete job name: prepare
prepare	Run actions/checkout@3d3c42e5aac5ba805825da76410c181273ba90b1	﻿2026-10-05T09:59:54.4840515Z ##[group]Run actions/checkout@3d3c42e5aac5ba805825da76410c181273ba90b1
prepare	Run actions/checkout@3d3c42e5aac5ba805825da76410c181273ba90b1	2026-10-05T09:59:54.4842019Z with:
prepare	Run actions/checkout@3d3c42e5aac5ba805825da76410c181273ba90b1	2026-10-05T09:59:54.4842588Z   repository: Tien-Lam/ChronoShift
prepare	Run actions/checkout@3d3c42e5aac5ba805825da76410c181273ba90b1	2026-10-05T09:59:54.4847275Z   token: ***
prepare	Run actions/checkout@3d3c42e5aac5ba805825da76410c181273ba90b1	2026-10-05T09:59:54.4847851Z   ssh-strict: true
prepare	Run actions/checkout@3d3c42e5aac5ba805825da76410c181273ba90b1	2026-10-05T09:59:54.4848389Z   ssh-user: git
prepare	Run actions/checkout@3d3c42e5aac5ba805825da76410c181273ba90b1	2026-10-05T09:59:54.4849267Z   persist-credentials: true
prepare	Run actions/checkout@3d3c42e5aac5ba805825da76410c181273ba90b1	2026-10-05T09:59:54.4850610Z   clean: true
prepare	Run actions/checkout@3d3c42e5aac5ba805825da76410c181273ba90b1	2026-10-05T09:59:54.4851174Z   sparse-checkout-cone-mode: true
prepare	Run actions/checkout@3d3c42e5aac5ba805825da76410c181273ba90b1	2026-10-05T09:59:54.4851811Z   fetch-depth: 1
prepare	Run actions/checkout@3d3c42e5aac5ba805825da76410c181273ba90b1	2026-10-05T09:59:54.4852337Z   fetch-tags: false
prepare	Run actions/checkout@3d3c42e5aac5ba805825da76410c181273ba90b1	2026-10-05T09:59:54.4853262Z   show-progress: true
prepare	Run actions/checkout@3d3c42e5aac5ba805825da76410c181273ba90b1	2026-10-05T09:59:54.4854888Z   lfs: false
prepare	Run actions/checkout@3d3c42e5aac5ba805825da76410c181273ba90b1	2026-10-05T09:59:54.4855381Z   submodules: false
prepare	Run actions/checkout@3d3c42e5aac5ba805825da76410c181273ba90b1	2026-10-05T09:59:54.4855987Z   set-safe-directory: true
prepare	Run actions/checkout@3d3c42e5aac5ba805825da76410c181273ba90b1	2026-10-05T09:59:54.4860768Z   allow-unsafe-pr-checkout: false
prepare	Run actions/checkout@3d3c42e5aac5ba805825da76410c181273ba90b1	2026-10-05T09:59:54.4862029Z ##[endgroup]
prepare	Run actions/checkout@3d3c42e5aac5ba805825da76410c181273ba90b1	2026-10-05T09:59:55.5966478Z Syncing repository: Tien-Lam/ChronoShift
prepare	Run actions/checkout@3d3c42e5aac5ba805825da76410c181273ba90b1	2026-10-05T09:59:55.5968492Z ##[group]Getting Git version info
prepare	Run actions/checkout@3d3c42e5aac5ba805825da76410c181273ba90b1	2026-10-05T09:59:55.5970072Z Working directory is '/home/runner/work/ChronoShift/ChronoShift'
prepare	Run actions/checkout@3d3c42e5aac5ba805825da76410c181273ba90b1	2026-10-05T09:59:55.5971351Z [command]/usr/bin/git version
prepare	Run actions/checkout@3d3c42e5aac5ba805825da76410c181273ba90b1	2026-10-05T09:59:55.5971982Z git version 2.55.0
prepare	Run actions/checkout@3d3c42e5aac5ba805825da76410c181273ba90b1	2026-10-05T09:59:55.5973869Z ##[endgroup]
prepare	Run actions/checkout@3d3c42e5aac5ba805825da76410c181273ba90b1	2026-10-05T09:59:55.5978887Z Temporarily overriding HOME='/home/runner/work/_temp/0856187d-2147-4a80-84f7-7bacff39052f' before making global git config changes
prepare	Run actions/checkout@3d3c42e5aac5ba805825da76410c181273ba90b1	2026-10-05T09:59:55.5980743Z Adding repository directory to the temporary git global config as a safe directory
prepare	Run actions/checkout@3d3c42e5aac5ba805825da76410c181273ba90b1	2026-10-05T09:59:55.5982072Z [command]/usr/bin/git config --global --add safe.directory /home/runner/work/ChronoShift/ChronoShift
prepare	Run actions/checkout@3d3c42e5aac5ba805825da76410c181273ba90b1	2026-10-05T09:59:55.5984179Z Deleting the contents of '/home/runner/work/ChronoShift/ChronoShift'
prepare	Run actions/checkout@3d3c42e5aac5ba805825da76410c181273ba90b1	2026-10-05T09:59:55.5985435Z ##[group]Determining repository object format
prepare	Run actions/checkout@3d3c42e5aac5ba805825da76410c181273ba90b1	2026-10-05T09:59:55.5986442Z ##[endgroup]
prepare	Run actions/checkout@3d3c42e5aac5ba805825da76410c181273ba90b1	2026-10-05T09:59:55.5987293Z ##[group]Initializing the repository
prepare	Run actions/checkout@3d3c42e5aac5ba805825da76410c181273ba90b1	2026-10-05T09:59:55.5988101Z [command]/usr/bin/git init /home/runner/work/ChronoShift/ChronoShift
prepare	Run actions/checkout@3d3c42e5aac5ba805825da76410c181273ba90b1	2026-10-05T09:59:55.5989428Z hint: Using 'master' as the name for the initial branch. This default branch name
prepare	Run actions/checkout@3d3c42e5aac5ba805825da76410c181273ba90b1	2026-10-05T09:59:55.5990514Z hint: will change to "main" in Git 3.0. To configure the initial branch name
prepare	Run actions/checkout@3d3c42e5aac5ba805825da76410c181273ba90b1	2026-10-05T09:59:55.5991518Z hint: to use in all of your new repositories, which will suppress this warning,
prepare	Run actions/checkout@3d3c42e5aac5ba805825da76410c181273ba90b1	2026-10-05T09:59:55.5992322Z hint: call:
prepare	Run actions/checkout@3d3c42e5aac5ba805825da76410c181273ba90b1	2026-10-05T09:59:55.5992941Z hint:
prepare	Run actions/checkout@3d3c42e5aac5ba805825da76410c181273ba90b1	2026-10-05T09:59:55.5993542Z hint: 	git config --global init.defaultBranch <name>
prepare	Run actions/checkout@3d3c42e5aac5ba805825da76410c181273ba90b1	2026-10-05T09:59:55.5994229Z hint:
prepare	Run actions/checkout@3d3c42e5aac5ba805825da76410c181273ba90b1	2026-10-05T09:59:55.5994939Z hint: Names commonly chosen instead of 'master' are 'main', 'trunk' and
prepare	Run actions/checkout@3d3c42e5aac5ba805825da76410c181273ba90b1	2026-10-05T09:59:55.5995949Z hint: 'development'. The just-created branch can be renamed via this command:
prepare	Run actions/checkout@3d3c42e5aac5ba805825da76410c181273ba90b1	2026-10-05T09:59:55.5996771Z hint:
prepare	Run actions/checkout@3d3c42e5aac5ba805825da76410c181273ba90b1	2026-10-05T09:59:55.5997322Z hint: 	git branch -m <name>
prepare	Run actions/checkout@3d3c42e5aac5ba805825da76410c181273ba90b1	2026-10-05T09:59:55.5997870Z hint:
prepare	Run actions/checkout@3d3c42e5aac5ba805825da76410c181273ba90b1	2026-10-05T09:59:55.5998729Z hint: Disable this message with "git config set advice.defaultBranchName false"
prepare	Run actions/checkout@3d3c42e5aac5ba805825da76410c181273ba90b1	2026-10-05T09:59:55.6000012Z Initialized empty Git repository in /home/runner/work/ChronoShift/ChronoShift/.git/
prepare	Run actions/checkout@3d3c42e5aac5ba805825da76410c181273ba90b1	2026-10-05T09:59:55.6001825Z [command]/usr/bin/git remote add origin https://github.com/Tien-Lam/ChronoShift
prepare	Run actions/checkout@3d3c42e5aac5ba805825da76410c181273ba90b1	2026-10-05T09:59:55.6003605Z ##[endgroup]
prepare	Run actions/checkout@3d3c42e5aac5ba805825da76410c181273ba90b1	2026-10-05T09:59:55.6080596Z ##[group]Disabling automatic garbage collection
prepare	Run actions/checkout@3d3c42e5aac5ba805825da76410c181273ba90b1	2026-10-05T09:59:55.6081537Z [command]/usr/bin/git config --local gc.auto 0
prepare	Run actions/checkout@3d3c42e5aac5ba805825da76410c181273ba90b1	2026-10-05T09:59:55.6083030Z ##[endgroup]
prepare	Run actions/checkout@3d3c42e5aac5ba805825da76410c181273ba90b1	2026-10-05T09:59:55.6083740Z ##[group]Setting up auth
prepare	Run actions/checkout@3d3c42e5aac5ba805825da76410c181273ba90b1	2026-10-05T09:59:55.6084251Z Removing SSH command configuration
prepare	Run actions/checkout@3d3c42e5aac5ba805825da76410c181273ba90b1	2026-10-05T09:59:55.6084993Z [command]/usr/bin/git config --local --name-only --get-regexp core\.sshCommand
prepare	Run actions/checkout@3d3c42e5aac5ba805825da76410c181273ba90b1	2026-10-05T09:59:55.6087063Z [command]/usr/bin/git submodule foreach --recursive sh -c "git config --local --name-only --get-regexp 'core\.sshCommand' && git config --local --unset-all 'core.sshCommand' || :"
prepare	Run actions/checkout@3d3c42e5aac5ba805825da76410c181273ba90b1	2026-10-05T09:59:55.6088877Z Removing HTTP extra header
prepare	Run actions/checkout@3d3c42e5aac5ba805825da76410c181273ba90b1	2026-10-05T09:59:55.6089980Z [command]/usr/bin/git config --local --name-only --get-regexp http\.https\:\/\/github\.com\/\.extraheader
prepare	Run actions/checkout@3d3c42e5aac5ba805825da76410c181273ba90b1	2026-10-05T09:59:55.6092726Z [command]/usr/bin/git submodule foreach --recursive sh -c "git config --local --name-only --get-regexp 'http\.https\:\/\/github\.com\/\.extraheader' && git config --local --unset-all 'http.https://github.com/.extraheader' || :"
prepare	Run actions/checkout@3d3c42e5aac5ba805825da76410c181273ba90b1	2026-10-05T09:59:55.6094913Z Removing includeIf entries pointing to credentials config files
prepare	Run actions/checkout@3d3c42e5aac5ba805825da76410c181273ba90b1	2026-10-05T09:59:55.6095794Z [command]/usr/bin/git config --local --name-only --get-regexp ^includeIf\.gitdir:
prepare	Run actions/checkout@3d3c42e5aac5ba805825da76410c181273ba90b1	2026-10-05T09:59:55.6097507Z [command]/usr/bin/git submodule foreach --recursive git config --local --show-origin --name-only --get-regexp remote.origin.url
prepare	Run actions/checkout@3d3c42e5aac5ba805825da76410c181273ba90b1	2026-10-05T09:59:55.6100293Z [command]/usr/bin/git config --file /home/runner/work/_temp/git-credentials-046decf6-1c58-41f0-b696-7d85b3c26f25.config http.https://github.com/.extraheader AUTHORIZATION: basic ***
prepare	Run actions/checkout@3d3c42e5aac5ba805825da76410c181273ba90b1	2026-10-05T09:59:55.6102983Z [command]/usr/bin/git config --local includeIf.gitdir:/home/runner/work/ChronoShift/ChronoShift/.git.path /home/runner/work/_temp/git-credentials-046decf6-1c58-41f0-b696-7d85b3c26f25.config
prepare	Run actions/checkout@3d3c42e5aac5ba805825da76410c181273ba90b1	2026-10-05T09:59:55.6105764Z [command]/usr/bin/git config --local includeIf.gitdir:/home/runner/work/ChronoShift/ChronoShift/.git/worktrees/*.path /home/runner/work/_temp/git-credentials-046decf6-1c58-41f0-b696-7d85b3c26f25.config
prepare	Run actions/checkout@3d3c42e5aac5ba805825da76410c181273ba90b1	2026-10-05T09:59:55.6108378Z [command]/usr/bin/git config --local includeIf.gitdir:/github/workspace/.git.path /github/runner_temp/git-credentials-046decf6-1c58-41f0-b696-7d85b3c26f25.config
prepare	Run actions/checkout@3d3c42e5aac5ba805825da76410c181273ba90b1	2026-10-05T09:59:55.6110995Z [command]/usr/bin/git config --local includeIf.gitdir:/github/workspace/.git/worktrees/*.path /github/runner_temp/git-credentials-046decf6-1c58-41f0-b696-7d85b3c26f25.config
prepare	Run actions/checkout@3d3c42e5aac5ba805825da76410c181273ba90b1	2026-10-05T09:59:55.6113185Z ##[endgroup]
prepare	Run actions/checkout@3d3c42e5aac5ba805825da76410c181273ba90b1	2026-10-05T09:59:55.6113870Z ##[group]Fetching the repository
prepare	Run actions/checkout@3d3c42e5aac5ba805825da76410c181273ba90b1	2026-10-05T09:59:55.6115125Z [command]/usr/bin/git -c protocol.version=2 fetch --no-tags --prune --no-recurse-submodules --depth=1 origin +a868e4b956caf5d227edc430fc7dca97c0dc2eb6:refs/remotes/origin/main
prepare	Run actions/checkout@3d3c42e5aac5ba805825da76410c181273ba90b1	2026-10-05T09:59:59.6608276Z From https://github.com/Tien-Lam/ChronoShift
prepare	Run actions/checkout@3d3c42e5aac5ba805825da76410c181273ba90b1	2026-10-05T09:59:59.6622992Z  * [new ref]         a868e4b956caf5d227edc430fc7dca97c0dc2eb6 -> origin/main
prepare	Run actions/checkout@3d3c42e5aac5ba805825da76410c181273ba90b1	2026-10-05T09:59:59.6651219Z [command]/usr/bin/git branch --list --remote origin/main
prepare	Run actions/checkout@3d3c42e5aac5ba805825da76410c181273ba90b1	2026-10-05T09:59:59.6733330Z   origin/main
prepare	Run actions/checkout@3d3c42e5aac5ba805825da76410c181273ba90b1	2026-10-05T09:59:59.6753989Z [command]/usr/bin/git rev-parse refs/remotes/origin/main
prepare	Run actions/checkout@3d3c42e5aac5ba805825da76410c181273ba90b1	2026-10-05T09:59:59.6828512Z a868e4b956caf5d227edc430fc7dca97c0dc2eb6
prepare	Run actions/checkout@3d3c42e5aac5ba805825da76410c181273ba90b1	2026-10-05T09:59:59.6875248Z ##[endgroup]
prepare	Run actions/checkout@3d3c42e5aac5ba805825da76410c181273ba90b1	2026-10-05T09:59:59.6876280Z ##[group]Determining the checkout info
prepare	Run actions/checkout@3d3c42e5aac5ba805825da76410c181273ba90b1	2026-10-05T09:59:59.6877174Z ##[endgroup]
prepare	Run actions/checkout@3d3c42e5aac5ba805825da76410c181273ba90b1	2026-10-05T09:59:59.6877730Z [command]/usr/bin/git sparse-checkout disable
prepare	Run actions/checkout@3d3c42e5aac5ba805825da76410c181273ba90b1	2026-10-05T09:59:59.6965365Z [command]/usr/bin/git config --local --unset-all extensions.worktreeConfig
prepare	Run actions/checkout@3d3c42e5aac5ba805825da76410c181273ba90b1	2026-10-05T09:59:59.7002274Z ##[group]Checking out the ref
prepare	Run actions/checkout@3d3c42e5aac5ba805825da76410c181273ba90b1	2026-10-05T09:59:59.7012332Z [command]/usr/bin/git checkout --progress --force -B main refs/remotes/origin/main
prepare	Run actions/checkout@3d3c42e5aac5ba805825da76410c181273ba90b1	2026-10-05T10:00:00.3835401Z Switched to a new branch 'main'
prepare	Run actions/checkout@3d3c42e5aac5ba805825da76410c181273ba90b1	2026-10-05T10:00:00.3846107Z branch 'main' set up to track 'origin/main'.
prepare	Run actions/checkout@3d3c42e5aac5ba805825da76410c181273ba90b1	2026-10-05T10:00:00.3894844Z ##[endgroup]
prepare	Run actions/checkout@3d3c42e5aac5ba805825da76410c181273ba90b1	2026-10-05T10:00:00.3962538Z [command]/usr/bin/git log -1 --format=%H
prepare	Run actions/checkout@3d3c42e5aac5ba805825da76410c181273ba90b1	2026-10-05T10:00:00.4004518Z a868e4b956caf5d227edc430fc7dca97c0dc2eb6
prepare	Run jdx/mise-action@7a4e45a543138629540c9a1616d08632b893e492	﻿2026-10-05T10:00:00.4699305Z ##[group]Run jdx/mise-action@7a4e45a543138629540c9a1616d08632b893e492
prepare	Run jdx/mise-action@7a4e45a543138629540c9a1616d08632b893e492	2026-10-05T10:00:00.4700270Z with:
prepare	Run jdx/mise-action@7a4e45a543138629540c9a1616d08632b893e492	2026-10-05T10:00:00.4700716Z   install_args: bun gh
prepare	Run jdx/mise-action@7a4e45a543138629540c9a1616d08632b893e492	2026-10-05T10:00:00.4701321Z   minimum_release_age: 24h
prepare	Run jdx/mise-action@7a4e45a543138629540c9a1616d08632b893e492	2026-10-05T10:00:00.4701849Z   install: true
prepare	Run jdx/mise-action@7a4e45a543138629540c9a1616d08632b893e492	2026-10-05T10:00:00.4702317Z   bootstrap: false
prepare	Run jdx/mise-action@7a4e45a543138629540c9a1616d08632b893e492	2026-10-05T10:00:00.4702781Z   cache: true
prepare	Run jdx/mise-action@7a4e45a543138629540c9a1616d08632b893e492	2026-10-05T10:00:00.4703218Z   cache_save: true
prepare	Run jdx/mise-action@7a4e45a543138629540c9a1616d08632b893e492	2026-10-05T10:00:00.4703721Z   cache_key_prefix: mise-v1
prepare	Run jdx/mise-action@7a4e45a543138629540c9a1616d08632b893e492	2026-10-05T10:00:00.4704799Z   experimental: false
prepare	Run jdx/mise-action@7a4e45a543138629540c9a1616d08632b893e492	2026-10-05T10:00:00.4705283Z   log_level: info
prepare	Run jdx/mise-action@7a4e45a543138629540c9a1616d08632b893e492	2026-10-05T10:00:00.4705748Z   reshim: false
prepare	Run jdx/mise-action@7a4e45a543138629540c9a1616d08632b893e492	2026-10-05T10:00:00.4706225Z   add_shims_to_path: true
prepare	Run jdx/mise-action@7a4e45a543138629540c9a1616d08632b893e492	2026-10-05T10:00:00.4711765Z   github_token: ***
prepare	Run jdx/mise-action@7a4e45a543138629540c9a1616d08632b893e492	2026-10-05T10:00:00.4712270Z   fetch_from_github: true
prepare	Run jdx/mise-action@7a4e45a543138629540c9a1616d08632b893e492	2026-10-05T10:00:00.4712782Z   env: true
prepare	Run jdx/mise-action@7a4e45a543138629540c9a1616d08632b893e492	2026-10-05T10:00:00.4713208Z   export_path: true
prepare	Run jdx/mise-action@7a4e45a543138629540c9a1616d08632b893e492	2026-10-05T10:00:00.4713680Z   wings_enabled: false
prepare	Run jdx/mise-action@7a4e45a543138629540c9a1616d08632b893e492	2026-10-05T10:00:00.4714164Z ##[endgroup]
prepare	Run jdx/mise-action@7a4e45a543138629540c9a1616d08632b893e492	2026-10-05T10:00:00.6481733Z ##[group]Restoring mise cache
prepare	Run jdx/mise-action@7a4e45a543138629540c9a1616d08632b893e492	2026-10-05T10:00:00.6531413Z [command]/usr/bin/ldd --version
prepare	Run jdx/mise-action@7a4e45a543138629540c9a1616d08632b893e492	2026-10-05T10:00:00.6616920Z ldd (Ubuntu GLIBC 2.39-0ubuntu8.9) 2.39
prepare	Run jdx/mise-action@7a4e45a543138629540c9a1616d08632b893e492	2026-10-05T10:00:00.6622408Z Copyright (C) 2024 Free Software Foundation, Inc.
prepare	Run jdx/mise-action@7a4e45a543138629540c9a1616d08632b893e492	2026-10-05T10:00:00.6626798Z This is free software; see the source for copying conditions.  There is NO
prepare	Run jdx/mise-action@7a4e45a543138629540c9a1616d08632b893e492	2026-10-05T10:00:00.6631513Z warranty; not even for MERCHANTABILITY or FITNESS FOR A PARTICULAR PURPOSE.
prepare	Run jdx/mise-action@7a4e45a543138629540c9a1616d08632b893e492	2026-10-05T10:00:00.6637459Z Written by Roland McGrath and Ulrich Drepper.
prepare	Run jdx/mise-action@7a4e45a543138629540c9a1616d08632b893e492	2026-10-05T10:00:01.2553683Z Cache hit for: mise-v1-linux-x64-self-hosted-2305be90c13f881679c43eb7a3161dbe861cfa851aeeb7d15526c7f0cad4f5b1-c431b670824c497264adda817284eefbf26de4a6a9a9aa17ee83e04238eaee3d
prepare	Run jdx/mise-action@7a4e45a543138629540c9a1616d08632b893e492	2026-10-05T10:00:02.1816937Z Received 98734590 of 98734590 (100.0%), 109.1 MBs/sec
prepare	Run jdx/mise-action@7a4e45a543138629540c9a1616d08632b893e492	2026-10-05T10:00:02.1828809Z Cache Size: ~94 MB (98734590 B)
prepare	Run jdx/mise-action@7a4e45a543138629540c9a1616d08632b893e492	2026-10-05T10:00:02.2075468Z [command]/usr/bin/tar -xf /home/runner/work/_temp/d0015c85-5fdb-49e8-94c4-84a0d8b3b816/cache.tzst -P -C /home/runner/work/ChronoShift/ChronoShift --use-compress-program unzstd
prepare	Run jdx/mise-action@7a4e45a543138629540c9a1616d08632b893e492	2026-10-05T10:00:03.1507255Z Cache restored successfully
prepare	Run jdx/mise-action@7a4e45a543138629540c9a1616d08632b893e492	2026-10-05T10:00:03.1602067Z mise cache restored from key: mise-v1-linux-x64-self-hosted-2305be90c13f881679c43eb7a3161dbe861cfa851aeeb7d15526c7f0cad4f5b1-c431b670824c497264adda817284eefbf26de4a6a9a9aa17ee83e04238eaee3d
prepare	Run jdx/mise-action@7a4e45a543138629540c9a1616d08632b893e492	2026-10-05T10:00:03.1619429Z Using curl to download mise
prepare	Run jdx/mise-action@7a4e45a543138629540c9a1616d08632b893e492	2026-10-05T10:00:03.4905931Z Selected mise 2026.10.1, released 2026-10-03T14:12:48.000Z, with minimum_release_age=24h
prepare	Run jdx/mise-action@7a4e45a543138629540c9a1616d08632b893e492	2026-10-05T10:00:03.4927438Z [command]/usr/bin/ldd --version
prepare	Run jdx/mise-action@7a4e45a543138629540c9a1616d08632b893e492	2026-10-05T10:00:03.4977185Z ldd (Ubuntu GLIBC 2.39-0ubuntu8.9) 2.39
prepare	Run jdx/mise-action@7a4e45a543138629540c9a1616d08632b893e492	2026-10-05T10:00:03.4982439Z Copyright (C) 2024 Free Software Foundation, Inc.
prepare	Run jdx/mise-action@7a4e45a543138629540c9a1616d08632b893e492	2026-10-05T10:00:03.4986761Z This is free software; see the source for copying conditions.  There is NO
prepare	Run jdx/mise-action@7a4e45a543138629540c9a1616d08632b893e492	2026-10-05T10:00:03.4994769Z warranty; not even for MERCHANTABILITY or FITNESS FOR A PARTICULAR PURPOSE.
prepare	Run jdx/mise-action@7a4e45a543138629540c9a1616d08632b893e492	2026-10-05T10:00:03.5000225Z Written by Roland McGrath and Ulrich Drepper.
prepare	Run jdx/mise-action@7a4e45a543138629540c9a1616d08632b893e492	2026-10-05T10:00:03.8876412Z Verified existing mise-v2026.10.1-linux-x64 against signed checksums
prepare	Run jdx/mise-action@7a4e45a543138629540c9a1616d08632b893e492	2026-10-05T10:00:03.8881502Z Verified existing mise@2026.10.1
prepare	Run jdx/mise-action@7a4e45a543138629540c9a1616d08632b893e492	2026-10-05T10:00:03.8900021Z ##[group]Setting env vars
prepare	Run jdx/mise-action@7a4e45a543138629540c9a1616d08632b893e492	2026-10-05T10:00:03.8904141Z Setting MISE_LOG_LEVEL=info
prepare	Run jdx/mise-action@7a4e45a543138629540c9a1616d08632b893e492	2026-10-05T10:00:03.8921252Z Setting MISE_GITHUB_TOKEN=***
prepare	Run jdx/mise-action@7a4e45a543138629540c9a1616d08632b893e492	2026-10-05T10:00:03.8925192Z Setting MISE_TRUSTED_CONFIG_PATHS=/home/runner/work/ChronoShift/ChronoShift
prepare	Run jdx/mise-action@7a4e45a543138629540c9a1616d08632b893e492	2026-10-05T10:00:03.8928586Z Setting MISE_YES=1
prepare	Run jdx/mise-action@7a4e45a543138629540c9a1616d08632b893e492	2026-10-05T10:00:03.8931856Z Adding /home/runner/.local/share/mise/shims to PATH
prepare	Run jdx/mise-action@7a4e45a543138629540c9a1616d08632b893e492	2026-10-05T10:00:03.8937541Z ##[group]Running mise --version
prepare	Run jdx/mise-action@7a4e45a543138629540c9a1616d08632b893e492	2026-10-05T10:00:03.8958810Z [command]/home/runner/.local/share/mise/bin/mise --version
prepare	Run jdx/mise-action@7a4e45a543138629540c9a1616d08632b893e492	2026-10-05T10:00:03.9022950Z 2026.10.1 linux-x64 (2026-10-03)
prepare	Run jdx/mise-action@7a4e45a543138629540c9a1616d08632b893e492	2026-10-05T10:00:03.9061153Z ##[endgroup]
prepare	Run jdx/mise-action@7a4e45a543138629540c9a1616d08632b893e492	2026-10-05T10:00:03.9142142Z ##[group]Running mise install bun gh
prepare	Run jdx/mise-action@7a4e45a543138629540c9a1616d08632b893e492	2026-10-05T10:00:03.9155068Z [command]/home/runner/.local/share/mise/bin/mise install bun gh
prepare	Run jdx/mise-action@7a4e45a543138629540c9a1616d08632b893e492	2026-10-05T10:00:03.9418646Z ^[[2mmise^[[0m ^[[2mby @jdx^[[0m – installing 2 tools
prepare	Run jdx/mise-action@7a4e45a543138629540c9a1616d08632b893e492	2026-10-05T10:00:04.1892098Z ^[[2mmise^[[0m ^[[38;5;11m⇢^[[0m ^[[34mgh^[[0m@2.100.0  244ms · already installed
prepare	Run jdx/mise-action@7a4e45a543138629540c9a1616d08632b893e492	2026-10-05T10:00:04.1935288Z ^[[2mmise^[[0m ^[[38;5;11m⇢^[[0m ^[[34mbun^[[0m@1.4.0   249ms · already installed
prepare	Run jdx/mise-action@7a4e45a543138629540c9a1616d08632b893e492	2026-10-05T10:00:04.1951705Z ^[[2mmise^[[0m ^[[36m████████████████^[[0m^[[31m^[[0m^[[2m^[[0m 2/2 · installed 0 tools · 2 already installed in 253ms
prepare	Run jdx/mise-action@7a4e45a543138629540c9a1616d08632b893e492	2026-10-05T10:00:04.2273942Z ##[endgroup]
prepare	Run jdx/mise-action@7a4e45a543138629540c9a1616d08632b893e492	2026-10-05T10:00:04.2276523Z ##[group]Running mise ls
prepare	Run jdx/mise-action@7a4e45a543138629540c9a1616d08632b893e492	2026-10-05T10:00:04.2288585Z [command]/home/runner/.local/share/mise/bin/mise ls
prepare	Run jdx/mise-action@7a4e45a543138629540c9a1616d08632b893e492	2026-10-05T10:00:04.2391296Z bun   1.4.0             ~/work/ChronoShift/ChronoShift/mise.toml  1.4.0
prepare	Run jdx/mise-action@7a4e45a543138629540c9a1616d08632b893e492	2026-10-05T10:00:04.2396362Z gh    2.100.0           ~/work/ChronoShift/ChronoShift/mise.toml  2.100.0
prepare	Run jdx/mise-action@7a4e45a543138629540c9a1616d08632b893e492	2026-10-05T10:00:04.2402035Z node  26.8.1 (missing)  ~/work/ChronoShift/ChronoShift/mise.toml  26.8.1
prepare	Run jdx/mise-action@7a4e45a543138629540c9a1616d08632b893e492	2026-10-05T10:00:04.2422357Z ##[endgroup]
prepare	Run jdx/mise-action@7a4e45a543138629540c9a1616d08632b893e492	2026-10-05T10:00:04.2424630Z ##[group]Exporting mise environment variables
prepare	Run jdx/mise-action@7a4e45a543138629540c9a1616d08632b893e492	2026-10-05T10:00:04.2546101Z [command]/home/runner/.local/share/mise/bin/mise env --json
prepare	Run jdx/mise-action@7a4e45a543138629540c9a1616d08632b893e492	2026-10-05T10:00:04.2643730Z {
prepare	Run jdx/mise-action@7a4e45a543138629540c9a1616d08632b893e492	2026-10-05T10:00:04.2650498Z   "PATH": "/home/runner/.local/share/mise/installs/bun/1.4.0/bin:/home/runner/.local/share/mise/installs/gh/2.100.0/gh_2.100.0_linux_amd64/bin:/home/runner/.local/share/mise/shims:/home/runner/.local/share/mise/bin:/home/runner/.local/bin:/opt/pipx_bin:/usr/local/sbin:/usr/local/bin:/usr/sbin:/usr/bin:/sbin:/bin:/usr/games:/usr/local/games:/snap/bin"
prepare	Run jdx/mise-action@7a4e45a543138629540c9a1616d08632b893e492	2026-10-05T10:00:04.2661458Z }
prepare	Run jdx/mise-action@7a4e45a543138629540c9a1616d08632b893e492	2026-10-05T10:00:04.2691197Z Adding /home/runner/.local/share/mise/installs/gh/2.100.0/gh_2.100.0_linux_amd64/bin to PATH
prepare	Run jdx/mise-action@7a4e45a543138629540c9a1616d08632b893e492	2026-10-05T10:00:04.2694005Z Adding /home/runner/.local/share/mise/installs/bun/1.4.0/bin to PATH
prepare	Run jdx/mise-action@7a4e45a543138629540c9a1616d08632b893e492	2026-10-05T10:00:04.2696738Z ##[endgroup]
prepare	Post Run actions/checkout@3d3c42e5aac5ba805825da76410c181273ba90b1	﻿2026-10-05T10:00:04.3183777Z Post job cleanup.
prepare	Post Run actions/checkout@3d3c42e5aac5ba805825da76410c181273ba90b1	2026-10-05T10:00:04.4255011Z [command]/usr/bin/git version
prepare	Post Run actions/checkout@3d3c42e5aac5ba805825da76410c181273ba90b1	2026-10-05T10:00:04.4406608Z git version 2.55.0
prepare	Post Run actions/checkout@3d3c42e5aac5ba805825da76410c181273ba90b1	2026-10-05T10:00:04.4466441Z Temporarily overriding HOME='/home/runner/work/_temp/1e3b3f3b-3cc9-4a4c-a068-9209d956ecf5' before making global git config changes
prepare	Post Run actions/checkout@3d3c42e5aac5ba805825da76410c181273ba90b1	2026-10-05T10:00:04.4472803Z Adding repository directory to the temporary git global config as a safe directory
prepare	Post Run actions/checkout@3d3c42e5aac5ba805825da76410c181273ba90b1	2026-10-05T10:00:04.4499876Z [command]/usr/bin/git config --global --add safe.directory /home/runner/work/ChronoShift/ChronoShift
prepare	Post Run actions/checkout@3d3c42e5aac5ba805825da76410c181273ba90b1	2026-10-05T10:00:04.4543108Z Removing SSH command configuration
prepare	Post Run actions/checkout@3d3c42e5aac5ba805825da76410c181273ba90b1	2026-10-05T10:00:04.4548856Z [command]/usr/bin/git config --local --name-only --get-regexp core\.sshCommand
prepare	Post Run actions/checkout@3d3c42e5aac5ba805825da76410c181273ba90b1	2026-10-05T10:00:04.4595777Z [command]/usr/bin/git submodule foreach --recursive sh -c "git config --local --name-only --get-regexp 'core\.sshCommand' && git config --local --unset-all 'core.sshCommand' || :"
prepare	Post Run actions/checkout@3d3c42e5aac5ba805825da76410c181273ba90b1	2026-10-05T10:00:04.4813430Z Removing HTTP extra header
prepare	Post Run actions/checkout@3d3c42e5aac5ba805825da76410c181273ba90b1	2026-10-05T10:00:04.4816656Z [command]/usr/bin/git config --local --name-only --get-regexp http\.https\:\/\/github\.com\/\.extraheader
prepare	Post Run actions/checkout@3d3c42e5aac5ba805825da76410c181273ba90b1	2026-10-05T10:00:04.4861772Z [command]/usr/bin/git submodule foreach --recursive sh -c "git config --local --name-only --get-regexp 'http\.https\:\/\/github\.com\/\.extraheader' && git config --local --unset-all 'http.https://github.com/.extraheader' || :"
prepare	Post Run actions/checkout@3d3c42e5aac5ba805825da76410c181273ba90b1	2026-10-05T10:00:04.5071956Z Removing includeIf entries pointing to credentials config files
prepare	Post Run actions/checkout@3d3c42e5aac5ba805825da76410c181273ba90b1	2026-10-05T10:00:04.5081276Z [command]/usr/bin/git config --local --name-only --get-regexp ^includeIf\.gitdir:
prepare	Post Run actions/checkout@3d3c42e5aac5ba805825da76410c181273ba90b1	2026-10-05T10:00:04.5105213Z includeif.gitdir:/home/runner/work/ChronoShift/ChronoShift/.git.path
prepare	Post Run actions/checkout@3d3c42e5aac5ba805825da76410c181273ba90b1	2026-10-05T10:00:04.5107590Z includeif.gitdir:/home/runner/work/ChronoShift/ChronoShift/.git/worktrees/*.path
prepare	Post Run actions/checkout@3d3c42e5aac5ba805825da76410c181273ba90b1	2026-10-05T10:00:04.5113229Z includeif.gitdir:/github/workspace/.git.path
prepare	Post Run actions/checkout@3d3c42e5aac5ba805825da76410c181273ba90b1	2026-10-05T10:00:04.5114812Z includeif.gitdir:/github/workspace/.git/worktrees/*.path
prepare	Post Run actions/checkout@3d3c42e5aac5ba805825da76410c181273ba90b1	2026-10-05T10:00:04.5132564Z [command]/usr/bin/git config --local --get-all includeif.gitdir:/home/runner/work/ChronoShift/ChronoShift/.git.path
prepare	Post Run actions/checkout@3d3c42e5aac5ba805825da76410c181273ba90b1	2026-10-05T10:00:04.5157075Z /home/runner/work/_temp/git-credentials-046decf6-1c58-41f0-b696-7d85b3c26f25.config
prepare	Post Run actions/checkout@3d3c42e5aac5ba805825da76410c181273ba90b1	2026-10-05T10:00:04.5180957Z [command]/usr/bin/git config --local --unset includeif.gitdir:/home/runner/work/ChronoShift/ChronoShift/.git.path \/home\/runner\/work\/_temp\/git\-credentials\-046decf6\-1c58\-41f0\-b696\-7d85b3c26f25\.config
prepare	Post Run actions/checkout@3d3c42e5aac5ba805825da76410c181273ba90b1	2026-10-05T10:00:04.5228158Z [command]/usr/bin/git config --local --get-all includeif.gitdir:/home/runner/work/ChronoShift/ChronoShift/.git/worktrees/*.path
prepare	Post Run actions/checkout@3d3c42e5aac5ba805825da76410c181273ba90b1	2026-10-05T10:00:04.5253098Z /home/runner/work/_temp/git-credentials-046decf6-1c58-41f0-b696-7d85b3c26f25.config
prepare	Post Run actions/checkout@3d3c42e5aac5ba805825da76410c181273ba90b1	2026-10-05T10:00:04.5272461Z [command]/usr/bin/git config --local --unset includeif.gitdir:/home/runner/work/ChronoShift/ChronoShift/.git/worktrees/*.path \/home\/runner\/work\/_temp\/git\-credentials\-046decf6\-1c58\-41f0\-b696\-7d85b3c26f25\.config
prepare	Post Run actions/checkout@3d3c42e5aac5ba805825da76410c181273ba90b1	2026-10-05T10:00:04.5401728Z [command]/usr/bin/git config --local --get-all includeif.gitdir:/github/workspace/.git.path
prepare	Post Run actions/checkout@3d3c42e5aac5ba805825da76410c181273ba90b1	2026-10-05T10:00:04.5424765Z /github/runner_temp/git-credentials-046decf6-1c58-41f0-b696-7d85b3c26f25.config
prepare	Post Run actions/checkout@3d3c42e5aac5ba805825da76410c181273ba90b1	2026-10-05T10:00:04.5442522Z [command]/usr/bin/git config --local --unset includeif.gitdir:/github/workspace/.git.path \/github\/runner_temp\/git\-credentials\-046decf6\-1c58\-41f0\-b696\-7d85b3c26f25\.config
prepare	Post Run actions/checkout@3d3c42e5aac5ba805825da76410c181273ba90b1	2026-10-05T10:00:04.5478893Z [command]/usr/bin/git config --local --get-all includeif.gitdir:/github/workspace/.git/worktrees/*.path
prepare	Post Run actions/checkout@3d3c42e5aac5ba805825da76410c181273ba90b1	2026-10-05T10:00:04.5505392Z /github/runner_temp/git-credentials-046decf6-1c58-41f0-b696-7d85b3c26f25.config
prepare	Post Run actions/checkout@3d3c42e5aac5ba805825da76410c181273ba90b1	2026-10-05T10:00:04.5526156Z [command]/usr/bin/git config --local --unset includeif.gitdir:/github/workspace/.git/worktrees/*.path \/github\/runner_temp\/git\-credentials\-046decf6\-1c58\-41f0\-b696\-7d85b3c26f25\.config
prepare	Post Run actions/checkout@3d3c42e5aac5ba805825da76410c181273ba90b1	2026-10-05T10:00:04.5565181Z [command]/usr/bin/git submodule foreach --recursive git config --local --show-origin --name-only --get-regexp remote.origin.url
prepare	Post Run actions/checkout@3d3c42e5aac5ba805825da76410c181273ba90b1	2026-10-05T10:00:04.5771629Z Removing credentials config '/home/runner/work/_temp/git-credentials-046decf6-1c58-41f0-b696-7d85b3c26f25.config'
prepare	Complete job	﻿2026-10-05T10:00:04.5961182Z Evaluate and set job outputs
prepare	Complete job	2026-10-05T10:00:04.5970656Z Evaluate and set environment url
prepare	Complete job	2026-10-05T10:00:04.5974427Z Evaluated environment url: 
prepare	Complete job	2026-10-05T10:00:04.5976471Z Cleaning up orphan processes
verify / web	UNKNOWN STEP	﻿2026-10-05T10:00:10.1785563Z Current runner version: '2.337.0'
verify / web	UNKNOWN STEP	2026-10-05T10:00:10.1803946Z ##[group]Runner Image Provisioner
verify / web	UNKNOWN STEP	2026-10-05T10:00:10.1804554Z Hosted Compute Agent
verify / web	UNKNOWN STEP	2026-10-05T10:00:10.1804969Z Version: 20260901.588
verify / web	UNKNOWN STEP	2026-10-05T10:00:10.1805379Z Commit: f88ec8081b781fac6c440065ac7ff9e710ce3d0b
verify / web	UNKNOWN STEP	2026-10-05T10:00:10.1805794Z Build Date: 2026-09-01T19:56:44Z
verify / web	UNKNOWN STEP	2026-10-05T10:00:10.1806243Z Worker ID: {d9958b0f-e229-43fd-a589-03fd86c21fa3}
verify / web	UNKNOWN STEP	2026-10-05T10:00:10.1806658Z Azure Region: centralus
verify / web	UNKNOWN STEP	2026-10-05T10:00:10.1807028Z ##[endgroup]
verify / web	UNKNOWN STEP	2026-10-05T10:00:10.1807903Z ##[group]Operating System
verify / web	UNKNOWN STEP	2026-10-05T10:00:10.1808281Z Ubuntu
verify / web	UNKNOWN STEP	2026-10-05T10:00:10.1808645Z 24.04.5
verify / web	UNKNOWN STEP	2026-10-05T10:00:10.1808955Z LTS
verify / web	UNKNOWN STEP	2026-10-05T10:00:10.1809284Z ##[endgroup]
verify / web	UNKNOWN STEP	2026-10-05T10:00:10.1809658Z ##[group]Runner Image
verify / web	UNKNOWN STEP	2026-10-05T10:00:10.1810029Z Image: ubuntu-24.04
verify / web	UNKNOWN STEP	2026-10-05T10:00:10.1810665Z Version: 20260927.320.1
verify / web	UNKNOWN STEP	2026-10-05T10:00:10.1811414Z Included Software: https://github.com/actions/runner-images/blob/ubuntu24/20260927.320/images/ubuntu/Ubuntu2404-Readme.md
verify / web	UNKNOWN STEP	2026-10-05T10:00:10.1812462Z Image Release: https://github.com/actions/runner-images/releases/tag/ubuntu24%2F20260927.320
verify / web	UNKNOWN STEP	2026-10-05T10:00:10.1813012Z ##[endgroup]
verify / web	UNKNOWN STEP	2026-10-05T10:00:10.1813745Z ##[group]GITHUB_TOKEN Permissions
verify / web	UNKNOWN STEP	2026-10-05T10:00:10.1815043Z Contents: read
verify / web	UNKNOWN STEP	2026-10-05T10:00:10.1815465Z Metadata: read
verify / web	UNKNOWN STEP	2026-10-05T10:00:10.1815802Z Pages: read
verify / web	UNKNOWN STEP	2026-10-05T10:00:10.1816184Z ##[endgroup]
verify / web	UNKNOWN STEP	2026-10-05T10:00:10.1817523Z Secret source: Actions
verify / web	UNKNOWN STEP	2026-10-05T10:00:10.1818074Z Cache mode: write
verify / web	UNKNOWN STEP	2026-10-05T10:00:10.1818675Z Prepare workflow directory
verify / web	UNKNOWN STEP	2026-10-05T10:00:10.3280109Z Prepare all required actions
verify / web	UNKNOWN STEP	2026-10-05T10:00:10.3311260Z Getting action download info
verify / web	UNKNOWN STEP	2026-10-05T10:00:10.5916665Z Download action repository 'actions/checkout@3d3c42e5aac5ba805825da76410c181273ba90b1' (SHA:3d3c42e5aac5ba805825da76410c181273ba90b1)
verify / web	UNKNOWN STEP	2026-10-05T10:00:10.7101564Z Download action repository 'jdx/mise-action@7a4e45a543138629540c9a1616d08632b893e492' (SHA:7a4e45a543138629540c9a1616d08632b893e492)
verify / web	UNKNOWN STEP	2026-10-05T10:00:11.4117900Z Download action repository 'actions/upload-artifact@043fb46d1a93c77aae656e7c1c64a875d1fc6a0a' (SHA:043fb46d1a93c77aae656e7c1c64a875d1fc6a0a)
verify / web	UNKNOWN STEP	2026-10-05T10:00:11.5047464Z Download action repository 'actions/configure-pages@45bfe0192ca1faeb007ade9deae92b16b8254a0d' (SHA:45bfe0192ca1faeb007ade9deae92b16b8254a0d)
verify / web	UNKNOWN STEP	2026-10-05T10:00:11.9726936Z Download action repository 'actions/upload-pages-artifact@fc324d3547104276b827a68afc52ff2a11cc49c9' (SHA:fc324d3547104276b827a68afc52ff2a11cc49c9)
verify / web	UNKNOWN STEP	2026-10-05T10:00:12.2120736Z Getting action download info
verify / web	UNKNOWN STEP	2026-10-05T10:00:12.3589143Z Download action repository 'actions/upload-artifact@bbbca2ddaa5d8feaa63e36b76fdaad77386f024f' (SHA:bbbca2ddaa5d8feaa63e36b76fdaad77386f024f)
verify / web	UNKNOWN STEP	2026-10-05T10:00:12.4749814Z Uses: Tien-Lam/ChronoShift/.github/workflows/web.yml@refs/heads/main (a868e4b956caf5d227edc430fc7dca97c0dc2eb6)
verify / web	UNKNOWN STEP	2026-10-05T10:00:12.4752489Z ##[group] Inputs
verify / web	UNKNOWN STEP	2026-10-05T10:00:12.4752836Z   publish-pages: true
verify / web	UNKNOWN STEP	2026-10-05T10:00:12.4752959Z   ci-timing: false
verify / web	UNKNOWN STEP	2026-10-05T10:00:12.4753099Z ##[endgroup]
verify / web	UNKNOWN STEP	2026-10-05T10:00:12.4753229Z Complete job name: verify / web
verify / web	UNKNOWN STEP	2026-10-05T10:00:12.5059204Z ##[group]Checking docker version
verify / web	UNKNOWN STEP	2026-10-05T10:00:12.5067690Z ##[command]/usr/bin/docker version --format '{{.Server.APIVersion}}'
verify / web	UNKNOWN STEP	2026-10-05T10:00:12.5906885Z '1.48'
verify / web	UNKNOWN STEP	2026-10-05T10:00:12.5921118Z Docker daemon API version: '1.48'
verify / web	UNKNOWN STEP	2026-10-05T10:00:12.5921544Z ##[command]/usr/bin/docker version --format '{{.Client.APIVersion}}'
verify / web	UNKNOWN STEP	2026-10-05T10:00:12.6051791Z '1.48'
verify / web	UNKNOWN STEP	2026-10-05T10:00:12.6062113Z Docker client API version: '1.48'
verify / web	UNKNOWN STEP	2026-10-05T10:00:12.6067613Z ##[endgroup]
verify / web	UNKNOWN STEP	2026-10-05T10:00:12.6068924Z ##[group]Clean up resources from previous jobs
verify / web	UNKNOWN STEP	2026-10-05T10:00:12.6073407Z ##[command]/usr/bin/docker ps --all --quiet --no-trunc --filter "label=03827d"
verify / web	UNKNOWN STEP	2026-10-05T10:00:12.6183011Z ##[command]/usr/bin/docker network prune --force --filter "label=03827d"
verify / web	UNKNOWN STEP	2026-10-05T10:00:12.6341606Z ##[endgroup]
verify / web	UNKNOWN STEP	2026-10-05T10:00:12.6341811Z ##[group]Create local container network
verify / web	UNKNOWN STEP	2026-10-05T10:00:12.6348439Z ##[command]/usr/bin/docker network create --label 03827d github_network_1928d61bd3784bdfaa372c5289711177
verify / web	UNKNOWN STEP	2026-10-05T10:00:12.7014938Z 4065f83a4f0a1a2ec95808e76946181046c15a79e925ffbc6414fe00d8506198
verify / web	UNKNOWN STEP	2026-10-05T10:00:12.7031232Z ##[endgroup]
verify / web	UNKNOWN STEP	2026-10-05T10:00:12.7049358Z ##[group]Starting job container
verify / web	UNKNOWN STEP	2026-10-05T10:00:12.7063906Z ##[command]/usr/bin/docker pull mcr.microsoft.com/playwright@sha256:eff16c30e6f3f4af0a03fa4b706120d5e9b0891c344a27d64559aff5900a4a27
verify / web	UNKNOWN STEP	2026-10-05T10:00:12.8002909Z mcr.microsoft.com/playwright@sha256:eff16c30e6f3f4af0a03fa4b706120d5e9b0891c344a27d64559aff5900a4a27: Pulling from playwright
verify / web	UNKNOWN STEP	2026-10-05T10:00:12.8344421Z 0926a8eb0e60: Pulling fs layer
verify / web	UNKNOWN STEP	2026-10-05T10:00:12.8344942Z e2bfec3c8017: Pulling fs layer
verify / web	UNKNOWN STEP	2026-10-05T10:00:12.8345510Z 74c72610aa2d: Pulling fs layer
verify / web	UNKNOWN STEP	2026-10-05T10:00:12.8345761Z d8cf7dc1ff62: Pulling fs layer
verify / web	UNKNOWN STEP	2026-10-05T10:00:12.8345908Z b4dfe9b5d621: Pulling fs layer
verify / web	UNKNOWN STEP	2026-10-05T10:00:12.8346055Z a2ac83a9a562: Pulling fs layer
verify / web	UNKNOWN STEP	2026-10-05T10:00:12.8346189Z 1b189482e65c: Pulling fs layer
verify / web	UNKNOWN STEP	2026-10-05T10:00:12.8346346Z a2ac83a9a562: Waiting
verify / web	UNKNOWN STEP	2026-10-05T10:00:12.8346542Z 1b189482e65c: Waiting
verify / web	UNKNOWN STEP	2026-10-05T10:00:12.8346656Z d8cf7dc1ff62: Waiting
verify / web	UNKNOWN STEP	2026-10-05T10:00:12.8346766Z b4dfe9b5d621: Waiting
verify / web	UNKNOWN STEP	2026-10-05T10:00:12.8949433Z 74c72610aa2d: Verifying Checksum
verify / web	UNKNOWN STEP	2026-10-05T10:00:12.8954774Z 74c72610aa2d: Download complete
verify / web	UNKNOWN STEP	2026-10-05T10:00:13.0065645Z 0926a8eb0e60: Verifying Checksum
verify / web	UNKNOWN STEP	2026-10-05T10:00:13.0066794Z 0926a8eb0e60: Download complete
verify / web	UNKNOWN STEP	2026-10-05T10:00:13.5325144Z e2bfec3c8017: Download complete
verify / web	UNKNOWN STEP	2026-10-05T10:00:14.0074568Z 0926a8eb0e60: Pull complete
verify / web	UNKNOWN STEP	2026-10-05T10:00:14.3660641Z a2ac83a9a562: Verifying Checksum
verify / web	UNKNOWN STEP	2026-10-05T10:00:14.3660968Z a2ac83a9a562: Download complete
verify / web	UNKNOWN STEP	2026-10-05T10:00:14.6633834Z d8cf7dc1ff62: Verifying Checksum
verify / web	UNKNOWN STEP	2026-10-05T10:00:14.6634853Z d8cf7dc1ff62: Download complete
verify / web	UNKNOWN STEP	2026-10-05T10:00:14.9390136Z b4dfe9b5d621: Verifying Checksum
verify / web	UNKNOWN STEP	2026-10-05T10:00:14.9390520Z b4dfe9b5d621: Download complete
verify / web	UNKNOWN STEP	2026-10-05T10:00:15.1478162Z 1b189482e65c: Verifying Checksum
verify / web	UNKNOWN STEP	2026-10-05T10:00:15.1479413Z 1b189482e65c: Download complete
verify / web	UNKNOWN STEP	2026-10-05T10:00:26.4287174Z e2bfec3c8017: Pull complete
verify / web	UNKNOWN STEP	2026-10-05T10:00:26.4574965Z 74c72610aa2d: Pull complete
verify / web	UNKNOWN STEP	2026-10-05T10:00:35.7447593Z d8cf7dc1ff62: Pull complete
verify / web	UNKNOWN STEP	2026-10-05T10:00:41.9080377Z b4dfe9b5d621: Pull complete
verify / web	UNKNOWN STEP	2026-10-05T10:00:44.5841019Z a2ac83a9a562: Pull complete
verify / web	UNKNOWN STEP	2026-10-05T10:00:47.2873246Z 1b189482e65c: Pull complete
verify / web	UNKNOWN STEP	2026-10-05T10:00:47.2932341Z Digest: sha256:eff16c30e6f3f4af0a03fa4b706120d5e9b0891c344a27d64559aff5900a4a27
verify / web	UNKNOWN STEP	2026-10-05T10:00:47.2938426Z Status: Downloaded newer image for mcr.microsoft.com/playwright@sha256:eff16c30e6f3f4af0a03fa4b706120d5e9b0891c344a27d64559aff5900a4a27
verify / web	UNKNOWN STEP	2026-10-05T10:00:47.2946004Z mcr.microsoft.com/playwright@sha256:eff16c30e6f3f4af0a03fa4b706120d5e9b0891c344a27d64559aff5900a4a27
verify / web	UNKNOWN STEP	2026-10-05T10:00:47.3010228Z ##[command]/usr/bin/docker create --name a58ea19556f14063a32695145017062d_mcrmicrosoftcomplaywrightsha256eff16c30e6f3f4af0a03fa4b706120d5e9b0891c344a27d64559aff5900a4a27_b55d78 --label 03827d --workdir /__w/ChronoShift/ChronoShift --network github_network_1928d61bd3784bdfaa372c5289711177 --user 1001:1001 --ipc=host --init -e "HOME=/github/home" -e GITHUB_ACTIONS=true -e CI=true -v "/var/run/docker.sock":"/var/run/docker.sock" -v "/home/runner/work":"/__w" -v "/home/runner/actions-runner/cached/2.337.0/externals":"/__e":ro -v "/home/runner/work/_temp":"/__w/_temp" -v "/home/runner/work/_actions":"/__w/_actions" -v "/opt/hostedtoolcache":"/__t" -v "/home/runner/work/_temp/_github_home":"/github/home" -v "/home/runner/work/_temp/_github_workflow":"/github/workflow" --entrypoint "tail" mcr.microsoft.com/playwright@sha256:eff16c30e6f3f4af0a03fa4b706120d5e9b0891c344a27d64559aff5900a4a27 "-f" "/dev/null"
verify / web	UNKNOWN STEP	2026-10-05T10:00:47.3243135Z 87dbc12c5d9742c30c478212643f88924983e975709914a4a3e1e2b5d8c062f7
verify / web	UNKNOWN STEP	2026-10-05T10:00:47.3252661Z ##[command]/usr/bin/docker start 87dbc12c5d9742c30c478212643f88924983e975709914a4a3e1e2b5d8c062f7
verify / web	UNKNOWN STEP	2026-10-05T10:00:47.4819282Z 87dbc12c5d9742c30c478212643f88924983e975709914a4a3e1e2b5d8c062f7
verify / web	UNKNOWN STEP	2026-10-05T10:00:47.4836085Z ##[command]/usr/bin/docker ps --all --filter id=87dbc12c5d9742c30c478212643f88924983e975709914a4a3e1e2b5d8c062f7 --filter status=running --no-trunc --format "{{.ID}} {{.Status}}"
verify / web	UNKNOWN STEP	2026-10-05T10:00:47.4924842Z 87dbc12c5d9742c30c478212643f88924983e975709914a4a3e1e2b5d8c062f7 Up Less than a second
verify / web	UNKNOWN STEP	2026-10-05T10:00:47.4942067Z ##[command]/usr/bin/docker inspect --format "{{range .Config.Env}}{{println .}}{{end}}" 87dbc12c5d9742c30c478212643f88924983e975709914a4a3e1e2b5d8c062f7
verify / web	UNKNOWN STEP	2026-10-05T10:00:47.5029868Z HOME=/github/home
verify / web	UNKNOWN STEP	2026-10-05T10:00:47.5030112Z GITHUB_ACTIONS=true
verify / web	UNKNOWN STEP	2026-10-05T10:00:47.5030262Z CI=true
verify / web	UNKNOWN STEP	2026-10-05T10:00:47.5030460Z PATH=/usr/local/sbin:/usr/local/bin:/usr/sbin:/usr/bin:/sbin:/bin
verify / web	UNKNOWN STEP	2026-10-05T10:00:47.5030697Z LANG=C.UTF-8
verify / web	UNKNOWN STEP	2026-10-05T10:00:47.5030871Z LC_ALL=C.UTF-8
verify / web	UNKNOWN STEP	2026-10-05T10:00:47.5031001Z PLAYWRIGHT_BROWSERS_PATH=/ms-playwright
verify / web	UNKNOWN STEP	2026-10-05T10:00:47.5047494Z ##[endgroup]
verify / web	UNKNOWN STEP	2026-10-05T10:00:47.5054662Z ##[group]Waiting for all services to be ready
verify / web	UNKNOWN STEP	2026-10-05T10:00:47.5056177Z ##[endgroup]
verify / web	UNKNOWN STEP	2026-10-05T10:00:47.5227218Z ##[group]Run actions/checkout@3d3c42e5aac5ba805825da76410c181273ba90b1
verify / web	UNKNOWN STEP	2026-10-05T10:00:47.5227531Z with:
verify / web	UNKNOWN STEP	2026-10-05T10:00:47.5227668Z   repository: Tien-Lam/ChronoShift
verify / web	UNKNOWN STEP	2026-10-05T10:00:47.5229095Z   token: ***
verify / web	UNKNOWN STEP	2026-10-05T10:00:47.5229211Z   ssh-strict: true
verify / web	UNKNOWN STEP	2026-10-05T10:00:47.5229333Z   ssh-user: git
verify / web	UNKNOWN STEP	2026-10-05T10:00:47.5229458Z   persist-credentials: true
verify / web	UNKNOWN STEP	2026-10-05T10:00:47.5229597Z   clean: true
verify / web	UNKNOWN STEP	2026-10-05T10:00:47.5229722Z   sparse-checkout-cone-mode: true
verify / web	UNKNOWN STEP	2026-10-05T10:00:47.5229868Z   fetch-depth: 1
verify / web	UNKNOWN STEP	2026-10-05T10:00:47.5229983Z   fetch-tags: false
verify / web	UNKNOWN STEP	2026-10-05T10:00:47.5230102Z   show-progress: true
verify / web	UNKNOWN STEP	2026-10-05T10:00:47.5230225Z   lfs: false
verify / web	UNKNOWN STEP	2026-10-05T10:00:47.5230336Z   submodules: false
verify / web	UNKNOWN STEP	2026-10-05T10:00:47.5230457Z   set-safe-directory: true
verify / web	UNKNOWN STEP	2026-10-05T10:00:47.5230602Z   allow-unsafe-pr-checkout: false
verify / web	UNKNOWN STEP	2026-10-05T10:00:47.5230814Z env:
verify / web	UNKNOWN STEP	2026-10-05T10:00:47.5230941Z   PLAYWRIGHT_BROWSERS_PATH: /ms-playwright
verify / web	UNKNOWN STEP	2026-10-05T10:00:47.5231110Z   PLAYWRIGHT_IMAGE_VERSION: 1.63.0
verify / web	UNKNOWN STEP	2026-10-05T10:00:47.5231393Z   CHRONOSHIFT_CI_TIMING: 0
verify / web	UNKNOWN STEP	2026-10-05T10:00:47.5231543Z   PUBLISH_PAGES: true
verify / web	UNKNOWN STEP	2026-10-05T10:00:47.5231667Z ##[endgroup]
verify / web	UNKNOWN STEP	2026-10-05T10:00:47.5271284Z ##[command]/usr/bin/docker exec  87dbc12c5d9742c30c478212643f88924983e975709914a4a3e1e2b5d8c062f7 sh -c "cat /etc/*release | grep ^ID"
verify / web	UNKNOWN STEP	2026-10-05T10:00:47.6669441Z Syncing repository: Tien-Lam/ChronoShift
verify / web	UNKNOWN STEP	2026-10-05T10:00:47.6670637Z ##[group]Getting Git version info
verify / web	UNKNOWN STEP	2026-10-05T10:00:47.6670851Z Working directory is '/__w/ChronoShift/ChronoShift'
verify / web	UNKNOWN STEP	2026-10-05T10:00:47.6671230Z [command]/usr/bin/git version
verify / web	UNKNOWN STEP	2026-10-05T10:00:47.6671379Z git version 2.43.0
verify / web	UNKNOWN STEP	2026-10-05T10:00:47.6671887Z ##[endgroup]
verify / web	UNKNOWN STEP	2026-10-05T10:00:47.6679301Z Temporarily overriding HOME='/__w/_temp/1ceabc34-a4f4-4b0b-a5e9-6168eb98389f' before making global git config changes
verify / web	UNKNOWN STEP	2026-10-05T10:00:47.6680227Z Adding repository directory to the temporary git global config as a safe directory
verify / web	UNKNOWN STEP	2026-10-05T10:00:47.6691295Z [command]/usr/bin/git config --global --add safe.directory /__w/ChronoShift/ChronoShift
verify / web	UNKNOWN STEP	2026-10-05T10:00:47.6720855Z Deleting the contents of '/__w/ChronoShift/ChronoShift'
verify / web	UNKNOWN STEP	2026-10-05T10:00:47.6723816Z ##[group]Determining repository object format
verify / web	UNKNOWN STEP	2026-10-05T10:00:47.6725040Z ##[endgroup]
verify / web	UNKNOWN STEP	2026-10-05T10:00:47.6726477Z ##[group]Initializing the repository
verify / web	UNKNOWN STEP	2026-10-05T10:00:47.6728157Z [command]/usr/bin/git init /__w/ChronoShift/ChronoShift
verify / web	UNKNOWN STEP	2026-10-05T10:00:47.6767065Z hint: Using 'master' as the name for the initial branch. This default branch name
verify / web	UNKNOWN STEP	2026-10-05T10:00:47.6767902Z hint: is subject to change. To configure the initial branch name to use in all
verify / web	UNKNOWN STEP	2026-10-05T10:00:47.6768492Z hint: of your new repositories, which will suppress this warning, call:
verify / web	UNKNOWN STEP	2026-10-05T10:00:47.6768826Z hint: 
verify / web	UNKNOWN STEP	2026-10-05T10:00:47.6769151Z hint: 	git config --global init.defaultBranch <name>
verify / web	UNKNOWN STEP	2026-10-05T10:00:47.6769459Z hint: 
verify / web	UNKNOWN STEP	2026-10-05T10:00:47.6769756Z hint: Names commonly chosen instead of 'master' are 'main', 'trunk' and
verify / web	UNKNOWN STEP	2026-10-05T10:00:47.6770182Z hint: 'development'. The just-created branch can be renamed via this command:
verify / web	UNKNOWN STEP	2026-10-05T10:00:47.6770766Z hint: 
verify / web	UNKNOWN STEP	2026-10-05T10:00:47.6771014Z hint: 	git branch -m <name>
verify / web	UNKNOWN STEP	2026-10-05T10:00:47.6804498Z Initialized empty Git repository in /__w/ChronoShift/ChronoShift/.git/
verify / web	UNKNOWN STEP	2026-10-05T10:00:47.6815320Z [command]/usr/bin/git remote add origin https://github.com/Tien-Lam/ChronoShift
verify / web	UNKNOWN STEP	2026-10-05T10:00:47.6847343Z ##[endgroup]
verify / web	UNKNOWN STEP	2026-10-05T10:00:47.6847728Z ##[group]Disabling automatic garbage collection
verify / web	UNKNOWN STEP	2026-10-05T10:00:47.6850110Z [command]/usr/bin/git config --local gc.auto 0
verify / web	UNKNOWN STEP	2026-10-05T10:00:47.6877708Z ##[endgroup]
verify / web	UNKNOWN STEP	2026-10-05T10:00:47.6878421Z ##[group]Setting up auth
verify / web	UNKNOWN STEP	2026-10-05T10:00:47.6878596Z Removing SSH command configuration
verify / web	UNKNOWN STEP	2026-10-05T10:00:47.6884572Z [command]/usr/bin/git config --local --name-only --get-regexp core\.sshCommand
verify / web	UNKNOWN STEP	2026-10-05T10:00:47.6910783Z [command]/usr/bin/git submodule foreach --recursive sh -c "git config --local --name-only --get-regexp 'core\.sshCommand' && git config --local --unset-all 'core.sshCommand' || :"
verify / web	UNKNOWN STEP	2026-10-05T10:00:47.7125920Z Removing HTTP extra header
verify / web	UNKNOWN STEP	2026-10-05T10:00:47.7130847Z [command]/usr/bin/git config --local --name-only --get-regexp http\.https\:\/\/github\.com\/\.extraheader
verify / web	UNKNOWN STEP	2026-10-05T10:00:47.7161701Z [command]/usr/bin/git submodule foreach --recursive sh -c "git config --local --name-only --get-regexp 'http\.https\:\/\/github\.com\/\.extraheader' && git config --local --unset-all 'http.https://github.com/.extraheader' || :"
verify / web	UNKNOWN STEP	2026-10-05T10:00:47.7360445Z Removing includeIf entries pointing to credentials config files
verify / web	UNKNOWN STEP	2026-10-05T10:00:47.7364388Z [command]/usr/bin/git config --local --name-only --get-regexp ^includeIf\.gitdir:
verify / web	UNKNOWN STEP	2026-10-05T10:00:47.7392489Z [command]/usr/bin/git submodule foreach --recursive git config --local --show-origin --name-only --get-regexp remote.origin.url
verify / web	UNKNOWN STEP	2026-10-05T10:00:47.7585902Z [command]/usr/bin/git config --file /__w/_temp/git-credentials-1e3f9b90-4f15-4590-b345-288cbc79c982.config http.https://github.com/.extraheader AUTHORIZATION: basic ***
verify / web	UNKNOWN STEP	2026-10-05T10:00:47.7621527Z [command]/usr/bin/git config --local includeIf.gitdir:/__w/ChronoShift/ChronoShift/.git.path /__w/_temp/git-credentials-1e3f9b90-4f15-4590-b345-288cbc79c982.config
verify / web	UNKNOWN STEP	2026-10-05T10:00:47.7657321Z [command]/usr/bin/git config --local includeIf.gitdir:/__w/ChronoShift/ChronoShift/.git/worktrees/*.path /__w/_temp/git-credentials-1e3f9b90-4f15-4590-b345-288cbc79c982.config
verify / web	UNKNOWN STEP	2026-10-05T10:00:47.7687332Z [command]/usr/bin/git config --local includeIf.gitdir:/github/workspace/.git.path /github/runner_temp/git-credentials-1e3f9b90-4f15-4590-b345-288cbc79c982.config
verify / web	UNKNOWN STEP	2026-10-05T10:00:47.7716890Z [command]/usr/bin/git config --local includeIf.gitdir:/github/workspace/.git/worktrees/*.path /github/runner_temp/git-credentials-1e3f9b90-4f15-4590-b345-288cbc79c982.config
verify / web	UNKNOWN STEP	2026-10-05T10:00:47.7744383Z ##[endgroup]
verify / web	UNKNOWN STEP	2026-10-05T10:00:47.7744785Z ##[group]Fetching the repository
verify / web	UNKNOWN STEP	2026-10-05T10:00:47.7749841Z [command]/usr/bin/git -c protocol.version=2 fetch --no-tags --prune --no-recurse-submodules --depth=1 origin +a868e4b956caf5d227edc430fc7dca97c0dc2eb6:refs/remotes/origin/main
verify / web	UNKNOWN STEP	2026-10-05T10:00:51.0746506Z From https://github.com/Tien-Lam/ChronoShift
verify / web	UNKNOWN STEP	2026-10-05T10:00:51.0746843Z  * [new ref]         a868e4b956caf5d227edc430fc7dca97c0dc2eb6 -> origin/main
verify / web	UNKNOWN STEP	2026-10-05T10:00:51.0765959Z [command]/usr/bin/git branch --list --remote origin/main
verify / web	UNKNOWN STEP	2026-10-05T10:00:51.0790047Z   origin/main
verify / web	UNKNOWN STEP	2026-10-05T10:00:51.0795790Z [command]/usr/bin/git rev-parse refs/remotes/origin/main
verify / web	UNKNOWN STEP	2026-10-05T10:00:51.0817618Z a868e4b956caf5d227edc430fc7dca97c0dc2eb6
verify / web	UNKNOWN STEP	2026-10-05T10:00:51.0820083Z ##[endgroup]
verify / web	UNKNOWN STEP	2026-10-05T10:00:51.0820748Z ##[group]Determining the checkout info
verify / web	UNKNOWN STEP	2026-10-05T10:00:51.0821389Z ##[endgroup]
verify / web	UNKNOWN STEP	2026-10-05T10:00:51.0824257Z [command]/usr/bin/git sparse-checkout disable
verify / web	UNKNOWN STEP	2026-10-05T10:00:51.0879933Z [command]/usr/bin/git config --local --unset-all extensions.worktreeConfig
verify / web	UNKNOWN STEP	2026-10-05T10:00:51.0907502Z ##[group]Checking out the ref
verify / web	UNKNOWN STEP	2026-10-05T10:00:51.0909386Z [command]/usr/bin/git checkout --progress --force -B main refs/remotes/origin/main
verify / web	UNKNOWN STEP	2026-10-05T10:00:51.4941557Z Switched to a new branch 'main'
verify / web	UNKNOWN STEP	2026-10-05T10:00:51.4941874Z branch 'main' set up to track 'origin/main'.
verify / web	UNKNOWN STEP	2026-10-05T10:00:51.4978884Z ##[endgroup]
verify / web	UNKNOWN STEP	2026-10-05T10:00:51.5018548Z [command]/usr/bin/git log -1 --format=%H
verify / web	UNKNOWN STEP	2026-10-05T10:00:51.5050428Z a868e4b956caf5d227edc430fc7dca97c0dc2eb6
verify / web	UNKNOWN STEP	2026-10-05T10:00:51.5256066Z ##[group]Run cp -f docs/planning/corpus-audit.json "$RUNNER_TEMP/chronoshift-corpus-audit.json"
verify / web	UNKNOWN STEP	2026-10-05T10:00:51.5256509Z ^[[36;1mcp -f docs/planning/corpus-audit.json "$RUNNER_TEMP/chronoshift-corpus-audit.json"^[[0m
verify / web	UNKNOWN STEP	2026-10-05T10:00:51.5259860Z shell: bash --noprofile --norc -e -o pipefail {0}
verify / web	UNKNOWN STEP	2026-10-05T10:00:51.5260037Z env:
verify / web	UNKNOWN STEP	2026-10-05T10:00:51.5260169Z   PLAYWRIGHT_BROWSERS_PATH: /ms-playwright
verify / web	UNKNOWN STEP	2026-10-05T10:00:51.5260333Z   PLAYWRIGHT_IMAGE_VERSION: 1.63.0
verify / web	UNKNOWN STEP	2026-10-05T10:00:51.5260483Z   CHRONOSHIFT_CI_TIMING: 0
verify / web	UNKNOWN STEP	2026-10-05T10:00:51.5260614Z   PUBLISH_PAGES: true
verify / web	UNKNOWN STEP	2026-10-05T10:00:51.5260735Z ##[endgroup]
verify / web	UNKNOWN STEP	2026-10-05T10:00:51.5901508Z ##[group]Run jdx/mise-action@7a4e45a543138629540c9a1616d08632b893e492
verify / web	UNKNOWN STEP	2026-10-05T10:00:51.5901728Z with:
verify / web	UNKNOWN STEP	2026-10-05T10:00:51.5901846Z   minimum_release_age: 24h
verify / web	UNKNOWN STEP	2026-10-05T10:00:51.5901977Z   install: true
verify / web	UNKNOWN STEP	2026-10-05T10:00:51.5902093Z   bootstrap: false
verify / web	UNKNOWN STEP	2026-10-05T10:00:51.5902206Z   cache: true
verify / web	UNKNOWN STEP	2026-10-05T10:00:51.5902506Z   cache_save: true
verify / web	UNKNOWN STEP	2026-10-05T10:00:51.5902625Z   cache_key_prefix: mise-v1
verify / web	UNKNOWN STEP	2026-10-05T10:00:51.5902759Z   experimental: false
verify / web	UNKNOWN STEP	2026-10-05T10:00:51.5902881Z   log_level: info
verify / web	UNKNOWN STEP	2026-10-05T10:00:51.5902991Z   reshim: false
verify / web	UNKNOWN STEP	2026-10-05T10:00:51.5903108Z   add_shims_to_path: true
verify / web	UNKNOWN STEP	2026-10-05T10:00:51.5904541Z   github_token: ***
verify / web	UNKNOWN STEP	2026-10-05T10:00:51.5904663Z   fetch_from_github: true
verify / web	UNKNOWN STEP	2026-10-05T10:00:51.5904787Z   env: true
verify / web	UNKNOWN STEP	2026-10-05T10:00:51.5904893Z   export_path: true
verify / web	UNKNOWN STEP	2026-10-05T10:00:51.5905011Z   wings_enabled: false
verify / web	UNKNOWN STEP	2026-10-05T10:00:51.5905132Z env:
verify / web	UNKNOWN STEP	2026-10-05T10:00:51.5905261Z   PLAYWRIGHT_BROWSERS_PATH: /ms-playwright
verify / web	UNKNOWN STEP	2026-10-05T10:00:51.5905463Z   PLAYWRIGHT_IMAGE_VERSION: 1.63.0
verify / web	UNKNOWN STEP	2026-10-05T10:00:51.5905613Z   CHRONOSHIFT_CI_TIMING: 0
verify / web	UNKNOWN STEP	2026-10-05T10:00:51.5905749Z   PUBLISH_PAGES: true
verify / web	UNKNOWN STEP	2026-10-05T10:00:51.5905870Z ##[endgroup]
verify / web	UNKNOWN STEP	2026-10-05T10:00:51.5910754Z ##[command]/usr/bin/docker exec  87dbc12c5d9742c30c478212643f88924983e975709914a4a3e1e2b5d8c062f7 sh -c "cat /etc/*release | grep ^ID"
verify / web	UNKNOWN STEP	2026-10-05T10:00:51.7415982Z ##[group]Restoring mise cache
verify / web	UNKNOWN STEP	2026-10-05T10:00:51.7462523Z [command]/usr/bin/ldd --version
verify / web	UNKNOWN STEP	2026-10-05T10:00:51.7502773Z ldd (Ubuntu GLIBC 2.39-0ubuntu8.8) 2.39
verify / web	UNKNOWN STEP	2026-10-05T10:00:51.7503282Z Copyright (C) 2024 Free Software Foundation, Inc.
verify / web	UNKNOWN STEP	2026-10-05T10:00:51.7503668Z This is free software; see the source for copying conditions.  There is NO
verify / web	UNKNOWN STEP	2026-10-05T10:00:51.7504238Z warranty; not even for MERCHANTABILITY or FITNESS FOR A PARTICULAR PURPOSE.
verify / web	UNKNOWN STEP	2026-10-05T10:00:51.7504629Z Written by Roland McGrath and Ulrich Drepper.
verify / web	UNKNOWN STEP	2026-10-05T10:00:52.1545843Z mise cache not found for mise-v1-linux-x64-self-hosted-c431b670824c497264adda817284eefbf26de4a6a9a9aa17ee83e04238eaee3d
verify / web	UNKNOWN STEP	2026-10-05T10:00:52.1563024Z Using curl to download mise
verify / web	UNKNOWN STEP	2026-10-05T10:00:52.3504116Z Selected mise 2026.10.1, released 2026-10-03T14:12:48.000Z, with minimum_release_age=24h
verify / web	UNKNOWN STEP	2026-10-05T10:00:52.3507163Z [command]/usr/bin/ldd --version
verify / web	UNKNOWN STEP	2026-10-05T10:00:52.3539947Z ldd (Ubuntu GLIBC 2.39-0ubuntu8.8) 2.39
verify / web	UNKNOWN STEP	2026-10-05T10:00:52.3540347Z Copyright (C) 2024 Free Software Foundation, Inc.
verify / web	UNKNOWN STEP	2026-10-05T10:00:52.3540717Z This is free software; see the source for copying conditions.  There is NO
verify / web	UNKNOWN STEP	2026-10-05T10:00:52.3541161Z warranty; not even for MERCHANTABILITY or FITNESS FOR A PARTICULAR PURPOSE.
verify / web	UNKNOWN STEP	2026-10-05T10:00:52.3541542Z Written by Roland McGrath and Ulrich Drepper.
verify / web	UNKNOWN STEP	2026-10-05T10:00:52.3543858Z ##[group]Setup mise
verify / web	UNKNOWN STEP	2026-10-05T10:00:52.3630186Z [command]/usr/bin/curl -fsSL https://github.com/jdx/mise/releases/download/v2026.10.1/mise-v2026.10.1-linux-x64.tar.gz --output /tmp/mise-action-p2guLl/mise-v2026.10.1-linux-x64.tar.gz
verify / web	UNKNOWN STEP	2026-10-05T10:00:53.1225177Z Verified mise-v2026.10.1-linux-x64.tar.gz against signed checksums
verify / web	UNKNOWN STEP	2026-10-05T10:00:53.1231252Z [command]/usr/bin/tar -xzf /tmp/mise-action-p2guLl/mise-v2026.10.1-linux-x64.tar.gz -C /tmp/mise-action-p2guLl
verify / web	UNKNOWN STEP	2026-10-05T10:00:53.8714805Z [command]/usr/bin/mv /tmp/mise-action-p2guLl/mise/bin/mise /github/home/.local/share/mise/bin/mise
verify / web	UNKNOWN STEP	2026-10-05T10:00:53.9430124Z ##[group]Setting env vars
verify / web	UNKNOWN STEP	2026-10-05T10:00:53.9430311Z Setting MISE_LOG_LEVEL=info
verify / web	UNKNOWN STEP	2026-10-05T10:00:53.9433022Z Setting MISE_GITHUB_TOKEN=***
verify / web	UNKNOWN STEP	2026-10-05T10:00:53.9433325Z Setting MISE_TRUSTED_CONFIG_PATHS=/__w/ChronoShift/ChronoShift
verify / web	UNKNOWN STEP	2026-10-05T10:00:53.9433764Z Setting MISE_YES=1
verify / web	UNKNOWN STEP	2026-10-05T10:00:53.9434147Z Adding /github/home/.local/share/mise/shims to PATH
verify / web	UNKNOWN STEP	2026-10-05T10:00:53.9434865Z ##[group]Running mise --version
verify / web	UNKNOWN STEP	2026-10-05T10:00:53.9440148Z [command]/github/home/.local/share/mise/bin/mise --version
verify / web	UNKNOWN STEP	2026-10-05T10:00:53.9483549Z 2026.10.1 linux-x64 (2026-10-03)
verify / web	UNKNOWN STEP	2026-10-05T10:00:53.9495584Z ##[endgroup]
verify / web	UNKNOWN STEP	2026-10-05T10:00:53.9552404Z ##[group]Running mise install
verify / web	UNKNOWN STEP	2026-10-05T10:00:53.9557468Z [command]/github/home/.local/share/mise/bin/mise install
verify / web	UNKNOWN STEP	2026-10-05T10:00:53.9620930Z ^[[2mmise^[[0m ^[[2mby @jdx^[[0m – installing 3 tools
verify / web	UNKNOWN STEP	2026-10-05T10:00:55.3661235Z ^[[2mmise^[[0m ^[[34mbun^[[0m@1.4.0 1.4.0
verify / web	UNKNOWN STEP	2026-10-05T10:00:55.3744739Z ^[[2mmise^[[0m ^[[38;5;10m✓^[[0m ^[[34mbun^[[0m@1.4.0    1.3s  ^[[2mbun-linux-x64.zip^[[0m
verify / web	UNKNOWN STEP	2026-10-05T10:00:55.8679007Z ^[[2mmise^[[0m ^[[38;5;10m✓^[[0m ^[[34mgh^[[0m@2.100.0   1.8s  ^[[2mgh_2.100.0_linux_amd64.tar.gz^[[0m
verify / web	UNKNOWN STEP	2026-10-05T10:00:56.3023200Z ^[[2mmise^[[0m ^[[34mnode^[[0m@26.8.1 v26.8.1
verify / web	UNKNOWN STEP	2026-10-05T10:00:56.3650219Z ^[[2mmise^[[0m ^[[34mnode^[[0m@26.8.1 11.19.0
verify / web	UNKNOWN STEP	2026-10-05T10:00:56.3844325Z ^[[2mmise^[[0m ^[[38;5;10m✓^[[0m ^[[34mnode^[[0m@26.8.1  2.3s  ^[[2mnode-v26.8.1-linux-x64.tar.gz^[[0m
verify / web	UNKNOWN STEP	2026-10-05T10:00:56.3844754Z ^[[2mmise^[[0m ^[[36m████████████████^[[0m^[[31m^[[0m^[[2m^[[0m 3/3 · installed 3 tools in 2.4s
verify / web	UNKNOWN STEP	2026-10-05T10:00:56.3926807Z ##[endgroup]
verify / web	UNKNOWN STEP	2026-10-05T10:00:56.3927351Z ##[group]Saving mise cache
verify / web	UNKNOWN STEP	2026-10-05T10:00:56.3964528Z [command]/usr/bin/tar --posix -cf cache.tgz --exclude cache.tgz -P -C /__w/ChronoShift/ChronoShift --files-from manifest.txt -z
verify / web	UNKNOWN STEP	2026-10-05T10:01:11.9341977Z Sent 32107267 of 166324995 (19.3%), 30.6 MBs/sec
verify / web	UNKNOWN STEP	2026-10-05T10:01:12.4989109Z Sent 166324995 of 166324995 (100.0%), 101.1 MBs/sec
verify / web	UNKNOWN STEP	2026-10-05T10:01:12.6893806Z Cache saved from /github/home/.local/share/mise with key: mise-v1-linux-x64-self-hosted-c431b670824c497264adda817284eefbf26de4a6a9a9aa17ee83e04238eaee3d
verify / web	UNKNOWN STEP	2026-10-05T10:01:12.6895335Z ##[endgroup]
verify / web	UNKNOWN STEP	2026-10-05T10:01:12.6895569Z ##[group]Running mise ls
verify / web	UNKNOWN STEP	2026-10-05T10:01:12.6901660Z [command]/github/home/.local/share/mise/bin/mise ls
verify / web	UNKNOWN STEP	2026-10-05T10:01:12.6984766Z bun   1.4.0    /__w/ChronoShift/ChronoShift/mise.toml  1.4.0
verify / web	UNKNOWN STEP	2026-10-05T10:01:12.6985601Z gh    2.100.0  /__w/ChronoShift/ChronoShift/mise.toml  2.100.0
verify / web	UNKNOWN STEP	2026-10-05T10:01:12.6986259Z node  26.8.1   /__w/ChronoShift/ChronoShift/mise.toml  26.8.1
verify / web	UNKNOWN STEP	2026-10-05T10:01:12.6995816Z ##[endgroup]
verify / web	UNKNOWN STEP	2026-10-05T10:01:12.6997390Z ##[group]Exporting mise environment variables
verify / web	UNKNOWN STEP	2026-10-05T10:01:12.7103688Z [command]/github/home/.local/share/mise/bin/mise env --json
verify / web	UNKNOWN STEP	2026-10-05T10:01:12.7183865Z {
verify / web	UNKNOWN STEP	2026-10-05T10:01:12.7185189Z   "PATH": "/github/home/.local/share/mise/installs/bun/1.4.0/bin:/github/home/.local/share/mise/installs/node/26.8.1/bin:/github/home/.local/share/mise/installs/gh/2.100.0/gh_2.100.0_linux_amd64/bin:/github/home/.local/share/mise/shims:/github/home/.local/share/mise/bin:/usr/local/sbin:/usr/local/bin:/usr/sbin:/usr/bin:/sbin:/bin"
verify / web	UNKNOWN STEP	2026-10-05T10:01:12.7186270Z }
verify / web	UNKNOWN STEP	2026-10-05T10:01:12.7193519Z Adding /github/home/.local/share/mise/installs/gh/2.100.0/gh_2.100.0_linux_amd64/bin to PATH
verify / web	UNKNOWN STEP	2026-10-05T10:01:12.7195859Z Adding /github/home/.local/share/mise/installs/node/26.8.1/bin to PATH
verify / web	UNKNOWN STEP	2026-10-05T10:01:12.7196259Z Adding /github/home/.local/share/mise/installs/bun/1.4.0/bin to PATH
verify / web	UNKNOWN STEP	2026-10-05T10:01:12.7197064Z ##[endgroup]
verify / web	UNKNOWN STEP	2026-10-05T10:01:12.7342846Z ##[group]Run bun install --frozen-lockfile
verify / web	UNKNOWN STEP	2026-10-05T10:01:12.7343166Z ^[[36;1mbun install --frozen-lockfile^[[0m
verify / web	UNKNOWN STEP	2026-10-05T10:01:12.7343710Z shell: bash --noprofile --norc -e -o pipefail {0}
verify / web	UNKNOWN STEP	2026-10-05T10:01:12.7343884Z env:
verify / web	UNKNOWN STEP	2026-10-05T10:01:12.7344018Z   PLAYWRIGHT_BROWSERS_PATH: /ms-playwright
verify / web	UNKNOWN STEP	2026-10-05T10:01:12.7344336Z   PLAYWRIGHT_IMAGE_VERSION: 1.63.0
verify / web	UNKNOWN STEP	2026-10-05T10:01:12.7344492Z   CHRONOSHIFT_CI_TIMING: 0
verify / web	UNKNOWN STEP	2026-10-05T10:01:12.7344629Z   PUBLISH_PAGES: true
verify / web	UNKNOWN STEP	2026-10-05T10:01:12.7344753Z   MISE_LOG_LEVEL: info
verify / web	UNKNOWN STEP	2026-10-05T10:01:12.7346264Z   MISE_GITHUB_TOKEN: ***
verify / web	UNKNOWN STEP	2026-10-05T10:01:12.7346433Z   MISE_TRUSTED_CONFIG_PATHS: /__w/ChronoShift/ChronoShift
verify / web	UNKNOWN STEP	2026-10-05T10:01:12.7346614Z   MISE_YES: 1
verify / web	UNKNOWN STEP	2026-10-05T10:01:12.7346732Z ##[endgroup]
verify / web	UNKNOWN STEP	2026-10-05T10:01:12.7759324Z bun install v1.4.0 (34cbb9a40)
verify / web	UNKNOWN STEP	2026-10-05T10:01:13.7805535Z 
verify / web	UNKNOWN STEP	2026-10-05T10:01:13.7806344Z + @axe-core/playwright@4.13.0
verify / web	UNKNOWN STEP	2026-10-05T10:01:13.7806899Z + @playwright/test@1.63.0
verify / web	UNKNOWN STEP	2026-10-05T10:01:13.7807665Z + @types/bun@1.4.2
verify / web	UNKNOWN STEP	2026-10-05T10:01:13.7808003Z + @types/react@19.3.0
verify / web	UNKNOWN STEP	2026-10-05T10:01:13.7808468Z + @types/react-dom@19.3.0
verify / web	UNKNOWN STEP	2026-10-05T10:01:13.7808809Z + prettier@3.9.9
verify / web	UNKNOWN STEP	2026-10-05T10:01:13.7809235Z + typescript@7.0.2
verify / web	UNKNOWN STEP	2026-10-05T10:01:13.7809565Z + vite@8.3.2
verify / web	UNKNOWN STEP	2026-10-05T10:01:13.7809978Z + @internationalized/date@3.12.4
verify / web	UNKNOWN STEP	2026-10-05T10:01:13.7810354Z + @js-temporal/polyfill@0.5.1
verify / web	UNKNOWN STEP	2026-10-05T10:01:13.7810821Z + chrono-node@2.10.2
verify / web	UNKNOWN STEP	2026-10-05T10:01:13.7811136Z + react@19.3.0
verify / web	UNKNOWN STEP	2026-10-05T10:01:13.7811585Z + react-aria-components@1.21.1
verify / web	UNKNOWN STEP	2026-10-05T10:01:13.7811945Z + react-dom@19.3.0
verify / web	UNKNOWN STEP	2026-10-05T10:01:13.7812457Z 
verify / web	UNKNOWN STEP	2026-10-05T10:01:13.7812687Z 51 packages installed [1005.00ms]
verify / web	UNKNOWN STEP	2026-10-05T10:01:13.8008864Z ##[group]Run bun -e 'const pkg = await Bun.file("node_modules/playwright/package.json").json(); if (pkg.version !== process.env.PLAYWRIGHT_IMAGE_VERSION) throw new Error("Update the pinned Playwright image and version guard with the dependency"); const { chromium, firefox, webkit } = await import("@playwright/test"); for (const browser of [chromium, firefox, webkit]) if (!(await Bun.file(browser.executablePath()).exists())) throw new Error("The pinned image is missing " + browser.name());'
verify / web	UNKNOWN STEP	2026-10-05T10:01:13.8010820Z ^[[36;1mbun -e 'const pkg = await Bun.file("node_modules/playwright/package.json").json(); if (pkg.version !== process.env.PLAYWRIGHT_IMAGE_VERSION) throw new Error("Update the pinned Playwright image and version guard with the dependency"); const { chromium, firefox, webkit } = await import("@playwright/test"); for (const browser of [chromium, firefox, webkit]) if (!(await Bun.file(browser.executablePath()).exists())) throw new Error("The pinned image is missing " + browser.name());'^[[0m
verify / web	UNKNOWN STEP	2026-10-05T10:01:13.8012125Z shell: bash --noprofile --norc -e -o pipefail {0}
verify / web	UNKNOWN STEP	2026-10-05T10:01:13.8012509Z env:
verify / web	UNKNOWN STEP	2026-10-05T10:01:13.8012659Z   PLAYWRIGHT_BROWSERS_PATH: /ms-playwright
verify / web	UNKNOWN STEP	2026-10-05T10:01:13.8012834Z   PLAYWRIGHT_IMAGE_VERSION: 1.63.0
verify / web	UNKNOWN STEP	2026-10-05T10:01:13.8012989Z   CHRONOSHIFT_CI_TIMING: 0
verify / web	UNKNOWN STEP	2026-10-05T10:01:13.8013156Z   PUBLISH_PAGES: true
verify / web	UNKNOWN STEP	2026-10-05T10:01:13.8013307Z   MISE_LOG_LEVEL: info
verify / web	UNKNOWN STEP	2026-10-05T10:01:13.8014998Z   MISE_GITHUB_TOKEN: ***
verify / web	UNKNOWN STEP	2026-10-05T10:01:13.8015195Z   MISE_TRUSTED_CONFIG_PATHS: /__w/ChronoShift/ChronoShift
verify / web	UNKNOWN STEP	2026-10-05T10:01:13.8015397Z   MISE_YES: 1
verify / web	UNKNOWN STEP	2026-10-05T10:01:13.8015514Z ##[endgroup]
verify / web	UNKNOWN STEP	2026-10-05T10:01:14.2770415Z ##[group]Run bun run format:check
verify / web	UNKNOWN STEP	2026-10-05T10:01:14.2770610Z ^[[36;1mbun run format:check^[[0m
verify / web	UNKNOWN STEP	2026-10-05T10:01:14.2770952Z shell: bash --noprofile --norc -e -o pipefail {0}
verify / web	UNKNOWN STEP	2026-10-05T10:01:14.2771127Z env:
verify / web	UNKNOWN STEP	2026-10-05T10:01:14.2771262Z   PLAYWRIGHT_BROWSERS_PATH: /ms-playwright
verify / web	UNKNOWN STEP	2026-10-05T10:01:14.2771434Z   PLAYWRIGHT_IMAGE_VERSION: 1.63.0
verify / web	UNKNOWN STEP	2026-10-05T10:01:14.2771589Z   CHRONOSHIFT_CI_TIMING: 0
verify / web	UNKNOWN STEP	2026-10-05T10:01:14.2771727Z   PUBLISH_PAGES: true
verify / web	UNKNOWN STEP	2026-10-05T10:01:14.2771854Z   MISE_LOG_LEVEL: info
verify / web	UNKNOWN STEP	2026-10-05T10:01:14.2773842Z   MISE_GITHUB_TOKEN: ***
verify / web	UNKNOWN STEP	2026-10-05T10:01:14.2774012Z   MISE_TRUSTED_CONFIG_PATHS: /__w/ChronoShift/ChronoShift
verify / web	UNKNOWN STEP	2026-10-05T10:01:14.2774194Z   MISE_YES: 1
verify / web	UNKNOWN STEP	2026-10-05T10:01:14.2774314Z ##[endgroup]
verify / web	UNKNOWN STEP	2026-10-05T10:01:14.3283433Z $ bunx --bun prettier --check web scripts/*.ts tests e2e *.ts
verify / web	UNKNOWN STEP	2026-10-05T10:01:14.4011541Z Checking formatting...
verify / web	UNKNOWN STEP	2026-10-05T10:01:15.7241582Z All matched files use Prettier code style!
verify / web	UNKNOWN STEP	2026-10-05T10:01:15.7449530Z ##[group]Run bun run test
verify / web	UNKNOWN STEP	2026-10-05T10:01:15.7461735Z ^[[36;1mbun run test^[[0m
verify / web	UNKNOWN STEP	2026-10-05T10:01:15.7461982Z ^[[36;1mbun run build^[[0m
verify / web	UNKNOWN STEP	2026-10-05T10:01:15.7462597Z shell: bash --noprofile --norc -e -o pipefail {0}
verify / web	UNKNOWN STEP	2026-10-05T10:01:15.7462855Z env:
verify / web	UNKNOWN STEP	2026-10-05T10:01:15.7463079Z   PLAYWRIGHT_BROWSERS_PATH: /ms-playwright
verify / web	UNKNOWN STEP	2026-10-05T10:01:15.7463341Z   PLAYWRIGHT_IMAGE_VERSION: 1.63.0
verify / web	UNKNOWN STEP	2026-10-05T10:01:15.7463573Z   CHRONOSHIFT_CI_TIMING: 0
verify / web	UNKNOWN STEP	2026-10-05T10:01:15.7463780Z   PUBLISH_PAGES: true
verify / web	UNKNOWN STEP	2026-10-05T10:01:15.7463975Z   MISE_LOG_LEVEL: info
verify / web	UNKNOWN STEP	2026-10-05T10:01:15.7466379Z   MISE_GITHUB_TOKEN: ***
verify / web	UNKNOWN STEP	2026-10-05T10:01:15.7466651Z   MISE_TRUSTED_CONFIG_PATHS: /__w/ChronoShift/ChronoShift
verify / web	UNKNOWN STEP	2026-10-05T10:01:15.7466941Z   MISE_YES: 1
verify / web	UNKNOWN STEP	2026-10-05T10:01:15.7467118Z ##[endgroup]
verify / web	UNKNOWN STEP	2026-10-05T10:01:15.7888456Z $ bun test tests
verify / web	UNKNOWN STEP	2026-10-05T10:01:15.7923307Z bun test v1.4.0 (34cbb9a40)
verify / web	UNKNOWN STEP	2026-10-05T10:01:15.8334009Z 
verify / web	UNKNOWN STEP	2026-10-05T10:01:15.8334910Z ##[group]tests/console-capture.test.ts:
verify / web	UNKNOWN STEP	2026-10-05T10:01:15.8354757Z (pass) navigation-lost console payload retains a stable event and flush waits for full metadata [0.71ms]
verify / web	UNKNOWN STEP	2026-10-05T10:01:15.8355870Z (pass) unexpected capture failure is surfaced by flush instead of being swallowed [0.15ms]
verify / web	UNKNOWN STEP	2026-10-05T10:01:15.8356220Z 
verify / web	UNKNOWN STEP	2026-10-05T10:01:15.8356557Z ##[endgroup]
verify / web	UNKNOWN STEP	2026-10-05T10:01:15.8356664Z 
verify / web	UNKNOWN STEP	2026-10-05T10:01:15.8356902Z ##[group]tests/offline.test.ts:
verify / web	UNKNOWN STEP	2026-10-05T10:01:15.8429372Z (pass) first installation reports safe asset/release identity before a controller exists [1.93ms]
verify / web	UNKNOWN STEP	2026-10-05T10:01:15.8439481Z (pass) embedded navigation shell installs exact HTML without a network document [1.08ms]
verify / web	UNKNOWN STEP	2026-10-05T10:01:15.8449092Z (pass) embedded navigation shell rejects inconsistent build bytes [0.95ms]
verify / web	UNKNOWN STEP	2026-10-05T10:01:15.8456701Z (pass) claim requires a verified cache and scoped window: complete=true, inside=true [0.76ms]
verify / web	UNKNOWN STEP	2026-10-05T10:01:15.8457741Z (pass) claim requires a verified cache and scoped window: complete=false, inside=true [0.09ms]
verify / web	UNKNOWN STEP	2026-10-05T10:01:15.8458788Z (pass) claim requires a verified cache and scoped window: complete=true, inside=false [0.11ms]
verify / web	UNKNOWN STEP	2026-10-05T10:01:15.8459126Z 
verify / web	UNKNOWN STEP	2026-10-05T10:01:15.8459461Z ##[endgroup]
verify / web	UNKNOWN STEP	2026-10-05T10:01:15.8459567Z 
verify / web	UNKNOWN STEP	2026-10-05T10:01:15.8459807Z ##[group]tests/publishing.test.ts:
verify / web	UNKNOWN STEP	2026-10-05T10:01:15.8479482Z (pass) publication reuse requires a trusted complete PR verification and exact tree [0.32ms]
verify / web	UNKNOWN STEP	2026-10-05T10:01:15.8479808Z 
verify / web	UNKNOWN STEP	2026-10-05T10:01:15.8480205Z ##[endgroup]
verify / web	UNKNOWN STEP	2026-10-05T10:01:15.8480309Z 
verify / web	UNKNOWN STEP	2026-10-05T10:01:15.8480540Z ##[group]tests/corpus.test.ts:
verify / web	UNKNOWN STEP	2026-10-05T10:01:16.0021799Z (pass) all resilience corpus inputs execute the browser engine without crashing [115.66ms]
verify / web	UNKNOWN STEP	2026-10-05T10:01:16.0022206Z 
verify / web	UNKNOWN STEP	2026-10-05T10:01:16.0036337Z ##[endgroup]
verify / web	UNKNOWN STEP	2026-10-05T10:01:16.0036481Z 
verify / web	UNKNOWN STEP	2026-10-05T10:01:16.0036762Z ##[group]tests/conversion.test.ts:
verify / web	UNKNOWN STEP	2026-10-05T10:01:16.0037160Z (pass) independently specified temporal fixtures > fixed EST in spring [0.57ms]
verify / web	UNKNOWN STEP	2026-10-05T10:01:16.0038673Z (pass) independently specified temporal fixtures > fixed PST in summer [0.38ms]
verify / web	UNKNOWN STEP	2026-10-05T10:01:16.0039134Z (pass) independently specified temporal fixtures > regional PT summer [0.28ms]
verify / web	UNKNOWN STEP	2026-10-05T10:01:16.0041980Z (pass) independently specified temporal fixtures > regional PT winter [0.28ms]
verify / web	UNKNOWN STEP	2026-10-05T10:01:16.0044976Z (pass) independently specified temporal fixtures > regional ET [0.29ms]
verify / web	UNKNOWN STEP	2026-10-05T10:01:16.0047969Z (pass) independently specified temporal fixtures > CST ambiguity [0.31ms]
verify / web	UNKNOWN STEP	2026-10-05T10:01:16.0051419Z (pass) independently specified temporal fixtures > IST ambiguity [0.29ms]
verify / web	UNKNOWN STEP	2026-10-05T10:01:16.0054793Z (pass) independently specified temporal fixtures > BST ambiguity [0.34ms]
verify / web	UNKNOWN STEP	2026-10-05T10:01:16.0057775Z (pass) independently specified temporal fixtures > AST ambiguity [0.31ms]
verify / web	UNKNOWN STEP	2026-10-05T10:01:16.0060458Z (pass) independently specified temporal fixtures > quarter hour offset [0.28ms]
verify / web	UNKNOWN STEP	2026-10-05T10:01:16.0062888Z (pass) independently specified temporal fixtures > negative half hour offset [0.24ms]
verify / web	UNKNOWN STEP	2026-10-05T10:01:16.0065516Z (pass) independently specified temporal fixtures > invalid minutes [0.19ms]
verify / web	UNKNOWN STEP	2026-10-05T10:01:16.0067040Z (pass) independently specified temporal fixtures > invalid offset bound [0.10ms]
verify / web	UNKNOWN STEP	2026-10-05T10:01:16.0068568Z (pass) independently specified temporal fixtures > ISO offset [0.28ms]
verify / web	UNKNOWN STEP	2026-10-05T10:01:16.0071100Z (pass) independently specified temporal fixtures > relative tomorrow [0.22ms]
verify / web	UNKNOWN STEP	2026-10-05T10:01:16.0074310Z (pass) independently specified temporal fixtures > relative in Tokyo [0.30ms]
verify / web	UNKNOWN STEP	2026-10-05T10:01:16.0078333Z (pass) independently specified temporal fixtures > source date across midnight [0.36ms]
verify / web	UNKNOWN STEP	2026-10-05T10:01:16.0080916Z (pass) independently specified temporal fixtures > city Tokyo [0.28ms]
verify / web	UNKNOWN STEP	2026-10-05T10:01:16.0095055Z (pass) independently specified temporal fixtures > city Mumbai [1.40ms]
verify / web	UNKNOWN STEP	2026-10-05T10:01:16.0099052Z (pass) independently specified temporal fixtures > city Berlin summer [0.43ms]
verify / web	UNKNOWN STEP	2026-10-05T10:01:16.0101444Z (pass) independently specified temporal fixtures > accented city [0.24ms]
verify / web	UNKNOWN STEP	2026-10-05T10:01:16.0106466Z (pass) independently specified temporal fixtures > unique typo disclosure [0.48ms]
verify / web	UNKNOWN STEP	2026-10-05T10:01:16.0112937Z (pass) independently specified temporal fixtures > unknown city [0.33ms]
verify / web	UNKNOWN STEP	2026-10-05T10:01:16.0113727Z (pass) independently specified temporal fixtures > unknown abbreviation [0.11ms]
verify / web	UNKNOWN STEP	2026-10-05T10:01:16.0114931Z (pass) independently specified temporal fixtures > IANA identity [0.30ms]
verify / web	UNKNOWN STEP	2026-10-05T10:01:16.0121398Z (pass) independently specified temporal fixtures > spring gap [0.65ms]
verify / web	UNKNOWN STEP	2026-10-05T10:01:16.0123706Z (pass) independently specified temporal fixtures > autumn fold [0.28ms]
verify / web	UNKNOWN STEP	2026-10-05T10:01:16.0126654Z (pass) independently specified temporal fixtures > Sydney spring gap [0.29ms]
verify / web	UNKNOWN STEP	2026-10-05T10:01:16.0129005Z (pass) independently specified temporal fixtures > Sydney autumn fold [0.22ms]
verify / web	UNKNOWN STEP	2026-10-05T10:01:16.0131336Z (pass) independently specified temporal fixtures > date only [0.19ms]
verify / web	UNKNOWN STEP	2026-10-05T10:01:16.0133703Z (pass) independently specified temporal fixtures > month day convention [0.27ms]
verify / web	UNKNOWN STEP	2026-10-05T10:01:16.0138965Z (pass) independently specified temporal fixtures > day month convention [0.44ms]
verify / web	UNKNOWN STEP	2026-10-05T10:01:16.0145204Z (pass) independently specified temporal fixtures > header date context [0.57ms]
verify / web	UNKNOWN STEP	2026-10-05T10:01:16.0148731Z (pass) independently specified temporal fixtures > paragraph isolation [0.41ms]
verify / web	UNKNOWN STEP	2026-10-05T10:01:16.0153002Z (pass) independently specified temporal fixtures > second explicit date [0.37ms]
verify / web	UNKNOWN STEP	2026-10-05T10:01:16.0157457Z (pass) independently specified temporal fixtures > same date range [0.45ms]
verify / web	UNKNOWN STEP	2026-10-05T10:01:16.0161569Z (pass) independently specified temporal fixtures > overnight range [0.42ms]
verify / web	UNKNOWN STEP	2026-10-05T10:01:16.0163890Z (pass) independently specified temporal fixtures > Unix seconds [0.23ms]
verify / web	UNKNOWN STEP	2026-10-05T10:01:16.0167947Z (pass) independently specified temporal fixtures > Unix text order [0.36ms]
verify / web	UNKNOWN STEP	2026-10-05T10:01:16.0171215Z (pass) independently specified temporal fixtures > duplicate mentions [0.33ms]
verify / web	UNKNOWN STEP	2026-10-05T10:01:16.0174450Z (pass) independently specified temporal fixtures > distinct dates retained [0.30ms]
verify / web	UNKNOWN STEP	2026-10-05T10:01:16.0176935Z (pass) independently specified temporal fixtures > missing timezone source default [0.24ms]
verify / web	UNKNOWN STEP	2026-10-05T10:01:16.0177458Z (pass) independently specified temporal fixtures > no matching time [0.05ms]
verify / web	UNKNOWN STEP	2026-10-05T10:01:16.0179115Z (pass) independently specified temporal fixtures > HTML remains text [0.19ms]
verify / web	UNKNOWN STEP	2026-10-05T10:01:16.0193126Z (pass) independently specified temporal fixtures > relative source date at UTC midnight [0.24ms]
verify / web	UNKNOWN STEP	2026-10-05T10:01:16.0194386Z (pass) independently specified temporal fixtures > relative header in source zone [0.23ms]
verify / web	UNKNOWN STEP	2026-10-05T10:01:16.0195082Z (pass) independently specified temporal fixtures > unrelated sentence date reset [0.35ms]
verify / web	UNKNOWN STEP	2026-10-05T10:01:16.0195739Z (pass) independently specified temporal fixtures > military time with fixed zone [0.24ms]
verify / web	UNKNOWN STEP	2026-10-05T10:01:16.0196338Z (pass) independently specified temporal fixtures > military Zulu [0.16ms]
verify / web	UNKNOWN STEP	2026-10-05T10:01:16.0197504Z (pass) independently specified temporal fixtures > shorthand meridiem [0.31ms]
verify / web	UNKNOWN STEP	2026-10-05T10:01:16.0200813Z (pass) independently specified temporal fixtures > between range [0.51ms]
verify / web	UNKNOWN STEP	2026-10-05T10:01:16.0203057Z (pass) independently specified temporal fixtures > unknown IANA wins over adjacent UTC token [0.24ms]
verify / web	UNKNOWN STEP	2026-10-05T10:01:16.0205809Z (pass) independently specified temporal fixtures > leap day retained [0.26ms]
verify / web	UNKNOWN STEP	2026-10-05T10:01:16.0208141Z (pass) independently specified temporal fixtures > bare city summer rules [0.22ms]
verify / web	UNKNOWN STEP	2026-10-05T10:01:16.0210142Z (pass) independently specified temporal fixtures > city before prose [0.22ms]
verify / web	UNKNOWN STEP	2026-10-05T10:01:16.0211992Z (pass) independently specified temporal fixtures > NYC alias [0.19ms]
verify / web	UNKNOWN STEP	2026-10-05T10:01:16.0216230Z (pass) independently specified temporal fixtures > Melbourne alias [0.34ms]
verify / web	UNKNOWN STEP	2026-10-05T10:01:16.0216956Z (pass) independently specified temporal fixtures > 2015 Unix boundary [0.08ms]
verify / web	UNKNOWN STEP	2026-10-05T10:01:16.0217816Z (pass) independently specified temporal fixtures > 2035 Unix boundary [0.07ms]
verify / web	UNKNOWN STEP	2026-10-05T10:01:16.0220990Z (pass) independently specified temporal fixtures > explicit zone upgrades default duplicate [0.35ms]
verify / web	UNKNOWN STEP	2026-10-05T10:01:16.0223887Z (pass) independently specified temporal fixtures > ISO fractional seconds [0.30ms]
verify / web	UNKNOWN STEP	2026-10-05T10:01:16.0225781Z (pass) independently specified temporal fixtures > partial colloquial match must not convert wrong time [0.09ms]
verify / web	UNKNOWN STEP	2026-10-05T10:01:16.0226691Z (pass) independently specified temporal fixtures > vague approximate hour [0.07ms]
verify / web	UNKNOWN STEP	2026-10-05T10:01:16.0227306Z (pass) independently specified temporal fixtures > no invented end of business hour [0.04ms]
verify / web	UNKNOWN STEP	2026-10-05T10:01:16.0230006Z (pass) independently specified temporal fixtures > city before target-zone sentence [0.32ms]
verify / web	UNKNOWN STEP	2026-10-05T10:01:16.0232162Z (pass) independently specified temporal fixtures > city before colleague timezone [0.22ms]
verify / web	UNKNOWN STEP	2026-10-05T10:01:16.0238991Z (pass) independently specified temporal fixtures > city-qualified endpoint range [0.65ms]
verify / web	UNKNOWN STEP	2026-10-05T10:01:16.0242212Z (pass) independently specified temporal fixtures > numeric offset endpoint range [0.34ms]
verify / web	UNKNOWN STEP	2026-10-05T10:01:16.0247497Z (pass) independently specified temporal fixtures > repeated-zone overnight range [0.51ms]
verify / web	UNKNOWN STEP	2026-10-05T10:01:16.0250163Z (pass) independently specified temporal fixtures > distinct endpoint zone clocks [0.28ms]
verify / web	UNKNOWN STEP	2026-10-05T10:01:16.0256711Z (pass) independently specified temporal fixtures > regional repeated-zone overnight range [0.62ms]
verify / web	UNKNOWN STEP	2026-10-05T10:01:16.0258556Z (pass) independently specified temporal fixtures > malformed three-digit offset minutes [0.09ms]
verify / web	UNKNOWN STEP	2026-10-05T10:01:16.0259319Z (pass) independently specified temporal fixtures > malformed one-digit offset minutes [0.09ms]
verify / web	UNKNOWN STEP	2026-10-05T10:01:16.0259782Z (pass) independently specified temporal fixtures > unsupported unicode offset minus [0.08ms]
verify / web	UNKNOWN STEP	2026-10-05T10:01:16.0265068Z (pass) independently specified temporal fixtures > IANA numeric suffix identity [0.47ms]
verify / web	UNKNOWN STEP	2026-10-05T10:01:16.0266966Z (pass) independently specified temporal fixtures > lowercase fixed zone [0.24ms]
verify / web	UNKNOWN STEP	2026-10-05T10:01:16.0269122Z (pass) independently specified temporal fixtures > mixed-case fixed zone [0.22ms]
verify / web	UNKNOWN STEP	2026-10-05T10:01:16.0271386Z (pass) independently specified temporal fixtures > lowercase numeric zone [0.23ms]
verify / web	UNKNOWN STEP	2026-10-05T10:01:16.0276998Z (pass) independently specified temporal fixtures > range before colleague zone prose [0.46ms]
verify / web	UNKNOWN STEP	2026-10-05T10:01:16.0280861Z (pass) independently specified temporal fixtures > range before format zone prose [0.41ms]
verify / web	UNKNOWN STEP	2026-10-05T10:01:16.0287447Z (pass) independently specified temporal fixtures > dotted meridiem overnight range [0.61ms]
verify / web	UNKNOWN STEP	2026-10-05T10:01:16.0313208Z (pass) independently specified temporal fixtures > military endpoint zone range [2.56ms]
verify / web	UNKNOWN STEP	2026-10-05T10:01:16.0323168Z (pass) independently specified temporal fixtures > IANA qualified overnight range [1.01ms]
verify / web	UNKNOWN STEP	2026-10-05T10:01:16.0330522Z (pass) independently specified temporal fixtures > city qualified overnight range [0.65ms]
verify / web	UNKNOWN STEP	2026-10-05T10:01:16.0333674Z (pass) independently specified temporal fixtures > reject complete malformed offset UTC+05foo [0.10ms]
verify / web	UNKNOWN STEP	2026-10-05T10:01:16.0334455Z (pass) independently specified temporal fixtures > reject complete malformed offset UTC+05:30abc [0.07ms]
verify / web	UNKNOWN STEP	2026-10-05T10:01:16.0341552Z (pass) independently specified temporal fixtures > reject complete malformed offset UTC+5.5 [0.07ms]
verify / web	UNKNOWN STEP	2026-10-05T10:01:16.0342443Z (pass) independently specified temporal fixtures > reject complete malformed offset GMT+2.5 [0.06ms]
verify / web	UNKNOWN STEP	2026-10-05T10:01:16.0343004Z (pass) independently specified temporal fixtures > range propagates trailing explicit date [0.47ms]
verify / web	UNKNOWN STEP	2026-10-05T10:01:16.0344590Z (pass) independently specified temporal fixtures > range infers trailing next year [0.67ms]
verify / web	UNKNOWN STEP	2026-10-05T10:01:16.0350271Z (pass) independently specified temporal fixtures > range second precision rollover [0.50ms]
verify / web	UNKNOWN STEP	2026-10-05T10:01:16.0357359Z (pass) independently specified temporal fixtures > cross-city civil overnight range [0.67ms]
verify / web	UNKNOWN STEP	2026-10-05T10:01:16.0364644Z (pass) independently specified temporal fixtures > bare city overnight range [0.58ms]
verify / web	UNKNOWN STEP	2026-10-05T10:01:16.0368820Z (pass) independently specified temporal fixtures > qualified until city range [0.57ms]
verify / web	UNKNOWN STEP	2026-10-05T10:01:16.0370259Z (pass) independently specified temporal fixtures > reject repeated offset sign [0.10ms]
verify / web	UNKNOWN STEP	2026-10-05T10:01:16.0370799Z (pass) independently specified temporal fixtures > reject malformed sign UTC++5 [0.07ms]
verify / web	UNKNOWN STEP	2026-10-05T10:01:16.0371872Z (pass) independently specified temporal fixtures > reject malformed sign UTC+-5 [0.06ms]
verify / web	UNKNOWN STEP	2026-10-05T10:01:16.0372477Z (pass) independently specified temporal fixtures > reject malformed sign UTC+ [0.06ms]
verify / web	UNKNOWN STEP	2026-10-05T10:01:16.0394454Z (pass) formatting rolls into next day and copy includes full context [2.18ms]
verify / web	UNKNOWN STEP	2026-10-05T10:01:16.0399429Z (pass) negative fractional offset never invents a location [0.54ms]
verify / web	UNKNOWN STEP	2026-10-05T10:01:16.0412223Z (pass) short fuzzy city and unknown guesses are rejected [0.91ms]
verify / web	UNKNOWN STEP	2026-10-05T10:01:16.0420455Z (pass) valid input at limit converts; arbitrary numbers and milliseconds stay unparsed [1.12ms]
verify / web	UNKNOWN STEP	2026-10-05T10:01:16.0424832Z (pass) range keeps textual identities and both endpoints [0.44ms]
verify / web	UNKNOWN STEP	2026-10-05T10:01:16.0425836Z (pass) input limit and invalid target give actionable errors [0.11ms]
verify / web	UNKNOWN STEP	2026-10-05T10:01:16.0435665Z (pass) reference date override leaves source zone independent of target [0.94ms]
verify / web	UNKNOWN STEP	2026-10-05T10:01:16.0435953Z 
verify / web	UNKNOWN STEP	2026-10-05T10:01:16.0436365Z ##[endgroup]
verify / web	UNKNOWN STEP	2026-10-05T10:01:16.0436467Z 
verify / web	UNKNOWN STEP	2026-10-05T10:01:16.0436720Z ##[group]tests/preview.test.ts:
verify / web	UNKNOWN STEP	2026-10-05T10:01:16.1123421Z (pass) preview publication accepts identical trees and rejects merged content differences [67.95ms]
verify / web	UNKNOWN STEP	2026-10-05T10:01:16.1123831Z 
verify / web	UNKNOWN STEP	2026-10-05T10:01:16.1124170Z ##[endgroup]
verify / web	UNKNOWN STEP	2026-10-05T10:01:16.1124242Z 
verify / web	UNKNOWN STEP	2026-10-05T10:01:16.1124294Z  116 pass
verify / web	UNKNOWN STEP	2026-10-05T10:01:16.1124402Z  0 fail
verify / web	UNKNOWN STEP	2026-10-05T10:01:16.1124513Z  725 expect() calls
verify / web	UNKNOWN STEP	2026-10-05T10:01:16.1124643Z Ran 116 tests across 6 files. [320.00ms]
verify / web	UNKNOWN STEP	2026-10-05T10:01:16.1216545Z $ bun run typecheck && bun scripts/third-party-notices.ts && bunx --bun vite build && bun scripts/build-offline.ts
verify / web	UNKNOWN STEP	2026-10-05T10:01:16.1246770Z $ bunx --bun tsc --noEmit
verify / web	UNKNOWN STEP	2026-10-05T10:01:16.4324857Z Included notices for 19 production packages.
verify / web	UNKNOWN STEP	2026-10-05T10:01:16.6021792Z ^[[36mvite v8.3.2 ^[[32mbuilding client environment for production...^[[36m^[[39m
verify / web	UNKNOWN STEP	2026-10-05T10:01:16.6076956Z transforming...
verify / web	UNKNOWN STEP	2026-10-05T10:01:16.7676200Z ✓ 644 modules transformed.
verify / web	UNKNOWN STEP	2026-10-05T10:01:16.8053640Z rendering chunks...
verify / web	UNKNOWN STEP	2026-10-05T10:01:16.8741207Z computing gzip size...
verify / web	UNKNOWN STEP	2026-10-05T10:01:16.8820876Z dist/index.html                                    0.80 kB │ gzip:   0.44 kB
verify / web	UNKNOWN STEP	2026-10-05T10:01:16.8821291Z dist/assets/geist-latin-variable-Dm3htQBi.woff2   28.40 kB
verify / web	UNKNOWN STEP	2026-10-05T10:01:16.8821633Z dist/assets/worker-C690IjaR.js                   221.14 kB
verify / web	UNKNOWN STEP	2026-10-05T10:01:16.8822052Z dist/assets/index-Bst_xchV.css                    20.74 kB │ gzip:   4.83 kB
verify / web	UNKNOWN STEP	2026-10-05T10:01:16.8822656Z dist/assets/index-B3d9YDa-.js                    775.64 kB │ gzip: 235.35 kB
verify / web	UNKNOWN STEP	2026-10-05T10:01:16.8823268Z 
verify / web	UNKNOWN STEP	2026-10-05T10:01:16.8823453Z ^[[32m✓ built in 280ms^[[39m
verify / web	UNKNOWN STEP	2026-10-05T10:01:16.8827968Z ^[[33m[plugin builtin:vite-reporter] 
verify / web	UNKNOWN STEP	2026-10-05T10:01:16.8828357Z (!) Some chunks are larger than 500 kB after minification. Consider:
verify / web	UNKNOWN STEP	2026-10-05T10:01:16.8828718Z - Using dynamic import() to code-split the application
verify / web	UNKNOWN STEP	2026-10-05T10:01:16.8829115Z - Use build.rolldownOptions.output.codeSplitting to improve chunking: https://rolldown.rs/reference/OutputOptions.codeSplitting
verify / web	UNKNOWN STEP	2026-10-05T10:01:16.8830451Z - Adjust chunk size limit for this warning via build.chunkSizeWarningLimit.^[[39m
verify / web	UNKNOWN STEP	2026-10-05T10:01:16.9086043Z Offline version 32f73390a4b1ed62: 13 local assets, /
verify / web	UNKNOWN STEP	2026-10-05T10:01:16.9155383Z ##[group]Run bun run corpus:audit
verify / web	UNKNOWN STEP	2026-10-05T10:01:16.9155584Z ^[[36;1mbun run corpus:audit^[[0m
verify / web	UNKNOWN STEP	2026-10-05T10:01:16.9155832Z ^[[36;1mdiff -u "$RUNNER_TEMP/chronoshift-corpus-audit.json" docs/planning/corpus-audit.json^[[0m
verify / web	UNKNOWN STEP	2026-10-05T10:01:16.9156243Z shell: bash --noprofile --norc -e -o pipefail {0}
verify / web	UNKNOWN STEP	2026-10-05T10:01:16.9156405Z env:
verify / web	UNKNOWN STEP	2026-10-05T10:01:16.9156533Z   PLAYWRIGHT_BROWSERS_PATH: /ms-playwright
verify / web	UNKNOWN STEP	2026-10-05T10:01:16.9156715Z   PLAYWRIGHT_IMAGE_VERSION: 1.63.0
verify / web	UNKNOWN STEP	2026-10-05T10:01:16.9156860Z   CHRONOSHIFT_CI_TIMING: 0
verify / web	UNKNOWN STEP	2026-10-05T10:01:16.9156989Z   PUBLISH_PAGES: true
verify / web	UNKNOWN STEP	2026-10-05T10:01:16.9157111Z   MISE_LOG_LEVEL: info
verify / web	UNKNOWN STEP	2026-10-05T10:01:16.9158537Z   MISE_GITHUB_TOKEN: ***
verify / web	UNKNOWN STEP	2026-10-05T10:01:16.9158706Z   MISE_TRUSTED_CONFIG_PATHS: /__w/ChronoShift/ChronoShift
verify / web	UNKNOWN STEP	2026-10-05T10:01:16.9158894Z   MISE_YES: 1
verify / web	UNKNOWN STEP	2026-10-05T10:01:16.9159004Z ##[endgroup]
verify / web	UNKNOWN STEP	2026-10-05T10:01:16.9551877Z $ bun scripts/audit-corpus.ts
verify / web	UNKNOWN STEP	2026-10-05T10:01:17.1400789Z 353 real inputs exercised; 0 crashes; 29 cases need review of legacy expectations or parser gaps.
verify / web	UNKNOWN STEP	2026-10-05T10:01:17.1549633Z ##[group]Run bun scripts/ci-environment.ts before
verify / web	UNKNOWN STEP	2026-10-05T10:01:17.1549873Z ^[[36;1mbun scripts/ci-environment.ts before^[[0m
verify / web	UNKNOWN STEP	2026-10-05T10:01:17.1550042Z ^[[36;1mbun run test:browser^[[0m
verify / web	UNKNOWN STEP	2026-10-05T10:01:17.1550368Z shell: bash --noprofile --norc -e -o pipefail {0}
verify / web	UNKNOWN STEP	2026-10-05T10:01:17.1550531Z env:
verify / web	UNKNOWN STEP	2026-10-05T10:01:17.1550659Z   PLAYWRIGHT_BROWSERS_PATH: /ms-playwright
verify / web	UNKNOWN STEP	2026-10-05T10:01:17.1550844Z   PLAYWRIGHT_IMAGE_VERSION: 1.63.0
verify / web	UNKNOWN STEP	2026-10-05T10:01:17.1550992Z   CHRONOSHIFT_CI_TIMING: 0
verify / web	UNKNOWN STEP	2026-10-05T10:01:17.1551123Z   PUBLISH_PAGES: true
verify / web	UNKNOWN STEP	2026-10-05T10:01:17.1551244Z   MISE_LOG_LEVEL: info
verify / web	UNKNOWN STEP	2026-10-05T10:01:17.1552908Z   MISE_GITHUB_TOKEN: ***
verify / web	UNKNOWN STEP	2026-10-05T10:01:17.1553070Z   MISE_TRUSTED_CONFIG_PATHS: /__w/ChronoShift/ChronoShift
verify / web	UNKNOWN STEP	2026-10-05T10:01:17.1553243Z   MISE_YES: 1
verify / web	UNKNOWN STEP	2026-10-05T10:01:17.1553359Z ##[endgroup]
verify / web	UNKNOWN STEP	2026-10-05T10:01:17.1999865Z [ci-environment] {"at":"2026-10-05T10:01:17.199Z","phase":"before","platform":"linux","architecture":"x64","osRelease":"6.17.0-1022-azure","availableParallelism":4,"logicalCpus":4,"cpuModel":"AMD EPYC 9V45 96-Core Processor","totalMemoryBytes":16766414848,"cgroup":{"cpu.max":"max 100000","cpu.stat":"usage_usec 29513385\nuser_usec 24592976\nsystem_usec 4920409\nnice_usec 0\ncore_sched.force_idle_usec 0\nnr_periods 0\nnr_throttled 0\nthrottled_usec 0\nnr_bursts 0\nburst_usec 0","memory.max":"max","memory.peak":"1637855232","memory.events":"low 0\nhigh 0\nmax 0\noom 0\noom_kill 0\noom_group_kill 0"}}
verify / web	UNKNOWN STEP	2026-10-05T10:01:17.2037187Z $ bunx --bun playwright test
verify / web	UNKNOWN STEP	2026-10-05T10:01:17.7911866Z 
verify / web	UNKNOWN STEP	2026-10-05T10:01:17.7912586Z Running 273 tests using 4 workers
verify / web	UNKNOWN STEP	2026-10-05T10:01:17.7913736Z 
verify / web	UNKNOWN STEP	2026-10-05T10:01:19.5306231Z   ✓    1 [foldable] › e2e/foldable.spec.ts:112:0 › notch and home-indicator safe areas inset the task (1.1s)
verify / web	UNKNOWN STEP	2026-10-05T10:01:20.3990073Z   ✓    3 [foldable] › e2e/foldable.spec.ts:70:0 › tabletop posture confines the scrollable task to the upper screen (1.9s)
verify / web	UNKNOWN STEP	2026-10-05T10:01:20.7234330Z   ✓    2 [foldable] › e2e/foldable.spec.ts:4:0 › input and results avoid a vertical hinge and survive folding (2.2s)
verify / web	UNKNOWN STEP	2026-10-05T10:01:22.0112082Z   ✓    4 [chromium] › e2e/app.spec.ts:6:0 › worker failure recovers and a late response cannot resurrect cleared input (3.5s)
verify / web	UNKNOWN STEP	2026-10-05T10:01:22.5995338Z   ✓    5 [chromium] › e2e/app.spec.ts:67:0 › an intact offline app survives a failed registration check while changing target zones (2.5s)
verify / web	UNKNOWN STEP	2026-10-05T10:01:23.1728492Z   ✓    6 [chromium] › e2e/app.spec.ts:90:0 › a delayed failed readiness probe cannot overwrite a newer successful check (2.2s)
verify / web	UNKNOWN STEP	2026-10-05T10:01:23.2477967Z   ✓    8 [chromium] › e2e/app.spec.ts:162:0 › pasted HTML cannot execute or fetch its URL (1.2s)
verify / web	UNKNOWN STEP	2026-10-05T10:01:23.7395566Z   ✓    7 [chromium] › e2e/app.spec.ts:130:0 › missing cache reports incomplete and reconnect repairs the complete offline app (2.4s)
verify / web	UNKNOWN STEP	2026-10-05T10:01:24.1643077Z   ✓    9 [chromium] › e2e/app.spec.ts:182:0 › convert, inspect ambiguity, copy manually and protect privacy (1.6s)
verify / web	UNKNOWN STEP	2026-10-05T10:01:25.3914712Z   ✓   10 [chromium] › e2e/app.spec.ts:215:0 › close and reopen offline, then convert previously unseen input (2.2s)
verify / web	UNKNOWN STEP	2026-10-05T10:01:26.2415496Z   ✓   14 [chromium] › e2e/app.spec.ts:340:0 › offline POST share is single-use and never places message in URL (837ms)
verify / web	UNKNOWN STEP	2026-10-05T10:01:26.2530616Z   ✓   11 [chromium] › e2e/app.spec.ts:239:0 › preferences persist, input does not; denied storage still converts (3.0s)
verify / web	UNKNOWN STEP	2026-10-05T10:01:27.2871415Z   ✓   12 [chromium] › e2e/app.spec.ts:267:0 › input errors recover, edits invalidate results, keyboard keeps multiline input (3.5s)
verify / web	UNKNOWN STEP	2026-10-05T10:01:27.7696476Z   ✓   13 [chromium] › e2e/app.spec.ts:286:0 › readable at 320px, dark mode, with no serious accessibility violations (3.6s)
verify / web	UNKNOWN STEP	2026-10-05T10:01:29.5203566Z   ✓   15 [chromium] › e2e/app.spec.ts:378:0 › an update waits, preserves draft on opt-in, and survives a partial next update (3.3s)
verify / web	UNKNOWN STEP	2026-10-05T10:01:31.8244725Z   ✓   18 [chromium] › e2e/controls.spec.ts:339:0 › timezone search preserves freeform offsets and recovers from empty and invalid choices (4.0s)
verify / web	UNKNOWN STEP	2026-10-05T10:01:32.1019789Z   ✓   19 [chromium] › e2e/controls.spec.ts:407:0 › hovering timezone suggestions preserves typed values while explicit selections still commit (2.6s)
verify / web	UNKNOWN STEP	2026-10-05T10:01:33.7357233Z   ✓   21 [chromium] › e2e/copy-focus.spec.ts:296:0 › an unchanged copy owner still receives selected manual fallback text (1.6s)
verify / web	UNKNOWN STEP	2026-10-05T10:01:34.2748179Z   ✓   20 [chromium] › e2e/copy-focus.spec.ts:262:0 › a deferred manual-copy focus frame cannot steal a new target keyboard edit (2.4s)
verify / web	UNKNOWN STEP	2026-10-05T10:01:34.3839586Z   ✓   17 [chromium] › e2e/controls.spec.ts:232:0 › choice menus support keyboard selection, nested Escape and pointer dismissal (7.1s)
verify / web	UNKNOWN STEP	2026-10-05T10:01:35.2480101Z   ✓   22 [chromium] › e2e/copy-focus.spec.ts:317:0 › same-owner keyboard intent keeps the newer owner (1.5s)
verify / web	UNKNOWN STEP	2026-10-05T10:01:35.8386030Z   ✓   24 [chromium] › e2e/diagnostics.spec.ts:84:0 › detailed logging survives a tab reload and reset preferences disables it (1.4s)
verify / web	UNKNOWN STEP	2026-10-05T10:01:36.8227393Z   ✓   25 [chromium] › e2e/diagnostics.spec.ts:114:0 › detailed logs still work in memory when session storage is denied (1.5s)
verify / web	UNKNOWN STEP	2026-10-05T10:01:37.2619729Z   ✓   26 [chromium] › e2e/diagnostics.spec.ts:145:0 › a retired release repairs only missing files using its intact cached assets (1.4s)
verify / web	UNKNOWN STEP	2026-10-05T10:01:37.6493074Z   ✓   23 [chromium] › e2e/diagnostics.spec.ts:12:0 › detailed logs are opt-in, local, exclude message and selected zones, and stop when disabled (3.4s)
verify / web	UNKNOWN STEP	2026-10-05T10:01:38.7981215Z   ✓   27 [chromium] › e2e/diagnostics.spec.ts:191:0 › corrupt cached files fail integrity checks and detailed logs identify bounded repair failure (2.0s)
verify / web	UNKNOWN STEP	2026-10-05T10:01:38.9475065Z   ✓   29 [chromium] › e2e/engine.spec.ts:4:0 › independent exact fixture expectations run in the production browser worker (1.3s)
verify / web	UNKNOWN STEP	2026-10-05T10:01:40.1121811Z   ✓   16 [chromium] › e2e/controls.spec.ts:55:0 › themed choices align and their opened menus fit every breakpoint without losing work (13.8s)
verify / web	UNKNOWN STEP	2026-10-05T10:01:42.0624487Z   ✓   28 [chromium] › e2e/diagnostics.spec.ts:232:0 › waiting updates remain actionable when a current cache probe times out (4.8s)
verify / web	UNKNOWN STEP	2026-10-05T10:01:42.7621009Z   ✓   32 [chromium] › e2e/imports.spec.ts:173:0 › an unresolved target hides copyable fallback results and correction restores the source interpretation (2.6s)
verify / web	UNKNOWN STEP	2026-10-05T10:01:43.5734382Z   ✓   31 [chromium] › e2e/imports.spec.ts:5:2 › delayed share offers replacement instead of overwriting edited or cleared work (4.6s)
verify / web	UNKNOWN STEP	2026-10-05T10:01:44.2850901Z   ✓   30 [chromium] › e2e/imports.spec.ts:5:2 › delayed clipboard offers replacement instead of overwriting edited or cleared work (5.5s)
verify / web	UNKNOWN STEP	2026-10-05T10:01:44.9396402Z   ✓   33 [chromium] › e2e/live.spec.ts:4:0 › typing, pasted text and conversion settings update without submission (2.9s)
verify / web	UNKNOWN STEP	2026-10-05T10:01:45.5831892Z   ✓   36 [chromium] › e2e/motion.spec.ts:61:0 › reduced motion keeps live feedback and usable results without animation (1.3s)
verify / web	UNKNOWN STEP	2026-10-05T10:01:46.8471092Z   ✓   37 [chromium] › e2e/offline-install.spec.ts:31:0 › a transient initial registration failure retries before any controller exists (1.9s)
verify / web	UNKNOWN STEP	2026-10-05T10:01:47.2741422Z   ✓   34 [chromium] › e2e/live.spec.ts:30:0 › composition defers conversion and queued work cannot overwrite a newer draft (4.5s)
verify / web	UNKNOWN STEP	2026-10-05T10:01:47.3709040Z   ✓   38 [chromium] › e2e/offline-install.spec.ts:59:0 › slow first installation clears its expired warning without losing conversion (1.8s)
verify / web	UNKNOWN STEP	2026-10-05T10:01:47.9050712Z   ✓   39 [chromium] › e2e/offline-install.spec.ts:82:0 › a stale mutable release marker is refetched and checked before offline readiness (1.1s)
verify / web	UNKNOWN STEP	2026-10-05T10:01:49.0635980Z   ✓   35 [chromium] › e2e/motion.spec.ts:4:0 › live feedback covers debounce and worker completion, then settles or cancels (5.5s)
verify / web	UNKNOWN STEP	2026-10-05T10:01:49.1435594Z   ✓   40 [chromium] › e2e/offline-install.spec.ts:106:0 › a rejected first installation retries without reloading or clearing input (1.9s)
verify / web	UNKNOWN STEP	2026-10-05T10:01:50.0346151Z   ✓   42 [chromium] › e2e/offline-install.spec.ts:155:0 › HTML response rewriting cannot break first installation or offline navigation (2.1s)
verify / web	UNKNOWN STEP	2026-10-05T10:01:51.4263221Z   ✓   44 [chromium] › e2e/privacy.spec.ts:6:2 › legacy command preferences migrate, reset removes them and quota failures keep conversion usable (2.3s)
verify / web	UNKNOWN STEP	2026-10-05T10:01:51.4264288Z   ✓   43 [chromium] › e2e/privacy.spec.ts:6:2 › legacy lens preferences migrate, reset removes them and quota failures keep conversion usable (2.4s)
verify / web	UNKNOWN STEP	2026-10-05T10:01:51.5278102Z   ✓   45 [chromium] › e2e/privacy.spec.ts:85:0 › invalid and oversized local shares return a paste fallback without storing text (1.5s)
verify / web	UNKNOWN STEP	2026-10-05T10:01:53.1839559Z   ✓   46 [chromium] › e2e/privacy.spec.ts:119:0 › expired and invalid temporary text is consumed and erased without restoring it (1.8s)
verify / web	UNKNOWN STEP	2026-10-05T10:01:53.4645049Z   ✓   41 [chromium] › e2e/offline-install.spec.ts:126:0 › persistently wrong release bytes never activate or claim offline readiness (6.1s)
verify / web	UNKNOWN STEP	2026-10-05T10:01:54.3291555Z   ✓   49 [chromium] › e2e/responsive.spec.ts:83:0 › touch-sized controls and keyboard navigation remain usable in a short viewport (1.1s)
verify / web	UNKNOWN STEP	2026-10-05T10:01:54.5156252Z   ✓   47 [chromium] › e2e/privacy.spec.ts:223:0 › denied update storage keeps the draft active and requires clearing before reload (3.1s)
verify / web	UNKNOWN STEP	2026-10-05T10:01:54.5892505Z   ✓   48 [chromium] › e2e/responsive.spec.ts:4:0 › reflows across cover screens, phones, tablets and desktops without losing work (3.0s)
verify / web	UNKNOWN STEP	2026-10-05T10:01:56.2708834Z   ✓   53 [chromium] › e2e/updates.spec.ts:6:0 › repair refuses another release and leaves the existing offline shell intact (1.7s)
verify / web	UNKNOWN STEP	2026-10-05T10:01:56.4833914Z   ✓   50 [chromium] › e2e/uncontrolled.spec.ts:102:0 › an activated worker reclaims a hard-refreshed tab without reloading its draft (3.0s)
verify / web	UNKNOWN STEP	2026-10-05T10:01:59.2697387Z   ✓   55 [chromium] › e2e/updates.spec.ts:93:0 › oversized drafts block an update until they can be safely preserved (2.8s)
verify / web	UNKNOWN STEP	2026-10-05T10:01:59.6721951Z   ✓   52 [chromium] › e2e/uncontrolled.spec.ts:227:0 › an older active worker cannot mark an uncontrolled tab ready or activate its waiting update (5.1s)
verify / web	UNKNOWN STEP	2026-10-05T10:02:00.0350552Z   ✓   54 [chromium] › e2e/updates.spec.ts:45:0 › an interrupted rollback preserves a retained cache and its old tab worker (3.7s)
verify / web	UNKNOWN STEP	2026-10-05T10:02:01.3881506Z   ✓   51 [chromium] › e2e/uncontrolled.spec.ts:135:0 › an explicit update recovers a timed-out readiness probe without another reload (7.0s)
verify / web	UNKNOWN STEP	2026-10-05T10:02:05.1239788Z   ✓   58 [firefox] › e2e/app.spec.ts:6:0 › worker failure recovers and a late response cannot resurrect cleared input (4.2s)
verify / web	UNKNOWN STEP	2026-10-05T10:02:06.2808888Z   ✓   59 [firefox] › e2e/app.spec.ts:67:0 › an intact offline app survives a failed registration check while changing target zones (4.0s)
verify / web	UNKNOWN STEP	2026-10-05T10:02:07.0880230Z   ✓   60 [firefox] › e2e/app.spec.ts:90:0 › a delayed failed readiness probe cannot overwrite a newer successful check (2.0s)
verify / web	UNKNOWN STEP	2026-10-05T10:02:07.9634653Z   ✓   57 [chromium] › e2e/updates.spec.ts:270:0 › rollback preserves draft and preferences and removes obsolete caches with one remaining tab (8.3s)
verify / web	UNKNOWN STEP	2026-10-05T10:02:08.1849206Z   ✓   56 [chromium] › e2e/updates.spec.ts:209:0 › old and new tabs retain their own workers across successive releases and offline restart (8.9s)
verify / web	UNKNOWN STEP	2026-10-05T10:02:09.1965589Z   ✓   62 [firefox] › e2e/app.spec.ts:162:0 › pasted HTML cannot execute or fetch its URL (2.1s)
verify / web	UNKNOWN STEP	2026-10-05T10:02:09.2956948Z   ✓   61 [firefox] › e2e/app.spec.ts:130:0 › missing cache reports incomplete and reconnect repairs the complete offline app (3.0s)
verify / web	UNKNOWN STEP	2026-10-05T10:02:12.5914780Z   ✓   63 [firefox] › e2e/app.spec.ts:182:0 › convert, inspect ambiguity, copy manually and protect privacy (3.6s)
verify / web	UNKNOWN STEP	2026-10-05T10:02:13.5000628Z   ✓   66 [firefox] › e2e/app.spec.ts:267:0 › input errors recover, edits invalidate results, keyboard keeps multiline input (4.2s)
verify / web	UNKNOWN STEP	2026-10-05T10:02:13.9234380Z   ✓   65 [firefox] › e2e/app.spec.ts:239:0 › preferences persist, input does not; denied storage still converts (4.7s)
verify / web	UNKNOWN STEP	2026-10-05T10:02:14.2876844Z   ✓   64 [firefox] › e2e/app.spec.ts:215:0 › close and reopen offline, then convert previously unseen input (4.7s)
verify / web	UNKNOWN STEP	2026-10-05T10:02:15.4266375Z   ✓   68 [firefox] › e2e/app.spec.ts:340:0 › offline POST share is single-use and never places message in URL (1.9s)
verify / web	UNKNOWN STEP	2026-10-05T10:02:17.0362965Z   ✓   67 [firefox] › e2e/app.spec.ts:286:0 › readable at 320px, dark mode, with no serious accessibility violations (4.4s)
verify / web	UNKNOWN STEP	2026-10-05T10:02:19.8677771Z   ✓   69 [firefox] › e2e/app.spec.ts:378:0 › an update waits, preserves draft on opt-in, and survives a partial next update (5.9s)
verify / web	UNKNOWN STEP	2026-10-05T10:02:23.0397089Z   ✓   71 [firefox] › e2e/controls.spec.ts:232:0 › choice menus support keyboard selection, nested Escape and pointer dismissal (7.6s)
verify / web	UNKNOWN STEP	2026-10-05T10:02:23.9750055Z   ✓   72 [firefox] › e2e/controls.spec.ts:339:0 › timezone search preserves freeform offsets and recovers from empty and invalid choices (6.9s)
verify / web	UNKNOWN STEP	2026-10-05T10:02:24.1167279Z   ✓   73 [firefox] › e2e/controls.spec.ts:407:0 › hovering timezone suggestions preserves typed values while explicit selections still commit (4.2s)
verify / web	UNKNOWN STEP	2026-10-05T10:02:26.2982678Z   ✓   76 [firefox] › e2e/copy-focus.spec.ts:317:0 › same-owner keyboard intent keeps the newer owner (2.1s)
verify / web	UNKNOWN STEP	2026-10-05T10:02:26.4578798Z   ✓   74 [firefox] › e2e/copy-focus.spec.ts:262:0 › a deferred manual-copy focus frame cannot steal a new target keyboard edit (3.4s)
verify / web	UNKNOWN STEP	2026-10-05T10:02:26.4780211Z   ✓   75 [firefox] › e2e/copy-focus.spec.ts:296:0 › an unchanged copy owner still receives selected manual fallback text (2.5s)
verify / web	UNKNOWN STEP	2026-10-05T10:02:28.5579813Z   ✓   79 [firefox] › e2e/diagnostics.spec.ts:114:0 › detailed logs still work in memory when session storage is denied (2.1s)
verify / web	UNKNOWN STEP	2026-10-05T10:02:29.0978375Z   ✓   78 [firefox] › e2e/diagnostics.spec.ts:84:0 › detailed logging survives a tab reload and reset preferences disables it (2.6s)
verify / web	UNKNOWN STEP	2026-10-05T10:02:30.4289937Z   ✓   80 [firefox] › e2e/diagnostics.spec.ts:145:0 › a retired release repairs only missing files using its intact cached assets (1.9s)
verify / web	UNKNOWN STEP	2026-10-05T10:02:30.5530036Z   ✓   81 [firefox] › e2e/diagnostics.spec.ts:191:0 › corrupt cached files fail integrity checks and detailed logs identify bounded repair failure (1.4s)
verify / web	UNKNOWN STEP	2026-10-05T10:02:30.8780102Z   ✓   77 [firefox] › e2e/diagnostics.spec.ts:12:0 › detailed logs are opt-in, local, exclude message and selected zones, and stop when disabled (4.6s)
verify / web	UNKNOWN STEP	2026-10-05T10:02:32.0815587Z   ✓   83 [firefox] › e2e/engine.spec.ts:4:0 › independent exact fixture expectations run in the production browser worker (1.5s)
verify / web	UNKNOWN STEP	2026-10-05T10:02:34.5741314Z   ✓   70 [firefox] › e2e/controls.spec.ts:55:0 › themed choices align and their opened menus fit every breakpoint without losing work (20.3s)
verify / web	UNKNOWN STEP	2026-10-05T10:02:36.6392662Z   ✓   84 [firefox] › e2e/imports.spec.ts:5:2 › delayed clipboard offers replacement instead of overwriting edited or cleared work (5.7s)
verify / web	UNKNOWN STEP	2026-10-05T10:02:37.0065715Z   ✓   82 [firefox] › e2e/diagnostics.spec.ts:232:0 › waiting updates remain actionable when a current cache probe times out (6.6s)
verify / web	UNKNOWN STEP	2026-10-05T10:02:37.7197387Z   ✓   86 [firefox] › e2e/imports.spec.ts:173:0 › an unresolved target hides copyable fallback results and correction restores the source interpretation (3.1s)
verify / web	UNKNOWN STEP	2026-10-05T10:02:40.4141754Z   ✓   85 [firefox] › e2e/imports.spec.ts:5:2 › delayed share offers replacement instead of overwriting edited or cleared work (8.3s)
verify / web	UNKNOWN STEP	2026-10-05T10:02:41.6095987Z   ✓   90 [firefox] › e2e/motion.spec.ts:61:0 › reduced motion keeps live feedback and usable results without animation (1.2s)
verify / web	UNKNOWN STEP	2026-10-05T10:02:42.6796057Z   ✓   87 [firefox] › e2e/live.spec.ts:4:0 › typing, pasted text and conversion settings update without submission (6.0s)
verify / web	UNKNOWN STEP	2026-10-05T10:02:42.7652444Z   ✓   88 [firefox] › e2e/live.spec.ts:30:0 › composition defers conversion and queued work cannot overwrite a newer draft (5.7s)
verify / web	UNKNOWN STEP	2026-10-05T10:02:43.5188179Z   ✓   91 [firefox] › e2e/offline-install.spec.ts:31:0 › a transient initial registration failure retries before any controller exists (1.9s)
verify / web	UNKNOWN STEP	2026-10-05T10:02:44.0447715Z   ✓   89 [firefox] › e2e/motion.spec.ts:4:0 › live feedback covers debounce and worker completion, then settles or cancels (6.3s)
verify / web	UNKNOWN STEP	2026-10-05T10:02:44.2738630Z   ✓   93 [firefox] › e2e/offline-install.spec.ts:82:0 › a stale mutable release marker is refetched and checked before offline readiness (1.5s)
verify / web	UNKNOWN STEP	2026-10-05T10:02:45.6448076Z   ✓   92 [firefox] › e2e/offline-install.spec.ts:59:0 › slow first installation clears its expired warning without losing conversion (3.0s)
verify / web	UNKNOWN STEP	2026-10-05T10:02:46.1600639Z   ✓   94 [firefox] › e2e/offline-install.spec.ts:106:0 › a rejected first installation retries without reloading or clearing input (2.6s)
verify / web	UNKNOWN STEP	2026-10-05T10:02:48.5950292Z   ✓   96 [firefox] › e2e/offline-install.spec.ts:155:0 › HTML response rewriting cannot break first installation or offline navigation (4.3s)
verify / web	UNKNOWN STEP	2026-10-05T10:02:49.2964812Z   ✓   97 [firefox] › e2e/privacy.spec.ts:6:2 › legacy lens preferences migrate, reset removes them and quota failures keep conversion usable (3.6s)
verify / web	UNKNOWN STEP	2026-10-05T10:02:49.7976505Z   ✓   98 [firefox] › e2e/privacy.spec.ts:6:2 › legacy command preferences migrate, reset removes them and quota failures keep conversion usable (3.6s)
verify / web	UNKNOWN STEP	2026-10-05T10:02:49.8949770Z   ✓   99 [firefox] › e2e/privacy.spec.ts:85:0 › invalid and oversized local shares return a paste fallback without storing text (1.3s)
verify / web	UNKNOWN STEP	2026-10-05T10:02:50.9729998Z   ✓   95 [firefox] › e2e/offline-install.spec.ts:126:0 › persistently wrong release bytes never activate or claim offline readiness (6.9s)
verify / web	UNKNOWN STEP	2026-10-05T10:02:52.9365163Z   ✓  100 [firefox] › e2e/privacy.spec.ts:119:0 › expired and invalid temporary text is consumed and erased without restoring it (3.6s)
verify / web	UNKNOWN STEP	2026-10-05T10:02:53.0481300Z   ✓  103 [firefox] › e2e/responsive.spec.ts:83:0 › touch-sized controls and keyboard navigation remain usable in a short viewport (2.1s)
verify / web	UNKNOWN STEP	2026-10-05T10:02:53.4454564Z   -  104 [firefox] › e2e/uncontrolled.spec.ts:102:0 › an activated worker reclaims a hard-refreshed tab without reloading its draft
verify / web	UNKNOWN STEP	2026-10-05T10:02:53.4936532Z   ✓  101 [firefox] › e2e/privacy.spec.ts:223:0 › denied update storage keeps the draft active and requires clearing before reload (3.7s)
verify / web	UNKNOWN STEP	2026-10-05T10:02:53.6298991Z   -  105 [firefox] › e2e/uncontrolled.spec.ts:135:0 › an explicit update recovers a timed-out readiness probe without another reload
verify / web	UNKNOWN STEP	2026-10-05T10:02:53.9461623Z   -  106 [firefox] › e2e/uncontrolled.spec.ts:227:0 › an older active worker cannot mark an uncontrolled tab ready or activate its waiting update
verify / web	UNKNOWN STEP	2026-10-05T10:02:54.5811173Z   ✓  102 [firefox] › e2e/responsive.spec.ts:4:0 › reflows across cover screens, phones, tablets and desktops without losing work (4.7s)
verify / web	UNKNOWN STEP	2026-10-05T10:02:55.9418531Z   ✓  107 [firefox] › e2e/updates.spec.ts:6:0 › repair refuses another release and leaves the existing offline shell intact (2.4s)
verify / web	UNKNOWN STEP	2026-10-05T10:02:57.7208937Z   ✓  109 [firefox] › e2e/updates.spec.ts:93:0 › oversized drafts block an update until they can be safely preserved (3.8s)
verify / web	UNKNOWN STEP	2026-10-05T10:02:59.7321273Z   ✓  108 [firefox] › e2e/updates.spec.ts:45:0 › an interrupted rollback preserves a retained cache and its old tab worker (6.1s)
verify / web	UNKNOWN STEP	2026-10-05T10:03:03.3223465Z   ✓  112 [webkit] › e2e/app.spec.ts:6:0 › worker failure recovers and a late response cannot resurrect cleared input (4.1s)
verify / web	UNKNOWN STEP	2026-10-05T10:03:04.7377514Z   ✓  113 [webkit] › e2e/app.spec.ts:67:0 › an intact offline app survives a failed registration check while changing target zones (3.9s)
verify / web	UNKNOWN STEP	2026-10-05T10:03:06.2892365Z   ✓  114 [webkit] › e2e/app.spec.ts:90:0 › a delayed failed readiness probe cannot overwrite a newer successful check (3.0s)
verify / web	UNKNOWN STEP	2026-10-05T10:03:06.6262156Z   ✓  110 [firefox] › e2e/updates.spec.ts:209:0 › old and new tabs retain their own workers across successive releases and offline restart (12.0s)
verify / web	UNKNOWN STEP	2026-10-05T10:03:06.8465708Z   ✓  111 [firefox] › e2e/updates.spec.ts:270:0 › rollback preserves draft and preferences and removes obsolete caches with one remaining tab (10.9s)
verify / web	UNKNOWN STEP	2026-10-05T10:03:08.3930431Z   ✓  115 [webkit] › e2e/app.spec.ts:130:0 › missing cache reports incomplete and reconnect repairs the complete offline app (3.6s)
verify / web	UNKNOWN STEP	2026-10-05T10:03:08.8060248Z   ✓  116 [webkit] › e2e/app.spec.ts:162:0 › pasted HTML cannot execute or fetch its URL (2.5s)
verify / web	UNKNOWN STEP	2026-10-05T10:03:10.9425090Z   ✓  118 [webkit] › e2e/app.spec.ts:182:0 › convert, inspect ambiguity, copy manually and protect privacy (2.8s)
verify / web	UNKNOWN STEP	2026-10-05T10:03:12.9266725Z   ✓  117 [webkit] › e2e/app.spec.ts:215:0 › close and reopen offline, then convert previously unseen input (4.8s)
verify / web	UNKNOWN STEP	2026-10-05T10:03:13.2449211Z   ✓  120 [webkit] › e2e/app.spec.ts:267:0 › input errors recover, edits invalidate results, keyboard keeps multiline input (4.4s)
verify / web	UNKNOWN STEP	2026-10-05T10:03:14.0200357Z   ✓  119 [webkit] › e2e/app.spec.ts:239:0 › preferences persist, input does not; denied storage still converts (5.6s)
verify / web	UNKNOWN STEP	2026-10-05T10:03:15.6739958Z   ✓  122 [webkit] › e2e/app.spec.ts:340:0 › offline POST share is single-use and never places message in URL (2.7s)
verify / web	UNKNOWN STEP	2026-10-05T10:03:16.9799064Z   ✓  121 [webkit] › e2e/app.spec.ts:286:0 › readable at 320px, dark mode, with no serious accessibility violations (6.0s)
verify / web	UNKNOWN STEP	2026-10-05T10:03:18.7218585Z   ✓  123 [webkit] › e2e/app.spec.ts:378:0 › an update waits, preserves draft on opt-in, and survives a partial next update (5.4s)
verify / web	UNKNOWN STEP	2026-10-05T10:03:26.2683923Z   ✓  127 [webkit] › e2e/controls.spec.ts:407:0 › hovering timezone suggestions preserves typed values while explicit selections still commit (7.5s)
verify / web	UNKNOWN STEP	2026-10-05T10:03:26.8073730Z   ✓  126 [webkit] › e2e/controls.spec.ts:339:0 › timezone search preserves freeform offsets and recovers from empty and invalid choices (9.8s)
verify / web	UNKNOWN STEP	2026-10-05T10:03:29.4547559Z   ✓  125 [webkit] › e2e/controls.spec.ts:232:0 › choice menus support keyboard selection, nested Escape and pointer dismissal (13.8s)
verify / web	UNKNOWN STEP	2026-10-05T10:03:29.5990430Z   ✓  129 [webkit] › e2e/copy-focus.spec.ts:296:0 › an unchanged copy owner still receives selected manual fallback text (2.8s)
verify / web	UNKNOWN STEP	2026-10-05T10:03:30.6913712Z   ✓  128 [webkit] › e2e/copy-focus.spec.ts:262:0 › a deferred manual-copy focus frame cannot steal a new target keyboard edit (4.4s)
verify / web	UNKNOWN STEP	2026-10-05T10:03:32.1684526Z   ✓  130 [webkit] › e2e/copy-focus.spec.ts:317:0 › same-owner keyboard intent keeps the newer owner (2.7s)
verify / web	UNKNOWN STEP	2026-10-05T10:03:34.2239701Z   ✓  131 [webkit] › e2e/diagnostics.spec.ts:12:0 › detailed logs are opt-in, local, exclude message and selected zones, and stop when disabled (4.6s)
verify / web	UNKNOWN STEP	2026-10-05T10:03:34.4325128Z   ✓  132 [webkit] › e2e/diagnostics.spec.ts:84:0 › detailed logging survives a tab reload and reset preferences disables it (3.7s)
verify / web	UNKNOWN STEP	2026-10-05T10:03:34.9439005Z   ✓  133 [webkit] › e2e/diagnostics.spec.ts:114:0 › detailed logs still work in memory when session storage is denied (2.8s)
verify / web	UNKNOWN STEP	2026-10-05T10:03:36.6884512Z   ✓  135 [webkit] › e2e/diagnostics.spec.ts:191:0 › corrupt cached files fail integrity checks and detailed logs identify bounded repair failure (2.2s)
verify / web	UNKNOWN STEP	2026-10-05T10:03:36.9767879Z   ✓  134 [webkit] › e2e/diagnostics.spec.ts:145:0 › a retired release repairs only missing files using its intact cached assets (2.7s)
verify / web	UNKNOWN STEP	2026-10-05T10:03:38.5726271Z   ✓  137 [webkit] › e2e/engine.spec.ts:4:0 › independent exact fixture expectations run in the production browser worker (1.9s)
verify / web	UNKNOWN STEP	2026-10-05T10:03:39.8490948Z   ✓  136 [webkit] › e2e/diagnostics.spec.ts:232:0 › waiting updates remain actionable when a current cache probe times out (4.9s)
verify / web	UNKNOWN STEP	2026-10-05T10:03:44.7698277Z   ✓  138 [webkit] › e2e/imports.spec.ts:5:2 › delayed clipboard offers replacement instead of overwriting edited or cleared work (7.8s)
verify / web	UNKNOWN STEP	2026-10-05T10:03:44.8302531Z   ✓  140 [webkit] › e2e/imports.spec.ts:173:0 › an unresolved target hides copyable fallback results and correction restores the source interpretation (5.0s)
verify / web	UNKNOWN STEP	2026-10-05T10:03:47.9222439Z   ✓  124 [webkit] › e2e/controls.spec.ts:55:0 › themed choices align and their opened menus fit every breakpoint without losing work (33.9s)
verify / web	UNKNOWN STEP	2026-10-05T10:03:48.3681101Z   ✓  139 [webkit] › e2e/imports.spec.ts:5:2 › delayed share offers replacement instead of overwriting edited or cleared work (9.8s)
verify / web	UNKNOWN STEP	2026-10-05T10:03:50.3709146Z   ✓  144 [webkit] › e2e/motion.spec.ts:61:0 › reduced motion keeps live feedback and usable results without animation (2.0s)
verify / web	UNKNOWN STEP	2026-10-05T10:03:50.3753157Z   ✓  142 [webkit] › e2e/live.spec.ts:30:0 › composition defers conversion and queued work cannot overwrite a newer draft (5.5s)
verify / web	UNKNOWN STEP	2026-10-05T10:03:52.2121095Z   ✓  141 [webkit] › e2e/live.spec.ts:4:0 › typing, pasted text and conversion settings update without submission (7.4s)
verify / web	UNKNOWN STEP	2026-10-05T10:03:53.1739423Z   ✓  145 [webkit] › e2e/offline-install.spec.ts:31:0 › a transient initial registration failure retries before any controller exists (2.8s)
verify / web	UNKNOWN STEP	2026-10-05T10:03:53.5753318Z   ✓  146 [webkit] › e2e/offline-install.spec.ts:59:0 › slow first installation clears its expired warning without losing conversion (3.2s)
verify / web	UNKNOWN STEP	2026-10-05T10:03:54.7555612Z   ✓  143 [webkit] › e2e/motion.spec.ts:4:0 › live feedback covers debounce and worker completion, then settles or cancels (6.8s)
verify / web	UNKNOWN STEP	2026-10-05T10:03:55.2506777Z   ✓  147 [webkit] › e2e/offline-install.spec.ts:82:0 › a stale mutable release marker is refetched and checked before offline readiness (3.0s)
verify / web	UNKNOWN STEP	2026-10-05T10:03:56.0309278Z   ✓  148 [webkit] › e2e/offline-install.spec.ts:106:0 › a rejected first installation retries without reloading or clearing input (2.8s)
verify / web	UNKNOWN STEP	2026-10-05T10:03:58.4279337Z   ✓  150 [webkit] › e2e/offline-install.spec.ts:155:0 › HTML response rewriting cannot break first installation or offline navigation (3.6s)
verify / web	UNKNOWN STEP	2026-10-05T10:03:59.9488995Z   ✓  151 [webkit] › e2e/privacy.spec.ts:6:2 › legacy lens preferences migrate, reset removes them and quota failures keep conversion usable (4.7s)
verify / web	UNKNOWN STEP	2026-10-05T10:04:00.3412834Z   ✓  153 [webkit] › e2e/privacy.spec.ts:85:0 › invalid and oversized local shares return a paste fallback without storing text (1.9s)
verify / web	UNKNOWN STEP	2026-10-05T10:04:00.4739447Z   ✓  149 [webkit] › e2e/offline-install.spec.ts:126:0 › persistently wrong release bytes never activate or claim offline readiness (6.9s)
verify / web	UNKNOWN STEP	2026-10-05T10:04:00.9268793Z   ✓  152 [webkit] › e2e/privacy.spec.ts:6:2 › legacy command preferences migrate, reset removes them and quota failures keep conversion usable (4.9s)
verify / web	UNKNOWN STEP	2026-10-05T10:04:03.6904997Z   ✓  157 [webkit] › e2e/responsive.spec.ts:83:0 › touch-sized controls and keyboard navigation remain usable in a short viewport (2.7s)
verify / web	UNKNOWN STEP	2026-10-05T10:04:04.5129321Z   -  158 [webkit] › e2e/uncontrolled.spec.ts:102:0 › an activated worker reclaims a hard-refreshed tab without reloading its draft
verify / web	UNKNOWN STEP	2026-10-05T10:04:04.7419951Z   ✓  155 [webkit] › e2e/privacy.spec.ts:223:0 › denied update storage keeps the draft active and requires clearing before reload (4.4s)
verify / web	UNKNOWN STEP	2026-10-05T10:04:05.3190394Z   -  159 [webkit] › e2e/uncontrolled.spec.ts:135:0 › an explicit update recovers a timed-out readiness probe without another reload
verify / web	UNKNOWN STEP	2026-10-05T10:04:05.4404365Z   -  160 [webkit] › e2e/uncontrolled.spec.ts:227:0 › an older active worker cannot mark an uncontrolled tab ready or activate its waiting update
verify / web	UNKNOWN STEP	2026-10-05T10:04:05.6506407Z   ✓  154 [webkit] › e2e/privacy.spec.ts:119:0 › expired and invalid temporary text is consumed and erased without restoring it (5.7s)
verify / web	UNKNOWN STEP	2026-10-05T10:04:08.6339205Z   ✓  156 [webkit] › e2e/responsive.spec.ts:4:0 › reflows across cover screens, phones, tablets and desktops without losing work (8.1s)
verify / web	UNKNOWN STEP	2026-10-05T10:04:08.6436481Z   ✓  161 [webkit] › e2e/updates.spec.ts:6:0 › repair refuses another release and leaves the existing offline shell intact (3.3s)
verify / web	UNKNOWN STEP	2026-10-05T10:04:09.8939957Z   ✓  163 [webkit] › e2e/updates.spec.ts:93:0 › oversized drafts block an update until they can be safely preserved (4.2s)
verify / web	UNKNOWN STEP	2026-10-05T10:04:10.4388677Z   ✓  162 [webkit] › e2e/updates.spec.ts:45:0 › an interrupted rollback preserves a retained cache and its old tab worker (5.0s)
verify / web	UNKNOWN STEP	2026-10-05T10:04:15.2417668Z   ✓  166 [android-emulation] › e2e/app.spec.ts:6:0 › worker failure recovers and a late response cannot resurrect cleared input (4.2s)
verify / web	UNKNOWN STEP	2026-10-05T10:04:15.5508710Z   ✓  167 [android-emulation] › e2e/app.spec.ts:67:0 › an intact offline app survives a failed registration check while changing target zones (4.1s)
verify / web	UNKNOWN STEP	2026-10-05T10:04:17.3813685Z   ✓  165 [webkit] › e2e/updates.spec.ts:270:0 › rollback preserves draft and preferences and removes obsolete caches with one remaining tab (8.7s)
verify / web	UNKNOWN STEP	2026-10-05T10:04:17.9070457Z   ✓  168 [android-emulation] › e2e/app.spec.ts:90:0 › a delayed failed readiness probe cannot overwrite a newer successful check (2.7s)
verify / web	UNKNOWN STEP	2026-10-05T10:04:18.2599229Z   ✓  169 [android-emulation] › e2e/app.spec.ts:130:0 › missing cache reports incomplete and reconnect repairs the complete offline app (2.7s)
verify / web	UNKNOWN STEP	2026-10-05T10:04:19.1713989Z   ✓  164 [webkit] › e2e/updates.spec.ts:209:0 › old and new tabs retain their own workers across successive releases and offline restart (10.5s)
verify / web	UNKNOWN STEP	2026-10-05T10:04:20.1840554Z   ✓  171 [android-emulation] › e2e/app.spec.ts:162:0 › pasted HTML cannot execute or fetch its URL (1.8s)
verify / web	UNKNOWN STEP	2026-10-05T10:04:20.4791156Z   ✓  170 [android-emulation] › e2e/app.spec.ts:182:0 › convert, inspect ambiguity, copy manually and protect privacy (2.6s)
verify / web	UNKNOWN STEP	2026-10-05T10:04:20.9761087Z   ✓  172 [android-emulation] › e2e/app.spec.ts:215:0 › close and reopen offline, then convert previously unseen input (2.7s)
verify / web	UNKNOWN STEP	2026-10-05T10:04:21.7739454Z   ✓  176 [android-emulation] › e2e/app.spec.ts:340:0 › offline POST share is single-use and never places message in URL (789ms)
verify / web	UNKNOWN STEP	2026-10-05T10:04:22.8914062Z   ✓  173 [android-emulation] › e2e/app.spec.ts:239:0 › preferences persist, input does not; denied storage still converts (3.2s)
verify / web	UNKNOWN STEP	2026-10-05T10:04:23.1809995Z   ✓  175 [android-emulation] › e2e/app.spec.ts:286:0 › readable at 320px, dark mode, with no serious accessibility violations (2.7s)
verify / web	UNKNOWN STEP	2026-10-05T10:04:23.8967666Z   ✓  174 [android-emulation] › e2e/app.spec.ts:267:0 › input errors recover, edits invalidate results, keyboard keeps multiline input (3.7s)
verify / web	UNKNOWN STEP	2026-10-05T10:04:25.6209165Z   ✓  177 [android-emulation] › e2e/app.spec.ts:378:0 › an update waits, preserves draft on opt-in, and survives a partial next update (3.8s)
verify / web	UNKNOWN STEP	2026-10-05T10:04:28.0645835Z   ✓  181 [android-emulation] › e2e/controls.spec.ts:407:0 › hovering timezone suggestions preserves typed values while explicit selections still commit (2.4s)
verify / web	UNKNOWN STEP	2026-10-05T10:04:28.2966865Z   ✓  180 [android-emulation] › e2e/controls.spec.ts:339:0 › timezone search preserves freeform offsets and recovers from empty and invalid choices (4.4s)
verify / web	UNKNOWN STEP	2026-10-05T10:04:29.5204089Z   ✓  179 [android-emulation] › e2e/controls.spec.ts:232:0 › choice menus support keyboard selection, nested Escape and pointer dismissal (6.3s)
verify / web	UNKNOWN STEP	2026-10-05T10:04:29.6763848Z   ✓  183 [android-emulation] › e2e/copy-focus.spec.ts:296:0 › an unchanged copy owner still receives selected manual fallback text (1.4s)
verify / web	UNKNOWN STEP	2026-10-05T10:04:30.4285153Z   ✓  182 [android-emulation] › e2e/copy-focus.spec.ts:262:0 › a deferred manual-copy focus frame cannot steal a new target keyboard edit (2.4s)
verify / web	UNKNOWN STEP	2026-10-05T10:04:31.2549112Z   ✓  184 [android-emulation] › e2e/copy-focus.spec.ts:317:0 › same-owner keyboard intent keeps the newer owner (1.7s)
verify / web	UNKNOWN STEP	2026-10-05T10:04:31.8125354Z   ✓  186 [android-emulation] › e2e/diagnostics.spec.ts:84:0 › detailed logging survives a tab reload and reset preferences disables it (1.4s)
verify / web	UNKNOWN STEP	2026-10-05T10:04:31.9032187Z   ✓  185 [android-emulation] › e2e/diagnostics.spec.ts:12:0 › detailed logs are opt-in, local, exclude message and selected zones, and stop when disabled (2.2s)
verify / web	UNKNOWN STEP	2026-10-05T10:04:32.6480108Z   ✓  187 [android-emulation] › e2e/diagnostics.spec.ts:114:0 › detailed logs still work in memory when session storage is denied (1.4s)
verify / web	UNKNOWN STEP	2026-10-05T10:04:33.1044480Z   ✓  189 [android-emulation] › e2e/diagnostics.spec.ts:191:0 › corrupt cached files fail integrity checks and detailed logs identify bounded repair failure (1.2s)
verify / web	UNKNOWN STEP	2026-10-05T10:04:33.5579130Z   ✓  188 [android-emulation] › e2e/diagnostics.spec.ts:145:0 › a retired release repairs only missing files using its intact cached assets (1.7s)
verify / web	UNKNOWN STEP	2026-10-05T10:04:34.1671623Z   ✓  191 [android-emulation] › e2e/engine.spec.ts:4:0 › independent exact fixture expectations run in the production browser worker (1.1s)
verify / web	UNKNOWN STEP	2026-10-05T10:04:35.4004152Z   ✓  178 [android-emulation] › e2e/controls.spec.ts:55:0 › themed choices align and their opened menus fit every breakpoint without losing work (12.5s)
verify / web	UNKNOWN STEP	2026-10-05T10:04:37.0985649Z   ✓  192 [android-emulation] › e2e/imports.spec.ts:5:2 › delayed clipboard offers replacement instead of overwriting edited or cleared work (3.5s)
verify / web	UNKNOWN STEP	2026-10-05T10:04:37.2447202Z   ✓  190 [android-emulation] › e2e/diagnostics.spec.ts:232:0 › waiting updates remain actionable when a current cache probe times out (4.6s)
verify / web	UNKNOWN STEP	2026-10-05T10:04:37.9458772Z   ✓  194 [android-emulation] › e2e/imports.spec.ts:173:0 › an unresolved target hides copyable fallback results and correction restores the source interpretation (2.5s)
verify / web	UNKNOWN STEP	2026-10-05T10:04:38.4536031Z   ✓  193 [android-emulation] › e2e/imports.spec.ts:5:2 › delayed share offers replacement instead of overwriting edited or cleared work (4.3s)
verify / web	UNKNOWN STEP	2026-10-05T10:04:39.3027462Z   ✓  198 [android-emulation] › e2e/motion.spec.ts:61:0 › reduced motion keeps live feedback and usable results without animation (839ms)
verify / web	UNKNOWN STEP	2026-10-05T10:04:40.0705764Z   ✓  195 [android-emulation] › e2e/live.spec.ts:4:0 › typing, pasted text and conversion settings update without submission (3.0s)
verify / web	UNKNOWN STEP	2026-10-05T10:04:41.2475450Z   ✓  199 [android-emulation] › e2e/offline-install.spec.ts:31:0 › a transient initial registration failure retries before any controller exists (1.9s)
verify / web	UNKNOWN STEP	2026-10-05T10:04:41.6926623Z   ✓  200 [android-emulation] › e2e/offline-install.spec.ts:59:0 › slow first installation clears its expired warning without losing conversion (1.6s)
verify / web	UNKNOWN STEP	2026-10-05T10:04:41.8305542Z   ✓  196 [android-emulation] › e2e/live.spec.ts:30:0 › composition defers conversion and queued work cannot overwrite a newer draft (4.6s)
verify / web	UNKNOWN STEP	2026-10-05T10:04:42.1813330Z   ✓  201 [android-emulation] › e2e/offline-install.spec.ts:82:0 › a stale mutable release marker is refetched and checked before offline readiness (927ms)
verify / web	UNKNOWN STEP	2026-10-05T10:04:43.4731354Z   ✓  202 [android-emulation] › e2e/offline-install.spec.ts:106:0 › a rejected first installation retries without reloading or clearing input (1.8s)
verify / web	UNKNOWN STEP	2026-10-05T10:04:43.5032165Z   ✓  197 [android-emulation] › e2e/motion.spec.ts:4:0 › live feedback covers debounce and worker completion, then settles or cancels (5.5s)
verify / web	UNKNOWN STEP	2026-10-05T10:04:44.3621529Z   ✓  204 [android-emulation] › e2e/offline-install.spec.ts:155:0 › HTML response rewriting cannot break first installation or offline navigation (2.2s)
verify / web	UNKNOWN STEP	2026-10-05T10:04:45.3219572Z   ✓  207 [android-emulation] › e2e/privacy.spec.ts:85:0 › invalid and oversized local shares return a paste fallback without storing text (951ms)
verify / web	UNKNOWN STEP	2026-10-05T10:04:45.5693305Z   ✓  205 [android-emulation] › e2e/privacy.spec.ts:6:2 › legacy lens preferences migrate, reset removes them and quota failures keep conversion usable (2.1s)
verify / web	UNKNOWN STEP	2026-10-05T10:04:46.2320841Z   ✓  206 [android-emulation] › e2e/privacy.spec.ts:6:2 › legacy command preferences migrate, reset removes them and quota failures keep conversion usable (2.7s)
verify / web	UNKNOWN STEP	2026-10-05T10:04:47.0902018Z   ✓  208 [android-emulation] › e2e/privacy.spec.ts:119:0 › expired and invalid temporary text is consumed and erased without restoring it (1.8s)
verify / web	UNKNOWN STEP	2026-10-05T10:04:47.8666852Z   ✓  203 [android-emulation] › e2e/offline-install.spec.ts:126:0 › persistently wrong release bytes never activate or claim offline readiness (6.0s)
verify / web	UNKNOWN STEP	2026-10-05T10:04:48.0691245Z   ✓  211 [android-emulation] › e2e/responsive.spec.ts:83:0 › touch-sized controls and keyboard navigation remain usable in a short viewport (969ms)
verify / web	UNKNOWN STEP	2026-10-05T10:04:48.8327946Z   ✓  209 [android-emulation] › e2e/privacy.spec.ts:223:0 › denied update storage keeps the draft active and requires clearing before reload (3.3s)
verify / web	UNKNOWN STEP	2026-10-05T10:04:49.0836766Z   ✓  210 [android-emulation] › e2e/responsive.spec.ts:4:0 › reflows across cover screens, phones, tablets and desktops without losing work (2.8s)
verify / web	UNKNOWN STEP	2026-10-05T10:04:50.5216932Z   ✓  212 [android-emulation] › e2e/uncontrolled.spec.ts:102:0 › an activated worker reclaims a hard-refreshed tab without reloading its draft (2.6s)
verify / web	UNKNOWN STEP	2026-10-05T10:04:50.6939803Z   ✓  215 [android-emulation] › e2e/updates.spec.ts:6:0 › repair refuses another release and leaves the existing offline shell intact (1.6s)
verify / web	UNKNOWN STEP	2026-10-05T10:04:53.2737473Z   ✓  217 [android-emulation] › e2e/updates.spec.ts:93:0 › oversized drafts block an update until they can be safely preserved (2.6s)
verify / web	UNKNOWN STEP	2026-10-05T10:04:53.6080358Z   ✓  214 [android-emulation] › e2e/uncontrolled.spec.ts:227:0 › an older active worker cannot mark an uncontrolled tab ready or activate its waiting update (4.8s)
verify / web	UNKNOWN STEP	2026-10-05T10:04:53.8754588Z   ✓  216 [android-emulation] › e2e/updates.spec.ts:45:0 › an interrupted rollback preserves a retained cache and its old tab worker (3.3s)
verify / web	UNKNOWN STEP	2026-10-05T10:04:54.4734555Z   ✓  213 [android-emulation] › e2e/uncontrolled.spec.ts:135:0 › an explicit update recovers a timed-out readiness probe without another reload (6.4s)
verify / web	UNKNOWN STEP	2026-10-05T10:04:57.2583860Z   ✓  221 [iphone-emulation] › e2e/app.spec.ts:67:0 › an intact offline app survives a failed registration check while changing target zones (2.0s)
verify / web	UNKNOWN STEP	2026-10-05T10:04:57.5329818Z   ✓  220 [iphone-emulation] › e2e/app.spec.ts:6:0 › worker failure recovers and a late response cannot resurrect cleared input (3.0s)
verify / web	UNKNOWN STEP	2026-10-05T10:04:59.2948851Z   ✓  222 [iphone-emulation] › e2e/app.spec.ts:90:0 › a delayed failed readiness probe cannot overwrite a newer successful check (2.0s)
verify / web	UNKNOWN STEP	2026-10-05T10:04:59.8664395Z   ✓  223 [iphone-emulation] › e2e/app.spec.ts:130:0 › missing cache reports incomplete and reconnect repairs the complete offline app (2.3s)
verify / web	UNKNOWN STEP	2026-10-05T10:05:00.6797845Z   ✓  224 [iphone-emulation] › e2e/app.spec.ts:162:0 › pasted HTML cannot execute or fetch its URL (1.4s)
verify / web	UNKNOWN STEP	2026-10-05T10:05:01.4995667Z   ✓  218 [android-emulation] › e2e/updates.spec.ts:209:0 › old and new tabs retain their own workers across successive releases and offline restart (8.2s)
verify / web	UNKNOWN STEP	2026-10-05T10:05:01.6292894Z   ✓  225 [iphone-emulation] › e2e/app.spec.ts:182:0 › convert, inspect ambiguity, copy manually and protect privacy (1.8s)
verify / web	UNKNOWN STEP	2026-10-05T10:05:01.9266632Z   ✓  219 [android-emulation] › e2e/updates.spec.ts:270:0 › rollback preserves draft and preferences and removes obsolete caches with one remaining tab (8.3s)
verify / web	UNKNOWN STEP	2026-10-05T10:05:03.7345350Z   ✓  226 [iphone-emulation] › e2e/app.spec.ts:215:0 › close and reopen offline, then convert previously unseen input (3.0s)
verify / web	UNKNOWN STEP	2026-10-05T10:05:05.5212586Z   ✓  227 [iphone-emulation] › e2e/app.spec.ts:267:0 › input errors recover, edits invalidate results, keyboard keeps multiline input (3.9s)
verify / web	UNKNOWN STEP	2026-10-05T10:05:06.0595531Z   ✓  230 [iphone-emulation] › e2e/app.spec.ts:340:0 › offline POST share is single-use and never places message in URL (2.3s)
verify / web	UNKNOWN STEP	2026-10-05T10:05:06.9756287Z   ✓  228 [iphone-emulation] › e2e/app.spec.ts:239:0 › preferences persist, input does not; denied storage still converts (4.7s)
verify / web	UNKNOWN STEP	2026-10-05T10:05:07.0245855Z   ✓  229 [iphone-emulation] › e2e/app.spec.ts:286:0 › readable at 320px, dark mode, with no serious accessibility violations (4.2s)
verify / web	UNKNOWN STEP	2026-10-05T10:05:09.6828104Z   ✓  231 [iphone-emulation] › e2e/app.spec.ts:378:0 › an update waits, preserves draft on opt-in, and survives a partial next update (4.1s)
verify / web	UNKNOWN STEP	2026-10-05T10:05:13.4798760Z   ✓  235 [iphone-emulation] › e2e/controls.spec.ts:407:0 › hovering timezone suggestions preserves typed values while explicit selections still commit (3.8s)
verify / web	UNKNOWN STEP	2026-10-05T10:05:14.4955258Z   ✓  234 [iphone-emulation] › e2e/controls.spec.ts:339:0 › timezone search preserves freeform offsets and recovers from empty and invalid choices (7.5s)
verify / web	UNKNOWN STEP	2026-10-05T10:05:16.5911598Z   ✓  233 [iphone-emulation] › e2e/controls.spec.ts:232:0 › choice menus support keyboard selection, nested Escape and pointer dismissal (9.6s)
verify / web	UNKNOWN STEP	2026-10-05T10:05:16.7767541Z   ✓  237 [iphone-emulation] › e2e/copy-focus.spec.ts:296:0 › an unchanged copy owner still receives selected manual fallback text (2.3s)
verify / web	UNKNOWN STEP	2026-10-05T10:05:16.8893307Z   ✓  236 [iphone-emulation] › e2e/copy-focus.spec.ts:262:0 › a deferred manual-copy focus frame cannot steal a new target keyboard edit (3.4s)
verify / web	UNKNOWN STEP	2026-10-05T10:05:18.9174617Z   ✓  238 [iphone-emulation] › e2e/copy-focus.spec.ts:317:0 › same-owner keyboard intent keeps the newer owner (2.3s)
verify / web	UNKNOWN STEP	2026-10-05T10:05:19.5123283Z   ✓  240 [iphone-emulation] › e2e/diagnostics.spec.ts:84:0 › detailed logging survives a tab reload and reset preferences disables it (2.6s)
verify / web	UNKNOWN STEP	2026-10-05T10:05:20.5776325Z   ✓  239 [iphone-emulation] › e2e/diagnostics.spec.ts:12:0 › detailed logs are opt-in, local, exclude message and selected zones, and stop when disabled (3.8s)
verify / web	UNKNOWN STEP	2026-10-05T10:05:20.6020090Z   ✓  241 [iphone-emulation] › e2e/diagnostics.spec.ts:114:0 › detailed logs still work in memory when session storage is denied (1.7s)
verify / web	UNKNOWN STEP	2026-10-05T10:05:21.4429858Z   ✓  242 [iphone-emulation] › e2e/diagnostics.spec.ts:145:0 › a retired release repairs only missing files using its intact cached assets (1.9s)
verify / web	UNKNOWN STEP	2026-10-05T10:05:22.0786101Z   ✓  243 [iphone-emulation] › e2e/diagnostics.spec.ts:191:0 › corrupt cached files fail integrity checks and detailed logs identify bounded repair failure (1.5s)
verify / web	UNKNOWN STEP	2026-10-05T10:05:23.2109577Z   ✓  245 [iphone-emulation] › e2e/engine.spec.ts:4:0 › independent exact fixture expectations run in the production browser worker (1.7s)
verify / web	UNKNOWN STEP	2026-10-05T10:05:24.9301370Z   ✓  244 [iphone-emulation] › e2e/diagnostics.spec.ts:232:0 › waiting updates remain actionable when a current cache probe times out (4.3s)
verify / web	UNKNOWN STEP	2026-10-05T10:05:26.0355497Z   ✓  232 [iphone-emulation] › e2e/controls.spec.ts:55:0 › themed choices align and their opened menus fit every breakpoint without losing work (20.0s)
verify / web	UNKNOWN STEP	2026-10-05T10:05:26.8466200Z   ✓  246 [iphone-emulation] › e2e/imports.spec.ts:5:2 › delayed clipboard offers replacement instead of overwriting edited or cleared work (4.7s)
verify / web	UNKNOWN STEP	2026-10-05T10:05:28.6769479Z   ✓  248 [iphone-emulation] › e2e/imports.spec.ts:173:0 › an unresolved target hides copyable fallback results and correction restores the source interpretation (3.7s)
verify / web	UNKNOWN STEP	2026-10-05T10:05:30.3502574Z   ✓  247 [iphone-emulation] › e2e/imports.spec.ts:5:2 › delayed share offers replacement instead of overwriting edited or cleared work (7.1s)
verify / web	UNKNOWN STEP	2026-10-05T10:05:30.3835068Z   ✓  249 [iphone-emulation] › e2e/live.spec.ts:4:0 › typing, pasted text and conversion settings update without submission (4.3s)
verify / web	UNKNOWN STEP	2026-10-05T10:05:31.6017664Z   ✓  252 [iphone-emulation] › e2e/motion.spec.ts:61:0 › reduced motion keeps live feedback and usable results without animation (1.2s)
verify / web	UNKNOWN STEP	2026-10-05T10:05:32.1744539Z   ✓  250 [iphone-emulation] › e2e/live.spec.ts:30:0 › composition defers conversion and queued work cannot overwrite a newer draft (5.3s)
verify / web	UNKNOWN STEP	2026-10-05T10:05:32.3568179Z   ✓  253 [iphone-emulation] › e2e/offline-install.spec.ts:31:0 › a transient initial registration failure retries before any controller exists (2.0s)
verify / web	UNKNOWN STEP	2026-10-05T10:05:33.6369829Z   ✓  255 [iphone-emulation] › e2e/offline-install.spec.ts:82:0 › a stale mutable release marker is refetched and checked before offline readiness (1.4s)
verify / web	UNKNOWN STEP	2026-10-05T10:05:34.0745708Z   ✓  254 [iphone-emulation] › e2e/offline-install.spec.ts:59:0 › slow first installation clears its expired warning without losing conversion (2.5s)
verify / web	UNKNOWN STEP	2026-10-05T10:05:34.6221854Z   ✓  251 [iphone-emulation] › e2e/motion.spec.ts:4:0 › live feedback covers debounce and worker completion, then settles or cancels (5.9s)
verify / web	UNKNOWN STEP	2026-10-05T10:05:34.8918373Z   ✓  256 [iphone-emulation] › e2e/offline-install.spec.ts:106:0 › a rejected first installation retries without reloading or clearing input (2.5s)
verify / web	UNKNOWN STEP	2026-10-05T10:05:37.0991407Z   ✓  258 [iphone-emulation] › e2e/offline-install.spec.ts:155:0 › HTML response rewriting cannot break first installation or offline navigation (3.0s)
verify / web	UNKNOWN STEP	2026-10-05T10:05:37.6964416Z   ✓  259 [iphone-emulation] › e2e/privacy.spec.ts:6:2 › legacy lens preferences migrate, reset removes them and quota failures keep conversion usable (3.1s)
verify / web	UNKNOWN STEP	2026-10-05T10:05:38.3070076Z   ✓  261 [iphone-emulation] › e2e/privacy.spec.ts:85:0 › invalid and oversized local shares return a paste fallback without storing text (1.2s)
verify / web	UNKNOWN STEP	2026-10-05T10:05:38.3856336Z   ✓  260 [iphone-emulation] › e2e/privacy.spec.ts:6:2 › legacy command preferences migrate, reset removes them and quota failures keep conversion usable (3.5s)
verify / web	UNKNOWN STEP	2026-10-05T10:05:40.4753384Z   ✓  263 [iphone-emulation] › e2e/privacy.spec.ts:223:0 › denied update storage keeps the draft active and requires clearing before reload (2.2s)
verify / web	UNKNOWN STEP	2026-10-05T10:05:40.6765830Z   ✓  257 [iphone-emulation] › e2e/offline-install.spec.ts:126:0 › persistently wrong release bytes never activate or claim offline readiness (7.0s)
verify / web	UNKNOWN STEP	2026-10-05T10:05:41.2614112Z   -  266 [iphone-emulation] › e2e/uncontrolled.spec.ts:102:0 › an activated worker reclaims a hard-refreshed tab without reloading its draft
verify / web	UNKNOWN STEP	2026-10-05T10:05:41.4454078Z   ✓  262 [iphone-emulation] › e2e/privacy.spec.ts:119:0 › expired and invalid temporary text is consumed and erased without restoring it (3.7s)
verify / web	UNKNOWN STEP	2026-10-05T10:05:41.8187609Z   -  267 [iphone-emulation] › e2e/uncontrolled.spec.ts:135:0 › an explicit update recovers a timed-out readiness probe without another reload
verify / web	UNKNOWN STEP	2026-10-05T10:05:42.0475645Z   -  268 [iphone-emulation] › e2e/uncontrolled.spec.ts:227:0 › an older active worker cannot mark an uncontrolled tab ready or activate its waiting update
verify / web	UNKNOWN STEP	2026-10-05T10:05:42.8148885Z   ✓  265 [iphone-emulation] › e2e/responsive.spec.ts:83:0 › touch-sized controls and keyboard navigation remain usable in a short viewport (2.3s)
verify / web	UNKNOWN STEP	2026-10-05T10:05:43.0248423Z   ✓  264 [iphone-emulation] › e2e/responsive.spec.ts:4:0 › reflows across cover screens, phones, tablets and desktops without losing work (4.6s)
verify / web	UNKNOWN STEP	2026-10-05T10:05:44.0287084Z   ✓  269 [iphone-emulation] › e2e/updates.spec.ts:6:0 › repair refuses another release and leaves the existing offline shell intact (2.2s)
verify / web	UNKNOWN STEP	2026-10-05T10:05:45.7695064Z   ✓  271 [iphone-emulation] › e2e/updates.spec.ts:93:0 › oversized drafts block an update until they can be safely preserved (2.9s)
verify / web	UNKNOWN STEP	2026-10-05T10:05:46.3079711Z   ✓  270 [iphone-emulation] › e2e/updates.spec.ts:45:0 › an interrupted rollback preserves a retained cache and its old tab worker (4.2s)
verify / web	UNKNOWN STEP	2026-10-05T10:05:49.5602093Z   ✓  273 [iphone-emulation] › e2e/updates.spec.ts:270:0 › rollback preserves draft and preferences and removes obsolete caches with one remaining tab (5.5s)
verify / web	UNKNOWN STEP	2026-10-05T10:05:49.7445501Z   ✓  272 [iphone-emulation] › e2e/updates.spec.ts:209:0 › old and new tabs retain their own workers across successive releases and offline restart (6.7s)
verify / web	UNKNOWN STEP	2026-10-05T10:05:49.8308251Z 
verify / web	UNKNOWN STEP	2026-10-05T10:05:49.8312784Z   9 skipped
verify / web	UNKNOWN STEP	2026-10-05T10:05:49.8313008Z   264 passed (4.5m)
verify / web	UNKNOWN STEP	2026-10-05T10:05:50.0854696Z ##[group]Run bun scripts/ci-environment.ts after
verify / web	UNKNOWN STEP	2026-10-05T10:05:50.0854952Z ^[[36;1mbun scripts/ci-environment.ts after^[[0m
verify / web	UNKNOWN STEP	2026-10-05T10:05:50.0855328Z shell: bash --noprofile --norc -e -o pipefail {0}
verify / web	UNKNOWN STEP	2026-10-05T10:05:50.0855500Z env:
verify / web	UNKNOWN STEP	2026-10-05T10:05:50.0855635Z   PLAYWRIGHT_BROWSERS_PATH: /ms-playwright
verify / web	UNKNOWN STEP	2026-10-05T10:05:50.0855832Z   PLAYWRIGHT_IMAGE_VERSION: 1.63.0
verify / web	UNKNOWN STEP	2026-10-05T10:05:50.0855986Z   CHRONOSHIFT_CI_TIMING: 0
verify / web	UNKNOWN STEP	2026-10-05T10:05:50.0856121Z   PUBLISH_PAGES: true
verify / web	UNKNOWN STEP	2026-10-05T10:05:50.0856245Z   MISE_LOG_LEVEL: info
verify / web	UNKNOWN STEP	2026-10-05T10:05:50.0857831Z   MISE_GITHUB_TOKEN: ***
verify / web	UNKNOWN STEP	2026-10-05T10:05:50.0857998Z   MISE_TRUSTED_CONFIG_PATHS: /__w/ChronoShift/ChronoShift
verify / web	UNKNOWN STEP	2026-10-05T10:05:50.0858175Z   MISE_YES: 1
verify / web	UNKNOWN STEP	2026-10-05T10:05:50.0858291Z ##[endgroup]
verify / web	UNKNOWN STEP	2026-10-05T10:05:50.1315500Z [ci-environment] {"at":"2026-10-05T10:05:50.130Z","phase":"after","platform":"linux","architecture":"x64","osRelease":"6.17.0-1022-azure","availableParallelism":4,"logicalCpus":4,"cpuModel":"AMD EPYC 9V45 96-Core Processor","totalMemoryBytes":16766414848,"cgroup":{"cpu.max":"max 100000","cpu.stat":"usage_usec 942245146\nuser_usec 799854279\nsystem_usec 142390866\nnice_usec 49731000\ncore_sched.force_idle_usec 0\nnr_periods 0\nnr_throttled 0\nthrottled_usec 0\nnr_bursts 0\nburst_usec 0","memory.max":"max","memory.peak":"7525699584","memory.events":"low 0\nhigh 0\nmax 0\noom 0\noom_kill 0\noom_group_kill 0"}}
verify / web	UNKNOWN STEP	2026-10-05T10:05:50.1392396Z ##[group]Run actions/configure-pages@45bfe0192ca1faeb007ade9deae92b16b8254a0d
verify / web	UNKNOWN STEP	2026-10-05T10:05:50.1392660Z with:
verify / web	UNKNOWN STEP	2026-10-05T10:05:50.1394068Z   token: ***
verify / web	UNKNOWN STEP	2026-10-05T10:05:50.1394179Z   enablement: false
verify / web	UNKNOWN STEP	2026-10-05T10:05:50.1394293Z env:
verify / web	UNKNOWN STEP	2026-10-05T10:05:50.1394414Z   PLAYWRIGHT_BROWSERS_PATH: /ms-playwright
verify / web	UNKNOWN STEP	2026-10-05T10:05:50.1394576Z   PLAYWRIGHT_IMAGE_VERSION: 1.63.0
verify / web	UNKNOWN STEP	2026-10-05T10:05:50.1394722Z   CHRONOSHIFT_CI_TIMING: 0
verify / web	UNKNOWN STEP	2026-10-05T10:05:50.1394852Z   PUBLISH_PAGES: true
verify / web	UNKNOWN STEP	2026-10-05T10:05:50.1394971Z   MISE_LOG_LEVEL: info
verify / web	UNKNOWN STEP	2026-10-05T10:05:50.1396287Z   MISE_GITHUB_TOKEN: ***
verify / web	UNKNOWN STEP	2026-10-05T10:05:50.1396443Z   MISE_TRUSTED_CONFIG_PATHS: /__w/ChronoShift/ChronoShift
verify / web	UNKNOWN STEP	2026-10-05T10:05:50.1396619Z   MISE_YES: 1
verify / web	UNKNOWN STEP	2026-10-05T10:05:50.1396761Z ##[endgroup]
verify / web	UNKNOWN STEP	2026-10-05T10:05:50.1400015Z ##[command]/usr/bin/docker exec  87dbc12c5d9742c30c478212643f88924983e975709914a4a3e1e2b5d8c062f7 sh -c "cat /etc/*release | grep ^ID"
verify / web	UNKNOWN STEP	2026-10-05T10:05:50.5310631Z ##[group]Run bun run build
verify / web	UNKNOWN STEP	2026-10-05T10:05:50.5310810Z ^[[36;1mbun run build^[[0m
verify / web	UNKNOWN STEP	2026-10-05T10:05:50.5311008Z ^[[36;1m# Keep browser first-attempt evidence when the separate subpath^[[0m
verify / web	UNKNOWN STEP	2026-10-05T10:05:50.5311244Z ^[[36;1m# runner clears its own output before starting.^[[0m
verify / web	UNKNOWN STEP	2026-10-05T10:05:50.5311551Z ^[[36;1mbunx --bun playwright test --config=playwright.subpath.config.ts --output=test-results/subpath^[[0m
verify / web	UNKNOWN STEP	2026-10-05T10:05:50.5311951Z shell: bash --noprofile --norc -e -o pipefail {0}
verify / web	UNKNOWN STEP	2026-10-05T10:05:50.5312116Z env:
verify / web	UNKNOWN STEP	2026-10-05T10:05:50.5312422Z   PLAYWRIGHT_BROWSERS_PATH: /ms-playwright
verify / web	UNKNOWN STEP	2026-10-05T10:05:50.5312589Z   PLAYWRIGHT_IMAGE_VERSION: 1.63.0
verify / web	UNKNOWN STEP	2026-10-05T10:05:50.5312739Z   CHRONOSHIFT_CI_TIMING: 0
verify / web	UNKNOWN STEP	2026-10-05T10:05:50.5312872Z   PUBLISH_PAGES: true
verify / web	UNKNOWN STEP	2026-10-05T10:05:50.5312993Z   MISE_LOG_LEVEL: info
verify / web	UNKNOWN STEP	2026-10-05T10:05:50.5314500Z   MISE_GITHUB_TOKEN: ***
verify / web	UNKNOWN STEP	2026-10-05T10:05:50.5314663Z   MISE_TRUSTED_CONFIG_PATHS: /__w/ChronoShift/ChronoShift
verify / web	UNKNOWN STEP	2026-10-05T10:05:50.5315020Z   MISE_YES: 1
verify / web	UNKNOWN STEP	2026-10-05T10:05:50.5315133Z   GITHUB_PAGES: true
verify / web	UNKNOWN STEP	2026-10-05T10:05:50.5315258Z   BASE_PATH: /ChronoShift/
verify / web	UNKNOWN STEP	2026-10-05T10:05:50.5315386Z ##[endgroup]
verify / web	UNKNOWN STEP	2026-10-05T10:05:50.5720616Z $ bun run typecheck && bun scripts/third-party-notices.ts && bunx --bun vite build && bun scripts/build-offline.ts
verify / web	UNKNOWN STEP	2026-10-05T10:05:50.5745936Z $ bunx --bun tsc --noEmit
verify / web	UNKNOWN STEP	2026-10-05T10:05:50.9465520Z Included notices for 19 production packages.
verify / web	UNKNOWN STEP	2026-10-05T10:05:51.0519873Z ^[[36mvite v8.3.2 ^[[32mbuilding client environment for production...^[[36m^[[39m
verify / web	UNKNOWN STEP	2026-10-05T10:05:51.0573604Z transforming...
verify / web	UNKNOWN STEP	2026-10-05T10:05:51.1969511Z ✓ 644 modules transformed.
verify / web	UNKNOWN STEP	2026-10-05T10:05:51.2382419Z rendering chunks...
verify / web	UNKNOWN STEP	2026-10-05T10:05:51.3186215Z computing gzip size...
verify / web	UNKNOWN STEP	2026-10-05T10:05:51.3267846Z dist/index.html                                    0.84 kB │ gzip:   0.45 kB
verify / web	UNKNOWN STEP	2026-10-05T10:05:51.3268129Z dist/assets/geist-latin-variable-Dm3htQBi.woff2   28.40 kB
verify / web	UNKNOWN STEP	2026-10-05T10:05:51.3268368Z dist/assets/worker-C690IjaR.js                   221.14 kB
verify / web	UNKNOWN STEP	2026-10-05T10:05:51.3268708Z dist/assets/index-CQJea-JE.css                    20.76 kB │ gzip:   4.84 kB
verify / web	UNKNOWN STEP	2026-10-05T10:05:51.3269020Z dist/assets/index-1VRzNw7L.js                    775.67 kB │ gzip: 235.36 kB
verify / web	UNKNOWN STEP	2026-10-05T10:05:51.3269179Z 
verify / web	UNKNOWN STEP	2026-10-05T10:05:51.3270967Z ^[[32m✓ built in 274ms^[[39m
verify / web	UNKNOWN STEP	2026-10-05T10:05:51.3276772Z ^[[33m[plugin builtin:vite-reporter] 
verify / web	UNKNOWN STEP	2026-10-05T10:05:51.3277089Z (!) Some chunks are larger than 500 kB after minification. Consider:
verify / web	UNKNOWN STEP	2026-10-05T10:05:51.3277469Z - Using dynamic import() to code-split the application
verify / web	UNKNOWN STEP	2026-10-05T10:05:51.3278047Z - Use build.rolldownOptions.output.codeSplitting to improve chunking: https://rolldown.rs/reference/OutputOptions.codeSplitting
verify / web	UNKNOWN STEP	2026-10-05T10:05:51.3278740Z - Adjust chunk size limit for this warning via build.chunkSizeWarningLimit.^[[39m
verify / web	UNKNOWN STEP	2026-10-05T10:05:51.3552380Z Offline version 7361104169829473: 13 local assets, /ChronoShift/
verify / web	UNKNOWN STEP	2026-10-05T10:05:51.7814451Z 
verify / web	UNKNOWN STEP	2026-10-05T10:05:51.7814981Z Running 1 test using 1 worker
verify / web	UNKNOWN STEP	2026-10-05T10:05:53.2023358Z ·
verify / web	UNKNOWN STEP	2026-10-05T10:05:53.2025381Z   1 passed (1.5s)
verify / web	UNKNOWN STEP	2026-10-05T10:05:53.2199969Z ##[group]Run actions/upload-pages-artifact@fc324d3547104276b827a68afc52ff2a11cc49c9
verify / web	UNKNOWN STEP	2026-10-05T10:05:53.2200209Z with:
verify / web	UNKNOWN STEP	2026-10-05T10:05:53.2200320Z   path: dist
verify / web	UNKNOWN STEP	2026-10-05T10:05:53.2200437Z   retention-days: 14
verify / web	UNKNOWN STEP	2026-10-05T10:05:53.2200557Z   name: github-pages
verify / web	UNKNOWN STEP	2026-10-05T10:05:53.2200684Z   include-hidden-files: false
verify / web	UNKNOWN STEP	2026-10-05T10:05:53.2200817Z env:
verify / web	UNKNOWN STEP	2026-10-05T10:05:53.2200937Z   PLAYWRIGHT_BROWSERS_PATH: /ms-playwright
verify / web	UNKNOWN STEP	2026-10-05T10:05:53.2201106Z   PLAYWRIGHT_IMAGE_VERSION: 1.63.0
verify / web	UNKNOWN STEP	2026-10-05T10:05:53.2201255Z   CHRONOSHIFT_CI_TIMING: 0
verify / web	UNKNOWN STEP	2026-10-05T10:05:53.2201383Z   PUBLISH_PAGES: true
verify / web	UNKNOWN STEP	2026-10-05T10:05:53.2201504Z   MISE_LOG_LEVEL: info
verify / web	UNKNOWN STEP	2026-10-05T10:05:53.2203343Z   MISE_GITHUB_TOKEN: ***
verify / web	UNKNOWN STEP	2026-10-05T10:05:53.2203507Z   MISE_TRUSTED_CONFIG_PATHS: /__w/ChronoShift/ChronoShift
verify / web	UNKNOWN STEP	2026-10-05T10:05:53.2203682Z   MISE_YES: 1
verify / web	UNKNOWN STEP	2026-10-05T10:05:53.2203791Z   GITHUB_PAGES: true
verify / web	UNKNOWN STEP	2026-10-05T10:05:53.2203911Z ##[endgroup]
verify / web	UNKNOWN STEP	2026-10-05T10:05:53.2243423Z ##[start-action display=Archive artifact;id=__actions_upload-pages-artifact.__run]
verify / web	UNKNOWN STEP	2026-10-05T10:05:53.2273185Z ##[group]Run echo ::group::Archive artifact
verify / web	UNKNOWN STEP	2026-10-05T10:05:53.2273399Z ^[[36;1mecho ::group::Archive artifact^[[0m
verify / web	UNKNOWN STEP	2026-10-05T10:05:53.2273546Z ^[[36;1mtar \^[[0m
verify / web	UNKNOWN STEP	2026-10-05T10:05:53.2273712Z ^[[36;1m  --dereference --hard-dereference \^[[0m
verify / web	UNKNOWN STEP	2026-10-05T10:05:53.2273886Z ^[[36;1m  --directory "$INPUT_PATH" \^[[0m
verify / web	UNKNOWN STEP	2026-10-05T10:05:53.2274053Z ^[[36;1m  -cvf "$RUNNER_TEMP/artifact.tar" \^[[0m
verify / web	UNKNOWN STEP	2026-10-05T10:05:53.2274214Z ^[[36;1m  --exclude=.git \^[[0m
verify / web	UNKNOWN STEP	2026-10-05T10:05:53.2274355Z ^[[36;1m  --exclude=.github \^[[0m
verify / web	UNKNOWN STEP	2026-10-05T10:05:53.2274492Z ^[[36;1m  --exclude=.[^/]* \^[[0m
verify / web	UNKNOWN STEP	2026-10-05T10:05:53.2274621Z ^[[36;1m  .^[[0m
verify / web	UNKNOWN STEP	2026-10-05T10:05:53.2274735Z ^[[36;1mecho ::endgroup::^[[0m
verify / web	UNKNOWN STEP	2026-10-05T10:05:53.2274950Z shell: sh -e {0}
verify / web	UNKNOWN STEP	2026-10-05T10:05:53.2275063Z env:
verify / web	UNKNOWN STEP	2026-10-05T10:05:53.2275191Z   PLAYWRIGHT_BROWSERS_PATH: /ms-playwright
verify / web	UNKNOWN STEP	2026-10-05T10:05:53.2275356Z   PLAYWRIGHT_IMAGE_VERSION: 1.63.0
verify / web	UNKNOWN STEP	2026-10-05T10:05:53.2275660Z   CHRONOSHIFT_CI_TIMING: 0
verify / web	UNKNOWN STEP	2026-10-05T10:05:53.2275798Z   PUBLISH_PAGES: true
verify / web	UNKNOWN STEP	2026-10-05T10:05:53.2275918Z   MISE_LOG_LEVEL: info
verify / web	UNKNOWN STEP	2026-10-05T10:05:53.2277336Z   MISE_GITHUB_TOKEN: ***
verify / web	UNKNOWN STEP	2026-10-05T10:05:53.2277599Z   MISE_TRUSTED_CONFIG_PATHS: /__w/ChronoShift/ChronoShift
verify / web	UNKNOWN STEP	2026-10-05T10:05:53.2277790Z   MISE_YES: 1
verify / web	UNKNOWN STEP	2026-10-05T10:05:53.2277901Z   GITHUB_PAGES: true
verify / web	UNKNOWN STEP	2026-10-05T10:05:53.2278018Z   INPUT_PATH: dist
verify / web	UNKNOWN STEP	2026-10-05T10:05:53.2278131Z ##[endgroup]
verify / web	UNKNOWN STEP	2026-10-05T10:05:53.2630393Z ##[group]Archive artifact
verify / web	UNKNOWN STEP	2026-10-05T10:05:53.2641191Z ./
verify / web	UNKNOWN STEP	2026-10-05T10:05:53.2641450Z ./third-party-notices.txt
verify / web	UNKNOWN STEP	2026-10-05T10:05:53.2642526Z ./manifest.webmanifest
verify / web	UNKNOWN STEP	2026-10-05T10:05:53.2642740Z ./assets/
verify / web	UNKNOWN STEP	2026-10-05T10:05:53.2642978Z ./assets/worker-C690IjaR.js
verify / web	UNKNOWN STEP	2026-10-05T10:05:53.2644592Z ./assets/index-CQJea-JE.css
verify / web	UNKNOWN STEP	2026-10-05T10:05:53.2644804Z ./assets/index-1VRzNw7L.js
verify / web	UNKNOWN STEP	2026-10-05T10:05:53.2650862Z ./assets/geist-latin-variable-Dm3htQBi.woff2
verify / web	UNKNOWN STEP	2026-10-05T10:05:53.2651537Z ./index.html
verify / web	UNKNOWN STEP	2026-10-05T10:05:53.2651983Z ./release.json
verify / web	UNKNOWN STEP	2026-10-05T10:05:53.2652159Z ./sw.js
verify / web	UNKNOWN STEP	2026-10-05T10:05:53.2652831Z ./icon.svg
verify / web	UNKNOWN STEP	2026-10-05T10:05:53.2653011Z ./icon-512.png
verify / web	UNKNOWN STEP	2026-10-05T10:05:53.2653187Z ./icon-192.png
verify / web	UNKNOWN STEP	2026-10-05T10:05:53.2653464Z ./fonts/
verify / web	UNKNOWN STEP	2026-10-05T10:05:53.2653629Z ./fonts/geist-OFL.txt
verify / web	UNKNOWN STEP	2026-10-05T10:05:53.2653845Z ./fonts/README.txt
verify / web	UNKNOWN STEP	2026-10-05T10:05:53.2657369Z ##[endgroup]
verify / web	UNKNOWN STEP	2026-10-05T10:05:53.2689916Z ##[end-action id=__actions_upload-pages-artifact.__run;outcome=success;conclusion=success;duration_ms=44]
verify / web	UNKNOWN STEP	2026-10-05T10:05:53.2693234Z ##[start-action display=Archive artifact;id=__actions_upload-pages-artifact.__run_2]
verify / web	UNKNOWN STEP	2026-10-05T10:05:53.2696759Z ##[end-action id=__actions_upload-pages-artifact.__run_2;outcome=skipped;conclusion=skipped;duration_ms=0]
verify / web	UNKNOWN STEP	2026-10-05T10:05:53.2698178Z ##[start-action display=Archive artifact;id=__actions_upload-pages-artifact.__run_3]
verify / web	UNKNOWN STEP	2026-10-05T10:05:53.2699982Z ##[end-action id=__actions_upload-pages-artifact.__run_3;outcome=skipped;conclusion=skipped;duration_ms=0]
verify / web	UNKNOWN STEP	2026-10-05T10:05:53.2701205Z ##[start-action display=Upload artifact;id=__actions_upload-pages-artifact.upload-artifact]
verify / web	UNKNOWN STEP	2026-10-05T10:05:53.2725799Z ##[group]Run actions/upload-artifact@bbbca2ddaa5d8feaa63e36b76fdaad77386f024f
verify / web	UNKNOWN STEP	2026-10-05T10:05:53.2726026Z with:
verify / web	UNKNOWN STEP	2026-10-05T10:05:53.2726141Z   name: github-pages
verify / web	UNKNOWN STEP	2026-10-05T10:05:53.2726282Z   path: /home/runner/work/_temp/artifact.tar
verify / web	UNKNOWN STEP	2026-10-05T10:05:53.2726443Z   retention-days: 14
verify / web	UNKNOWN STEP	2026-10-05T10:05:53.2726574Z   if-no-files-found: error
verify / web	UNKNOWN STEP	2026-10-05T10:05:53.2726712Z   compression-level: 6
verify / web	UNKNOWN STEP	2026-10-05T10:05:53.2726836Z   overwrite: false
verify / web	UNKNOWN STEP	2026-10-05T10:05:53.2726960Z   include-hidden-files: false
verify / web	UNKNOWN STEP	2026-10-05T10:05:53.2727095Z   archive: true
verify / web	UNKNOWN STEP	2026-10-05T10:05:53.2727206Z env:
verify / web	UNKNOWN STEP	2026-10-05T10:05:53.2727331Z   PLAYWRIGHT_BROWSERS_PATH: /ms-playwright
verify / web	UNKNOWN STEP	2026-10-05T10:05:53.2727496Z   PLAYWRIGHT_IMAGE_VERSION: 1.63.0
verify / web	UNKNOWN STEP	2026-10-05T10:05:53.2727644Z   CHRONOSHIFT_CI_TIMING: 0
verify / web	UNKNOWN STEP	2026-10-05T10:05:53.2727773Z   PUBLISH_PAGES: true
verify / web	UNKNOWN STEP	2026-10-05T10:05:53.2727897Z   MISE_LOG_LEVEL: info
verify / web	UNKNOWN STEP	2026-10-05T10:05:53.2729382Z   MISE_GITHUB_TOKEN: ***
verify / web	UNKNOWN STEP	2026-10-05T10:05:53.2729555Z   MISE_TRUSTED_CONFIG_PATHS: /__w/ChronoShift/ChronoShift
verify / web	UNKNOWN STEP	2026-10-05T10:05:53.2729732Z   MISE_YES: 1
verify / web	UNKNOWN STEP	2026-10-05T10:05:53.2729846Z   GITHUB_PAGES: true
verify / web	UNKNOWN STEP	2026-10-05T10:05:53.2729964Z ##[endgroup]
verify / web	UNKNOWN STEP	2026-10-05T10:05:53.2732475Z ##[command]/usr/bin/docker exec  87dbc12c5d9742c30c478212643f88924983e975709914a4a3e1e2b5d8c062f7 sh -c "cat /etc/*release | grep ^ID"
verify / web	UNKNOWN STEP	2026-10-05T10:05:53.4312953Z With the provided path, there will be 1 file uploaded
verify / web	UNKNOWN STEP	2026-10-05T10:05:53.4362917Z Artifact name is valid!
verify / web	UNKNOWN STEP	2026-10-05T10:05:53.4363449Z Root directory input is valid!
verify / web	UNKNOWN STEP	2026-10-05T10:05:53.7199631Z Uploading artifact: github-pages.zip
verify / web	UNKNOWN STEP	2026-10-05T10:05:53.7228273Z Beginning upload of artifact content to blob storage
verify / web	UNKNOWN STEP	2026-10-05T10:05:54.0037060Z Uploaded bytes 374906
verify / web	UNKNOWN STEP	2026-10-05T10:05:54.0406605Z Finished uploading artifact content to blob storage!
verify / web	UNKNOWN STEP	2026-10-05T10:05:54.0407174Z SHA256 digest of uploaded artifact is 16bcf40589de7dbd3dbd72b72983c819ab14c28339907b5abea162a404a582bf
verify / web	UNKNOWN STEP	2026-10-05T10:05:54.0408132Z Finalizing artifact upload
verify / web	UNKNOWN STEP	2026-10-05T10:05:54.3396614Z Artifact github-pages successfully finalized. Artifact ID 11337716881
verify / web	UNKNOWN STEP	2026-10-05T10:05:54.3397839Z Artifact github-pages has been successfully uploaded! Final size is 374906 bytes. Artifact ID is 11337716881
verify / web	UNKNOWN STEP	2026-10-05T10:05:54.3400066Z Artifact download URL: https://github.com/Tien-Lam/ChronoShift/actions/runs/37293668474/artifacts/11337716881
verify / web	UNKNOWN STEP	2026-10-05T10:05:54.3506360Z ##[end-action id=__actions_upload-pages-artifact.upload-artifact;outcome=success;conclusion=success;duration_ms=1080]
verify / web	UNKNOWN STEP	2026-10-05T10:05:54.3939301Z Post job cleanup.
verify / web	UNKNOWN STEP	2026-10-05T10:05:54.3943912Z ##[command]/usr/bin/docker exec  87dbc12c5d9742c30c478212643f88924983e975709914a4a3e1e2b5d8c062f7 sh -c "cat /etc/*release | grep ^ID"
verify / web	UNKNOWN STEP	2026-10-05T10:05:54.5196891Z [command]/usr/bin/git version
verify / web	UNKNOWN STEP	2026-10-05T10:05:54.5233884Z git version 2.43.0
verify / web	UNKNOWN STEP	2026-10-05T10:05:54.5260065Z Temporarily overriding HOME='/__w/_temp/f77d4d35-e880-4bf5-bca0-ef6fe2698aa4' before making global git config changes
verify / web	UNKNOWN STEP	2026-10-05T10:05:54.5260607Z Adding repository directory to the temporary git global config as a safe directory
verify / web	UNKNOWN STEP	2026-10-05T10:05:54.5264887Z [command]/usr/bin/git config --global --add safe.directory /__w/ChronoShift/ChronoShift
verify / web	UNKNOWN STEP	2026-10-05T10:05:54.5300470Z Removing SSH command configuration
verify / web	UNKNOWN STEP	2026-10-05T10:05:54.5304936Z [command]/usr/bin/git config --local --name-only --get-regexp core\.sshCommand
verify / web	UNKNOWN STEP	2026-10-05T10:05:54.5337011Z [command]/usr/bin/git submodule foreach --recursive sh -c "git config --local --name-only --get-regexp 'core\.sshCommand' && git config --local --unset-all 'core.sshCommand' || :"
verify / web	UNKNOWN STEP	2026-10-05T10:05:54.5579918Z Removing HTTP extra header
verify / web	UNKNOWN STEP	2026-10-05T10:05:54.5581185Z [command]/usr/bin/git config --local --name-only --get-regexp http\.https\:\/\/github\.com\/\.extraheader
verify / web	UNKNOWN STEP	2026-10-05T10:05:54.5622643Z [command]/usr/bin/git submodule foreach --recursive sh -c "git config --local --name-only --get-regexp 'http\.https\:\/\/github\.com\/\.extraheader' && git config --local --unset-all 'http.https://github.com/.extraheader' || :"
verify / web	UNKNOWN STEP	2026-10-05T10:05:54.5890901Z Removing includeIf entries pointing to credentials config files
verify / web	UNKNOWN STEP	2026-10-05T10:05:54.5895404Z [command]/usr/bin/git config --local --name-only --get-regexp ^includeIf\.gitdir:
verify / web	UNKNOWN STEP	2026-10-05T10:05:54.5922744Z includeif.gitdir:/__w/ChronoShift/ChronoShift/.git.path
verify / web	UNKNOWN STEP	2026-10-05T10:05:54.5923008Z includeif.gitdir:/__w/ChronoShift/ChronoShift/.git/worktrees/*.path
verify / web	UNKNOWN STEP	2026-10-05T10:05:54.5923239Z includeif.gitdir:/github/workspace/.git.path
verify / web	UNKNOWN STEP	2026-10-05T10:05:54.5923477Z includeif.gitdir:/github/workspace/.git/worktrees/*.path
verify / web	UNKNOWN STEP	2026-10-05T10:05:54.5928802Z [command]/usr/bin/git config --local --get-all includeif.gitdir:/__w/ChronoShift/ChronoShift/.git.path
verify / web	UNKNOWN STEP	2026-10-05T10:05:54.5951800Z /__w/_temp/git-credentials-1e3f9b90-4f15-4590-b345-288cbc79c982.config
verify / web	UNKNOWN STEP	2026-10-05T10:05:54.5960557Z [command]/usr/bin/git config --local --unset includeif.gitdir:/__w/ChronoShift/ChronoShift/.git.path \/__w\/_temp\/git\-credentials\-1e3f9b90\-4f15\-4590\-b345\-288cbc79c982\.config
verify / web	UNKNOWN STEP	2026-10-05T10:05:54.5992959Z [command]/usr/bin/git config --local --get-all includeif.gitdir:/__w/ChronoShift/ChronoShift/.git/worktrees/*.path
verify / web	UNKNOWN STEP	2026-10-05T10:05:54.6015242Z /__w/_temp/git-credentials-1e3f9b90-4f15-4590-b345-288cbc79c982.config
verify / web	UNKNOWN STEP	2026-10-05T10:05:54.6021164Z [command]/usr/bin/git config --local --unset includeif.gitdir:/__w/ChronoShift/ChronoShift/.git/worktrees/*.path \/__w\/_temp\/git\-credentials\-1e3f9b90\-4f15\-4590\-b345\-288cbc79c982\.config
verify / web	UNKNOWN STEP	2026-10-05T10:05:54.6053283Z [command]/usr/bin/git config --local --get-all includeif.gitdir:/github/workspace/.git.path
verify / web	UNKNOWN STEP	2026-10-05T10:05:54.6072661Z /github/runner_temp/git-credentials-1e3f9b90-4f15-4590-b345-288cbc79c982.config
verify / web	UNKNOWN STEP	2026-10-05T10:05:54.6077038Z [command]/usr/bin/git config --local --unset includeif.gitdir:/github/workspace/.git.path \/github\/runner_temp\/git\-credentials\-1e3f9b90\-4f15\-4590\-b345\-288cbc79c982\.config
verify / web	UNKNOWN STEP	2026-10-05T10:05:54.6105506Z [command]/usr/bin/git config --local --get-all includeif.gitdir:/github/workspace/.git/worktrees/*.path
verify / web	UNKNOWN STEP	2026-10-05T10:05:54.6126613Z /github/runner_temp/git-credentials-1e3f9b90-4f15-4590-b345-288cbc79c982.config
verify / web	UNKNOWN STEP	2026-10-05T10:05:54.6137541Z [command]/usr/bin/git config --local --unset includeif.gitdir:/github/workspace/.git/worktrees/*.path \/github\/runner_temp\/git\-credentials\-1e3f9b90\-4f15\-4590\-b345\-288cbc79c982\.config
verify / web	UNKNOWN STEP	2026-10-05T10:05:54.6173932Z [command]/usr/bin/git submodule foreach --recursive git config --local --show-origin --name-only --get-regexp remote.origin.url
verify / web	UNKNOWN STEP	2026-10-05T10:05:54.6365151Z Removing credentials config '/__w/_temp/git-credentials-1e3f9b90-4f15-4590-b345-288cbc79c982.config'
verify / web	UNKNOWN STEP	2026-10-05T10:05:54.6500106Z Stop and remove container: a58ea19556f14063a32695145017062d_mcrmicrosoftcomplaywrightsha256eff16c30e6f3f4af0a03fa4b706120d5e9b0891c344a27d64559aff5900a4a27_b55d78
verify / web	UNKNOWN STEP	2026-10-05T10:05:54.6503382Z ##[command]/usr/bin/docker rm --force 87dbc12c5d9742c30c478212643f88924983e975709914a4a3e1e2b5d8c062f7
verify / web	UNKNOWN STEP	2026-10-05T10:05:54.7585016Z 87dbc12c5d9742c30c478212643f88924983e975709914a4a3e1e2b5d8c062f7
verify / web	UNKNOWN STEP	2026-10-05T10:05:54.7609727Z Remove container network: github_network_1928d61bd3784bdfaa372c5289711177
verify / web	UNKNOWN STEP	2026-10-05T10:05:54.7613069Z ##[command]/usr/bin/docker network rm github_network_1928d61bd3784bdfaa372c5289711177
verify / web	UNKNOWN STEP	2026-10-05T10:05:54.8671152Z github_network_1928d61bd3784bdfaa372c5289711177
verify / web	UNKNOWN STEP	2026-10-05T10:05:54.8726296Z Cleaning up orphan processes
deploy	Set up job	﻿2026-10-05T10:06:03.7069260Z Current runner version: '2.337.0'
deploy	Set up job	2026-10-05T10:06:03.7095315Z ##[group]Runner Image Provisioner
deploy	Set up job	2026-10-05T10:06:03.7096673Z Hosted Compute Agent
deploy	Set up job	2026-10-05T10:06:03.7097308Z Version: 20260901.588
deploy	Set up job	2026-10-05T10:06:03.7097988Z Commit: f88ec8081b781fac6c440065ac7ff9e710ce3d0b
deploy	Set up job	2026-10-05T10:06:03.7098738Z Build Date: 2026-09-01T19:56:44Z
deploy	Set up job	2026-10-05T10:06:03.7099426Z Worker ID: {eeaef081-d41b-449e-8857-65f02a6d1637}
deploy	Set up job	2026-10-05T10:06:03.7100243Z Azure Region: westus
deploy	Set up job	2026-10-05T10:06:03.7100868Z ##[endgroup]
deploy	Set up job	2026-10-05T10:06:03.7103085Z ##[group]Operating System
deploy	Set up job	2026-10-05T10:06:03.7103791Z Ubuntu
deploy	Set up job	2026-10-05T10:06:03.7104316Z 24.04.5
deploy	Set up job	2026-10-05T10:06:03.7104910Z LTS
deploy	Set up job	2026-10-05T10:06:03.7105460Z ##[endgroup]
deploy	Set up job	2026-10-05T10:06:03.7106039Z ##[group]Runner Image
deploy	Set up job	2026-10-05T10:06:03.7106696Z Image: ubuntu-24.04
deploy	Set up job	2026-10-05T10:06:03.7107317Z Version: 20260927.320.1
deploy	Set up job	2026-10-05T10:06:03.7108581Z Included Software: https://github.com/actions/runner-images/blob/ubuntu24/20260927.320/images/ubuntu/Ubuntu2404-Readme.md
deploy	Set up job	2026-10-05T10:06:03.7110426Z Image Release: https://github.com/actions/runner-images/releases/tag/ubuntu24%2F20260927.320
deploy	Set up job	2026-10-05T10:06:03.7111692Z ##[endgroup]
deploy	Set up job	2026-10-05T10:06:03.7112817Z ##[group]GITHUB_TOKEN Permissions
deploy	Set up job	2026-10-05T10:06:03.7115083Z Metadata: read
deploy	Set up job	2026-10-05T10:06:03.7115781Z Pages: write
deploy	Set up job	2026-10-05T10:06:03.7116449Z ##[endgroup]
deploy	Set up job	2026-10-05T10:06:03.7118520Z Secret source: Actions
deploy	Set up job	2026-10-05T10:06:03.7119612Z Cache mode: write
deploy	Set up job	2026-10-05T10:06:03.7120650Z Prepare workflow directory
deploy	Set up job	2026-10-05T10:06:03.7483203Z Prepare all required actions
deploy	Set up job	2026-10-05T10:06:03.7532214Z Getting action download info
deploy	Set up job	2026-10-05T10:06:04.1428187Z Download action repository 'actions/deploy-pages@368f82528645a54fb793d4d04e342629a3f51346' (SHA:368f82528645a54fb793d4d04e342629a3f51346)
deploy	Set up job	2026-10-05T10:06:04.7759593Z Complete job name: deploy
deploy	Run actions/deploy-pages@368f82528645a54fb793d4d04e342629a3f51346	﻿2026-10-05T10:06:04.8533056Z ##[group]Run actions/deploy-pages@368f82528645a54fb793d4d04e342629a3f51346
deploy	Run actions/deploy-pages@368f82528645a54fb793d4d04e342629a3f51346	2026-10-05T10:06:04.8534171Z with:
deploy	Run actions/deploy-pages@368f82528645a54fb793d4d04e342629a3f51346	2026-10-05T10:06:04.8537833Z   token: ***
deploy	Run actions/deploy-pages@368f82528645a54fb793d4d04e342629a3f51346	2026-10-05T10:06:04.8538282Z   timeout: 600000
deploy	Run actions/deploy-pages@368f82528645a54fb793d4d04e342629a3f51346	2026-10-05T10:06:04.8538717Z   error_count: 10
deploy	Run actions/deploy-pages@368f82528645a54fb793d4d04e342629a3f51346	2026-10-05T10:06:04.8539175Z   reporting_interval: 5000
deploy	Run actions/deploy-pages@368f82528645a54fb793d4d04e342629a3f51346	2026-10-05T10:06:04.8539681Z   artifact_name: github-pages
deploy	Run actions/deploy-pages@368f82528645a54fb793d4d04e342629a3f51346	2026-10-05T10:06:04.8540186Z   preview: false
deploy	Run actions/deploy-pages@368f82528645a54fb793d4d04e342629a3f51346	2026-10-05T10:06:04.8540815Z ##[endgroup]
deploy	Run actions/deploy-pages@368f82528645a54fb793d4d04e342629a3f51346	2026-10-05T10:06:05.0538770Z (node:2182) [DEP0040] DeprecationWarning: The `punycode` module is deprecated. Please use a userland alternative instead.
deploy	Run actions/deploy-pages@368f82528645a54fb793d4d04e342629a3f51346	2026-10-05T10:06:05.0540617Z (Use `node --trace-deprecation ...` to show where the warning was created)
deploy	Run actions/deploy-pages@368f82528645a54fb793d4d04e342629a3f51346	2026-10-05T10:06:05.2894141Z Fetching artifact metadata for "github-pages" in this workflow run
deploy	Run actions/deploy-pages@368f82528645a54fb793d4d04e342629a3f51346	2026-10-05T10:06:05.5546931Z Found 1 artifact(s)
deploy	Run actions/deploy-pages@368f82528645a54fb793d4d04e342629a3f51346	2026-10-05T10:06:05.5560201Z Creating Pages deployment with payload:
deploy	Run actions/deploy-pages@368f82528645a54fb793d4d04e342629a3f51346	2026-10-05T10:06:05.5562238Z {
deploy	Run actions/deploy-pages@368f82528645a54fb793d4d04e342629a3f51346	2026-10-05T10:06:05.5563515Z 	"artifact_id": 11337716881,
deploy	Run actions/deploy-pages@368f82528645a54fb793d4d04e342629a3f51346	2026-10-05T10:06:05.5565534Z 	"pages_build_version": "a868e4b956caf5d227edc430fc7dca97c0dc2eb6",
deploy	Run actions/deploy-pages@368f82528645a54fb793d4d04e342629a3f51346	2026-10-05T10:06:05.5737956Z 	"oidc_token": "***"
deploy	Run actions/deploy-pages@368f82528645a54fb793d4d04e342629a3f51346	2026-10-05T10:06:05.5738915Z }
deploy	Run actions/deploy-pages@368f82528645a54fb793d4d04e342629a3f51346	2026-10-05T10:06:06.4715292Z Created deployment for a868e4b956caf5d227edc430fc7dca97c0dc2eb6, ID: a868e4b956caf5d227edc430fc7dca97c0dc2eb6
deploy	Run actions/deploy-pages@368f82528645a54fb793d4d04e342629a3f51346	2026-10-05T10:06:11.9829860Z Getting Pages deployment status...
deploy	Run actions/deploy-pages@368f82528645a54fb793d4d04e342629a3f51346	2026-10-05T10:06:12.2173684Z Reported success!
deploy	Complete job	﻿2026-10-05T10:06:12.2478220Z Evaluate and set environment url
deploy	Complete job	2026-10-05T10:06:12.2483570Z Evaluated environment url: https://tien-lam.github.io/ChronoShift/
deploy	Complete job	2026-10-05T10:06:12.2484626Z Cleaning up orphan processes
