web	Set up job	﻿2026-10-04T20:27:21.4482003Z Current runner version: '2.337.0'
web	Set up job	2026-10-04T20:27:21.4516153Z ##[group]Runner Image Provisioner
web	Set up job	2026-10-04T20:27:21.4517453Z Hosted Compute Agent
web	Set up job	2026-10-04T20:27:21.4518473Z Version: 20260901.588
web	Set up job	2026-10-04T20:27:21.4519546Z Commit: f88ec8081b781fac6c440065ac7ff9e710ce3d0b
web	Set up job	2026-10-04T20:27:21.4520804Z Build Date: 2026-09-01T19:56:44Z
web	Set up job	2026-10-04T20:27:21.4522013Z Worker ID: {07e52edc-34c6-4c94-a6d9-6cc716e3e5a6}
web	Set up job	2026-10-04T20:27:21.4523509Z Azure Region: eastus
web	Set up job	2026-10-04T20:27:21.4524594Z ##[endgroup]
web	Set up job	2026-10-04T20:27:21.4527013Z ##[group]Operating System
web	Set up job	2026-10-04T20:27:21.4528066Z Ubuntu
web	Set up job	2026-10-04T20:27:21.4528974Z 24.04.5
web	Set up job	2026-10-04T20:27:21.4529765Z LTS
web	Set up job	2026-10-04T20:27:21.4530703Z ##[endgroup]
web	Set up job	2026-10-04T20:27:21.4531683Z ##[group]Runner Image
web	Set up job	2026-10-04T20:27:21.4532673Z Image: ubuntu-24.04
web	Set up job	2026-10-04T20:27:21.4534026Z Version: 20260927.320.1
web	Set up job	2026-10-04T20:27:21.4535874Z Included Software: https://github.com/actions/runner-images/blob/ubuntu24/20260927.320/images/ubuntu/Ubuntu2404-Readme.md
web	Set up job	2026-10-04T20:27:21.4538838Z Image Release: https://github.com/actions/runner-images/releases/tag/ubuntu24%2F20260927.320
web	Set up job	2026-10-04T20:27:21.4540640Z ##[endgroup]
web	Set up job	2026-10-04T20:27:21.4542525Z ##[group]GITHUB_TOKEN Permissions
web	Set up job	2026-10-04T20:27:21.4545578Z Contents: read
web	Set up job	2026-10-04T20:27:21.4546530Z Metadata: read
web	Set up job	2026-10-04T20:27:21.4547437Z Pages: read
web	Set up job	2026-10-04T20:27:21.4548508Z ##[endgroup]
web	Set up job	2026-10-04T20:27:21.4551357Z Secret source: Actions
web	Set up job	2026-10-04T20:27:21.4553292Z Cache mode: write
web	Set up job	2026-10-04T20:27:21.4554439Z Prepare workflow directory
web	Set up job	2026-10-04T20:27:21.5415352Z Prepare all required actions
web	Set up job	2026-10-04T20:27:21.5485729Z Getting action download info
web	Set up job	2026-10-04T20:27:21.7497000Z Download action repository 'actions/checkout@34e114876b0b11c390a56381ad16ebd13914f8d5' (SHA:34e114876b0b11c390a56381ad16ebd13914f8d5)
web	Set up job	2026-10-04T20:27:21.8690122Z Download action repository 'jdx/mise-action@5228313ee0372e111a38da051671ca30fc5a96db' (SHA:5228313ee0372e111a38da051671ca30fc5a96db)
web	Set up job	2026-10-04T20:27:22.0615969Z Download action repository 'actions/configure-pages@983d7736d9b0ae728b81ab479565c72886d7745b' (SHA:983d7736d9b0ae728b81ab479565c72886d7745b)
web	Set up job	2026-10-04T20:27:22.1951210Z Download action repository 'actions/upload-pages-artifact@7b1f4a764d45c48632c6b24a0339c27f5614fb0b' (SHA:7b1f4a764d45c48632c6b24a0339c27f5614fb0b)
web	Set up job	2026-10-04T20:27:22.2707461Z Download action repository 'actions/upload-artifact@ea165f8d65b6e75b540449e92b4886f43607fa02' (SHA:ea165f8d65b6e75b540449e92b4886f43607fa02)
web	Set up job	2026-10-04T20:27:22.4775954Z Getting action download info
web	Set up job	2026-10-04T20:27:22.5981073Z Complete job name: web
web	Initialize containers	﻿2026-10-04T20:27:22.6633521Z ##[group]Checking docker version
web	Initialize containers	2026-10-04T20:27:22.6647340Z ##[command]/usr/bin/docker version --format '{{.Server.APIVersion}}'
web	Initialize containers	2026-10-04T20:27:22.7570176Z '1.48'
web	Initialize containers	2026-10-04T20:27:22.7588057Z Docker daemon API version: '1.48'
web	Initialize containers	2026-10-04T20:27:22.7589156Z ##[command]/usr/bin/docker version --format '{{.Client.APIVersion}}'
web	Initialize containers	2026-10-04T20:27:22.7743764Z '1.48'
web	Initialize containers	2026-10-04T20:27:22.7757990Z Docker client API version: '1.48'
web	Initialize containers	2026-10-04T20:27:22.7764663Z ##[endgroup]
web	Initialize containers	2026-10-04T20:27:22.7769345Z ##[group]Clean up resources from previous jobs
web	Initialize containers	2026-10-04T20:27:22.7776252Z ##[command]/usr/bin/docker ps --all --quiet --no-trunc --filter "label=bfc74a"
web	Initialize containers	2026-10-04T20:27:22.7929516Z ##[command]/usr/bin/docker network prune --force --filter "label=bfc74a"
web	Initialize containers	2026-10-04T20:27:22.8056615Z ##[endgroup]
web	Initialize containers	2026-10-04T20:27:22.8057254Z ##[group]Create local container network
web	Initialize containers	2026-10-04T20:27:22.8067857Z ##[command]/usr/bin/docker network create --label bfc74a github_network_da51a28dcbf645fbb1b1abdaabfe5337
web	Initialize containers	2026-10-04T20:27:22.8580441Z 889b8be11849181201e62fbffa36984e9ee054874e607dab7455528d218df043
web	Initialize containers	2026-10-04T20:27:22.8600347Z ##[endgroup]
web	Initialize containers	2026-10-04T20:27:22.8624981Z ##[group]Starting job container
web	Initialize containers	2026-10-04T20:27:22.8647403Z ##[command]/usr/bin/docker pull mcr.microsoft.com/playwright@sha256:eff16c30e6f3f4af0a03fa4b706120d5e9b0891c344a27d64559aff5900a4a27
web	Initialize containers	2026-10-04T20:27:22.9501593Z mcr.microsoft.com/playwright@sha256:eff16c30e6f3f4af0a03fa4b706120d5e9b0891c344a27d64559aff5900a4a27: Pulling from playwright
web	Initialize containers	2026-10-04T20:27:23.0018475Z 0926a8eb0e60: Pulling fs layer
web	Initialize containers	2026-10-04T20:27:23.0019792Z e2bfec3c8017: Pulling fs layer
web	Initialize containers	2026-10-04T20:27:23.0020671Z 74c72610aa2d: Pulling fs layer
web	Initialize containers	2026-10-04T20:27:23.0021856Z d8cf7dc1ff62: Pulling fs layer
web	Initialize containers	2026-10-04T20:27:23.0023187Z b4dfe9b5d621: Pulling fs layer
web	Initialize containers	2026-10-04T20:27:23.0024473Z a2ac83a9a562: Pulling fs layer
web	Initialize containers	2026-10-04T20:27:23.0025882Z 1b189482e65c: Pulling fs layer
web	Initialize containers	2026-10-04T20:27:23.0027164Z d8cf7dc1ff62: Waiting
web	Initialize containers	2026-10-04T20:27:23.0027881Z b4dfe9b5d621: Waiting
web	Initialize containers	2026-10-04T20:27:23.0028584Z a2ac83a9a562: Waiting
web	Initialize containers	2026-10-04T20:27:23.0029240Z 1b189482e65c: Waiting
web	Initialize containers	2026-10-04T20:27:23.0812536Z 74c72610aa2d: Verifying Checksum
web	Initialize containers	2026-10-04T20:27:23.0814656Z 74c72610aa2d: Download complete
web	Initialize containers	2026-10-04T20:27:23.1779806Z 0926a8eb0e60: Verifying Checksum
web	Initialize containers	2026-10-04T20:27:23.1781278Z 0926a8eb0e60: Download complete
web	Initialize containers	2026-10-04T20:27:23.4665639Z e2bfec3c8017: Verifying Checksum
web	Initialize containers	2026-10-04T20:27:23.4667327Z e2bfec3c8017: Download complete
web	Initialize containers	2026-10-04T20:27:24.0351303Z a2ac83a9a562: Verifying Checksum
web	Initialize containers	2026-10-04T20:27:24.0353944Z a2ac83a9a562: Download complete
web	Initialize containers	2026-10-04T20:27:24.3326183Z d8cf7dc1ff62: Verifying Checksum
web	Initialize containers	2026-10-04T20:27:24.3329883Z d8cf7dc1ff62: Download complete
web	Initialize containers	2026-10-04T20:27:24.4955291Z b4dfe9b5d621: Verifying Checksum
web	Initialize containers	2026-10-04T20:27:24.5734928Z 1b189482e65c: Verifying Checksum
web	Initialize containers	2026-10-04T20:27:24.5738307Z 1b189482e65c: Download complete
web	Initialize containers	2026-10-04T20:27:24.9936611Z 0926a8eb0e60: Pull complete
web	Initialize containers	2026-10-04T20:27:31.9486738Z e2bfec3c8017: Pull complete
web	Initialize containers	2026-10-04T20:27:31.9715099Z 74c72610aa2d: Pull complete
web	Initialize containers	2026-10-04T20:27:40.4039487Z d8cf7dc1ff62: Pull complete
web	Initialize containers	2026-10-04T20:27:44.9990012Z b4dfe9b5d621: Pull complete
web	Initialize containers	2026-10-04T20:27:46.8542058Z a2ac83a9a562: Pull complete
web	Initialize containers	2026-10-04T20:27:48.7000571Z 1b189482e65c: Pull complete
web	Initialize containers	2026-10-04T20:27:48.7037382Z Digest: sha256:eff16c30e6f3f4af0a03fa4b706120d5e9b0891c344a27d64559aff5900a4a27
web	Initialize containers	2026-10-04T20:27:48.7043968Z Status: Downloaded newer image for mcr.microsoft.com/playwright@sha256:eff16c30e6f3f4af0a03fa4b706120d5e9b0891c344a27d64559aff5900a4a27
web	Initialize containers	2026-10-04T20:27:48.7052075Z mcr.microsoft.com/playwright@sha256:eff16c30e6f3f4af0a03fa4b706120d5e9b0891c344a27d64559aff5900a4a27
web	Initialize containers	2026-10-04T20:27:48.7136091Z ##[command]/usr/bin/docker create --name 4a39e9e1d6e046f58de04074e7731110_mcrmicrosoftcomplaywrightsha256eff16c30e6f3f4af0a03fa4b706120d5e9b0891c344a27d64559aff5900a4a27_f52ca0 --label bfc74a --workdir /__w/ChronoShift/ChronoShift --network github_network_da51a28dcbf645fbb1b1abdaabfe5337 --user 1001:1001 --ipc=host --init -e "HOME=/github/home" -e GITHUB_ACTIONS=true -e CI=true -v "/var/run/docker.sock":"/var/run/docker.sock" -v "/home/runner/work":"/__w" -v "/home/runner/actions-runner/cached/2.337.0/externals":"/__e":ro -v "/home/runner/work/_temp":"/__w/_temp" -v "/home/runner/work/_actions":"/__w/_actions" -v "/opt/hostedtoolcache":"/__t" -v "/home/runner/work/_temp/_github_home":"/github/home" -v "/home/runner/work/_temp/_github_workflow":"/github/workflow" --entrypoint "tail" mcr.microsoft.com/playwright@sha256:eff16c30e6f3f4af0a03fa4b706120d5e9b0891c344a27d64559aff5900a4a27 "-f" "/dev/null"
web	Initialize containers	2026-10-04T20:27:48.7427480Z 7bbf4dffa463a5715548fa3c5c838838eb11027ccaeb3c31980c74dc8fb6cb8a
web	Initialize containers	2026-10-04T20:27:48.7450452Z ##[command]/usr/bin/docker start 7bbf4dffa463a5715548fa3c5c838838eb11027ccaeb3c31980c74dc8fb6cb8a
web	Initialize containers	2026-10-04T20:27:48.9460782Z 7bbf4dffa463a5715548fa3c5c838838eb11027ccaeb3c31980c74dc8fb6cb8a
web	Initialize containers	2026-10-04T20:27:48.9479009Z ##[command]/usr/bin/docker ps --all --filter id=7bbf4dffa463a5715548fa3c5c838838eb11027ccaeb3c31980c74dc8fb6cb8a --filter status=running --no-trunc --format "{{.ID}} {{.Status}}"
web	Initialize containers	2026-10-04T20:27:48.9593657Z 7bbf4dffa463a5715548fa3c5c838838eb11027ccaeb3c31980c74dc8fb6cb8a Up Less than a second
web	Initialize containers	2026-10-04T20:27:48.9611260Z ##[command]/usr/bin/docker inspect --format "{{range .Config.Env}}{{println .}}{{end}}" 7bbf4dffa463a5715548fa3c5c838838eb11027ccaeb3c31980c74dc8fb6cb8a
web	Initialize containers	2026-10-04T20:27:48.9732483Z GITHUB_ACTIONS=true
web	Initialize containers	2026-10-04T20:27:48.9732769Z CI=true
web	Initialize containers	2026-10-04T20:27:48.9733023Z HOME=/github/home
web	Initialize containers	2026-10-04T20:27:48.9733793Z PATH=/usr/local/sbin:/usr/local/bin:/usr/sbin:/usr/bin:/sbin:/bin
web	Initialize containers	2026-10-04T20:27:48.9734311Z LANG=C.UTF-8
web	Initialize containers	2026-10-04T20:27:48.9734531Z LC_ALL=C.UTF-8
web	Initialize containers	2026-10-04T20:27:48.9734755Z PLAYWRIGHT_BROWSERS_PATH=/ms-playwright
web	Initialize containers	2026-10-04T20:27:48.9753332Z ##[endgroup]
web	Initialize containers	2026-10-04T20:27:48.9762532Z ##[group]Waiting for all services to be ready
web	Initialize containers	2026-10-04T20:27:48.9764677Z ##[endgroup]
web	Run actions/checkout@34e114876b0b11c390a56381ad16ebd13914f8d5	﻿2026-10-04T20:27:49.0045905Z ##[group]Run actions/checkout@34e114876b0b11c390a56381ad16ebd13914f8d5
web	Run actions/checkout@34e114876b0b11c390a56381ad16ebd13914f8d5	2026-10-04T20:27:49.0046632Z with:
web	Run actions/checkout@34e114876b0b11c390a56381ad16ebd13914f8d5	2026-10-04T20:27:49.0046889Z   repository: Tien-Lam/ChronoShift
web	Run actions/checkout@34e114876b0b11c390a56381ad16ebd13914f8d5	2026-10-04T20:27:49.0049340Z   token: ***
web	Run actions/checkout@34e114876b0b11c390a56381ad16ebd13914f8d5	2026-10-04T20:27:49.0049556Z   ssh-strict: true
web	Run actions/checkout@34e114876b0b11c390a56381ad16ebd13914f8d5	2026-10-04T20:27:49.0049764Z   ssh-user: git
web	Run actions/checkout@34e114876b0b11c390a56381ad16ebd13914f8d5	2026-10-04T20:27:49.0049981Z   persist-credentials: true
web	Run actions/checkout@34e114876b0b11c390a56381ad16ebd13914f8d5	2026-10-04T20:27:49.0050218Z   clean: true
web	Run actions/checkout@34e114876b0b11c390a56381ad16ebd13914f8d5	2026-10-04T20:27:49.0050431Z   sparse-checkout-cone-mode: true
web	Run actions/checkout@34e114876b0b11c390a56381ad16ebd13914f8d5	2026-10-04T20:27:49.0050708Z   fetch-depth: 1
web	Run actions/checkout@34e114876b0b11c390a56381ad16ebd13914f8d5	2026-10-04T20:27:49.0050906Z   fetch-tags: false
web	Run actions/checkout@34e114876b0b11c390a56381ad16ebd13914f8d5	2026-10-04T20:27:49.0051114Z   show-progress: true
web	Run actions/checkout@34e114876b0b11c390a56381ad16ebd13914f8d5	2026-10-04T20:27:49.0051322Z   lfs: false
web	Run actions/checkout@34e114876b0b11c390a56381ad16ebd13914f8d5	2026-10-04T20:27:49.0051512Z   submodules: false
web	Run actions/checkout@34e114876b0b11c390a56381ad16ebd13914f8d5	2026-10-04T20:27:49.0051720Z   set-safe-directory: true
web	Run actions/checkout@34e114876b0b11c390a56381ad16ebd13914f8d5	2026-10-04T20:27:49.0052141Z env:
web	Run actions/checkout@34e114876b0b11c390a56381ad16ebd13914f8d5	2026-10-04T20:27:49.0052373Z   PLAYWRIGHT_BROWSERS_PATH: /ms-playwright
web	Run actions/checkout@34e114876b0b11c390a56381ad16ebd13914f8d5	2026-10-04T20:27:49.0052673Z   PLAYWRIGHT_IMAGE_VERSION: 1.63.0
web	Run actions/checkout@34e114876b0b11c390a56381ad16ebd13914f8d5	2026-10-04T20:27:49.0052932Z   PUBLISH_PAGES: true
web	Run actions/checkout@34e114876b0b11c390a56381ad16ebd13914f8d5	2026-10-04T20:27:49.0053621Z ##[endgroup]
web	Run actions/checkout@34e114876b0b11c390a56381ad16ebd13914f8d5	2026-10-04T20:27:49.0115446Z ##[command]/usr/bin/docker exec  7bbf4dffa463a5715548fa3c5c838838eb11027ccaeb3c31980c74dc8fb6cb8a sh -c "cat /etc/*release | grep ^ID"
web	Run actions/checkout@34e114876b0b11c390a56381ad16ebd13914f8d5	2026-10-04T20:27:49.2149686Z Syncing repository: Tien-Lam/ChronoShift
web	Run actions/checkout@34e114876b0b11c390a56381ad16ebd13914f8d5	2026-10-04T20:27:49.2151787Z ##[group]Getting Git version info
web	Run actions/checkout@34e114876b0b11c390a56381ad16ebd13914f8d5	2026-10-04T20:27:49.2152600Z Working directory is '/__w/ChronoShift/ChronoShift'
web	Run actions/checkout@34e114876b0b11c390a56381ad16ebd13914f8d5	2026-10-04T20:27:49.2153972Z [command]/usr/bin/git version
web	Run actions/checkout@34e114876b0b11c390a56381ad16ebd13914f8d5	2026-10-04T20:27:49.2154470Z git version 2.43.0
web	Run actions/checkout@34e114876b0b11c390a56381ad16ebd13914f8d5	2026-10-04T20:27:49.2157355Z ##[endgroup]
web	Run actions/checkout@34e114876b0b11c390a56381ad16ebd13914f8d5	2026-10-04T20:27:49.2166961Z Temporarily overriding HOME='/__w/_temp/aa2237e5-8bd1-474d-9cb8-73cf7f9cfd87' before making global git config changes
web	Run actions/checkout@34e114876b0b11c390a56381ad16ebd13914f8d5	2026-10-04T20:27:49.2168387Z Adding repository directory to the temporary git global config as a safe directory
web	Run actions/checkout@34e114876b0b11c390a56381ad16ebd13914f8d5	2026-10-04T20:27:49.2172757Z [command]/usr/bin/git config --global --add safe.directory /__w/ChronoShift/ChronoShift
web	Run actions/checkout@34e114876b0b11c390a56381ad16ebd13914f8d5	2026-10-04T20:27:49.2208792Z Deleting the contents of '/__w/ChronoShift/ChronoShift'
web	Run actions/checkout@34e114876b0b11c390a56381ad16ebd13914f8d5	2026-10-04T20:27:49.2212541Z ##[group]Initializing the repository
web	Run actions/checkout@34e114876b0b11c390a56381ad16ebd13914f8d5	2026-10-04T20:27:49.2217148Z [command]/usr/bin/git init /__w/ChronoShift/ChronoShift
web	Run actions/checkout@34e114876b0b11c390a56381ad16ebd13914f8d5	2026-10-04T20:27:49.2265270Z hint: Using 'master' as the name for the initial branch. This default branch name
web	Run actions/checkout@34e114876b0b11c390a56381ad16ebd13914f8d5	2026-10-04T20:27:49.2266326Z hint: is subject to change. To configure the initial branch name to use in all
web	Run actions/checkout@34e114876b0b11c390a56381ad16ebd13914f8d5	2026-10-04T20:27:49.2267030Z hint: of your new repositories, which will suppress this warning, call:
web	Run actions/checkout@34e114876b0b11c390a56381ad16ebd13914f8d5	2026-10-04T20:27:49.2267696Z hint: 
web	Run actions/checkout@34e114876b0b11c390a56381ad16ebd13914f8d5	2026-10-04T20:27:49.2268191Z hint: 	git config --global init.defaultBranch <name>
web	Run actions/checkout@34e114876b0b11c390a56381ad16ebd13914f8d5	2026-10-04T20:27:49.2268728Z hint: 
web	Run actions/checkout@34e114876b0b11c390a56381ad16ebd13914f8d5	2026-10-04T20:27:49.2269246Z hint: Names commonly chosen instead of 'master' are 'main', 'trunk' and
web	Run actions/checkout@34e114876b0b11c390a56381ad16ebd13914f8d5	2026-10-04T20:27:49.2270135Z hint: 'development'. The just-created branch can be renamed via this command:
web	Run actions/checkout@34e114876b0b11c390a56381ad16ebd13914f8d5	2026-10-04T20:27:49.2271016Z hint: 
web	Run actions/checkout@34e114876b0b11c390a56381ad16ebd13914f8d5	2026-10-04T20:27:49.2271363Z hint: 	git branch -m <name>
web	Run actions/checkout@34e114876b0b11c390a56381ad16ebd13914f8d5	2026-10-04T20:27:49.2280040Z Initialized empty Git repository in /__w/ChronoShift/ChronoShift/.git/
web	Run actions/checkout@34e114876b0b11c390a56381ad16ebd13914f8d5	2026-10-04T20:27:49.2296029Z [command]/usr/bin/git remote add origin https://github.com/Tien-Lam/ChronoShift
web	Run actions/checkout@34e114876b0b11c390a56381ad16ebd13914f8d5	2026-10-04T20:27:49.2330960Z ##[endgroup]
web	Run actions/checkout@34e114876b0b11c390a56381ad16ebd13914f8d5	2026-10-04T20:27:49.2331677Z ##[group]Disabling automatic garbage collection
web	Run actions/checkout@34e114876b0b11c390a56381ad16ebd13914f8d5	2026-10-04T20:27:49.2336378Z [command]/usr/bin/git config --local gc.auto 0
web	Run actions/checkout@34e114876b0b11c390a56381ad16ebd13914f8d5	2026-10-04T20:27:49.2372222Z ##[endgroup]
web	Run actions/checkout@34e114876b0b11c390a56381ad16ebd13914f8d5	2026-10-04T20:27:49.2373623Z ##[group]Setting up auth
web	Run actions/checkout@34e114876b0b11c390a56381ad16ebd13914f8d5	2026-10-04T20:27:49.2380675Z [command]/usr/bin/git config --local --name-only --get-regexp core\.sshCommand
web	Run actions/checkout@34e114876b0b11c390a56381ad16ebd13914f8d5	2026-10-04T20:27:49.2418120Z [command]/usr/bin/git submodule foreach --recursive sh -c "git config --local --name-only --get-regexp 'core\.sshCommand' && git config --local --unset-all 'core.sshCommand' || :"
web	Run actions/checkout@34e114876b0b11c390a56381ad16ebd13914f8d5	2026-10-04T20:27:49.2695917Z [command]/usr/bin/git config --local --name-only --get-regexp http\.https\:\/\/github\.com\/\.extraheader
web	Run actions/checkout@34e114876b0b11c390a56381ad16ebd13914f8d5	2026-10-04T20:27:49.2748048Z [command]/usr/bin/git submodule foreach --recursive sh -c "git config --local --name-only --get-regexp 'http\.https\:\/\/github\.com\/\.extraheader' && git config --local --unset-all 'http.https://github.com/.extraheader' || :"
web	Run actions/checkout@34e114876b0b11c390a56381ad16ebd13914f8d5	2026-10-04T20:27:49.3020335Z [command]/usr/bin/git config --local --name-only --get-regexp ^includeIf\.gitdir:
web	Run actions/checkout@34e114876b0b11c390a56381ad16ebd13914f8d5	2026-10-04T20:27:49.3057446Z [command]/usr/bin/git submodule foreach --recursive git config --local --show-origin --name-only --get-regexp remote.origin.url
web	Run actions/checkout@34e114876b0b11c390a56381ad16ebd13914f8d5	2026-10-04T20:27:49.3307584Z [command]/usr/bin/git config --local http.https://github.com/.extraheader AUTHORIZATION: basic ***
web	Run actions/checkout@34e114876b0b11c390a56381ad16ebd13914f8d5	2026-10-04T20:27:49.3349138Z ##[endgroup]
web	Run actions/checkout@34e114876b0b11c390a56381ad16ebd13914f8d5	2026-10-04T20:27:49.3350115Z ##[group]Fetching the repository
web	Run actions/checkout@34e114876b0b11c390a56381ad16ebd13914f8d5	2026-10-04T20:27:49.3362227Z [command]/usr/bin/git -c protocol.version=2 fetch --no-tags --prune --no-recurse-submodules --depth=1 origin +bdff9fc181ffc33ac8df1d9576676f6c9aeca4f2:refs/remotes/pull/35/merge
web	Run actions/checkout@34e114876b0b11c390a56381ad16ebd13914f8d5	2026-10-04T20:27:50.0142692Z From https://github.com/Tien-Lam/ChronoShift
web	Run actions/checkout@34e114876b0b11c390a56381ad16ebd13914f8d5	2026-10-04T20:27:50.0144073Z  * [new ref]         bdff9fc181ffc33ac8df1d9576676f6c9aeca4f2 -> pull/35/merge
web	Run actions/checkout@34e114876b0b11c390a56381ad16ebd13914f8d5	2026-10-04T20:27:50.0171910Z ##[endgroup]
web	Run actions/checkout@34e114876b0b11c390a56381ad16ebd13914f8d5	2026-10-04T20:27:50.0172375Z ##[group]Determining the checkout info
web	Run actions/checkout@34e114876b0b11c390a56381ad16ebd13914f8d5	2026-10-04T20:27:50.0172857Z ##[endgroup]
web	Run actions/checkout@34e114876b0b11c390a56381ad16ebd13914f8d5	2026-10-04T20:27:50.0175201Z [command]/usr/bin/git sparse-checkout disable
web	Run actions/checkout@34e114876b0b11c390a56381ad16ebd13914f8d5	2026-10-04T20:27:50.0218735Z [command]/usr/bin/git config --local --unset-all extensions.worktreeConfig
web	Run actions/checkout@34e114876b0b11c390a56381ad16ebd13914f8d5	2026-10-04T20:27:50.0252001Z ##[group]Checking out the ref
web	Run actions/checkout@34e114876b0b11c390a56381ad16ebd13914f8d5	2026-10-04T20:27:50.0256688Z [command]/usr/bin/git checkout --progress --force refs/remotes/pull/35/merge
web	Run actions/checkout@34e114876b0b11c390a56381ad16ebd13914f8d5	2026-10-04T20:27:50.1063538Z Note: switching to 'refs/remotes/pull/35/merge'.
web	Run actions/checkout@34e114876b0b11c390a56381ad16ebd13914f8d5	2026-10-04T20:27:50.1064308Z 
web	Run actions/checkout@34e114876b0b11c390a56381ad16ebd13914f8d5	2026-10-04T20:27:50.1064812Z You are in 'detached HEAD' state. You can look around, make experimental
web	Run actions/checkout@34e114876b0b11c390a56381ad16ebd13914f8d5	2026-10-04T20:27:50.1065957Z changes and commit them, and you can discard any commits you make in this
web	Run actions/checkout@34e114876b0b11c390a56381ad16ebd13914f8d5	2026-10-04T20:27:50.1066958Z state without impacting any branches by switching back to a branch.
web	Run actions/checkout@34e114876b0b11c390a56381ad16ebd13914f8d5	2026-10-04T20:27:50.1067509Z 
web	Run actions/checkout@34e114876b0b11c390a56381ad16ebd13914f8d5	2026-10-04T20:27:50.1067833Z If you want to create a new branch to retain commits you create, you may
web	Run actions/checkout@34e114876b0b11c390a56381ad16ebd13914f8d5	2026-10-04T20:27:50.1068664Z do so (now or later) by using -c with the switch command. Example:
web	Run actions/checkout@34e114876b0b11c390a56381ad16ebd13914f8d5	2026-10-04T20:27:50.1069257Z 
web	Run actions/checkout@34e114876b0b11c390a56381ad16ebd13914f8d5	2026-10-04T20:27:50.1069456Z   git switch -c <new-branch-name>
web	Run actions/checkout@34e114876b0b11c390a56381ad16ebd13914f8d5	2026-10-04T20:27:50.1069866Z 
web	Run actions/checkout@34e114876b0b11c390a56381ad16ebd13914f8d5	2026-10-04T20:27:50.1070118Z Or undo this operation with:
web	Run actions/checkout@34e114876b0b11c390a56381ad16ebd13914f8d5	2026-10-04T20:27:50.1070504Z 
web	Run actions/checkout@34e114876b0b11c390a56381ad16ebd13914f8d5	2026-10-04T20:27:50.1070685Z   git switch -
web	Run actions/checkout@34e114876b0b11c390a56381ad16ebd13914f8d5	2026-10-04T20:27:50.1071003Z 
web	Run actions/checkout@34e114876b0b11c390a56381ad16ebd13914f8d5	2026-10-04T20:27:50.1071520Z Turn off this advice by setting config variable advice.detachedHead to false
web	Run actions/checkout@34e114876b0b11c390a56381ad16ebd13914f8d5	2026-10-04T20:27:50.1072299Z 
web	Run actions/checkout@34e114876b0b11c390a56381ad16ebd13914f8d5	2026-10-04T20:27:50.1073242Z HEAD is now at bdff9fc Merge 9a4250219442d9217a903109448a1db0529f37ac into 12b9a7f9bf924472c89c9d33aa28ca14fb482365
web	Run actions/checkout@34e114876b0b11c390a56381ad16ebd13914f8d5	2026-10-04T20:27:50.1095634Z ##[endgroup]
web	Run actions/checkout@34e114876b0b11c390a56381ad16ebd13914f8d5	2026-10-04T20:27:50.1124102Z [command]/usr/bin/git log -1 --format=%H
web	Run actions/checkout@34e114876b0b11c390a56381ad16ebd13914f8d5	2026-10-04T20:27:50.1148367Z bdff9fc181ffc33ac8df1d9576676f6c9aeca4f2
web	Capture the checked-in corpus audit	﻿2026-10-04T20:27:50.1369385Z ##[group]Run cp -f docs/planning/corpus-audit.json "$RUNNER_TEMP/chronoshift-corpus-audit.json"
web	Capture the checked-in corpus audit	2026-10-04T20:27:50.1370176Z ^[[36;1mcp -f docs/planning/corpus-audit.json "$RUNNER_TEMP/chronoshift-corpus-audit.json"^[[0m
web	Capture the checked-in corpus audit	2026-10-04T20:27:50.1375256Z shell: bash --noprofile --norc -e -o pipefail {0}
web	Capture the checked-in corpus audit	2026-10-04T20:27:50.1375798Z env:
web	Capture the checked-in corpus audit	2026-10-04T20:27:50.1376180Z   PLAYWRIGHT_BROWSERS_PATH: /ms-playwright
web	Capture the checked-in corpus audit	2026-10-04T20:27:50.1376698Z   PLAYWRIGHT_IMAGE_VERSION: 1.63.0
web	Capture the checked-in corpus audit	2026-10-04T20:27:50.1377160Z   PUBLISH_PAGES: true
web	Capture the checked-in corpus audit	2026-10-04T20:27:50.1377528Z ##[endgroup]
web	Run jdx/mise-action@5228313ee0372e111a38da051671ca30fc5a96db	﻿2026-10-04T20:27:50.2271173Z ##[group]Run jdx/mise-action@5228313ee0372e111a38da051671ca30fc5a96db
web	Run jdx/mise-action@5228313ee0372e111a38da051671ca30fc5a96db	2026-10-04T20:27:50.2271573Z with:
web	Run jdx/mise-action@5228313ee0372e111a38da051671ca30fc5a96db	2026-10-04T20:27:50.2271925Z   install: true
web	Run jdx/mise-action@5228313ee0372e111a38da051671ca30fc5a96db	2026-10-04T20:27:50.2272116Z   cache: true
web	Run jdx/mise-action@5228313ee0372e111a38da051671ca30fc5a96db	2026-10-04T20:27:50.2272308Z   cache_save: true
web	Run jdx/mise-action@5228313ee0372e111a38da051671ca30fc5a96db	2026-10-04T20:27:50.2272523Z   cache_key_prefix: mise-v1
web	Run jdx/mise-action@5228313ee0372e111a38da051671ca30fc5a96db	2026-10-04T20:27:50.2272757Z   experimental: false
web	Run jdx/mise-action@5228313ee0372e111a38da051671ca30fc5a96db	2026-10-04T20:27:50.2273271Z   log_level: info
web	Run jdx/mise-action@5228313ee0372e111a38da051671ca30fc5a96db	2026-10-04T20:27:50.2273502Z   reshim: false
web	Run jdx/mise-action@5228313ee0372e111a38da051671ca30fc5a96db	2026-10-04T20:27:50.2273706Z   add_shims_to_path: true
web	Run jdx/mise-action@5228313ee0372e111a38da051671ca30fc5a96db	2026-10-04T20:27:50.2276055Z   github_token: ***
web	Run jdx/mise-action@5228313ee0372e111a38da051671ca30fc5a96db	2026-10-04T20:27:50.2276280Z   fetch_from_github: true
web	Run jdx/mise-action@5228313ee0372e111a38da051671ca30fc5a96db	2026-10-04T20:27:50.2276498Z   env: true
web	Run jdx/mise-action@5228313ee0372e111a38da051671ca30fc5a96db	2026-10-04T20:27:50.2276676Z env:
web	Run jdx/mise-action@5228313ee0372e111a38da051671ca30fc5a96db	2026-10-04T20:27:50.2276888Z   PLAYWRIGHT_BROWSERS_PATH: /ms-playwright
web	Run jdx/mise-action@5228313ee0372e111a38da051671ca30fc5a96db	2026-10-04T20:27:50.2277184Z   PLAYWRIGHT_IMAGE_VERSION: 1.63.0
web	Run jdx/mise-action@5228313ee0372e111a38da051671ca30fc5a96db	2026-10-04T20:27:50.2277437Z   PUBLISH_PAGES: true
web	Run jdx/mise-action@5228313ee0372e111a38da051671ca30fc5a96db	2026-10-04T20:27:50.2277642Z ##[endgroup]
web	Run jdx/mise-action@5228313ee0372e111a38da051671ca30fc5a96db	2026-10-04T20:27:50.2284953Z ##[command]/usr/bin/docker exec  7bbf4dffa463a5715548fa3c5c838838eb11027ccaeb3c31980c74dc8fb6cb8a sh -c "cat /etc/*release | grep ^ID"
web	Run jdx/mise-action@5228313ee0372e111a38da051671ca30fc5a96db	2026-10-04T20:27:50.4726170Z ##[group]Restoring mise cache
web	Run jdx/mise-action@5228313ee0372e111a38da051671ca30fc5a96db	2026-10-04T20:27:50.4773878Z [command]/usr/bin/ldd --version
web	Run jdx/mise-action@5228313ee0372e111a38da051671ca30fc5a96db	2026-10-04T20:27:50.4811869Z ldd (Ubuntu GLIBC 2.39-0ubuntu8.8) 2.39
web	Run jdx/mise-action@5228313ee0372e111a38da051671ca30fc5a96db	2026-10-04T20:27:50.4818487Z Copyright (C) 2024 Free Software Foundation, Inc.
web	Run jdx/mise-action@5228313ee0372e111a38da051671ca30fc5a96db	2026-10-04T20:27:50.4819736Z This is free software; see the source for copying conditions.  There is NO
web	Run jdx/mise-action@5228313ee0372e111a38da051671ca30fc5a96db	2026-10-04T20:27:50.4821156Z warranty; not even for MERCHANTABILITY or FITNESS FOR A PARTICULAR PURPOSE.
web	Run jdx/mise-action@5228313ee0372e111a38da051671ca30fc5a96db	2026-10-04T20:27:50.4822320Z Written by Roland McGrath and Ulrich Drepper.
web	Run jdx/mise-action@5228313ee0372e111a38da051671ca30fc5a96db	2026-10-04T20:27:50.7270449Z Cache hit for: mise-v1-linux-x64-c431b670824c497264adda817284eefbf26de4a6a9a9aa17ee83e04238eaee3d
web	Run jdx/mise-action@5228313ee0372e111a38da051671ca30fc5a96db	2026-10-04T20:27:51.5697488Z Received 166328943 of 166328943 (100.0%), 203.1 MBs/sec
web	Run jdx/mise-action@5228313ee0372e111a38da051671ca30fc5a96db	2026-10-04T20:27:51.5698470Z Cache Size: ~159 MB (166328943 B)
web	Run jdx/mise-action@5228313ee0372e111a38da051671ca30fc5a96db	2026-10-04T20:27:51.5807097Z [command]/usr/bin/tar -xf /__w/_temp/4dac15a8-c83c-441f-bcf2-785de00e1a8e/cache.tgz -P -C /__w/ChronoShift/ChronoShift -z
web	Run jdx/mise-action@5228313ee0372e111a38da051671ca30fc5a96db	2026-10-04T20:27:54.8562509Z Cache restored successfully
web	Run jdx/mise-action@5228313ee0372e111a38da051671ca30fc5a96db	2026-10-04T20:27:54.8643637Z mise cache restored from key: mise-v1-linux-x64-c431b670824c497264adda817284eefbf26de4a6a9a9aa17ee83e04238eaee3d
web	Run jdx/mise-action@5228313ee0372e111a38da051671ca30fc5a96db	2026-10-04T20:27:54.8651861Z ##[group]Setting env vars
web	Run jdx/mise-action@5228313ee0372e111a38da051671ca30fc5a96db	2026-10-04T20:27:54.8652361Z Setting MISE_LOG_LEVEL=info
web	Run jdx/mise-action@5228313ee0372e111a38da051671ca30fc5a96db	2026-10-04T20:27:54.8658139Z Setting MISE_GITHUB_TOKEN=***
web	Run jdx/mise-action@5228313ee0372e111a38da051671ca30fc5a96db	2026-10-04T20:27:54.8658936Z Setting MISE_TRUSTED_CONFIG_PATHS=/__w/ChronoShift/ChronoShift
web	Run jdx/mise-action@5228313ee0372e111a38da051671ca30fc5a96db	2026-10-04T20:27:54.8659558Z Setting MISE_YES=1
web	Run jdx/mise-action@5228313ee0372e111a38da051671ca30fc5a96db	2026-10-04T20:27:54.8660000Z Adding /github/home/.local/share/mise/shims to PATH
web	Run jdx/mise-action@5228313ee0372e111a38da051671ca30fc5a96db	2026-10-04T20:27:54.8660953Z ##[group]Running mise --version
web	Run jdx/mise-action@5228313ee0372e111a38da051671ca30fc5a96db	2026-10-04T20:27:54.8673238Z [command]/github/home/.local/share/mise/bin/mise --version
web	Run jdx/mise-action@5228313ee0372e111a38da051671ca30fc5a96db	2026-10-04T20:27:54.8741316Z 2026.10.1 linux-x64 (2026-10-03)
web	Run jdx/mise-action@5228313ee0372e111a38da051671ca30fc5a96db	2026-10-04T20:27:54.8756266Z ##[endgroup]
web	Run jdx/mise-action@5228313ee0372e111a38da051671ca30fc5a96db	2026-10-04T20:27:54.8756742Z ##[group]Running mise install 
web	Run jdx/mise-action@5228313ee0372e111a38da051671ca30fc5a96db	2026-10-04T20:27:54.8767323Z [command]/github/home/.local/share/mise/bin/mise install
web	Run jdx/mise-action@5228313ee0372e111a38da051671ca30fc5a96db	2026-10-04T20:27:54.8862217Z ^[[2mmise^[[0m ^[[2mby @jdx^[[0m – installing 3 tools
web	Run jdx/mise-action@5228313ee0372e111a38da051671ca30fc5a96db	2026-10-04T20:27:54.8868128Z ^[[2mmise^[[0m ^[[38;5;11m⇢^[[0m bun@1.4.0    0ms · already installed
web	Run jdx/mise-action@5228313ee0372e111a38da051671ca30fc5a96db	2026-10-04T20:27:54.8872603Z ^[[2mmise^[[0m ^[[38;5;11m⇢^[[0m node@26.8.1  0ms · already installed
web	Run jdx/mise-action@5228313ee0372e111a38da051671ca30fc5a96db	2026-10-04T20:27:54.8885523Z ^[[2mmise^[[0m ^[[38;5;11m⇢^[[0m gh@2.100.0   1ms · already installed
web	Run jdx/mise-action@5228313ee0372e111a38da051671ca30fc5a96db	2026-10-04T20:27:54.8886805Z ^[[2mmise^[[0m ^[[36m████████████████^[[0m^[[31m^[[0m^[[2m^[[0m 3/3 · installed 0 tools · 3 already installed in 2ms
web	Run jdx/mise-action@5228313ee0372e111a38da051671ca30fc5a96db	2026-10-04T20:27:54.8887715Z ^[[2mmise^[[0m all tools are installed
web	Run jdx/mise-action@5228313ee0372e111a38da051671ca30fc5a96db	2026-10-04T20:27:54.8961018Z ##[endgroup]
web	Run jdx/mise-action@5228313ee0372e111a38da051671ca30fc5a96db	2026-10-04T20:27:54.8961683Z ##[group]Running mise ls
web	Run jdx/mise-action@5228313ee0372e111a38da051671ca30fc5a96db	2026-10-04T20:27:54.8971710Z [command]/github/home/.local/share/mise/bin/mise ls
web	Run jdx/mise-action@5228313ee0372e111a38da051671ca30fc5a96db	2026-10-04T20:27:54.9079665Z bun   1.4.0    /__w/ChronoShift/ChronoShift/mise.toml  1.4.0
web	Run jdx/mise-action@5228313ee0372e111a38da051671ca30fc5a96db	2026-10-04T20:27:54.9080164Z gh    2.100.0  /__w/ChronoShift/ChronoShift/mise.toml  2.100.0
web	Run jdx/mise-action@5228313ee0372e111a38da051671ca30fc5a96db	2026-10-04T20:27:54.9080597Z node  26.8.1   /__w/ChronoShift/ChronoShift/mise.toml  26.8.1
web	Run jdx/mise-action@5228313ee0372e111a38da051671ca30fc5a96db	2026-10-04T20:27:54.9092020Z ##[endgroup]
web	Run jdx/mise-action@5228313ee0372e111a38da051671ca30fc5a96db	2026-10-04T20:27:54.9094958Z ##[group]Exporting mise environment variables
web	Run jdx/mise-action@5228313ee0372e111a38da051671ca30fc5a96db	2026-10-04T20:27:54.9248633Z [command]/github/home/.local/share/mise/bin/mise env --json
web	Run jdx/mise-action@5228313ee0372e111a38da051671ca30fc5a96db	2026-10-04T20:27:54.9360273Z {
web	Run jdx/mise-action@5228313ee0372e111a38da051671ca30fc5a96db	2026-10-04T20:27:54.9362443Z   "PATH": "/github/home/.local/share/mise/installs/bun/1.4.0/bin:/github/home/.local/share/mise/installs/node/26.8.1/bin:/github/home/.local/share/mise/installs/gh/2.100.0/gh_2.100.0_linux_amd64/bin:/github/home/.local/share/mise/shims:/github/home/.local/share/mise/bin:/usr/local/sbin:/usr/local/bin:/usr/sbin:/usr/bin:/sbin:/bin"
web	Run jdx/mise-action@5228313ee0372e111a38da051671ca30fc5a96db	2026-10-04T20:27:54.9364619Z }
web	Run jdx/mise-action@5228313ee0372e111a38da051671ca30fc5a96db	2026-10-04T20:27:54.9379124Z ##[endgroup]
web	Run bun install --frozen-lockfile	﻿2026-10-04T20:27:54.9581903Z ##[group]Run bun install --frozen-lockfile
web	Run bun install --frozen-lockfile	2026-10-04T20:27:54.9582299Z ^[[36;1mbun install --frozen-lockfile^[[0m
web	Run bun install --frozen-lockfile	2026-10-04T20:27:54.9583369Z shell: bash --noprofile --norc -e -o pipefail {0}
web	Run bun install --frozen-lockfile	2026-10-04T20:27:54.9583697Z env:
web	Run bun install --frozen-lockfile	2026-10-04T20:27:54.9583922Z   PLAYWRIGHT_BROWSERS_PATH: /ms-playwright
web	Run bun install --frozen-lockfile	2026-10-04T20:27:54.9584231Z   PLAYWRIGHT_IMAGE_VERSION: 1.63.0
web	Run bun install --frozen-lockfile	2026-10-04T20:27:54.9584494Z   PUBLISH_PAGES: true
web	Run bun install --frozen-lockfile	2026-10-04T20:27:54.9584724Z   MISE_LOG_LEVEL: info
web	Run bun install --frozen-lockfile	2026-10-04T20:27:54.9587182Z   MISE_GITHUB_TOKEN: ***
web	Run bun install --frozen-lockfile	2026-10-04T20:27:54.9587500Z   MISE_TRUSTED_CONFIG_PATHS: /__w/ChronoShift/ChronoShift
web	Run bun install --frozen-lockfile	2026-10-04T20:27:54.9587822Z   MISE_YES: 1
web	Run bun install --frozen-lockfile	2026-10-04T20:27:54.9588962Z   PATH: /github/home/.local/share/mise/installs/bun/1.4.0/bin:/github/home/.local/share/mise/installs/node/26.8.1/bin:/github/home/.local/share/mise/installs/gh/2.100.0/gh_2.100.0_linux_amd64/bin:/github/home/.local/share/mise/shims:/github/home/.local/share/mise/bin:/usr/local/sbin:/usr/local/bin:/usr/sbin:/usr/bin:/sbin:/bin
web	Run bun install --frozen-lockfile	2026-10-04T20:27:54.9590200Z ##[endgroup]
web	Run bun install --frozen-lockfile	2026-10-04T20:27:55.0302531Z bun install v1.4.0 (34cbb9a40)
web	Run bun install --frozen-lockfile	2026-10-04T20:27:56.1139667Z 
web	Run bun install --frozen-lockfile	2026-10-04T20:27:56.1140340Z + @axe-core/playwright@4.13.0
web	Run bun install --frozen-lockfile	2026-10-04T20:27:56.1140948Z + @playwright/test@1.63.0
web	Run bun install --frozen-lockfile	2026-10-04T20:27:56.1141390Z + @types/bun@1.4.2
web	Run bun install --frozen-lockfile	2026-10-04T20:27:56.1141666Z + @types/react@19.3.0
web	Run bun install --frozen-lockfile	2026-10-04T20:27:56.1141901Z + @types/react-dom@19.3.0
web	Run bun install --frozen-lockfile	2026-10-04T20:27:56.1142131Z + prettier@3.9.9
web	Run bun install --frozen-lockfile	2026-10-04T20:27:56.1142341Z + typescript@7.0.2
web	Run bun install --frozen-lockfile	2026-10-04T20:27:56.1142567Z + vite@8.3.2
web	Run bun install --frozen-lockfile	2026-10-04T20:27:56.1142790Z + @internationalized/date@3.12.4
web	Run bun install --frozen-lockfile	2026-10-04T20:27:56.1143504Z + @js-temporal/polyfill@0.5.1
web	Run bun install --frozen-lockfile	2026-10-04T20:27:56.1143821Z + chrono-node@2.10.2
web	Run bun install --frozen-lockfile	2026-10-04T20:27:56.1144037Z + react@19.3.0
web	Run bun install --frozen-lockfile	2026-10-04T20:27:56.1144254Z + react-aria-components@1.21.1
web	Run bun install --frozen-lockfile	2026-10-04T20:27:56.1144494Z + react-dom@19.3.0
web	Run bun install --frozen-lockfile	2026-10-04T20:27:56.1144614Z 
web	Run bun install --frozen-lockfile	2026-10-04T20:27:56.1144719Z 51 packages installed [1085.00ms]
web	Verify the pinned browser image matches the dependency	﻿2026-10-04T20:27:56.1249740Z ##[group]Run bun -e 'const pkg = await Bun.file("node_modules/playwright/package.json").json(); if (pkg.version !== process.env.PLAYWRIGHT_IMAGE_VERSION) throw new Error("Update the pinned Playwright image and version guard with the dependency"); const { chromium, firefox, webkit } = await import("@playwright/test"); for (const browser of [chromium, firefox, webkit]) if (!(await Bun.file(browser.executablePath()).exists())) throw new Error("The pinned image is missing " + browser.name());'
web	Verify the pinned browser image matches the dependency	2026-10-04T20:27:56.1253513Z ^[[36;1mbun -e 'const pkg = await Bun.file("node_modules/playwright/package.json").json(); if (pkg.version !== process.env.PLAYWRIGHT_IMAGE_VERSION) throw new Error("Update the pinned Playwright image and version guard with the dependency"); const { chromium, firefox, webkit } = await import("@playwright/test"); for (const browser of [chromium, firefox, webkit]) if (!(await Bun.file(browser.executablePath()).exists())) throw new Error("The pinned image is missing " + browser.name());'^[[0m
web	Verify the pinned browser image matches the dependency	2026-10-04T20:27:56.1255572Z shell: bash --noprofile --norc -e -o pipefail {0}
web	Verify the pinned browser image matches the dependency	2026-10-04T20:27:56.1255901Z env:
web	Verify the pinned browser image matches the dependency	2026-10-04T20:27:56.1256129Z   PLAYWRIGHT_BROWSERS_PATH: /ms-playwright
web	Verify the pinned browser image matches the dependency	2026-10-04T20:27:56.1256433Z   PLAYWRIGHT_IMAGE_VERSION: 1.63.0
web	Verify the pinned browser image matches the dependency	2026-10-04T20:27:56.1256693Z   PUBLISH_PAGES: true
web	Verify the pinned browser image matches the dependency	2026-10-04T20:27:56.1256915Z   MISE_LOG_LEVEL: info
web	Verify the pinned browser image matches the dependency	2026-10-04T20:27:56.1259337Z   MISE_GITHUB_TOKEN: ***
web	Verify the pinned browser image matches the dependency	2026-10-04T20:27:56.1259663Z   MISE_TRUSTED_CONFIG_PATHS: /__w/ChronoShift/ChronoShift
web	Verify the pinned browser image matches the dependency	2026-10-04T20:27:56.1259990Z   MISE_YES: 1
web	Verify the pinned browser image matches the dependency	2026-10-04T20:27:56.1261340Z   PATH: /github/home/.local/share/mise/installs/bun/1.4.0/bin:/github/home/.local/share/mise/installs/node/26.8.1/bin:/github/home/.local/share/mise/installs/gh/2.100.0/gh_2.100.0_linux_amd64/bin:/github/home/.local/share/mise/shims:/github/home/.local/share/mise/bin:/usr/local/sbin:/usr/local/bin:/usr/sbin:/usr/bin:/sbin:/bin
web	Verify the pinned browser image matches the dependency	2026-10-04T20:27:56.1262541Z ##[endgroup]
web	Run bun run format:check	﻿2026-10-04T20:27:56.7504990Z ##[group]Run bun run format:check
web	Run bun run format:check	2026-10-04T20:27:56.7505337Z ^[[36;1mbun run format:check^[[0m
web	Run bun run format:check	2026-10-04T20:27:56.7505942Z shell: bash --noprofile --norc -e -o pipefail {0}
web	Run bun run format:check	2026-10-04T20:27:56.7506263Z env:
web	Run bun run format:check	2026-10-04T20:27:56.7506487Z   PLAYWRIGHT_BROWSERS_PATH: /ms-playwright
web	Run bun run format:check	2026-10-04T20:27:56.7506799Z   PLAYWRIGHT_IMAGE_VERSION: 1.63.0
web	Run bun run format:check	2026-10-04T20:27:56.7507068Z   PUBLISH_PAGES: true
web	Run bun run format:check	2026-10-04T20:27:56.7507297Z   MISE_LOG_LEVEL: info
web	Run bun run format:check	2026-10-04T20:27:56.7509842Z   MISE_GITHUB_TOKEN: ***
web	Run bun run format:check	2026-10-04T20:27:56.7510163Z   MISE_TRUSTED_CONFIG_PATHS: /__w/ChronoShift/ChronoShift
web	Run bun run format:check	2026-10-04T20:27:56.7510509Z   MISE_YES: 1
web	Run bun run format:check	2026-10-04T20:27:56.7511657Z   PATH: /github/home/.local/share/mise/installs/bun/1.4.0/bin:/github/home/.local/share/mise/installs/node/26.8.1/bin:/github/home/.local/share/mise/installs/gh/2.100.0/gh_2.100.0_linux_amd64/bin:/github/home/.local/share/mise/shims:/github/home/.local/share/mise/bin:/usr/local/sbin:/usr/local/bin:/usr/sbin:/usr/bin:/sbin:/bin
web	Run bun run format:check	2026-10-04T20:27:56.7512870Z ##[endgroup]
web	Run bun run format:check	2026-10-04T20:27:56.8202143Z $ bunx --bun prettier --check web scripts/*.ts tests e2e *.ts
web	Run bun run format:check	2026-10-04T20:27:56.9155145Z Checking formatting...
web	Run bun run format:check	2026-10-04T20:27:58.4802274Z All matched files use Prettier code style!
web	Unit tests and production build	﻿2026-10-04T20:27:58.5014117Z ##[group]Run bun run test
web	Unit tests and production build	2026-10-04T20:27:58.5014448Z ^[[36;1mbun run test^[[0m
web	Unit tests and production build	2026-10-04T20:27:58.5014689Z ^[[36;1mbun run build^[[0m
web	Unit tests and production build	2026-10-04T20:27:58.5015135Z shell: bash --noprofile --norc -e -o pipefail {0}
web	Unit tests and production build	2026-10-04T20:27:58.5015497Z env:
web	Unit tests and production build	2026-10-04T20:27:58.5015735Z   PLAYWRIGHT_BROWSERS_PATH: /ms-playwright
web	Unit tests and production build	2026-10-04T20:27:58.5016047Z   PLAYWRIGHT_IMAGE_VERSION: 1.63.0
web	Unit tests and production build	2026-10-04T20:27:58.5016331Z   PUBLISH_PAGES: true
web	Unit tests and production build	2026-10-04T20:27:58.5016550Z   MISE_LOG_LEVEL: info
web	Unit tests and production build	2026-10-04T20:27:58.5019028Z   MISE_GITHUB_TOKEN: ***
web	Unit tests and production build	2026-10-04T20:27:58.5019339Z   MISE_TRUSTED_CONFIG_PATHS: /__w/ChronoShift/ChronoShift
web	Unit tests and production build	2026-10-04T20:27:58.5019685Z   MISE_YES: 1
web	Unit tests and production build	2026-10-04T20:27:58.5020832Z   PATH: /github/home/.local/share/mise/installs/bun/1.4.0/bin:/github/home/.local/share/mise/installs/node/26.8.1/bin:/github/home/.local/share/mise/installs/gh/2.100.0/gh_2.100.0_linux_amd64/bin:/github/home/.local/share/mise/shims:/github/home/.local/share/mise/bin:/usr/local/sbin:/usr/local/bin:/usr/sbin:/usr/bin:/sbin:/bin
web	Unit tests and production build	2026-10-04T20:27:58.5022089Z ##[endgroup]
web	Unit tests and production build	2026-10-04T20:27:58.5675598Z $ bun test tests
web	Unit tests and production build	2026-10-04T20:27:58.5709358Z bun test v1.4.0 (34cbb9a40)
web	Unit tests and production build	2026-10-04T20:27:58.5741544Z 
web	Unit tests and production build	2026-10-04T20:27:58.5742560Z ##[group]tests/console-capture.test.ts:
web	Unit tests and production build	2026-10-04T20:27:58.5774387Z (pass) navigation-lost console payload retains a stable event and flush waits for full metadata [0.99ms]
web	Unit tests and production build	2026-10-04T20:27:58.5776149Z (pass) unexpected capture failure is surfaced by flush instead of being swallowed [0.24ms]
web	Unit tests and production build	2026-10-04T20:27:58.5777030Z 
web	Unit tests and production build	2026-10-04T20:27:58.5784469Z ##[endgroup]
web	Unit tests and production build	2026-10-04T20:27:58.5785004Z 
web	Unit tests and production build	2026-10-04T20:27:58.5785744Z ##[group]tests/offline.test.ts:
web	Unit tests and production build	2026-10-04T20:27:58.5951885Z (pass) first installation reports safe asset/release identity before a controller exists [3.15ms]
web	Unit tests and production build	2026-10-04T20:27:58.5957428Z (pass) embedded navigation shell installs exact HTML without a network document [2.10ms]
web	Unit tests and production build	2026-10-04T20:27:58.5975599Z (pass) embedded navigation shell rejects inconsistent build bytes [1.66ms]
web	Unit tests and production build	2026-10-04T20:27:58.5989038Z (pass) claim requires a verified cache and scoped window: complete=true, inside=true [1.30ms]
web	Unit tests and production build	2026-10-04T20:27:58.5990279Z (pass) claim requires a verified cache and scoped window: complete=false, inside=true [0.14ms]
web	Unit tests and production build	2026-10-04T20:27:58.5992365Z (pass) claim requires a verified cache and scoped window: complete=true, inside=false [0.21ms]
web	Unit tests and production build	2026-10-04T20:27:58.5993577Z 
web	Unit tests and production build	2026-10-04T20:27:58.5994063Z ##[endgroup]
web	Unit tests and production build	2026-10-04T20:27:58.5994296Z 
web	Unit tests and production build	2026-10-04T20:27:58.5994767Z ##[group]tests/publishing.test.ts:
web	Unit tests and production build	2026-10-04T20:27:58.6017700Z (pass) publication reuse requires a trusted complete PR verification and exact tree [0.49ms]
web	Unit tests and production build	2026-10-04T20:27:58.6018611Z 
web	Unit tests and production build	2026-10-04T20:27:58.6019346Z ##[endgroup]
web	Unit tests and production build	2026-10-04T20:27:58.6019588Z 
web	Unit tests and production build	2026-10-04T20:27:58.6020087Z ##[group]tests/corpus.test.ts:
web	Unit tests and production build	2026-10-04T20:27:58.9111831Z (pass) all resilience corpus inputs execute the browser engine without crashing [238.53ms]
web	Unit tests and production build	2026-10-04T20:27:58.9134422Z 
web	Unit tests and production build	2026-10-04T20:27:58.9139813Z ##[endgroup]
web	Unit tests and production build	2026-10-04T20:27:58.9180189Z 
web	Unit tests and production build	2026-10-04T20:27:58.9182762Z ##[group]tests/conversion.test.ts:
web	Unit tests and production build	2026-10-04T20:27:58.9185024Z (pass) independently specified temporal fixtures > fixed EST in spring [0.90ms]
web	Unit tests and production build	2026-10-04T20:27:58.9186317Z (pass) independently specified temporal fixtures > fixed PST in summer [0.77ms]
web	Unit tests and production build	2026-10-04T20:27:58.9187592Z (pass) independently specified temporal fixtures > regional PT summer [0.71ms]
web	Unit tests and production build	2026-10-04T20:27:58.9188685Z (pass) independently specified temporal fixtures > regional PT winter [0.74ms]
web	Unit tests and production build	2026-10-04T20:27:58.9189631Z (pass) independently specified temporal fixtures > regional ET [0.67ms]
web	Unit tests and production build	2026-10-04T20:27:58.9190525Z (pass) independently specified temporal fixtures > CST ambiguity [1.02ms]
web	Unit tests and production build	2026-10-04T20:27:58.9191448Z (pass) independently specified temporal fixtures > IST ambiguity [0.85ms]
web	Unit tests and production build	2026-10-04T20:27:58.9192360Z (pass) independently specified temporal fixtures > BST ambiguity [0.80ms]
web	Unit tests and production build	2026-10-04T20:27:58.9193525Z (pass) independently specified temporal fixtures > AST ambiguity [0.75ms]
web	Unit tests and production build	2026-10-04T20:27:58.9194995Z (pass) independently specified temporal fixtures > quarter hour offset [0.65ms]
web	Unit tests and production build	2026-10-04T20:27:58.9207429Z (pass) independently specified temporal fixtures > negative half hour offset [1.73ms]
web	Unit tests and production build	2026-10-04T20:27:58.9208622Z (pass) independently specified temporal fixtures > invalid minutes [0.27ms]
web	Unit tests and production build	2026-10-04T20:27:58.9209762Z (pass) independently specified temporal fixtures > invalid offset bound [0.18ms]
web	Unit tests and production build	2026-10-04T20:27:58.9236560Z (pass) independently specified temporal fixtures > ISO offset [3.24ms]
web	Unit tests and production build	2026-10-04T20:27:58.9243533Z (pass) independently specified temporal fixtures > relative tomorrow [0.67ms]
web	Unit tests and production build	2026-10-04T20:27:58.9250131Z (pass) independently specified temporal fixtures > relative in Tokyo [0.68ms]
web	Unit tests and production build	2026-10-04T20:27:58.9260046Z (pass) independently specified temporal fixtures > source date across midnight [0.94ms]
web	Unit tests and production build	2026-10-04T20:27:58.9265669Z (pass) independently specified temporal fixtures > city Tokyo [0.65ms]
web	Unit tests and production build	2026-10-04T20:27:58.9272516Z (pass) independently specified temporal fixtures > city Mumbai [0.61ms]
web	Unit tests and production build	2026-10-04T20:27:58.9279545Z (pass) independently specified temporal fixtures > city Berlin summer [0.68ms]
web	Unit tests and production build	2026-10-04T20:27:58.9300760Z (pass) independently specified temporal fixtures > accented city [0.62ms]
web	Unit tests and production build	2026-10-04T20:27:58.9324451Z (pass) independently specified temporal fixtures > unique typo disclosure [0.78ms]
web	Unit tests and production build	2026-10-04T20:27:58.9325692Z (pass) independently specified temporal fixtures > unknown city [0.57ms]
web	Unit tests and production build	2026-10-04T20:27:58.9326795Z (pass) independently specified temporal fixtures > unknown abbreviation [0.22ms]
web	Unit tests and production build	2026-10-04T20:27:58.9327900Z (pass) independently specified temporal fixtures > IANA identity [0.70ms]
web	Unit tests and production build	2026-10-04T20:27:58.9329946Z (pass) independently specified temporal fixtures > spring gap [0.97ms]
web	Unit tests and production build	2026-10-04T20:27:58.9331960Z (pass) independently specified temporal fixtures > autumn fold [0.46ms]
web	Unit tests and production build	2026-10-04T20:27:58.9333941Z (pass) independently specified temporal fixtures > Sydney spring gap [0.70ms]
web	Unit tests and production build	2026-10-04T20:27:58.9337019Z (pass) independently specified temporal fixtures > Sydney autumn fold [0.58ms]
web	Unit tests and production build	2026-10-04T20:27:58.9339124Z (pass) independently specified temporal fixtures > date only [0.19ms]
web	Unit tests and production build	2026-10-04T20:27:58.9342965Z (pass) independently specified temporal fixtures > month day convention [0.46ms]
web	Unit tests and production build	2026-10-04T20:27:58.9350408Z (pass) independently specified temporal fixtures > day month convention [0.73ms]
web	Unit tests and production build	2026-10-04T20:27:58.9362260Z (pass) independently specified temporal fixtures > header date context [0.91ms]
web	Unit tests and production build	2026-10-04T20:27:58.9367482Z (pass) independently specified temporal fixtures > paragraph isolation [0.77ms]
web	Unit tests and production build	2026-10-04T20:27:58.9375560Z (pass) independently specified temporal fixtures > second explicit date [0.73ms]
web	Unit tests and production build	2026-10-04T20:27:58.9395014Z (pass) independently specified temporal fixtures > same date range [0.78ms]
web	Unit tests and production build	2026-10-04T20:27:58.9396259Z (pass) independently specified temporal fixtures > overnight range [0.68ms]
web	Unit tests and production build	2026-10-04T20:27:58.9397451Z (pass) independently specified temporal fixtures > Unix seconds [0.28ms]
web	Unit tests and production build	2026-10-04T20:27:58.9399349Z (pass) independently specified temporal fixtures > Unix text order [0.61ms]
web	Unit tests and production build	2026-10-04T20:27:58.9408227Z (pass) independently specified temporal fixtures > duplicate mentions [0.72ms]
web	Unit tests and production build	2026-10-04T20:27:58.9414176Z (pass) independently specified temporal fixtures > distinct dates retained [0.70ms]
web	Unit tests and production build	2026-10-04T20:27:58.9444683Z (pass) independently specified temporal fixtures > missing timezone source default [0.55ms]
web	Unit tests and production build	2026-10-04T20:27:58.9460030Z (pass) independently specified temporal fixtures > no matching time [0.09ms]
web	Unit tests and production build	2026-10-04T20:27:58.9461253Z (pass) independently specified temporal fixtures > HTML remains text [0.39ms]
web	Unit tests and production build	2026-10-04T20:27:58.9462561Z (pass) independently specified temporal fixtures > relative source date at UTC midnight [0.39ms]
web	Unit tests and production build	2026-10-04T20:27:58.9464214Z (pass) independently specified temporal fixtures > relative header in source zone [0.52ms]
web	Unit tests and production build	2026-10-04T20:27:58.9465565Z (pass) independently specified temporal fixtures > unrelated sentence date reset [0.68ms]
web	Unit tests and production build	2026-10-04T20:27:58.9467308Z (pass) independently specified temporal fixtures > military time with fixed zone [0.55ms]
web	Unit tests and production build	2026-10-04T20:27:58.9468948Z (pass) independently specified temporal fixtures > military Zulu [0.33ms]
web	Unit tests and production build	2026-10-04T20:27:58.9470427Z (pass) independently specified temporal fixtures > shorthand meridiem [0.49ms]
web	Unit tests and production build	2026-10-04T20:27:58.9472932Z (pass) independently specified temporal fixtures > between range [1.02ms]
web	Unit tests and production build	2026-10-04T20:27:58.9486489Z (pass) independently specified temporal fixtures > unknown IANA wins over adjacent UTC token [0.40ms]
web	Unit tests and production build	2026-10-04T20:27:58.9489402Z (pass) independently specified temporal fixtures > leap day retained [0.46ms]
web	Unit tests and production build	2026-10-04T20:27:58.9490675Z (pass) independently specified temporal fixtures > bare city summer rules [0.43ms]
web	Unit tests and production build	2026-10-04T20:27:58.9491882Z (pass) independently specified temporal fixtures > city before prose [0.54ms]
web	Unit tests and production build	2026-10-04T20:27:58.9505527Z (pass) independently specified temporal fixtures > NYC alias [0.59ms]
web	Unit tests and production build	2026-10-04T20:27:58.9509211Z (pass) independently specified temporal fixtures > Melbourne alias [0.65ms]
web	Unit tests and production build	2026-10-04T20:27:58.9510582Z (pass) independently specified temporal fixtures > 2015 Unix boundary [0.21ms]
web	Unit tests and production build	2026-10-04T20:27:58.9511610Z (pass) independently specified temporal fixtures > 2035 Unix boundary [0.16ms]
web	Unit tests and production build	2026-10-04T20:27:58.9518007Z (pass) independently specified temporal fixtures > explicit zone upgrades default duplicate [0.76ms]
web	Unit tests and production build	2026-10-04T20:27:58.9523530Z (pass) independently specified temporal fixtures > ISO fractional seconds [0.59ms]
web	Unit tests and production build	2026-10-04T20:27:58.9527021Z (pass) independently specified temporal fixtures > partial colloquial match must not convert wrong time [0.21ms]
web	Unit tests and production build	2026-10-04T20:27:58.9529997Z (pass) independently specified temporal fixtures > vague approximate hour [0.12ms]
web	Unit tests and production build	2026-10-04T20:27:58.9531870Z (pass) independently specified temporal fixtures > no invented end of business hour [0.13ms]
web	Unit tests and production build	2026-10-04T20:27:58.9537296Z (pass) independently specified temporal fixtures > city before target-zone sentence [0.57ms]
web	Unit tests and production build	2026-10-04T20:27:58.9543805Z (pass) independently specified temporal fixtures > city before colleague timezone [0.56ms]
web	Unit tests and production build	2026-10-04T20:27:58.9556298Z (pass) independently specified temporal fixtures > city-qualified endpoint range [1.16ms]
web	Unit tests and production build	2026-10-04T20:27:58.9563526Z (pass) independently specified temporal fixtures > numeric offset endpoint range [0.63ms]
web	Unit tests and production build	2026-10-04T20:27:58.9573653Z (pass) independently specified temporal fixtures > repeated-zone overnight range [1.04ms]
web	Unit tests and production build	2026-10-04T20:27:58.9581863Z (pass) independently specified temporal fixtures > distinct endpoint zone clocks [0.86ms]
web	Unit tests and production build	2026-10-04T20:27:58.9591444Z (pass) independently specified temporal fixtures > regional repeated-zone overnight range [0.93ms]
web	Unit tests and production build	2026-10-04T20:27:58.9630471Z (pass) independently specified temporal fixtures > malformed three-digit offset minutes [0.21ms]
web	Unit tests and production build	2026-10-04T20:27:58.9632007Z (pass) independently specified temporal fixtures > malformed one-digit offset minutes [0.20ms]
web	Unit tests and production build	2026-10-04T20:27:58.9633486Z (pass) independently specified temporal fixtures > unsupported unicode offset minus [0.19ms]
web	Unit tests and production build	2026-10-04T20:27:58.9634448Z (pass) independently specified temporal fixtures > IANA numeric suffix identity [0.55ms]
web	Unit tests and production build	2026-10-04T20:27:58.9635465Z (pass) independently specified temporal fixtures > lowercase fixed zone [0.45ms]
web	Unit tests and production build	2026-10-04T20:27:58.9636502Z (pass) independently specified temporal fixtures > mixed-case fixed zone [0.50ms]
web	Unit tests and production build	2026-10-04T20:27:58.9637519Z (pass) independently specified temporal fixtures > lowercase numeric zone [0.50ms]
web	Unit tests and production build	2026-10-04T20:27:58.9678337Z (pass) independently specified temporal fixtures > range before colleague zone prose [5.77ms]
web	Unit tests and production build	2026-10-04T20:27:58.9722595Z (pass) independently specified temporal fixtures > range before format zone prose [0.86ms]
web	Unit tests and production build	2026-10-04T20:27:58.9723967Z (pass) independently specified temporal fixtures > dotted meridiem overnight range [1.11ms]
web	Unit tests and production build	2026-10-04T20:27:58.9733795Z (pass) independently specified temporal fixtures > military endpoint zone range [0.80ms]
web	Unit tests and production build	2026-10-04T20:27:58.9736890Z (pass) independently specified temporal fixtures > IANA qualified overnight range [2.24ms]
web	Unit tests and production build	2026-10-04T20:27:58.9753927Z (pass) independently specified temporal fixtures > city qualified overnight range [1.85ms]
web	Unit tests and production build	2026-10-04T20:27:58.9773953Z (pass) independently specified temporal fixtures > reject complete malformed offset UTC+05foo [0.26ms]
web	Unit tests and production build	2026-10-04T20:27:58.9775574Z (pass) independently specified temporal fixtures > reject complete malformed offset UTC+05:30abc [0.32ms]
web	Unit tests and production build	2026-10-04T20:27:58.9777038Z (pass) independently specified temporal fixtures > reject complete malformed offset UTC+5.5 [0.19ms]
web	Unit tests and production build	2026-10-04T20:27:58.9778435Z (pass) independently specified temporal fixtures > reject complete malformed offset GMT+2.5 [0.29ms]
web	Unit tests and production build	2026-10-04T20:27:58.9779823Z (pass) independently specified temporal fixtures > range propagates trailing explicit date [1.02ms]
web	Unit tests and production build	2026-10-04T20:27:58.9803815Z (pass) independently specified temporal fixtures > range infers trailing next year [1.01ms]
web	Unit tests and production build	2026-10-04T20:27:58.9805174Z (pass) independently specified temporal fixtures > range second precision rollover [1.12ms]
web	Unit tests and production build	2026-10-04T20:27:58.9844373Z (pass) independently specified temporal fixtures > cross-city civil overnight range [1.20ms]
web	Unit tests and production build	2026-10-04T20:27:58.9845681Z (pass) independently specified temporal fixtures > bare city overnight range [1.56ms]
web	Unit tests and production build	2026-10-04T20:27:58.9847201Z (pass) independently specified temporal fixtures > qualified until city range [1.16ms]
web	Unit tests and production build	2026-10-04T20:27:58.9848806Z (pass) independently specified temporal fixtures > reject repeated offset sign [0.32ms]
web	Unit tests and production build	2026-10-04T20:27:58.9849921Z (pass) independently specified temporal fixtures > reject malformed sign UTC++5 [0.30ms]
web	Unit tests and production build	2026-10-04T20:27:58.9854538Z (pass) independently specified temporal fixtures > reject malformed sign UTC+-5 [0.70ms]
web	Unit tests and production build	2026-10-04T20:27:58.9867308Z (pass) independently specified temporal fixtures > reject malformed sign UTC+ [0.18ms]
web	Unit tests and production build	2026-10-04T20:27:58.9931110Z (pass) formatting rolls into next day and copy includes full context [3.26ms]
web	Unit tests and production build	2026-10-04T20:27:58.9932032Z (pass) negative fractional offset never invents a location [0.82ms]
web	Unit tests and production build	2026-10-04T20:27:58.9932793Z (pass) short fuzzy city and unknown guesses are rejected [1.90ms]
web	Unit tests and production build	2026-10-04T20:27:58.9964203Z (pass) valid input at limit converts; arbitrary numbers and milliseconds stay unparsed [1.96ms]
web	Unit tests and production build	2026-10-04T20:27:58.9966780Z (pass) range keeps textual identities and both endpoints [0.85ms]
web	Unit tests and production build	2026-10-04T20:27:58.9971291Z (pass) input limit and invalid target give actionable errors [0.20ms]
web	Unit tests and production build	2026-10-04T20:27:58.9973242Z (pass) reference date override leaves source zone independent of target [1.40ms]
web	Unit tests and production build	2026-10-04T20:27:58.9974133Z 
web	Unit tests and production build	2026-10-04T20:27:58.9974741Z ##[endgroup]
web	Unit tests and production build	2026-10-04T20:27:58.9974973Z 
web	Unit tests and production build	2026-10-04T20:27:58.9976078Z ##[group]tests/preview.test.ts:
web	Unit tests and production build	2026-10-04T20:27:59.2147871Z (pass) preview publication accepts identical trees and rejects merged content differences [216.39ms]
web	Unit tests and production build	2026-10-04T20:27:59.2148566Z 
web	Unit tests and production build	2026-10-04T20:27:59.2149006Z ##[endgroup]
web	Unit tests and production build	2026-10-04T20:27:59.2149155Z 
web	Unit tests and production build	2026-10-04T20:27:59.2149241Z  116 pass
web	Unit tests and production build	2026-10-04T20:27:59.2149425Z  0 fail
web	Unit tests and production build	2026-10-04T20:27:59.2149755Z  725 expect() calls
web	Unit tests and production build	2026-10-04T20:27:59.2150011Z Ran 116 tests across 6 files. [644.00ms]
web	Unit tests and production build	2026-10-04T20:27:59.2369256Z $ bun run typecheck && bun scripts/third-party-notices.ts && bunx --bun vite build && bun scripts/build-offline.ts
web	Unit tests and production build	2026-10-04T20:27:59.2406823Z $ bunx --bun tsc --noEmit
web	Unit tests and production build	2026-10-04T20:27:59.8240021Z Included notices for 19 production packages.
web	Unit tests and production build	2026-10-04T20:28:00.0696833Z ^[[36mvite v8.3.2 ^[[32mbuilding client environment for production...^[[36m^[[39m
web	Unit tests and production build	2026-10-04T20:28:00.0773148Z transforming...
web	Unit tests and production build	2026-10-04T20:28:00.3649926Z ✓ 644 modules transformed.
web	Unit tests and production build	2026-10-04T20:28:00.4208070Z rendering chunks...
web	Unit tests and production build	2026-10-04T20:28:00.5269170Z computing gzip size...
web	Unit tests and production build	2026-10-04T20:28:00.5419470Z dist/index.html                                    0.80 kB │ gzip:   0.45 kB
web	Unit tests and production build	2026-10-04T20:28:00.5420471Z dist/assets/geist-latin-variable-Dm3htQBi.woff2   28.40 kB
web	Unit tests and production build	2026-10-04T20:28:00.5421370Z dist/assets/worker-C690IjaR.js                   221.14 kB
web	Unit tests and production build	2026-10-04T20:28:00.5423418Z dist/assets/index-BE6jMEMC.css                    20.60 kB │ gzip:   4.82 kB
web	Unit tests and production build	2026-10-04T20:28:00.5424643Z dist/assets/index-YPf6KtuI.js                    774.75 kB │ gzip: 235.08 kB
web	Unit tests and production build	2026-10-04T20:28:00.5425246Z 
web	Unit tests and production build	2026-10-04T20:28:00.5425698Z ^[[32m✓ built in 473ms^[[39m
web	Unit tests and production build	2026-10-04T20:28:00.5433388Z ^[[33m[plugin builtin:vite-reporter] 
web	Unit tests and production build	2026-10-04T20:28:00.5434731Z (!) Some chunks are larger than 500 kB after minification. Consider:
web	Unit tests and production build	2026-10-04T20:28:00.5435805Z - Using dynamic import() to code-split the application
web	Unit tests and production build	2026-10-04T20:28:00.5438222Z - Use build.rolldownOptions.output.codeSplitting to improve chunking: https://rolldown.rs/reference/OutputOptions.codeSplitting
web	Unit tests and production build	2026-10-04T20:28:00.5440035Z - Adjust chunk size limit for this warning via build.chunkSizeWarningLimit.^[[39m
web	Unit tests and production build	2026-10-04T20:28:00.5765256Z Offline version 10b336f87337d75c: 13 local assets, /
web	Verify the standalone conversion corpus audit	﻿2026-10-04T20:28:00.5851380Z ##[group]Run bun run corpus:audit
web	Verify the standalone conversion corpus audit	2026-10-04T20:28:00.5851724Z ^[[36;1mbun run corpus:audit^[[0m
web	Verify the standalone conversion corpus audit	2026-10-04T20:28:00.5852193Z ^[[36;1mdiff -u "$RUNNER_TEMP/chronoshift-corpus-audit.json" docs/planning/corpus-audit.json^[[0m
web	Verify the standalone conversion corpus audit	2026-10-04T20:28:00.5852824Z shell: bash --noprofile --norc -e -o pipefail {0}
web	Verify the standalone conversion corpus audit	2026-10-04T20:28:00.5853441Z env:
web	Verify the standalone conversion corpus audit	2026-10-04T20:28:00.5853668Z   PLAYWRIGHT_BROWSERS_PATH: /ms-playwright
web	Verify the standalone conversion corpus audit	2026-10-04T20:28:00.5853993Z   PLAYWRIGHT_IMAGE_VERSION: 1.63.0
web	Verify the standalone conversion corpus audit	2026-10-04T20:28:00.5854256Z   PUBLISH_PAGES: true
web	Verify the standalone conversion corpus audit	2026-10-04T20:28:00.5854472Z   MISE_LOG_LEVEL: info
web	Verify the standalone conversion corpus audit	2026-10-04T20:28:00.5856882Z   MISE_GITHUB_TOKEN: ***
web	Verify the standalone conversion corpus audit	2026-10-04T20:28:00.5857193Z   MISE_TRUSTED_CONFIG_PATHS: /__w/ChronoShift/ChronoShift
web	Verify the standalone conversion corpus audit	2026-10-04T20:28:00.5857521Z   MISE_YES: 1
web	Verify the standalone conversion corpus audit	2026-10-04T20:28:00.5858687Z   PATH: /github/home/.local/share/mise/installs/bun/1.4.0/bin:/github/home/.local/share/mise/installs/node/26.8.1/bin:/github/home/.local/share/mise/installs/gh/2.100.0/gh_2.100.0_linux_amd64/bin:/github/home/.local/share/mise/shims:/github/home/.local/share/mise/bin:/usr/local/sbin:/usr/local/bin:/usr/sbin:/usr/bin:/sbin:/bin
web	Verify the standalone conversion corpus audit	2026-10-04T20:28:00.5859948Z ##[endgroup]
web	Verify the standalone conversion corpus audit	2026-10-04T20:28:00.6658136Z $ bun scripts/audit-corpus.ts
web	Verify the standalone conversion corpus audit	2026-10-04T20:28:01.0222442Z 353 real inputs exercised; 0 crashes; 29 cases need review of legacy expectations or parser gaps.
web	Run bun run test:browser	﻿2026-10-04T20:28:01.0379285Z ##[group]Run bun run test:browser
web	Run bun run test:browser	2026-10-04T20:28:01.0379636Z ^[[36;1mbun run test:browser^[[0m
web	Run bun run test:browser	2026-10-04T20:28:01.0380247Z shell: bash --noprofile --norc -e -o pipefail {0}
web	Run bun run test:browser	2026-10-04T20:28:01.0380563Z env:
web	Run bun run test:browser	2026-10-04T20:28:01.0380789Z   PLAYWRIGHT_BROWSERS_PATH: /ms-playwright
web	Run bun run test:browser	2026-10-04T20:28:01.0381107Z   PLAYWRIGHT_IMAGE_VERSION: 1.63.0
web	Run bun run test:browser	2026-10-04T20:28:01.0381374Z   PUBLISH_PAGES: true
web	Run bun run test:browser	2026-10-04T20:28:01.0381612Z   MISE_LOG_LEVEL: info
web	Run bun run test:browser	2026-10-04T20:28:01.0384544Z   MISE_GITHUB_TOKEN: ***
web	Run bun run test:browser	2026-10-04T20:28:01.0384893Z   MISE_TRUSTED_CONFIG_PATHS: /__w/ChronoShift/ChronoShift
web	Run bun run test:browser	2026-10-04T20:28:01.0385224Z   MISE_YES: 1
web	Run bun run test:browser	2026-10-04T20:28:01.0386368Z   PATH: /github/home/.local/share/mise/installs/bun/1.4.0/bin:/github/home/.local/share/mise/installs/node/26.8.1/bin:/github/home/.local/share/mise/installs/gh/2.100.0/gh_2.100.0_linux_amd64/bin:/github/home/.local/share/mise/shims:/github/home/.local/share/mise/bin:/usr/local/sbin:/usr/local/bin:/usr/sbin:/usr/bin:/sbin:/bin
web	Run bun run test:browser	2026-10-04T20:28:01.0387619Z ##[endgroup]
web	Run bun run test:browser	2026-10-04T20:28:01.1073562Z $ bunx --bun playwright test
web	Run bun run test:browser	2026-10-04T20:28:02.1253432Z 
web	Run bun run test:browser	2026-10-04T20:28:02.1253976Z Running 248 tests using 4 workers
web	Run bun run test:browser	2026-10-04T20:28:02.1254223Z 
web	Run bun run test:browser	2026-10-04T20:28:04.5718283Z   ✓    3 [foldable] › e2e/foldable.spec.ts:112:0 › notch and home-indicator safe areas inset the task (1.5s)
web	Run bun run test:browser	2026-10-04T20:28:05.6695427Z   ✓    1 [foldable] › e2e/foldable.spec.ts:70:0 › tabletop posture confines the scrollable task to the upper screen (2.6s)
web	Run bun run test:browser	2026-10-04T20:28:06.1548648Z   ✓    2 [foldable] › e2e/foldable.spec.ts:4:0 › input and results avoid a vertical hinge and survive folding (3.1s)
web	Run bun run test:browser	2026-10-04T20:28:07.4908862Z   ✓    4 [chromium] › e2e/app.spec.ts:6:0 › worker failure recovers and a late response cannot resurrect cleared input (4.3s)
web	Run bun run test:browser	2026-10-04T20:28:08.7627133Z   ✓    5 [chromium] › e2e/app.spec.ts:67:0 › an intact offline app survives a failed registration check while changing target zones (3.4s)
web	Run bun run test:browser	2026-10-04T20:28:09.1875478Z   ✓    6 [chromium] › e2e/app.spec.ts:90:0 › a delayed failed readiness probe cannot overwrite a newer successful check (2.5s)
web	Run bun run test:browser	2026-10-04T20:28:09.3702571Z   ✓    8 [chromium] › e2e/app.spec.ts:162:0 › pasted HTML cannot execute or fetch its URL (1.9s)
web	Run bun run test:browser	2026-10-04T20:28:09.9390400Z   ✓    7 [chromium] › e2e/app.spec.ts:130:0 › missing cache reports incomplete and reconnect repairs the complete offline app (2.8s)
web	Run bun run test:browser	2026-10-04T20:28:10.7121463Z   ✓    9 [chromium] › e2e/app.spec.ts:182:0 › convert, inspect ambiguity, copy manually and protect privacy (1.9s)
web	Run bun run test:browser	2026-10-04T20:28:12.2309225Z   ✓   10 [chromium] › e2e/app.spec.ts:215:0 › close and reopen offline, then convert previously unseen input (3.0s)
web	Run bun run test:browser	2026-10-04T20:28:13.0505084Z   ✓   11 [chromium] › e2e/app.spec.ts:239:0 › preferences persist, input does not; denied storage still converts (3.7s)
web	Run bun run test:browser	2026-10-04T20:28:13.6527102Z   ✓   12 [chromium] › e2e/app.spec.ts:267:0 › input errors recover, edits invalidate results, keyboard keeps multiline input (3.7s)
web	Run bun run test:browser	2026-10-04T20:28:13.7714554Z   ✓   14 [chromium] › e2e/app.spec.ts:340:0 › offline POST share is single-use and never places message in URL (1.5s)
web	Run bun run test:browser	2026-10-04T20:28:16.1305199Z   ✓   13 [chromium] › e2e/app.spec.ts:286:0 › readable at 320px, dark mode, with no serious accessibility violations (5.4s)
web	Run bun run test:browser	2026-10-04T20:28:18.0471608Z   ✓   15 [chromium] › e2e/app.spec.ts:378:0 › an update waits, preserves draft on opt-in, and survives a partial next update (5.0s)
web	Run bun run test:browser	2026-10-04T20:28:21.6746532Z   ✓   19 [chromium] › e2e/diagnostics.spec.ts:12:0 › detailed logs are opt-in, local, exclude message and selected zones, and stop when disabled (3.6s)
web	Run bun run test:browser	2026-10-04T20:28:22.5512073Z   ✓   17 [chromium] › e2e/controls.spec.ts:232:0 › choice menus support keyboard selection, nested Escape and pointer dismissal (8.8s)
web	Run bun run test:browser	2026-10-04T20:28:23.8155057Z   ✓   20 [chromium] › e2e/diagnostics.spec.ts:84:0 › detailed logging survives a tab reload and reset preferences disables it (2.1s)
web	Run bun run test:browser	2026-10-04T20:28:24.0864235Z   ✓   21 [chromium] › e2e/diagnostics.spec.ts:114:0 › detailed logs still work in memory when session storage is denied (1.5s)
web	Run bun run test:browser	2026-10-04T20:28:25.7367992Z   ✓   23 [chromium] › e2e/diagnostics.spec.ts:191:0 › corrupt cached files fail integrity checks and detailed logs identify bounded repair failure (1.6s)
web	Run bun run test:browser	2026-10-04T20:28:26.5047011Z   ✓   22 [chromium] › e2e/diagnostics.spec.ts:145:0 › a retired release repairs only missing files using its intact cached assets (2.7s)
web	Run bun run test:browser	2026-10-04T20:28:28.0071377Z   ✓   25 [chromium] › e2e/engine.spec.ts:4:0 › independent exact fixture expectations run in the production browser worker (1.5s)
web	Run bun run test:browser	2026-10-04T20:28:29.1218830Z   ✓   16 [chromium] › e2e/controls.spec.ts:55:0 › themed choices align and their opened menus fit every breakpoint without losing work (15.5s)
web	Run bun run test:browser	2026-10-04T20:28:30.9273556Z   ✘   18 [chromium] › e2e/controls.spec.ts:339:0 › timezone search preserves freeform offsets and recovers from empty and invalid choices (14.7s)
web	Run bun run test:browser	2026-10-04T20:28:31.4052863Z   ✓   24 [chromium] › e2e/diagnostics.spec.ts:232:0 › waiting updates remain actionable when a current cache probe times out (5.7s)
web	Run bun run test:browser	2026-10-04T20:28:34.1316530Z   ✓   26 [chromium] › e2e/imports.spec.ts:5:2 › delayed clipboard offers replacement instead of overwriting edited or cleared work (6.1s)
web	Run bun run test:browser	2026-10-04T20:28:35.3829843Z   ✓   28 [chromium] › e2e/imports.spec.ts:173:0 › an unresolved target hides copyable fallback results and correction restores the source interpretation (4.0s)
web	Run bun run test:browser	2026-10-04T20:28:35.6355945Z   ✓   27 [chromium] › e2e/imports.spec.ts:5:2 › delayed share offers replacement instead of overwriting edited or cleared work (6.5s)
web	Run bun run test:browser	2026-10-04T20:28:38.8082001Z   ✓   30 [chromium] › e2e/live.spec.ts:4:0 › typing, pasted text and conversion settings update without submission (4.7s)
web	Run bun run test:browser	2026-10-04T20:28:39.7249281Z   ✓   33 [chromium] › e2e/motion.spec.ts:61:0 › reduced motion keeps live feedback and usable results without animation (908ms)
web	Run bun run test:browser	2026-10-04T20:28:40.6275712Z   ✓   31 [chromium] › e2e/live.spec.ts:30:0 › composition defers conversion and queued work cannot overwrite a newer draft (5.2s)
web	Run bun run test:browser	2026-10-04T20:28:41.7797246Z   ✓   34 [chromium] › e2e/offline-install.spec.ts:31:0 › a transient initial registration failure retries before any controller exists (2.0s)
web	Run bun run test:browser	2026-10-04T20:28:42.0277952Z   ✓   32 [chromium] › e2e/motion.spec.ts:4:0 › live feedback covers debounce and worker completion, then settles or cancels (6.4s)
web	Run bun run test:browser	2026-10-04T20:28:42.9340263Z   ✓   35 [chromium] › e2e/offline-install.spec.ts:59:0 › slow first installation clears its expired warning without losing conversion (2.3s)
web	Run bun run test:browser	2026-10-04T20:28:43.7279277Z   ✓   36 [chromium] › e2e/offline-install.spec.ts:82:0 › a stale mutable release marker is refetched and checked before offline readiness (1.9s)
web	Run bun run test:browser	2026-10-04T20:28:44.2396088Z   ✓   37 [chromium] › e2e/offline-install.spec.ts:106:0 › a rejected first installation retries without reloading or clearing input (2.2s)
web	Run bun run test:browser	2026-10-04T20:28:46.1170930Z   ✓   39 [chromium] › e2e/offline-install.spec.ts:155:0 › HTML response rewriting cannot break first installation or offline navigation (2.4s)
web	Run bun run test:browser	2026-10-04T20:28:47.1766489Z   ✓   40 [chromium] › e2e/privacy.spec.ts:6:2 › legacy lens preferences migrate, reset removes them and quota failures keep conversion usable (2.9s)
web	Run bun run test:browser	2026-10-04T20:28:48.6695259Z   ✓   41 [chromium] › e2e/privacy.spec.ts:6:2 › legacy command preferences migrate, reset removes them and quota failures keep conversion usable (2.5s)
web	Run bun run test:browser	2026-10-04T20:28:48.8729349Z   ✘   29 [chromium] › e2e/controls.spec.ts:339:0 › timezone search preserves freeform offsets and recovers from empty and invalid choices (retry #1) (16.5s)
web	Run bun run test:browser	2026-10-04T20:28:49.0888195Z   ✓   38 [chromium] › e2e/offline-install.spec.ts:126:0 › persistently wrong release bytes never activate or claim offline readiness (6.1s)
web	Run bun run test:browser	2026-10-04T20:28:49.3452690Z   ✓   42 [chromium] › e2e/privacy.spec.ts:85:0 › invalid and oversized local shares return a paste fallback without storing text (2.2s)
web	Run bun run test:browser	2026-10-04T20:28:51.4631400Z   ✓   45 [chromium] › e2e/responsive.spec.ts:83:0 › touch-sized controls and keyboard navigation remain usable in a short viewport (2.1s)
web	Run bun run test:browser	2026-10-04T20:28:52.2241036Z   ✓   43 [chromium] › e2e/privacy.spec.ts:119:0 › expired and invalid temporary text is consumed and erased without restoring it (3.5s)
web	Run bun run test:browser	2026-10-04T20:28:52.9538752Z   ✓   44 [chromium] › e2e/responsive.spec.ts:4:0 › reflows across cover screens, phones, tablets and desktops without losing work (3.8s)
web	Run bun run test:browser	2026-10-04T20:28:54.0660330Z   ✓   46 [chromium] › e2e/privacy.spec.ts:223:0 › denied update storage keeps the draft active and requires clearing before reload (4.3s)
web	Run bun run test:browser	2026-10-04T20:28:55.0971282Z   ✓   49 [chromium] › e2e/updates.spec.ts:6:0 › repair refuses another release and leaves the existing offline shell intact (2.1s)
web	Run bun run test:browser	2026-10-04T20:28:55.4089851Z   ✓   47 [chromium] › e2e/uncontrolled.spec.ts:43:0 › an activated worker reclaims a hard-refreshed tab without reloading its draft (3.9s)
web	Run bun run test:browser	2026-10-04T20:28:58.2375589Z   ✓   48 [chromium] › e2e/uncontrolled.spec.ts:76:0 › an older active worker cannot mark an uncontrolled tab ready or activate its waiting update (6.0s)
web	Run bun run test:browser	2026-10-04T20:28:59.1269876Z   ✓   50 [chromium] › e2e/updates.spec.ts:45:0 › an interrupted rollback preserves a retained cache and its old tab worker (5.0s)
web	Run bun run test:browser	2026-10-04T20:28:59.2195027Z   ✓   51 [chromium] › e2e/updates.spec.ts:93:0 › oversized drafts block an update until they can be safely preserved (4.1s)
web	Run bun run test:browser	2026-10-04T20:29:05.4917057Z   ✓   52 [chromium] › e2e/updates.spec.ts:209:0 › old and new tabs retain their own workers across successive releases and offline restart (10.1s)
web	Run bun run test:browser	2026-10-04T20:29:06.0452488Z   ✓   54 [firefox] › e2e/app.spec.ts:6:0 › worker failure recovers and a late response cannot resurrect cleared input (5.6s)
web	Run bun run test:browser	2026-10-04T20:29:06.9095490Z   ✓   55 [firefox] › e2e/app.spec.ts:67:0 › an intact offline app survives a failed registration check while changing target zones (5.7s)
web	Run bun run test:browser	2026-10-04T20:29:09.6064074Z   ✓   58 [firefox] › e2e/app.spec.ts:162:0 › pasted HTML cannot execute or fetch its URL (2.7s)
web	Run bun run test:browser	2026-10-04T20:29:09.6242362Z   ✓   53 [chromium] › e2e/updates.spec.ts:270:0 › rollback preserves draft and preferences and removes obsolete caches with one remaining tab (11.4s)
web	Run bun run test:browser	2026-10-04T20:29:11.0227228Z   ✓   56 [firefox] › e2e/app.spec.ts:130:0 › missing cache reports incomplete and reconnect repairs the complete offline app (4.9s)
web	Run bun run test:browser	2026-10-04T20:29:12.5038896Z   ✓   59 [firefox] › e2e/app.spec.ts:182:0 › convert, inspect ambiguity, copy manually and protect privacy (2.9s)
web	Run bun run test:browser	2026-10-04T20:29:12.7261553Z   ✓   57 [firefox] › e2e/app.spec.ts:90:0 › a delayed failed readiness probe cannot overwrite a newer successful check (5.6s)
web	Run bun run test:browser	2026-10-04T20:29:17.1129811Z   ✓   60 [firefox] › e2e/app.spec.ts:215:0 › close and reopen offline, then convert previously unseen input (5.9s)
web	Run bun run test:browser	2026-10-04T20:29:17.2758759Z   ✓   61 [firefox] › e2e/app.spec.ts:239:0 › preferences persist, input does not; denied storage still converts (6.2s)
web	Run bun run test:browser	2026-10-04T20:29:17.6996790Z   ✓   62 [firefox] › e2e/app.spec.ts:267:0 › input errors recover, edits invalidate results, keyboard keeps multiline input (5.2s)
web	Run bun run test:browser	2026-10-04T20:29:18.6697489Z   ✓   63 [firefox] › e2e/app.spec.ts:286:0 › readable at 320px, dark mode, with no serious accessibility violations (5.9s)
web	Run bun run test:browser	2026-10-04T20:29:20.6980331Z   ✓   64 [firefox] › e2e/app.spec.ts:340:0 › offline POST share is single-use and never places message in URL (3.6s)
web	Run bun run test:browser	2026-10-04T20:29:25.0645506Z   ✓   65 [firefox] › e2e/app.spec.ts:378:0 › an update waits, preserves draft on opt-in, and survives a partial next update (7.8s)
web	Run bun run test:browser	2026-10-04T20:29:29.3426185Z   ✓   67 [firefox] › e2e/controls.spec.ts:232:0 › choice menus support keyboard selection, nested Escape and pointer dismissal (10.6s)
web	Run bun run test:browser	2026-10-04T20:29:29.5551926Z   ✓   69 [firefox] › e2e/diagnostics.spec.ts:12:0 › detailed logs are opt-in, local, exclude message and selected zones, and stop when disabled (4.5s)
web	Run bun run test:browser	2026-10-04T20:29:31.7375464Z   ✓   71 [firefox] › e2e/diagnostics.spec.ts:114:0 › detailed logs still work in memory when session storage is denied (2.2s)
web	Run bun run test:browser	2026-10-04T20:29:32.2780975Z   ✓   70 [firefox] › e2e/diagnostics.spec.ts:84:0 › detailed logging survives a tab reload and reset preferences disables it (2.9s)
web	Run bun run test:browser	2026-10-04T20:29:34.0187077Z   ✓   72 [firefox] › e2e/diagnostics.spec.ts:145:0 › a retired release repairs only missing files using its intact cached assets (2.3s)
web	Run bun run test:browser	2026-10-04T20:29:34.5312386Z   ✓   73 [firefox] › e2e/diagnostics.spec.ts:191:0 › corrupt cached files fail integrity checks and detailed logs identify bounded repair failure (2.2s)
web	Run bun run test:browser	2026-10-04T20:29:36.3114772Z   ✓   75 [firefox] › e2e/engine.spec.ts:4:0 › independent exact fixture expectations run in the production browser worker (1.8s)
web	Run bun run test:browser	2026-10-04T20:29:39.8257338Z   ✓   74 [firefox] › e2e/diagnostics.spec.ts:232:0 › waiting updates remain actionable when a current cache probe times out (5.8s)
web	Run bun run test:browser	2026-10-04T20:29:42.0226017Z   ✓   76 [firefox] › e2e/imports.spec.ts:5:2 › delayed clipboard offers replacement instead of overwriting edited or cleared work (5.7s)
web	Run bun run test:browser	2026-10-04T20:29:42.8356588Z   ✓   66 [firefox] › e2e/controls.spec.ts:55:0 › themed choices align and their opened menus fit every breakpoint without losing work (25.1s)
web	Run bun run test:browser	2026-10-04T20:29:46.1452382Z   ✓   78 [firefox] › e2e/imports.spec.ts:173:0 › an unresolved target hides copyable fallback results and correction restores the source interpretation (4.1s)
web	Run bun run test:browser	2026-10-04T20:29:47.8958204Z   ✓   79 [firefox] › e2e/live.spec.ts:4:0 › typing, pasted text and conversion settings update without submission (5.0s)
web	Run bun run test:browser	2026-10-04T20:29:48.3090541Z   ✓   77 [firefox] › e2e/imports.spec.ts:5:2 › delayed share offers replacement instead of overwriting edited or cleared work (8.5s)
web	Run bun run test:browser	2026-10-04T20:29:50.7808110Z   ✓   82 [firefox] › e2e/motion.spec.ts:61:0 › reduced motion keeps live feedback and usable results without animation (2.5s)
web	Run bun run test:browser	2026-10-04T20:29:51.3544138Z   ✘   68 [firefox] › e2e/controls.spec.ts:339:0 › timezone search preserves freeform offsets and recovers from empty and invalid choices (30.1s)
web	Run bun run test:browser	2026-10-04T20:29:51.7822882Z   ✓   80 [firefox] › e2e/live.spec.ts:30:0 › composition defers conversion and queued work cannot overwrite a newer draft (5.6s)
web	Run bun run test:browser	2026-10-04T20:29:53.4003621Z   ✓   83 [firefox] › e2e/offline-install.spec.ts:31:0 › a transient initial registration failure retries before any controller exists (2.6s)
web	Run bun run test:browser	2026-10-04T20:29:54.8263420Z   ✓   81 [firefox] › e2e/motion.spec.ts:4:0 › live feedback covers debounce and worker completion, then settles or cancels (6.9s)
web	Run bun run test:browser	2026-10-04T20:29:56.5231324Z   ✓   86 [firefox] › e2e/offline-install.spec.ts:82:0 › a stale mutable release marker is refetched and checked before offline readiness (3.1s)
web	Run bun run test:browser	2026-10-04T20:29:57.8814855Z   ✓   84 [firefox] › e2e/offline-install.spec.ts:59:0 › slow first installation clears its expired warning without losing conversion (6.1s)
web	Run bun run test:browser	2026-10-04T20:29:58.4358232Z   ✓   87 [firefox] › e2e/offline-install.spec.ts:106:0 › a rejected first installation retries without reloading or clearing input (3.6s)
web	Run bun run test:browser	2026-10-04T20:30:02.5901748Z   ✓   89 [firefox] › e2e/offline-install.spec.ts:155:0 › HTML response rewriting cannot break first installation or offline navigation (4.7s)
web	Run bun run test:browser	2026-10-04T20:30:03.3599234Z   ✓   90 [firefox] › e2e/privacy.spec.ts:6:2 › legacy lens preferences migrate, reset removes them and quota failures keep conversion usable (4.9s)
web	Run bun run test:browser	2026-10-04T20:30:03.9598323Z   ✓   88 [firefox] › e2e/offline-install.spec.ts:126:0 › persistently wrong release bytes never activate or claim offline readiness (7.4s)
web	Run bun run test:browser	2026-10-04T20:30:06.9071326Z   ✓   92 [firefox] › e2e/privacy.spec.ts:85:0 › invalid and oversized local shares return a paste fallback without storing text (3.5s)
web	Run bun run test:browser	2026-10-04T20:30:07.3898060Z   ✓   91 [firefox] › e2e/privacy.spec.ts:6:2 › legacy command preferences migrate, reset removes them and quota failures keep conversion usable (4.8s)
web	Run bun run test:browser	2026-10-04T20:30:09.3985150Z   ✓   93 [firefox] › e2e/privacy.spec.ts:119:0 › expired and invalid temporary text is consumed and erased without restoring it (5.4s)
web	Run bun run test:browser	2026-10-04T20:30:10.9405505Z   ✓   94 [firefox] › e2e/privacy.spec.ts:223:0 › denied update storage keeps the draft active and requires clearing before reload (4.0s)
web	Run bun run test:browser	2026-10-04T20:30:11.3249326Z   -   97 [firefox] › e2e/uncontrolled.spec.ts:43:0 › an activated worker reclaims a hard-refreshed tab without reloading its draft
web	Run bun run test:browser	2026-10-04T20:30:11.5776302Z   ✓   96 [firefox] › e2e/responsive.spec.ts:83:0 › touch-sized controls and keyboard navigation remain usable in a short viewport (2.2s)
web	Run bun run test:browser	2026-10-04T20:30:11.7317051Z   -   98 [firefox] › e2e/uncontrolled.spec.ts:76:0 › an older active worker cannot mark an uncontrolled tab ready or activate its waiting update
web	Run bun run test:browser	2026-10-04T20:30:12.4692001Z   ✓   95 [firefox] › e2e/responsive.spec.ts:4:0 › reflows across cover screens, phones, tablets and desktops without losing work (5.1s)
web	Run bun run test:browser	2026-10-04T20:30:14.2343937Z   ✓   99 [firefox] › e2e/updates.spec.ts:6:0 › repair refuses another release and leaves the existing offline shell intact (2.6s)
web	Run bun run test:browser	2026-10-04T20:30:16.6014315Z   ✓  101 [firefox] › e2e/updates.spec.ts:93:0 › oversized drafts block an update until they can be safely preserved (4.1s)
web	Run bun run test:browser	2026-10-04T20:30:18.2305227Z   ✓  100 [firefox] › e2e/updates.spec.ts:45:0 › an interrupted rollback preserves a retained cache and its old tab worker (6.5s)
web	Run bun run test:browser	2026-10-04T20:30:25.0631340Z   ✘   85 [firefox] › e2e/controls.spec.ts:339:0 › timezone search preserves freeform offsets and recovers from empty and invalid choices (retry #1) (30.8s)
web	Run bun run test:browser	2026-10-04T20:30:25.7600923Z   ✓  102 [firefox] › e2e/updates.spec.ts:209:0 › old and new tabs retain their own workers across successive releases and offline restart (11.5s)
web	Run bun run test:browser	2026-10-04T20:30:26.7387559Z   ✓  104 [webkit] › e2e/app.spec.ts:6:0 › worker failure recovers and a late response cannot resurrect cleared input (6.8s)
web	Run bun run test:browser	2026-10-04T20:30:27.5102745Z   ✓  103 [firefox] › e2e/updates.spec.ts:270:0 › rollback preserves draft and preferences and removes obsolete caches with one remaining tab (10.9s)
web	Run bun run test:browser	2026-10-04T20:30:31.9947316Z   ✓  107 [webkit] › e2e/app.spec.ts:90:0 › a delayed failed readiness probe cannot overwrite a newer successful check (4.1s)
web	Run bun run test:browser	2026-10-04T20:30:32.1319536Z   ✓  105 [webkit] › e2e/app.spec.ts:67:0 › an intact offline app survives a failed registration check while changing target zones (5.7s)
web	Run bun run test:browser	2026-10-04T20:30:32.1376944Z   ✓  106 [webkit] › e2e/app.spec.ts:130:0 › missing cache reports incomplete and reconnect repairs the complete offline app (5.4s)
web	Run bun run test:browser	2026-10-04T20:30:33.5243888Z   ✓  108 [webkit] › e2e/app.spec.ts:162:0 › pasted HTML cannot execute or fetch its URL (3.6s)
web	Run bun run test:browser	2026-10-04T20:30:35.9416168Z   ✓  109 [webkit] › e2e/app.spec.ts:182:0 › convert, inspect ambiguity, copy manually and protect privacy (3.9s)
web	Run bun run test:browser	2026-10-04T20:30:38.4439066Z   ✓  110 [webkit] › e2e/app.spec.ts:215:0 › close and reopen offline, then convert previously unseen input (6.3s)
web	Run bun run test:browser	2026-10-04T20:30:39.3836618Z   ✓  111 [webkit] › e2e/app.spec.ts:239:0 › preferences persist, input does not; denied storage still converts (7.2s)
web	Run bun run test:browser	2026-10-04T20:30:40.0016612Z   ✓  112 [webkit] › e2e/app.spec.ts:267:0 › input errors recover, edits invalidate results, keyboard keeps multiline input (6.5s)
web	Run bun run test:browser	2026-10-04T20:30:41.8267023Z   ✓  114 [webkit] › e2e/app.spec.ts:340:0 › offline POST share is single-use and never places message in URL (3.4s)
web	Run bun run test:browser	2026-10-04T20:30:45.2549191Z   ✓  113 [webkit] › e2e/app.spec.ts:286:0 › readable at 320px, dark mode, with no serious accessibility violations (9.3s)
web	Run bun run test:browser	2026-10-04T20:30:46.4056857Z   ✓  115 [webkit] › e2e/app.spec.ts:378:0 › an update waits, preserves draft on opt-in, and survives a partial next update (7.0s)
web	Run bun run test:browser	2026-10-04T20:30:53.6835750Z   ✓  119 [webkit] › e2e/diagnostics.spec.ts:12:0 › detailed logs are opt-in, local, exclude message and selected zones, and stop when disabled (7.2s)
web	Run bun run test:browser	2026-10-04T20:30:59.0074206Z   ✓  118 [webkit] › e2e/controls.spec.ts:339:0 › timezone search preserves freeform offsets and recovers from empty and invalid choices (13.7s)
web	Run bun run test:browser	2026-10-04T20:30:59.2417071Z   ✓  120 [webkit] › e2e/diagnostics.spec.ts:84:0 › detailed logging survives a tab reload and reset preferences disables it (5.5s)
web	Run bun run test:browser	2026-10-04T20:30:59.7515819Z   ✓  117 [webkit] › e2e/controls.spec.ts:232:0 › choice menus support keyboard selection, nested Escape and pointer dismissal (17.9s)
web	Run bun run test:browser	2026-10-04T20:31:02.5065708Z   ✓  122 [webkit] › e2e/diagnostics.spec.ts:145:0 › a retired release repairs only missing files using its intact cached assets (3.2s)
web	Run bun run test:browser	2026-10-04T20:31:03.1130103Z   ✓  121 [webkit] › e2e/diagnostics.spec.ts:114:0 › detailed logs still work in memory when session storage is denied (4.1s)
web	Run bun run test:browser	2026-10-04T20:31:03.5157926Z   ✓  123 [webkit] › e2e/diagnostics.spec.ts:191:0 › corrupt cached files fail integrity checks and detailed logs identify bounded repair failure (3.7s)
web	Run bun run test:browser	2026-10-04T20:31:06.5456322Z   ✓  125 [webkit] › e2e/engine.spec.ts:4:0 › independent exact fixture expectations run in the production browser worker (3.4s)
web	Run bun run test:browser	2026-10-04T20:31:09.0977694Z   ✓  124 [webkit] › e2e/diagnostics.spec.ts:232:0 › waiting updates remain actionable when a current cache probe times out (6.6s)
web	Run bun run test:browser	2026-10-04T20:31:13.8490022Z   ✓  126 [webkit] › e2e/imports.spec.ts:5:2 › delayed clipboard offers replacement instead of overwriting edited or cleared work (10.3s)
web	Run bun run test:browser	2026-10-04T20:31:15.9780638Z   ✓  128 [webkit] › e2e/imports.spec.ts:173:0 › an unresolved target hides copyable fallback results and correction restores the source interpretation (6.8s)
web	Run bun run test:browser	2026-10-04T20:31:19.4755532Z   ✓  127 [webkit] › e2e/imports.spec.ts:5:2 › delayed share offers replacement instead of overwriting edited or cleared work (12.9s)
web	Run bun run test:browser	2026-10-04T20:31:22.4980347Z   ✓  129 [webkit] › e2e/live.spec.ts:4:0 › typing, pasted text and conversion settings update without submission (8.6s)
web	Run bun run test:browser	2026-10-04T20:31:23.2863567Z   ✓  130 [webkit] › e2e/live.spec.ts:30:0 › composition defers conversion and queued work cannot overwrite a newer draft (7.3s)
web	Run bun run test:browser	2026-10-04T20:31:25.5852189Z   ✓  132 [webkit] › e2e/motion.spec.ts:61:0 › reduced motion keeps live feedback and usable results without animation (3.1s)
web	Run bun run test:browser	2026-10-04T20:31:26.1388928Z   ✓  133 [webkit] › e2e/offline-install.spec.ts:31:0 › a transient initial registration failure retries before any controller exists (2.8s)
web	Run bun run test:browser	2026-10-04T20:31:27.5725795Z   ✓  131 [webkit] › e2e/motion.spec.ts:4:0 › live feedback covers debounce and worker completion, then settles or cancels (8.1s)
web	Run bun run test:browser	2026-10-04T20:31:28.3238966Z   ✓  116 [webkit] › e2e/controls.spec.ts:55:0 › themed choices align and their opened menus fit every breakpoint without losing work (48.3s)
web	Run bun run test:browser	2026-10-04T20:31:30.2400497Z   ✓  135 [webkit] › e2e/offline-install.spec.ts:82:0 › a stale mutable release marker is refetched and checked before offline readiness (4.1s)
web	Run bun run test:browser	2026-10-04T20:31:31.1930066Z   ✓  134 [webkit] › e2e/offline-install.spec.ts:59:0 › slow first installation clears its expired warning without losing conversion (5.6s)
web	Run bun run test:browser	2026-10-04T20:31:31.3179099Z   ✓  136 [webkit] › e2e/offline-install.spec.ts:106:0 › a rejected first installation retries without reloading or clearing input (3.7s)
web	Run bun run test:browser	2026-10-04T20:31:35.7211327Z   ✓  138 [webkit] › e2e/offline-install.spec.ts:155:0 › HTML response rewriting cannot break first installation or offline navigation (5.5s)
web	Run bun run test:browser	2026-10-04T20:31:36.7469774Z   ✓  139 [webkit] › e2e/privacy.spec.ts:6:2 › legacy lens preferences migrate, reset removes them and quota failures keep conversion usable (5.5s)
web	Run bun run test:browser	2026-10-04T20:31:37.5801847Z   ✓  137 [webkit] › e2e/offline-install.spec.ts:126:0 › persistently wrong release bytes never activate or claim offline readiness (9.2s)
web	Run bun run test:browser	2026-10-04T20:31:37.7589422Z   ✓  140 [webkit] › e2e/privacy.spec.ts:6:2 › legacy command preferences migrate, reset removes them and quota failures keep conversion usable (6.4s)
web	Run bun run test:browser	2026-10-04T20:31:38.5910235Z   ✓  141 [webkit] › e2e/privacy.spec.ts:85:0 › invalid and oversized local shares return a paste fallback without storing text (2.9s)
web	Run bun run test:browser	2026-10-04T20:31:41.9002202Z   ✓  145 [webkit] › e2e/responsive.spec.ts:83:0 › touch-sized controls and keyboard navigation remain usable in a short viewport (3.3s)
web	Run bun run test:browser	2026-10-04T20:31:42.9972774Z   -  146 [webkit] › e2e/uncontrolled.spec.ts:43:0 › an activated worker reclaims a hard-refreshed tab without reloading its draft
web	Run bun run test:browser	2026-10-04T20:31:43.2239206Z   ✓  143 [webkit] › e2e/privacy.spec.ts:223:0 › denied update storage keeps the draft active and requires clearing before reload (5.6s)
web	Run bun run test:browser	2026-10-04T20:31:44.2987686Z   -  147 [webkit] › e2e/uncontrolled.spec.ts:76:0 › an older active worker cannot mark an uncontrolled tab ready or activate its waiting update
web	Run bun run test:browser	2026-10-04T20:31:44.7964904Z   ✓  142 [webkit] › e2e/privacy.spec.ts:119:0 › expired and invalid temporary text is consumed and erased without restoring it (8.0s)
web	Run bun run test:browser	2026-10-04T20:31:47.6772024Z   ✓  148 [webkit] › e2e/updates.spec.ts:6:0 › repair refuses another release and leaves the existing offline shell intact (4.4s)
web	Run bun run test:browser	2026-10-04T20:31:48.4276388Z   ✓  144 [webkit] › e2e/responsive.spec.ts:4:0 › reflows across cover screens, phones, tablets and desktops without losing work (10.7s)
web	Run bun run test:browser	2026-10-04T20:31:51.0021755Z   ✓  150 [webkit] › e2e/updates.spec.ts:93:0 › oversized drafts block an update until they can be safely preserved (6.2s)
web	Run bun run test:browser	2026-10-04T20:31:51.7382276Z   ✓  149 [webkit] › e2e/updates.spec.ts:45:0 › an interrupted rollback preserves a retained cache and its old tab worker (7.4s)
web	Run bun run test:browser	2026-10-04T20:31:57.1690417Z   ✓  153 [android-emulation] › e2e/app.spec.ts:6:0 › worker failure recovers and a late response cannot resurrect cleared input (4.7s)
web	Run bun run test:browser	2026-10-04T20:31:57.7012661Z   ✓  154 [android-emulation] › e2e/app.spec.ts:67:0 › an intact offline app survives a failed registration check while changing target zones (4.2s)
web	Run bun run test:browser	2026-10-04T20:32:00.7767279Z   ✓  155 [android-emulation] › e2e/app.spec.ts:90:0 › a delayed failed readiness probe cannot overwrite a newer successful check (3.6s)
web	Run bun run test:browser	2026-10-04T20:32:01.4778290Z   ✓  151 [webkit] › e2e/updates.spec.ts:209:0 › old and new tabs retain their own workers across successive releases and offline restart (13.8s)
web	Run bun run test:browser	2026-10-04T20:32:01.8640391Z   ✓  156 [android-emulation] › e2e/app.spec.ts:130:0 › missing cache reports incomplete and reconnect repairs the complete offline app (4.1s)
web	Run bun run test:browser	2026-10-04T20:32:02.1035541Z   ✓  152 [webkit] › e2e/updates.spec.ts:270:0 › rollback preserves draft and preferences and removes obsolete caches with one remaining tab (13.6s)
web	Run bun run test:browser	2026-10-04T20:32:03.5779403Z   ✓  157 [android-emulation] › e2e/app.spec.ts:162:0 › pasted HTML cannot execute or fetch its URL (2.8s)
web	Run bun run test:browser	2026-10-04T20:32:04.5289120Z   ✓  159 [android-emulation] › e2e/app.spec.ts:182:0 › convert, inspect ambiguity, copy manually and protect privacy (2.0s)
web	Run bun run test:browser	2026-10-04T20:32:05.5361924Z   ✓  158 [android-emulation] › e2e/app.spec.ts:215:0 › close and reopen offline, then convert previously unseen input (3.6s)
web	Run bun run test:browser	2026-10-04T20:32:06.9421295Z   ✓  163 [android-emulation] › e2e/app.spec.ts:340:0 › offline POST share is single-use and never places message in URL (1.4s)
web	Run bun run test:browser	2026-10-04T20:32:07.1225209Z   ✓  160 [android-emulation] › e2e/app.spec.ts:239:0 › preferences persist, input does not; denied storage still converts (4.0s)
web	Run bun run test:browser	2026-10-04T20:32:08.1647121Z   ✓  161 [android-emulation] › e2e/app.spec.ts:267:0 › input errors recover, edits invalidate results, keyboard keeps multiline input (4.6s)
web	Run bun run test:browser	2026-10-04T20:32:08.4945239Z   ✓  162 [android-emulation] › e2e/app.spec.ts:286:0 › readable at 320px, dark mode, with no serious accessibility violations (3.9s)
web	Run bun run test:browser	2026-10-04T20:32:12.5286658Z   ✓  164 [android-emulation] › e2e/app.spec.ts:378:0 › an update waits, preserves draft on opt-in, and survives a partial next update (5.6s)
web	Run bun run test:browser	2026-10-04T20:32:15.4350828Z   ✓  167 [android-emulation] › e2e/controls.spec.ts:339:0 › timezone search preserves freeform offsets and recovers from empty and invalid choices (6.9s)
web	Run bun run test:browser	2026-10-04T20:32:15.8580277Z   ✓  166 [android-emulation] › e2e/controls.spec.ts:232:0 › choice menus support keyboard selection, nested Escape and pointer dismissal (7.7s)
web	Run bun run test:browser	2026-10-04T20:32:16.2150352Z   ✓  168 [android-emulation] › e2e/diagnostics.spec.ts:12:0 › detailed logs are opt-in, local, exclude message and selected zones, and stop when disabled (3.6s)
web	Run bun run test:browser	2026-10-04T20:32:17.6021174Z   ✓  169 [android-emulation] › e2e/diagnostics.spec.ts:84:0 › detailed logging survives a tab reload and reset preferences disables it (2.2s)
web	Run bun run test:browser	2026-10-04T20:32:18.0020979Z   ✓  170 [android-emulation] › e2e/diagnostics.spec.ts:114:0 › detailed logs still work in memory when session storage is denied (2.1s)
web	Run bun run test:browser	2026-10-04T20:32:18.3385568Z   ✓  171 [android-emulation] › e2e/diagnostics.spec.ts:145:0 › a retired release repairs only missing files using its intact cached assets (2.1s)
web	Run bun run test:browser	2026-10-04T20:32:19.6428036Z   ✓  172 [android-emulation] › e2e/diagnostics.spec.ts:191:0 › corrupt cached files fail integrity checks and detailed logs identify bounded repair failure (2.0s)
web	Run bun run test:browser	2026-10-04T20:32:19.8257258Z   ✓  174 [android-emulation] › e2e/engine.spec.ts:4:0 › independent exact fixture expectations run in the production browser worker (1.5s)
web	Run bun run test:browser	2026-10-04T20:32:22.3549081Z   ✓  165 [android-emulation] › e2e/controls.spec.ts:55:0 › themed choices align and their opened menus fit every breakpoint without losing work (15.2s)
web	Run bun run test:browser	2026-10-04T20:32:24.2774140Z   ✓  173 [android-emulation] › e2e/diagnostics.spec.ts:232:0 › waiting updates remain actionable when a current cache probe times out (6.3s)
web	Run bun run test:browser	2026-10-04T20:32:25.1186528Z   ✓  175 [android-emulation] › e2e/imports.spec.ts:5:2 › delayed clipboard offers replacement instead of overwriting edited or cleared work (5.4s)
web	Run bun run test:browser	2026-10-04T20:32:25.3972739Z   ✓  177 [android-emulation] › e2e/imports.spec.ts:173:0 › an unresolved target hides copyable fallback results and correction restores the source interpretation (3.0s)
web	Run bun run test:browser	2026-10-04T20:32:25.9689144Z   ✓  176 [android-emulation] › e2e/imports.spec.ts:5:2 › delayed share offers replacement instead of overwriting edited or cleared work (6.1s)
web	Run bun run test:browser	2026-10-04T20:32:27.1459376Z   ✓  181 [android-emulation] › e2e/motion.spec.ts:61:0 › reduced motion keeps live feedback and usable results without animation (1.2s)
web	Run bun run test:browser	2026-10-04T20:32:28.3345509Z   ✓  178 [android-emulation] › e2e/live.spec.ts:4:0 › typing, pasted text and conversion settings update without submission (4.0s)
web	Run bun run test:browser	2026-10-04T20:32:29.2335515Z   ✓  182 [android-emulation] › e2e/offline-install.spec.ts:31:0 › a transient initial registration failure retries before any controller exists (2.1s)
web	Run bun run test:browser	2026-10-04T20:32:30.0236490Z   ✓  179 [android-emulation] › e2e/live.spec.ts:30:0 › composition defers conversion and queued work cannot overwrite a newer draft (4.9s)
web	Run bun run test:browser	2026-10-04T20:32:30.3850011Z   ✓  184 [android-emulation] › e2e/offline-install.spec.ts:82:0 › a stale mutable release marker is refetched and checked before offline readiness (1.1s)
web	Run bun run test:browser	2026-10-04T20:32:30.7688443Z   ✓  183 [android-emulation] › e2e/offline-install.spec.ts:59:0 › slow first installation clears its expired warning without losing conversion (2.4s)
web	Run bun run test:browser	2026-10-04T20:32:31.5578111Z   ✓  180 [android-emulation] › e2e/motion.spec.ts:4:0 › live feedback covers debounce and worker completion, then settles or cancels (6.1s)
web	Run bun run test:browser	2026-10-04T20:32:32.1899753Z   ✓  185 [android-emulation] › e2e/offline-install.spec.ts:106:0 › a rejected first installation retries without reloading or clearing input (2.2s)
web	Run bun run test:browser	2026-10-04T20:32:33.3606241Z   ✓  187 [android-emulation] › e2e/offline-install.spec.ts:155:0 › HTML response rewriting cannot break first installation or offline navigation (2.6s)
web	Run bun run test:browser	2026-10-04T20:32:34.9145826Z   ✓  188 [android-emulation] › e2e/privacy.spec.ts:6:2 › legacy lens preferences migrate, reset removes them and quota failures keep conversion usable (3.3s)
web	Run bun run test:browser	2026-10-04T20:32:34.9696209Z   ✓  189 [android-emulation] › e2e/privacy.spec.ts:6:2 › legacy command preferences migrate, reset removes them and quota failures keep conversion usable (2.8s)
web	Run bun run test:browser	2026-10-04T20:32:34.9885940Z   ✓  190 [android-emulation] › e2e/privacy.spec.ts:85:0 › invalid and oversized local shares return a paste fallback without storing text (1.6s)
web	Run bun run test:browser	2026-10-04T20:32:36.7896009Z   ✓  186 [android-emulation] › e2e/offline-install.spec.ts:126:0 › persistently wrong release bytes never activate or claim offline readiness (6.4s)
web	Run bun run test:browser	2026-10-04T20:32:38.0115457Z   ✓  191 [android-emulation] › e2e/privacy.spec.ts:119:0 › expired and invalid temporary text is consumed and erased without restoring it (3.1s)
web	Run bun run test:browser	2026-10-04T20:32:38.0555412Z   ✓  192 [android-emulation] › e2e/privacy.spec.ts:223:0 › denied update storage keeps the draft active and requires clearing before reload (3.1s)
web	Run bun run test:browser	2026-10-04T20:32:38.6045444Z   ✓  194 [android-emulation] › e2e/responsive.spec.ts:83:0 › touch-sized controls and keyboard navigation remain usable in a short viewport (1.8s)
web	Run bun run test:browser	2026-10-04T20:32:38.7970719Z   ✓  193 [android-emulation] › e2e/responsive.spec.ts:4:0 › reflows across cover screens, phones, tablets and desktops without losing work (3.8s)
web	Run bun run test:browser	2026-10-04T20:32:40.9684501Z   ✓  197 [android-emulation] › e2e/updates.spec.ts:6:0 › repair refuses another release and leaves the existing offline shell intact (2.3s)
web	Run bun run test:browser	2026-10-04T20:32:41.5097585Z   ✓  195 [android-emulation] › e2e/uncontrolled.spec.ts:43:0 › an activated worker reclaims a hard-refreshed tab without reloading its draft (3.5s)
web	Run bun run test:browser	2026-10-04T20:32:43.8958724Z   ✓  198 [android-emulation] › e2e/updates.spec.ts:45:0 › an interrupted rollback preserves a retained cache and its old tab worker (5.1s)
web	Run bun run test:browser	2026-10-04T20:32:44.2859294Z   ✓  196 [android-emulation] › e2e/uncontrolled.spec.ts:76:0 › an older active worker cannot mark an uncontrolled tab ready or activate its waiting update (6.2s)
web	Run bun run test:browser	2026-10-04T20:32:44.9244707Z   ✓  199 [android-emulation] › e2e/updates.spec.ts:93:0 › oversized drafts block an update until they can be safely preserved (3.9s)
web	Run bun run test:browser	2026-10-04T20:32:48.8750125Z   ✓  202 [iphone-emulation] › e2e/app.spec.ts:6:0 › worker failure recovers and a late response cannot resurrect cleared input (3.6s)
web	Run bun run test:browser	2026-10-04T20:32:49.5574758Z   ✓  203 [iphone-emulation] › e2e/app.spec.ts:67:0 › an intact offline app survives a failed registration check while changing target zones (3.7s)
web	Run bun run test:browser	2026-10-04T20:32:51.8094999Z   ✓  204 [iphone-emulation] › e2e/app.spec.ts:90:0 › a delayed failed readiness probe cannot overwrite a newer successful check (2.9s)
web	Run bun run test:browser	2026-10-04T20:32:52.2586618Z   ✓  200 [android-emulation] › e2e/updates.spec.ts:209:0 › old and new tabs retain their own workers across successive releases and offline restart (10.7s)
web	Run bun run test:browser	2026-10-04T20:32:52.5902813Z   ✓  205 [iphone-emulation] › e2e/app.spec.ts:130:0 › missing cache reports incomplete and reconnect repairs the complete offline app (3.0s)
web	Run bun run test:browser	2026-10-04T20:32:54.3526890Z   ✓  206 [iphone-emulation] › e2e/app.spec.ts:162:0 › pasted HTML cannot execute or fetch its URL (2.5s)
web	Run bun run test:browser	2026-10-04T20:32:54.9458205Z   ✓  201 [android-emulation] › e2e/updates.spec.ts:270:0 › rollback preserves draft and preferences and removes obsolete caches with one remaining tab (11.0s)
web	Run bun run test:browser	2026-10-04T20:32:56.3602163Z   ✓  208 [iphone-emulation] › e2e/app.spec.ts:182:0 › convert, inspect ambiguity, copy manually and protect privacy (2.8s)
web	Run bun run test:browser	2026-10-04T20:32:57.3629103Z   ✓  207 [iphone-emulation] › e2e/app.spec.ts:215:0 › close and reopen offline, then convert previously unseen input (4.8s)
web	Run bun run test:browser	2026-10-04T20:32:59.5379646Z   ✓  212 [iphone-emulation] › e2e/app.spec.ts:340:0 › offline POST share is single-use and never places message in URL (2.2s)
web	Run bun run test:browser	2026-10-04T20:32:59.6790981Z   ✓  209 [iphone-emulation] › e2e/app.spec.ts:239:0 › preferences persist, input does not; denied storage still converts (5.3s)
web	Run bun run test:browser	2026-10-04T20:33:01.1567290Z   ✓  210 [iphone-emulation] › e2e/app.spec.ts:267:0 › input errors recover, edits invalidate results, keyboard keeps multiline input (4.9s)
web	Run bun run test:browser	2026-10-04T20:33:02.6609379Z   ✓  211 [iphone-emulation] › e2e/app.spec.ts:286:0 › readable at 320px, dark mode, with no serious accessibility violations (6.3s)
web	Run bun run test:browser	2026-10-04T20:33:05.8974945Z   ✓  213 [iphone-emulation] › e2e/app.spec.ts:378:0 › an update waits, preserves draft on opt-in, and survives a partial next update (6.3s)
web	Run bun run test:browser	2026-10-04T20:33:11.1186072Z   ✓  217 [iphone-emulation] › e2e/diagnostics.spec.ts:12:0 › detailed logs are opt-in, local, exclude message and selected zones, and stop when disabled (5.2s)
web	Run bun run test:browser	2026-10-04T20:33:11.2129157Z   ✓  216 [iphone-emulation] › e2e/controls.spec.ts:339:0 › timezone search preserves freeform offsets and recovers from empty and invalid choices (8.5s)
web	Run bun run test:browser	2026-10-04T20:33:11.9655874Z   ✓  215 [iphone-emulation] › e2e/controls.spec.ts:232:0 › choice menus support keyboard selection, nested Escape and pointer dismissal (10.7s)
web	Run bun run test:browser	2026-10-04T20:33:13.5121822Z   ✓  219 [iphone-emulation] › e2e/diagnostics.spec.ts:114:0 › detailed logs still work in memory when session storage is denied (2.3s)
web	Run bun run test:browser	2026-10-04T20:33:15.1705633Z   ✓  220 [iphone-emulation] › e2e/diagnostics.spec.ts:145:0 › a retired release repairs only missing files using its intact cached assets (3.2s)
web	Run bun run test:browser	2026-10-04T20:33:15.2132671Z   ✓  218 [iphone-emulation] › e2e/diagnostics.spec.ts:84:0 › detailed logging survives a tab reload and reset preferences disables it (4.1s)
web	Run bun run test:browser	2026-10-04T20:33:15.9495045Z   ✓  221 [iphone-emulation] › e2e/diagnostics.spec.ts:191:0 › corrupt cached files fail integrity checks and detailed logs identify bounded repair failure (2.4s)
web	Run bun run test:browser	2026-10-04T20:33:17.8731177Z   ✓  223 [iphone-emulation] › e2e/engine.spec.ts:4:0 › independent exact fixture expectations run in the production browser worker (2.6s)
web	Run bun run test:browser	2026-10-04T20:33:20.8495125Z   ✓  222 [iphone-emulation] › e2e/diagnostics.spec.ts:232:0 › waiting updates remain actionable when a current cache probe times out (5.7s)
web	Run bun run test:browser	2026-10-04T20:33:23.1693743Z   ✓  224 [iphone-emulation] › e2e/imports.spec.ts:5:2 › delayed clipboard offers replacement instead of overwriting edited or cleared work (7.2s)
web	Run bun run test:browser	2026-10-04T20:33:25.3042099Z   ✓  226 [iphone-emulation] › e2e/imports.spec.ts:173:0 › an unresolved target hides copyable fallback results and correction restores the source interpretation (4.4s)
web	Run bun run test:browser	2026-10-04T20:33:27.8598895Z   ✓  225 [iphone-emulation] › e2e/imports.spec.ts:5:2 › delayed share offers replacement instead of overwriting edited or cleared work (10.0s)
web	Run bun run test:browser	2026-10-04T20:33:28.7740372Z   ✓  214 [iphone-emulation] › e2e/controls.spec.ts:55:0 › themed choices align and their opened menus fit every breakpoint without losing work (29.1s)
web	Run bun run test:browser	2026-10-04T20:33:29.8254669Z   ✓  227 [iphone-emulation] › e2e/live.spec.ts:4:0 › typing, pasted text and conversion settings update without submission (6.6s)
web	Run bun run test:browser	2026-10-04T20:33:30.5005454Z   ✓  230 [iphone-emulation] › e2e/motion.spec.ts:61:0 › reduced motion keeps live feedback and usable results without animation (1.7s)
web	Run bun run test:browser	2026-10-04T20:33:31.3347262Z   ✓  228 [iphone-emulation] › e2e/live.spec.ts:30:0 › composition defers conversion and queued work cannot overwrite a newer draft (6.0s)
web	Run bun run test:browser	2026-10-04T20:33:32.1768770Z   ✓  231 [iphone-emulation] › e2e/offline-install.spec.ts:31:0 › a transient initial registration failure retries before any controller exists (2.3s)
web	Run bun run test:browser	2026-10-04T20:33:33.4711901Z   ✓  233 [iphone-emulation] › e2e/offline-install.spec.ts:82:0 › a stale mutable release marker is refetched and checked before offline readiness (2.1s)
web	Run bun run test:browser	2026-10-04T20:33:34.5065374Z   ✓  232 [iphone-emulation] › e2e/offline-install.spec.ts:59:0 › slow first installation clears its expired warning without losing conversion (4.0s)
web	Run bun run test:browser	2026-10-04T20:33:34.9835424Z   ✓  234 [iphone-emulation] › e2e/offline-install.spec.ts:106:0 › a rejected first installation retries without reloading or clearing input (2.8s)
web	Run bun run test:browser	2026-10-04T20:33:35.0764348Z   ✓  229 [iphone-emulation] › e2e/motion.spec.ts:4:0 › live feedback covers debounce and worker completion, then settles or cancels (7.2s)
web	Run bun run test:browser	2026-10-04T20:33:38.2264914Z   ✓  236 [iphone-emulation] › e2e/offline-install.spec.ts:155:0 › HTML response rewriting cannot break first installation or offline navigation (3.7s)
web	Run bun run test:browser	2026-10-04T20:33:39.6805008Z   ✓  238 [iphone-emulation] › e2e/privacy.spec.ts:6:2 › legacy command preferences migrate, reset removes them and quota failures keep conversion usable (4.6s)
web	Run bun run test:browser	2026-10-04T20:33:39.7556316Z   ✓  237 [iphone-emulation] › e2e/privacy.spec.ts:6:2 › legacy lens preferences migrate, reset removes them and quota failures keep conversion usable (4.7s)
web	Run bun run test:browser	2026-10-04T20:33:40.3137752Z   ✓  235 [iphone-emulation] › e2e/offline-install.spec.ts:126:0 › persistently wrong release bytes never activate or claim offline readiness (6.8s)
web	Run bun run test:browser	2026-10-04T20:33:40.4439779Z   ✓  239 [iphone-emulation] › e2e/privacy.spec.ts:85:0 › invalid and oversized local shares return a paste fallback without storing text (2.2s)
web	Run bun run test:browser	2026-10-04T20:33:43.4662595Z   ✓  243 [iphone-emulation] › e2e/responsive.spec.ts:83:0 › touch-sized controls and keyboard navigation remain usable in a short viewport (3.0s)
web	Run bun run test:browser	2026-10-04T20:33:43.7876740Z   ✓  241 [iphone-emulation] › e2e/privacy.spec.ts:223:0 › denied update storage keeps the draft active and requires clearing before reload (4.0s)
web	Run bun run test:browser	2026-10-04T20:33:44.4817105Z   -  244 [iphone-emulation] › e2e/uncontrolled.spec.ts:43:0 › an activated worker reclaims a hard-refreshed tab without reloading its draft
web	Run bun run test:browser	2026-10-04T20:33:44.6642405Z   -  245 [iphone-emulation] › e2e/uncontrolled.spec.ts:76:0 › an older active worker cannot mark an uncontrolled tab ready or activate its waiting update
web	Run bun run test:browser	2026-10-04T20:33:45.6168299Z   ✓  240 [iphone-emulation] › e2e/privacy.spec.ts:119:0 › expired and invalid temporary text is consumed and erased without restoring it (5.9s)
web	Run bun run test:browser	2026-10-04T20:33:47.6718403Z   ✓  246 [iphone-emulation] › e2e/updates.spec.ts:6:0 › repair refuses another release and leaves the existing offline shell intact (3.1s)
web	Run bun run test:browser	2026-10-04T20:33:47.8384416Z   ✓  242 [iphone-emulation] › e2e/responsive.spec.ts:4:0 › reflows across cover screens, phones, tablets and desktops without losing work (7.5s)
web	Run bun run test:browser	2026-10-04T20:33:49.2595724Z   ✓  248 [iphone-emulation] › e2e/updates.spec.ts:93:0 › oversized drafts block an update until they can be safely preserved (3.6s)
web	Run bun run test:browser	2026-10-04T20:33:50.8032514Z   ✓  247 [iphone-emulation] › e2e/updates.spec.ts:45:0 › an interrupted rollback preserves a retained cache and its old tab worker (6.1s)
web	Run bun run test:browser	2026-10-04T20:33:54.9704075Z   ✓  250 [iphone-emulation] › e2e/updates.spec.ts:270:0 › rollback preserves draft and preferences and removes obsolete caches with one remaining tab (7.1s)
web	Run bun run test:browser	2026-10-04T20:33:56.0126198Z   ✓  249 [iphone-emulation] › e2e/updates.spec.ts:209:0 › old and new tabs retain their own workers across successive releases and offline restart (8.3s)
web	Run bun run test:browser	2026-10-04T20:33:56.1039212Z 
web	Run bun run test:browser	2026-10-04T20:33:56.1046433Z 
web	Run bun run test:browser	2026-10-04T20:33:56.1064677Z   1) [chromium] › e2e/controls.spec.ts:339:0 › timezone search preserves freeform offsets and recovers from empty and invalid choices 
web	Run bun run test:browser	2026-10-04T20:33:56.1065791Z 
web	Run bun run test:browser	2026-10-04T20:33:56.1066071Z     Error: expect(locator).toHaveValue(expected) failed
web	Run bun run test:browser	2026-10-04T20:33:56.1066491Z 
web	Run bun run test:browser	2026-10-04T20:33:56.1066752Z     Locator:  getByLabel('Convert to', { exact: true })
web	Run bun run test:browser	2026-10-04T20:33:56.1067326Z     Expected: "Asia/Tokyo"
web	Run bun run test:browser	2026-10-04T20:33:56.1067742Z     Received: "Tokyo"
web	Run bun run test:browser	2026-10-04T20:33:56.1068116Z     Timeout:  10000ms
web	Run bun run test:browser	2026-10-04T20:33:56.1068335Z 
web	Run bun run test:browser	2026-10-04T20:33:56.1068478Z     Call log:
web	Run bun run test:browser	2026-10-04T20:33:56.1069122Z       - Expect "toHaveValue" getByLabel('Convert to', { exact: true }) with timeout 10000ms
web	Run bun run test:browser	2026-10-04T20:33:56.1070026Z       - waiting for getByLabel('Convert to', { exact: true })
web	Run bun run test:browser	2026-10-04T20:33:56.1072927Z         23 × locator resolved to <input data-rac="" type="text" tabindex="0" value="Tokyo" role="combobox" id="target-zone" autocorrect="off" autocomplete="off" spellcheck="false" aria-expanded="false" aria-label="Convert to" aria-autocomplete="list" class="react-aria-Input" aria-describedby="target-zone-help" placeholder="Your timezone · Sydney"/>
web	Run bun run test:browser	2026-10-04T20:33:56.1076204Z            - unexpected value "Tokyo"
web	Run bun run test:browser	2026-10-04T20:33:56.1076566Z 
web	Run bun run test:browser	2026-10-04T20:33:56.1076575Z 
web	Run bun run test:browser	2026-10-04T20:33:56.1076758Z       396 |   await target.fill("Tokyo");
web	Run bun run test:browser	2026-10-04T20:33:56.1077404Z       397 |   await page.getByRole("option", { name: /Tokyo/ }).click();
web	Run bun run test:browser	2026-10-04T20:33:56.1078129Z     > 398 |   await expect(target).toHaveValue("Asia/Tokyo");
web	Run bun run test:browser	2026-10-04T20:33:56.1078682Z           |                       ^
web	Run bun run test:browser	2026-10-04T20:33:56.1079292Z       399 |   await expect(page.locator(".hero-time")).toHaveText(/12:00 am/i);
web	Run bun run test:browser	2026-10-04T20:33:56.1079966Z       400 |   await source.fill("New York");
web	Run bun run test:browser	2026-10-04T20:33:56.1080592Z       401 |   await page.getByRole("option", { name: /New York/ }).click();
web	Run bun run test:browser	2026-10-04T20:33:56.1081361Z         at /__w/ChronoShift/ChronoShift/e2e/controls.spec.ts:398:23
web	Run bun run test:browser	2026-10-04T20:33:56.1081811Z 
web	Run bun run test:browser	2026-10-04T20:33:56.1082519Z     attachment #1: screenshot (image/png) ──────────────────────────────────────────────────────────
web	Run bun run test:browser	2026-10-04T20:33:56.1084164Z     test-results/controls-timezone-search-p-fb22b-m-empty-and-invalid-choices-chromium/test-failed-1.png
web	Run bun run test:browser	2026-10-04T20:33:56.1085651Z     ────────────────────────────────────────────────────────────────────────────────────────────────
web	Run bun run test:browser	2026-10-04T20:33:56.1086203Z 
web	Run bun run test:browser	2026-10-04T20:33:56.1086955Z     Error Context: test-results/controls-timezone-search-p-fb22b-m-empty-and-invalid-choices-chromium/error-context.md
web	Run bun run test:browser	2026-10-04T20:33:56.1087889Z 
web	Run bun run test:browser	2026-10-04T20:33:56.1088496Z     Retry #1 ───────────────────────────────────────────────────────────────────────────────────────
web	Run bun run test:browser	2026-10-04T20:33:56.1089081Z 
web	Run bun run test:browser	2026-10-04T20:33:56.1089308Z     Error: expect(locator).toBeVisible() failed
web	Run bun run test:browser	2026-10-04T20:33:56.1089699Z 
web	Run bun run test:browser	2026-10-04T20:33:56.1089878Z     Locator: getByRole('option').first()
web	Run bun run test:browser	2026-10-04T20:33:56.1090369Z     Expected: visible
web	Run bun run test:browser	2026-10-04T20:33:56.1090759Z     Timeout: 10000ms
web	Run bun run test:browser	2026-10-04T20:33:56.1091184Z     Error: element(s) not found
web	Run bun run test:browser	2026-10-04T20:33:56.1091507Z 
web	Run bun run test:browser	2026-10-04T20:33:56.1091646Z     Call log:
web	Run bun run test:browser	2026-10-04T20:33:56.1092210Z       - Expect "toBeVisible" getByRole('option').first() with timeout 10000ms
web	Run bun run test:browser	2026-10-04T20:33:56.1093219Z       - waiting for getByRole('option').first()
web	Run bun run test:browser	2026-10-04T20:33:56.1093611Z 
web	Run bun run test:browser	2026-10-04T20:33:56.1093620Z 
web	Run bun run test:browser	2026-10-04T20:33:56.1093988Z       389 |     .getByRole("button", { name: "Show target timezones", exact: true })
web	Run bun run test:browser	2026-10-04T20:33:56.1094678Z       390 |     .click();
web	Run bun run test:browser	2026-10-04T20:33:56.1095274Z     > 391 |   await expect(page.getByRole("option").first()).toBeVisible();
web	Run bun run test:browser	2026-10-04T20:33:56.1095965Z           |                                                 ^
web	Run bun run test:browser	2026-10-04T20:33:56.1096620Z       392 |   await page.setViewportSize({ width: 280, height: 960 });
web	Run bun run test:browser	2026-10-04T20:33:56.1097299Z       393 |   await expectPopup(page, target, 280);
web	Run bun run test:browser	2026-10-04T20:33:56.1097894Z       394 |   await expect(target).toHaveValue("");
web	Run bun run test:browser	2026-10-04T20:33:56.1098555Z         at /__w/ChronoShift/ChronoShift/e2e/controls.spec.ts:391:49
web	Run bun run test:browser	2026-10-04T20:33:56.1099039Z 
web	Run bun run test:browser	2026-10-04T20:33:56.1099723Z     attachment #1: screenshot (image/png) ──────────────────────────────────────────────────────────
web	Run bun run test:browser	2026-10-04T20:33:56.1101052Z     test-results/controls-timezone-search-p-fb22b-m-empty-and-invalid-choices-chromium-retry1/test-failed-1.png
web	Run bun run test:browser	2026-10-04T20:33:56.1102524Z     ────────────────────────────────────────────────────────────────────────────────────────────────
web	Run bun run test:browser	2026-10-04T20:33:56.1103296Z 
web	Run bun run test:browser	2026-10-04T20:33:56.1104096Z     Error Context: test-results/controls-timezone-search-p-fb22b-m-empty-and-invalid-choices-chromium-retry1/error-context.md
web	Run bun run test:browser	2026-10-04T20:33:56.1105083Z 
web	Run bun run test:browser	2026-10-04T20:33:56.1105792Z     attachment #3: trace (application/zip) ─────────────────────────────────────────────────────────
web	Run bun run test:browser	2026-10-04T20:33:56.1107042Z     test-results/controls-timezone-search-p-fb22b-m-empty-and-invalid-choices-chromium-retry1/trace.zip
web	Run bun run test:browser	2026-10-04T20:33:56.1108011Z     Usage:
web	Run bun run test:browser	2026-10-04T20:33:56.1108500Z 
web	Run bun run test:browser	2026-10-04T20:33:56.1109320Z         npx playwright show-trace test-results/controls-timezone-search-p-fb22b-m-empty-and-invalid-choices-chromium-retry1/trace.zip
web	Run bun run test:browser	2026-10-04T20:33:56.1110564Z 
web	Run bun run test:browser	2026-10-04T20:33:56.1111164Z     ────────────────────────────────────────────────────────────────────────────────────────────────
web	Run bun run test:browser	2026-10-04T20:33:56.1111653Z 
web	Run bun run test:browser	2026-10-04T20:33:56.1112559Z   2) [firefox] › e2e/controls.spec.ts:339:0 › timezone search preserves freeform offsets and recovers from empty and invalid choices 
web	Run bun run test:browser	2026-10-04T20:33:56.1113689Z 
web	Run bun run test:browser	2026-10-04T20:33:56.1113868Z     Test timeout of 30000ms exceeded.
web	Run bun run test:browser	2026-10-04T20:33:56.1114194Z 
web	Run bun run test:browser	2026-10-04T20:33:56.1114407Z     Error: click: Test timeout of 30000ms exceeded.
web	Run bun run test:browser	2026-10-04T20:33:56.1114918Z     Call log:
web	Run bun run test:browser	2026-10-04T20:33:56.1115366Z       - waiting for getByRole('option', { name: /Tokyo/ })
web	Run bun run test:browser	2026-10-04T20:33:56.1118617Z         - locator resolved to <div data-rac="" role="option" class="choice-item" aria-selected="false" data-key="Asia/Tokyo" data-value="Asia/Tokyo" data-selection-mode="single" data-react-aria-pressable="true" aria-labelledby="react-aria4638659017-_r_2u6_" data-collection="react-aria4638659017-_r_2u1_" aria-describedby="react-aria4638659017-_r_2u7_" id="react-aria4638659017-_r_b_-option-Asia/Tokyo">…</div>
web	Run bun run test:browser	2026-10-04T20:33:56.1121344Z       - attempting click action
web	Run bun run test:browser	2026-10-04T20:33:56.1122031Z         2 × waiting for element to be visible, enabled and stable
web	Run bun run test:browser	2026-10-04T20:33:56.1122636Z           - element is not stable
web	Run bun run test:browser	2026-10-04T20:33:56.1123319Z         - retrying click action
web	Run bun run test:browser	2026-10-04T20:33:56.1123743Z         - waiting 20ms
web	Run bun run test:browser	2026-10-04T20:33:56.1124220Z         - waiting for element to be visible, enabled and stable
web	Run bun run test:browser	2026-10-04T20:33:56.1124757Z         - element is not stable
web	Run bun run test:browser	2026-10-04T20:33:56.1125157Z       - retrying click action
web	Run bun run test:browser	2026-10-04T20:33:56.1125540Z         - waiting 100ms
web	Run bun run test:browser	2026-10-04T20:33:56.1126015Z         - waiting for element to be visible, enabled and stable
web	Run bun run test:browser	2026-10-04T20:33:56.1126616Z         - element is visible, enabled and stable
web	Run bun run test:browser	2026-10-04T20:33:56.1127159Z         - scrolling into view if needed
web	Run bun run test:browser	2026-10-04T20:33:56.1127626Z         - done scrolling
web	Run bun run test:browser	2026-10-04T20:33:56.1128028Z         - performing click action
web	Run bun run test:browser	2026-10-04T20:33:56.1128921Z         - <html lang="en" data-theme="dark" data-design="command">…</html> intercepts pointer events
web	Run bun run test:browser	2026-10-04T20:33:56.1129705Z       - retrying click action
web	Run bun run test:browser	2026-10-04T20:33:56.1130122Z         - waiting 100ms
web	Run bun run test:browser	2026-10-04T20:33:56.1130568Z         - waiting for element to be visible, enabled and stable
web	Run bun run test:browser	2026-10-04T20:33:56.1131123Z       - element was detached from the DOM, retrying
web	Run bun run test:browser	2026-10-04T20:33:56.1131503Z 
web	Run bun run test:browser	2026-10-04T20:33:56.1131510Z 
web	Run bun run test:browser	2026-10-04T20:33:56.1131690Z       395 |   await target.press("Escape");
web	Run bun run test:browser	2026-10-04T20:33:56.1132193Z       396 |   await target.fill("Tokyo");
web	Run bun run test:browser	2026-10-04T20:33:56.1132807Z     > 397 |   await page.getByRole("option", { name: /Tokyo/ }).click();
web	Run bun run test:browser	2026-10-04T20:33:56.1133744Z           |                                                    ^
web	Run bun run test:browser	2026-10-04T20:33:56.1134625Z       398 |   await expect(target).toHaveValue("Asia/Tokyo");
web	Run bun run test:browser	2026-10-04T20:33:56.1135562Z       399 |   await expect(page.locator(".hero-time")).toHaveText(/12:00 am/i);
web	Run bun run test:browser	2026-10-04T20:33:56.1136239Z       400 |   await source.fill("New York");
web	Run bun run test:browser	2026-10-04T20:33:56.1136822Z         at /__w/ChronoShift/ChronoShift/e2e/controls.spec.ts:397:52
web	Run bun run test:browser	2026-10-04T20:33:56.1137227Z 
web	Run bun run test:browser	2026-10-04T20:33:56.1137844Z     attachment #1: screenshot (image/png) ──────────────────────────────────────────────────────────
web	Run bun run test:browser	2026-10-04T20:33:56.1139087Z     test-results/controls-timezone-search-p-fb22b-m-empty-and-invalid-choices-firefox/test-failed-1.png
web	Run bun run test:browser	2026-10-04T20:33:56.1140447Z     ────────────────────────────────────────────────────────────────────────────────────────────────
web	Run bun run test:browser	2026-10-04T20:33:56.1141170Z 
web	Run bun run test:browser	2026-10-04T20:33:56.1141887Z     Error Context: test-results/controls-timezone-search-p-fb22b-m-empty-and-invalid-choices-firefox/error-context.md
web	Run bun run test:browser	2026-10-04T20:33:56.1142740Z 
web	Run bun run test:browser	2026-10-04T20:33:56.1143735Z     Retry #1 ───────────────────────────────────────────────────────────────────────────────────────
web	Run bun run test:browser	2026-10-04T20:33:56.1144319Z 
web	Run bun run test:browser	2026-10-04T20:33:56.1144490Z     Test timeout of 30000ms exceeded.
web	Run bun run test:browser	2026-10-04T20:33:56.1144811Z 
web	Run bun run test:browser	2026-10-04T20:33:56.1145027Z     Error: click: Test timeout of 30000ms exceeded.
web	Run bun run test:browser	2026-10-04T20:33:56.1145527Z     Call log:
web	Run bun run test:browser	2026-10-04T20:33:56.1145960Z       - waiting for getByRole('option', { name: /Tokyo/ })
web	Run bun run test:browser	2026-10-04T20:33:56.1149234Z         - locator resolved to <div data-rac="" role="option" class="choice-item" aria-selected="false" data-key="Asia/Tokyo" data-value="Asia/Tokyo" data-selection-mode="single" data-react-aria-pressable="true" aria-labelledby="react-aria6357397151-_r_2u6_" data-collection="react-aria6357397151-_r_2u1_" aria-describedby="react-aria6357397151-_r_2u7_" id="react-aria6357397151-_r_b_-option-Asia/Tokyo">…</div>
web	Run bun run test:browser	2026-10-04T20:33:56.1151968Z       - attempting click action
web	Run bun run test:browser	2026-10-04T20:33:56.1152646Z         2 × waiting for element to be visible, enabled and stable
web	Run bun run test:browser	2026-10-04T20:33:56.1153448Z           - element is not stable
web	Run bun run test:browser	2026-10-04T20:33:56.1153941Z         - retrying click action
web	Run bun run test:browser	2026-10-04T20:33:56.1160028Z         - waiting 20ms
web	Run bun run test:browser	2026-10-04T20:33:56.1160567Z         - waiting for element to be visible, enabled and stable
web	Run bun run test:browser	2026-10-04T20:33:56.1161193Z         - element is visible, enabled and stable
web	Run bun run test:browser	2026-10-04T20:33:56.1161708Z         - scrolling into view if needed
web	Run bun run test:browser	2026-10-04T20:33:56.1162172Z         - done scrolling
web	Run bun run test:browser	2026-10-04T20:33:56.1162584Z         - performing click action
web	Run bun run test:browser	2026-10-04T20:33:56.1163715Z         - <html lang="en" data-theme="dark" data-design="command">…</html> intercepts pointer events
web	Run bun run test:browser	2026-10-04T20:33:56.1164500Z       - retrying click action
web	Run bun run test:browser	2026-10-04T20:33:56.1164923Z         - waiting 100ms
web	Run bun run test:browser	2026-10-04T20:33:56.1165428Z         - waiting for element to be visible, enabled and stable
web	Run bun run test:browser	2026-10-04T20:33:56.1166067Z       - element was detached from the DOM, retrying
web	Run bun run test:browser	2026-10-04T20:33:56.1166449Z 
web	Run bun run test:browser	2026-10-04T20:33:56.1166719Z 
web	Run bun run test:browser	2026-10-04T20:33:56.1166925Z       395 |   await target.press("Escape");
web	Run bun run test:browser	2026-10-04T20:33:56.1167660Z       396 |   await target.fill("Tokyo");
web	Run bun run test:browser	2026-10-04T20:33:56.1168290Z     > 397 |   await page.getByRole("option", { name: /Tokyo/ }).click();
web	Run bun run test:browser	2026-10-04T20:33:56.1168938Z           |                                                    ^
web	Run bun run test:browser	2026-10-04T20:33:56.1169530Z       398 |   await expect(target).toHaveValue("Asia/Tokyo");
web	Run bun run test:browser	2026-10-04T20:33:56.1170260Z       399 |   await expect(page.locator(".hero-time")).toHaveText(/12:00 am/i);
web	Run bun run test:browser	2026-10-04T20:33:56.1170991Z       400 |   await source.fill("New York");
web	Run bun run test:browser	2026-10-04T20:33:56.1171638Z         at /__w/ChronoShift/ChronoShift/e2e/controls.spec.ts:397:52
web	Run bun run test:browser	2026-10-04T20:33:56.1172109Z 
web	Run bun run test:browser	2026-10-04T20:33:56.1172787Z     attachment #1: screenshot (image/png) ──────────────────────────────────────────────────────────
web	Run bun run test:browser	2026-10-04T20:33:56.1174352Z     test-results/controls-timezone-search-p-fb22b-m-empty-and-invalid-choices-firefox-retry1/test-failed-1.png
web	Run bun run test:browser	2026-10-04T20:33:56.1175840Z     ────────────────────────────────────────────────────────────────────────────────────────────────
web	Run bun run test:browser	2026-10-04T20:33:56.1176383Z 
web	Run bun run test:browser	2026-10-04T20:33:56.1177154Z     Error Context: test-results/controls-timezone-search-p-fb22b-m-empty-and-invalid-choices-firefox-retry1/error-context.md
web	Run bun run test:browser	2026-10-04T20:33:56.1178084Z 
web	Run bun run test:browser	2026-10-04T20:33:56.1178768Z     attachment #3: trace (application/zip) ─────────────────────────────────────────────────────────
web	Run bun run test:browser	2026-10-04T20:33:56.1180037Z     test-results/controls-timezone-search-p-fb22b-m-empty-and-invalid-choices-firefox-retry1/trace.zip
web	Run bun run test:browser	2026-10-04T20:33:56.1180992Z     Usage:
web	Run bun run test:browser	2026-10-04T20:33:56.1181191Z 
web	Run bun run test:browser	2026-10-04T20:33:56.1181943Z         npx playwright show-trace test-results/controls-timezone-search-p-fb22b-m-empty-and-invalid-choices-firefox-retry1/trace.zip
web	Run bun run test:browser	2026-10-04T20:33:56.1182934Z 
web	Run bun run test:browser	2026-10-04T20:33:56.1183805Z     ────────────────────────────────────────────────────────────────────────────────────────────────
web	Run bun run test:browser	2026-10-04T20:33:56.1184359Z 
web	Run bun run test:browser	2026-10-04T20:33:56.1184531Z   2 failed
web	Run bun run test:browser	2026-10-04T20:33:56.1185601Z     [chromium] › e2e/controls.spec.ts:339:0 › timezone search preserves freeform offsets and recovers from empty and invalid choices 
web	Run bun run test:browser	2026-10-04T20:33:56.1187329Z     [firefox] › e2e/controls.spec.ts:339:0 › timezone search preserves freeform offsets and recovers from empty and invalid choices 
web	Run bun run test:browser	2026-10-04T20:33:56.1188321Z   6 skipped
web	Run bun run test:browser	2026-10-04T20:33:56.1188672Z   240 passed (5.9m)
web	Run bun run test:browser	2026-10-04T20:33:56.4186241Z error: script "test:browser" exited with code 1
web	Run bun run test:browser	2026-10-04T20:33:56.4241693Z ##[error]Process completed with exit code 1.
web	Publish failure diagnostics	﻿2026-10-04T20:33:56.4346270Z ##[group]Run actions/upload-artifact@ea165f8d65b6e75b540449e92b4886f43607fa02
web	Publish failure diagnostics	2026-10-04T20:33:56.4346708Z with:
web	Publish failure diagnostics	2026-10-04T20:33:56.4346947Z   name: chronoshift-web-failure-37232150098-1
web	Publish failure diagnostics	2026-10-04T20:33:56.4347367Z   path: docs/planning/corpus-audit.json
web	Publish failure diagnostics	playwright-report/
web	Publish failure diagnostics	test-results/
web	Publish failure diagnostics	
web	Publish failure diagnostics	2026-10-04T20:33:56.4347766Z   retention-days: 3
web	Publish failure diagnostics	2026-10-04T20:33:56.4347984Z   if-no-files-found: warn
web	Publish failure diagnostics	2026-10-04T20:33:56.4348222Z   compression-level: 6
web	Publish failure diagnostics	2026-10-04T20:33:56.4348454Z   overwrite: false
web	Publish failure diagnostics	2026-10-04T20:33:56.4348667Z   include-hidden-files: false
web	Publish failure diagnostics	2026-10-04T20:33:56.4348896Z env:
web	Publish failure diagnostics	2026-10-04T20:33:56.4349103Z   PLAYWRIGHT_BROWSERS_PATH: /ms-playwright
web	Publish failure diagnostics	2026-10-04T20:33:56.4349408Z   PLAYWRIGHT_IMAGE_VERSION: 1.63.0
web	Publish failure diagnostics	2026-10-04T20:33:56.4349666Z   PUBLISH_PAGES: true
web	Publish failure diagnostics	2026-10-04T20:33:56.4349877Z   MISE_LOG_LEVEL: info
web	Publish failure diagnostics	2026-10-04T20:33:56.4352494Z   MISE_GITHUB_TOKEN: ***
web	Publish failure diagnostics	2026-10-04T20:33:56.4352813Z   MISE_TRUSTED_CONFIG_PATHS: /__w/ChronoShift/ChronoShift
web	Publish failure diagnostics	2026-10-04T20:33:56.4353436Z   MISE_YES: 1
web	Publish failure diagnostics	2026-10-04T20:33:56.4354624Z   PATH: /github/home/.local/share/mise/installs/bun/1.4.0/bin:/github/home/.local/share/mise/installs/node/26.8.1/bin:/github/home/.local/share/mise/installs/gh/2.100.0/gh_2.100.0_linux_amd64/bin:/github/home/.local/share/mise/shims:/github/home/.local/share/mise/bin:/usr/local/sbin:/usr/local/bin:/usr/sbin:/usr/bin:/sbin:/bin
web	Publish failure diagnostics	2026-10-04T20:33:56.4355823Z ##[endgroup]
web	Publish failure diagnostics	2026-10-04T20:33:56.4359583Z ##[command]/usr/bin/docker exec  7bbf4dffa463a5715548fa3c5c838838eb11027ccaeb3c31980c74dc8fb6cb8a sh -c "cat /etc/*release | grep ^ID"
web	Publish failure diagnostics	2026-10-04T20:33:56.6976901Z (node:16199) [DEP0040] DeprecationWarning: The `punycode` module is deprecated. Please use a userland alternative instead.
web	Publish failure diagnostics	2026-10-04T20:33:56.6977800Z (Use `node --trace-deprecation ...` to show where the warning was created)
web	Publish failure diagnostics	2026-10-04T20:33:56.7299517Z Multiple search paths detected. Calculating the least common ancestor of all paths
web	Publish failure diagnostics	2026-10-04T20:33:56.7301552Z The least common ancestor is /__w/ChronoShift/ChronoShift. This will be the root directory of the artifact
web	Publish failure diagnostics	2026-10-04T20:33:56.7302551Z With the provided path, there will be 63 files uploaded
web	Publish failure diagnostics	2026-10-04T20:33:56.7304831Z Artifact name is valid!
web	Publish failure diagnostics	2026-10-04T20:33:56.7305270Z Root directory input is valid!
web	Publish failure diagnostics	2026-10-04T20:33:56.9435709Z Beginning upload of artifact content to blob storage
web	Publish failure diagnostics	2026-10-04T20:33:57.2737896Z (node:16199) [DEP0169] DeprecationWarning: `url.parse()` behavior is not standardized and prone to errors that have security implications. Use the WHATWG URL API instead. CVEs are not issued for `url.parse()` vulnerabilities.
web	Publish failure diagnostics	2026-10-04T20:33:57.4334358Z Uploaded bytes 8388608
web	Publish failure diagnostics	2026-10-04T20:33:57.7401112Z Uploaded bytes 16777216
web	Publish failure diagnostics	2026-10-04T20:33:58.0247870Z Uploaded bytes 25165824
web	Publish failure diagnostics	2026-10-04T20:33:58.0511759Z Uploaded bytes 25463955
web	Publish failure diagnostics	2026-10-04T20:33:58.0658099Z Finished uploading artifact content to blob storage!
web	Publish failure diagnostics	2026-10-04T20:33:58.0659554Z SHA256 digest of uploaded artifact zip is 44dbbea3c5291ec3bba970c622b7635b5a13ce2a9e64d07ff1e1e832bc564b8c
web	Publish failure diagnostics	2026-10-04T20:33:58.0661766Z Finalizing artifact upload
web	Publish failure diagnostics	2026-10-04T20:33:58.2532537Z Artifact chronoshift-web-failure-37232150098-1.zip successfully finalized. Artifact ID 11314617560
web	Publish failure diagnostics	2026-10-04T20:33:58.2534462Z Artifact chronoshift-web-failure-37232150098-1 has been successfully uploaded! Final size is 25463955 bytes. Artifact ID is 11314617560
web	Publish failure diagnostics	2026-10-04T20:33:58.2539784Z Artifact download URL: https://github.com/Tien-Lam/ChronoShift/actions/runs/37232150098/artifacts/11314617560
web	Post Run actions/checkout@34e114876b0b11c390a56381ad16ebd13914f8d5	﻿2026-10-04T20:33:58.2787342Z Post job cleanup.
web	Post Run actions/checkout@34e114876b0b11c390a56381ad16ebd13914f8d5	2026-10-04T20:33:58.2794936Z ##[command]/usr/bin/docker exec  7bbf4dffa463a5715548fa3c5c838838eb11027ccaeb3c31980c74dc8fb6cb8a sh -c "cat /etc/*release | grep ^ID"
web	Post Run actions/checkout@34e114876b0b11c390a56381ad16ebd13914f8d5	2026-10-04T20:33:58.4567117Z [command]/usr/bin/git version
web	Post Run actions/checkout@34e114876b0b11c390a56381ad16ebd13914f8d5	2026-10-04T20:33:58.4610362Z git version 2.43.0
web	Post Run actions/checkout@34e114876b0b11c390a56381ad16ebd13914f8d5	2026-10-04T20:33:58.4655954Z Temporarily overriding HOME='/__w/_temp/fd7c593a-877e-4f50-82a8-e23e2ecc4c18' before making global git config changes
web	Post Run actions/checkout@34e114876b0b11c390a56381ad16ebd13914f8d5	2026-10-04T20:33:58.4657589Z Adding repository directory to the temporary git global config as a safe directory
web	Post Run actions/checkout@34e114876b0b11c390a56381ad16ebd13914f8d5	2026-10-04T20:33:58.4662269Z [command]/usr/bin/git config --global --add safe.directory /__w/ChronoShift/ChronoShift
web	Post Run actions/checkout@34e114876b0b11c390a56381ad16ebd13914f8d5	2026-10-04T20:33:58.4704783Z [command]/usr/bin/git config --local --name-only --get-regexp core\.sshCommand
web	Post Run actions/checkout@34e114876b0b11c390a56381ad16ebd13914f8d5	2026-10-04T20:33:58.4775191Z [command]/usr/bin/git submodule foreach --recursive sh -c "git config --local --name-only --get-regexp 'core\.sshCommand' && git config --local --unset-all 'core.sshCommand' || :"
web	Post Run actions/checkout@34e114876b0b11c390a56381ad16ebd13914f8d5	2026-10-04T20:33:58.5090776Z [command]/usr/bin/git config --local --name-only --get-regexp http\.https\:\/\/github\.com\/\.extraheader
web	Post Run actions/checkout@34e114876b0b11c390a56381ad16ebd13914f8d5	2026-10-04T20:33:58.5116936Z http.https://github.com/.extraheader
web	Post Run actions/checkout@34e114876b0b11c390a56381ad16ebd13914f8d5	2026-10-04T20:33:58.5129353Z [command]/usr/bin/git config --local --unset-all http.https://github.com/.extraheader
web	Post Run actions/checkout@34e114876b0b11c390a56381ad16ebd13914f8d5	2026-10-04T20:33:58.5184965Z [command]/usr/bin/git submodule foreach --recursive sh -c "git config --local --name-only --get-regexp 'http\.https\:\/\/github\.com\/\.extraheader' && git config --local --unset-all 'http.https://github.com/.extraheader' || :"
web	Post Run actions/checkout@34e114876b0b11c390a56381ad16ebd13914f8d5	2026-10-04T20:33:58.5468757Z [command]/usr/bin/git config --local --name-only --get-regexp ^includeIf\.gitdir:
web	Post Run actions/checkout@34e114876b0b11c390a56381ad16ebd13914f8d5	2026-10-04T20:33:58.5506147Z [command]/usr/bin/git submodule foreach --recursive git config --local --show-origin --name-only --get-regexp remote.origin.url
web	Stop containers	﻿2026-10-04T20:33:58.6029351Z Stop and remove container: 4a39e9e1d6e046f58de04074e7731110_mcrmicrosoftcomplaywrightsha256eff16c30e6f3f4af0a03fa4b706120d5e9b0891c344a27d64559aff5900a4a27_f52ca0
web	Stop containers	2026-10-04T20:33:58.6035070Z ##[command]/usr/bin/docker rm --force 7bbf4dffa463a5715548fa3c5c838838eb11027ccaeb3c31980c74dc8fb6cb8a
web	Stop containers	2026-10-04T20:33:58.7053737Z 7bbf4dffa463a5715548fa3c5c838838eb11027ccaeb3c31980c74dc8fb6cb8a
web	Stop containers	2026-10-04T20:33:58.7083410Z Remove container network: github_network_da51a28dcbf645fbb1b1abdaabfe5337
web	Stop containers	2026-10-04T20:33:58.7088087Z ##[command]/usr/bin/docker network rm github_network_da51a28dcbf645fbb1b1abdaabfe5337
web	Stop containers	2026-10-04T20:33:58.8098465Z github_network_da51a28dcbf645fbb1b1abdaabfe5337
web	Complete job	﻿2026-10-04T20:33:58.8168629Z Cleaning up orphan processes
web	Complete job	2026-10-04T20:33:58.8531549Z ##[warning]Node.js 20 is deprecated. The following actions target Node.js 20 but are being forced to run on Node.js 24: actions/checkout@34e114876b0b11c390a56381ad16ebd13914f8d5, actions/upload-artifact@ea165f8d65b6e75b540449e92b4886f43607fa02, jdx/mise-action@5228313ee0372e111a38da051671ca30fc5a96db. For more information see: https://github.blog/changelog/2025-09-19-deprecation-of-node-20-on-github-actions-runners/
