web	Set up job	﻿2026-10-05T09:49:23.5115285Z Current runner version: '2.337.0'
web	Set up job	2026-10-05T09:49:23.5135110Z ##[group]Runner Image Provisioner
web	Set up job	2026-10-05T09:49:23.5135892Z Hosted Compute Agent
web	Set up job	2026-10-05T09:49:23.5136360Z Version: 20260901.588
web	Set up job	2026-10-05T09:49:23.5136816Z Commit: f88ec8081b781fac6c440065ac7ff9e710ce3d0b
web	Set up job	2026-10-05T09:49:23.5137315Z Build Date: 2026-09-01T19:56:44Z
web	Set up job	2026-10-05T09:49:23.5137771Z Worker ID: {1a1eb2e0-1da0-4458-934e-322bd0aa863d}
web	Set up job	2026-10-05T09:49:23.5138259Z Azure Region: centralus
web	Set up job	2026-10-05T09:49:23.5138642Z ##[endgroup]
web	Set up job	2026-10-05T09:49:23.5139625Z ##[group]Operating System
web	Set up job	2026-10-05T09:49:23.5140100Z Ubuntu
web	Set up job	2026-10-05T09:49:23.5140450Z 24.04.5
web	Set up job	2026-10-05T09:49:23.5140804Z LTS
web	Set up job	2026-10-05T09:49:23.5141175Z ##[endgroup]
web	Set up job	2026-10-05T09:49:23.5141526Z ##[group]Runner Image
web	Set up job	2026-10-05T09:49:23.5141936Z Image: ubuntu-24.04
web	Set up job	2026-10-05T09:49:23.5142311Z Version: 20260927.320.1
web	Set up job	2026-10-05T09:49:23.5143012Z Included Software: https://github.com/actions/runner-images/blob/ubuntu24/20260927.320/images/ubuntu/Ubuntu2404-Readme.md
web	Set up job	2026-10-05T09:49:23.5144447Z Image Release: https://github.com/actions/runner-images/releases/tag/ubuntu24%2F20260927.320
web	Set up job	2026-10-05T09:49:23.5145178Z ##[endgroup]
web	Set up job	2026-10-05T09:49:23.5146017Z ##[group]GITHUB_TOKEN Permissions
web	Set up job	2026-10-05T09:49:23.5147853Z Contents: read
web	Set up job	2026-10-05T09:49:23.5148271Z Metadata: read
web	Set up job	2026-10-05T09:49:23.5148650Z Pages: read
web	Set up job	2026-10-05T09:49:23.5149026Z ##[endgroup]
web	Set up job	2026-10-05T09:49:23.5150515Z Secret source: Actions
web	Set up job	2026-10-05T09:49:23.5151161Z Cache mode: write
web	Set up job	2026-10-05T09:49:23.5151616Z Prepare workflow directory
web	Set up job	2026-10-05T09:49:23.5611122Z Prepare all required actions
web	Set up job	2026-10-05T09:49:23.5652329Z Getting action download info
web	Set up job	2026-10-05T09:49:23.8424264Z Download action repository 'actions/checkout@3d3c42e5aac5ba805825da76410c181273ba90b1' (SHA:3d3c42e5aac5ba805825da76410c181273ba90b1)
web	Set up job	2026-10-05T09:49:23.9463229Z Download action repository 'jdx/mise-action@7a4e45a543138629540c9a1616d08632b893e492' (SHA:7a4e45a543138629540c9a1616d08632b893e492)
web	Set up job	2026-10-05T09:49:24.6323220Z Download action repository 'actions/upload-artifact@043fb46d1a93c77aae656e7c1c64a875d1fc6a0a' (SHA:043fb46d1a93c77aae656e7c1c64a875d1fc6a0a)
web	Set up job	2026-10-05T09:49:24.7217163Z Download action repository 'actions/configure-pages@45bfe0192ca1faeb007ade9deae92b16b8254a0d' (SHA:45bfe0192ca1faeb007ade9deae92b16b8254a0d)
web	Set up job	2026-10-05T09:49:25.2617953Z Download action repository 'actions/upload-pages-artifact@fc324d3547104276b827a68afc52ff2a11cc49c9' (SHA:fc324d3547104276b827a68afc52ff2a11cc49c9)
web	Set up job	2026-10-05T09:49:25.5334731Z Getting action download info
web	Set up job	2026-10-05T09:49:25.6567983Z Download action repository 'actions/upload-artifact@bbbca2ddaa5d8feaa63e36b76fdaad77386f024f' (SHA:bbbca2ddaa5d8feaa63e36b76fdaad77386f024f)
web	Set up job	2026-10-05T09:49:25.8153893Z Complete job name: web
web	Initialize containers	﻿2026-10-05T09:49:25.8470979Z ##[group]Checking docker version
web	Initialize containers	2026-10-05T09:49:25.8480882Z ##[command]/usr/bin/docker version --format '{{.Server.APIVersion}}'
web	Initialize containers	2026-10-05T09:49:25.9339884Z '1.48'
web	Initialize containers	2026-10-05T09:49:25.9348451Z Docker daemon API version: '1.48'
web	Initialize containers	2026-10-05T09:49:25.9348999Z ##[command]/usr/bin/docker version --format '{{.Client.APIVersion}}'
web	Initialize containers	2026-10-05T09:49:25.9496992Z '1.48'
web	Initialize containers	2026-10-05T09:49:25.9504188Z Docker client API version: '1.48'
web	Initialize containers	2026-10-05T09:49:25.9509563Z ##[endgroup]
web	Initialize containers	2026-10-05T09:49:25.9511204Z ##[group]Clean up resources from previous jobs
web	Initialize containers	2026-10-05T09:49:25.9515380Z ##[command]/usr/bin/docker ps --all --quiet --no-trunc --filter "label=9bf0d6"
web	Initialize containers	2026-10-05T09:49:25.9637272Z ##[command]/usr/bin/docker network prune --force --filter "label=9bf0d6"
web	Initialize containers	2026-10-05T09:49:25.9747347Z ##[endgroup]
web	Initialize containers	2026-10-05T09:49:25.9747650Z ##[group]Create local container network
web	Initialize containers	2026-10-05T09:49:25.9755285Z ##[command]/usr/bin/docker network create --label 9bf0d6 github_network_e391bea08bde4585968c0929309c5c62
web	Initialize containers	2026-10-05T09:49:26.0116155Z 1dfbe70c4f4ed5ebef8e2e79bdda7d64c3fb8dbd502554f7886f2e82ff9274da
web	Initialize containers	2026-10-05T09:49:26.0127509Z ##[endgroup]
web	Initialize containers	2026-10-05T09:49:26.0149791Z ##[group]Starting job container
web	Initialize containers	2026-10-05T09:49:26.0169101Z ##[command]/usr/bin/docker pull mcr.microsoft.com/playwright@sha256:eff16c30e6f3f4af0a03fa4b706120d5e9b0891c344a27d64559aff5900a4a27
web	Initialize containers	2026-10-05T09:49:26.1166815Z mcr.microsoft.com/playwright@sha256:eff16c30e6f3f4af0a03fa4b706120d5e9b0891c344a27d64559aff5900a4a27: Pulling from playwright
web	Initialize containers	2026-10-05T09:49:26.1558902Z 0926a8eb0e60: Pulling fs layer
web	Initialize containers	2026-10-05T09:49:26.1559477Z e2bfec3c8017: Pulling fs layer
web	Initialize containers	2026-10-05T09:49:26.1559973Z 74c72610aa2d: Pulling fs layer
web	Initialize containers	2026-10-05T09:49:26.1560316Z d8cf7dc1ff62: Pulling fs layer
web	Initialize containers	2026-10-05T09:49:26.1560706Z b4dfe9b5d621: Pulling fs layer
web	Initialize containers	2026-10-05T09:49:26.1561120Z a2ac83a9a562: Pulling fs layer
web	Initialize containers	2026-10-05T09:49:26.1561423Z 1b189482e65c: Pulling fs layer
web	Initialize containers	2026-10-05T09:49:26.1561775Z b4dfe9b5d621: Waiting
web	Initialize containers	2026-10-05T09:49:26.1562239Z a2ac83a9a562: Waiting
web	Initialize containers	2026-10-05T09:49:26.1562527Z 1b189482e65c: Waiting
web	Initialize containers	2026-10-05T09:49:26.1562771Z d8cf7dc1ff62: Waiting
web	Initialize containers	2026-10-05T09:49:26.2185056Z 74c72610aa2d: Verifying Checksum
web	Initialize containers	2026-10-05T09:49:26.2185863Z 74c72610aa2d: Download complete
web	Initialize containers	2026-10-05T09:49:26.3342776Z 0926a8eb0e60: Download complete
web	Initialize containers	2026-10-05T09:49:26.7606043Z e2bfec3c8017: Verifying Checksum
web	Initialize containers	2026-10-05T09:49:26.7608393Z e2bfec3c8017: Download complete
web	Initialize containers	2026-10-05T09:49:27.3119827Z a2ac83a9a562: Verifying Checksum
web	Initialize containers	2026-10-05T09:49:27.3120846Z a2ac83a9a562: Download complete
web	Initialize containers	2026-10-05T09:49:27.3594313Z 0926a8eb0e60: Pull complete
web	Initialize containers	2026-10-05T09:49:27.5190687Z d8cf7dc1ff62: Verifying Checksum
web	Initialize containers	2026-10-05T09:49:27.5191464Z d8cf7dc1ff62: Download complete
web	Initialize containers	2026-10-05T09:49:27.8033384Z b4dfe9b5d621: Verifying Checksum
web	Initialize containers	2026-10-05T09:49:27.9296309Z 1b189482e65c: Verifying Checksum
web	Initialize containers	2026-10-05T09:49:27.9296755Z 1b189482e65c: Download complete
web	Initialize containers	2026-10-05T09:49:36.6006425Z e2bfec3c8017: Pull complete
web	Initialize containers	2026-10-05T09:49:36.6239748Z 74c72610aa2d: Pull complete
web	Initialize containers	2026-10-05T09:49:45.3060990Z d8cf7dc1ff62: Pull complete
web	Initialize containers	2026-10-05T09:49:51.4962943Z b4dfe9b5d621: Pull complete
web	Initialize containers	2026-10-05T09:49:54.1091488Z a2ac83a9a562: Pull complete
web	Initialize containers	2026-10-05T09:49:56.6404757Z 1b189482e65c: Pull complete
web	Initialize containers	2026-10-05T09:49:56.6454644Z Digest: sha256:eff16c30e6f3f4af0a03fa4b706120d5e9b0891c344a27d64559aff5900a4a27
web	Initialize containers	2026-10-05T09:49:56.6464704Z Status: Downloaded newer image for mcr.microsoft.com/playwright@sha256:eff16c30e6f3f4af0a03fa4b706120d5e9b0891c344a27d64559aff5900a4a27
web	Initialize containers	2026-10-05T09:49:56.6478428Z mcr.microsoft.com/playwright@sha256:eff16c30e6f3f4af0a03fa4b706120d5e9b0891c344a27d64559aff5900a4a27
web	Initialize containers	2026-10-05T09:49:56.6546832Z ##[command]/usr/bin/docker create --name cd10d40945f2430ca29a4686faadd193_mcrmicrosoftcomplaywrightsha256eff16c30e6f3f4af0a03fa4b706120d5e9b0891c344a27d64559aff5900a4a27_13313f --label 9bf0d6 --workdir /__w/ChronoShift/ChronoShift --network github_network_e391bea08bde4585968c0929309c5c62 --user 1001:1001 --ipc=host --init -e "HOME=/github/home" -e GITHUB_ACTIONS=true -e CI=true -v "/var/run/docker.sock":"/var/run/docker.sock" -v "/home/runner/work":"/__w" -v "/home/runner/actions-runner/cached/2.337.0/externals":"/__e":ro -v "/home/runner/work/_temp":"/__w/_temp" -v "/home/runner/work/_actions":"/__w/_actions" -v "/opt/hostedtoolcache":"/__t" -v "/home/runner/work/_temp/_github_home":"/github/home" -v "/home/runner/work/_temp/_github_workflow":"/github/workflow" --entrypoint "tail" mcr.microsoft.com/playwright@sha256:eff16c30e6f3f4af0a03fa4b706120d5e9b0891c344a27d64559aff5900a4a27 "-f" "/dev/null"
web	Initialize containers	2026-10-05T09:49:56.6838134Z ac3c662d99849294262a1567fa43d9f81ccee5bcb1c73ff74662aa2651eebccb
web	Initialize containers	2026-10-05T09:49:56.6852635Z ##[command]/usr/bin/docker start ac3c662d99849294262a1567fa43d9f81ccee5bcb1c73ff74662aa2651eebccb
web	Initialize containers	2026-10-05T09:49:56.8465174Z ac3c662d99849294262a1567fa43d9f81ccee5bcb1c73ff74662aa2651eebccb
web	Initialize containers	2026-10-05T09:49:56.8476619Z ##[command]/usr/bin/docker ps --all --filter id=ac3c662d99849294262a1567fa43d9f81ccee5bcb1c73ff74662aa2651eebccb --filter status=running --no-trunc --format "{{.ID}} {{.Status}}"
web	Initialize containers	2026-10-05T09:49:56.8590046Z ac3c662d99849294262a1567fa43d9f81ccee5bcb1c73ff74662aa2651eebccb Up Less than a second
web	Initialize containers	2026-10-05T09:49:56.8601794Z ##[command]/usr/bin/docker inspect --format "{{range .Config.Env}}{{println .}}{{end}}" ac3c662d99849294262a1567fa43d9f81ccee5bcb1c73ff74662aa2651eebccb
web	Initialize containers	2026-10-05T09:49:56.8706583Z CI=true
web	Initialize containers	2026-10-05T09:49:56.8708374Z HOME=/github/home
web	Initialize containers	2026-10-05T09:49:56.8709087Z GITHUB_ACTIONS=true
web	Initialize containers	2026-10-05T09:49:56.8709752Z PATH=/usr/local/sbin:/usr/local/bin:/usr/sbin:/usr/bin:/sbin:/bin
web	Initialize containers	2026-10-05T09:49:56.8710206Z LANG=C.UTF-8
web	Initialize containers	2026-10-05T09:49:56.8710531Z LC_ALL=C.UTF-8
web	Initialize containers	2026-10-05T09:49:56.8712621Z PLAYWRIGHT_BROWSERS_PATH=/ms-playwright
web	Initialize containers	2026-10-05T09:49:56.8721217Z ##[endgroup]
web	Initialize containers	2026-10-05T09:49:56.8729352Z ##[group]Waiting for all services to be ready
web	Initialize containers	2026-10-05T09:49:56.8731124Z ##[endgroup]
web	Run actions/checkout@3d3c42e5aac5ba805825da76410c181273ba90b1	﻿2026-10-05T09:49:56.8955379Z ##[group]Run actions/checkout@3d3c42e5aac5ba805825da76410c181273ba90b1
web	Run actions/checkout@3d3c42e5aac5ba805825da76410c181273ba90b1	2026-10-05T09:49:56.8956162Z with:
web	Run actions/checkout@3d3c42e5aac5ba805825da76410c181273ba90b1	2026-10-05T09:49:56.8956443Z   repository: Tien-Lam/ChronoShift
web	Run actions/checkout@3d3c42e5aac5ba805825da76410c181273ba90b1	2026-10-05T09:49:56.8958234Z   token: ***
web	Run actions/checkout@3d3c42e5aac5ba805825da76410c181273ba90b1	2026-10-05T09:49:56.8958481Z   ssh-strict: true
web	Run actions/checkout@3d3c42e5aac5ba805825da76410c181273ba90b1	2026-10-05T09:49:56.8958727Z   ssh-user: git
web	Run actions/checkout@3d3c42e5aac5ba805825da76410c181273ba90b1	2026-10-05T09:49:56.8958951Z   persist-credentials: true
web	Run actions/checkout@3d3c42e5aac5ba805825da76410c181273ba90b1	2026-10-05T09:49:56.8959207Z   clean: true
web	Run actions/checkout@3d3c42e5aac5ba805825da76410c181273ba90b1	2026-10-05T09:49:56.8959464Z   sparse-checkout-cone-mode: true
web	Run actions/checkout@3d3c42e5aac5ba805825da76410c181273ba90b1	2026-10-05T09:49:56.8959712Z   fetch-depth: 1
web	Run actions/checkout@3d3c42e5aac5ba805825da76410c181273ba90b1	2026-10-05T09:49:56.8959947Z   fetch-tags: false
web	Run actions/checkout@3d3c42e5aac5ba805825da76410c181273ba90b1	2026-10-05T09:49:56.8960165Z   show-progress: true
web	Run actions/checkout@3d3c42e5aac5ba805825da76410c181273ba90b1	2026-10-05T09:49:56.8960370Z   lfs: false
web	Run actions/checkout@3d3c42e5aac5ba805825da76410c181273ba90b1	2026-10-05T09:49:56.8960612Z   submodules: false
web	Run actions/checkout@3d3c42e5aac5ba805825da76410c181273ba90b1	2026-10-05T09:49:56.8960858Z   set-safe-directory: true
web	Run actions/checkout@3d3c42e5aac5ba805825da76410c181273ba90b1	2026-10-05T09:49:56.8961107Z   allow-unsafe-pr-checkout: false
web	Run actions/checkout@3d3c42e5aac5ba805825da76410c181273ba90b1	2026-10-05T09:49:56.8961490Z env:
web	Run actions/checkout@3d3c42e5aac5ba805825da76410c181273ba90b1	2026-10-05T09:49:56.8961707Z   PLAYWRIGHT_BROWSERS_PATH: /ms-playwright
web	Run actions/checkout@3d3c42e5aac5ba805825da76410c181273ba90b1	2026-10-05T09:49:56.8962017Z   PLAYWRIGHT_IMAGE_VERSION: 1.63.0
web	Run actions/checkout@3d3c42e5aac5ba805825da76410c181273ba90b1	2026-10-05T09:49:56.8962378Z   CHRONOSHIFT_CI_TIMING: 0
web	Run actions/checkout@3d3c42e5aac5ba805825da76410c181273ba90b1	2026-10-05T09:49:56.8962715Z   PUBLISH_PAGES: true
web	Run actions/checkout@3d3c42e5aac5ba805825da76410c181273ba90b1	2026-10-05T09:49:56.8962935Z ##[endgroup]
web	Run actions/checkout@3d3c42e5aac5ba805825da76410c181273ba90b1	2026-10-05T09:49:56.9012239Z ##[command]/usr/bin/docker exec  ac3c662d99849294262a1567fa43d9f81ccee5bcb1c73ff74662aa2651eebccb sh -c "cat /etc/*release | grep ^ID"
web	Run actions/checkout@3d3c42e5aac5ba805825da76410c181273ba90b1	2026-10-05T09:49:57.0543463Z Syncing repository: Tien-Lam/ChronoShift
web	Run actions/checkout@3d3c42e5aac5ba805825da76410c181273ba90b1	2026-10-05T09:49:57.0545081Z ##[group]Getting Git version info
web	Run actions/checkout@3d3c42e5aac5ba805825da76410c181273ba90b1	2026-10-05T09:49:57.0545620Z Working directory is '/__w/ChronoShift/ChronoShift'
web	Run actions/checkout@3d3c42e5aac5ba805825da76410c181273ba90b1	2026-10-05T09:49:57.0546227Z [command]/usr/bin/git version
web	Run actions/checkout@3d3c42e5aac5ba805825da76410c181273ba90b1	2026-10-05T09:49:57.0546643Z git version 2.43.0
web	Run actions/checkout@3d3c42e5aac5ba805825da76410c181273ba90b1	2026-10-05T09:49:57.0547542Z ##[endgroup]
web	Run actions/checkout@3d3c42e5aac5ba805825da76410c181273ba90b1	2026-10-05T09:49:57.0572879Z Temporarily overriding HOME='/__w/_temp/b957055c-b687-49ed-a693-c41bf8b5022e' before making global git config changes
web	Run actions/checkout@3d3c42e5aac5ba805825da76410c181273ba90b1	2026-10-05T09:49:57.0574308Z Adding repository directory to the temporary git global config as a safe directory
web	Run actions/checkout@3d3c42e5aac5ba805825da76410c181273ba90b1	2026-10-05T09:49:57.0575350Z [command]/usr/bin/git config --global --add safe.directory /__w/ChronoShift/ChronoShift
web	Run actions/checkout@3d3c42e5aac5ba805825da76410c181273ba90b1	2026-10-05T09:49:57.0621684Z Deleting the contents of '/__w/ChronoShift/ChronoShift'
web	Run actions/checkout@3d3c42e5aac5ba805825da76410c181273ba90b1	2026-10-05T09:49:57.0634348Z ##[group]Determining repository object format
web	Run actions/checkout@3d3c42e5aac5ba805825da76410c181273ba90b1	2026-10-05T09:49:57.0635883Z ##[endgroup]
web	Run actions/checkout@3d3c42e5aac5ba805825da76410c181273ba90b1	2026-10-05T09:49:57.0638529Z ##[group]Initializing the repository
web	Run actions/checkout@3d3c42e5aac5ba805825da76410c181273ba90b1	2026-10-05T09:49:57.0639537Z [command]/usr/bin/git init /__w/ChronoShift/ChronoShift
web	Run actions/checkout@3d3c42e5aac5ba805825da76410c181273ba90b1	2026-10-05T09:49:57.0646143Z hint: Using 'master' as the name for the initial branch. This default branch name
web	Run actions/checkout@3d3c42e5aac5ba805825da76410c181273ba90b1	2026-10-05T09:49:57.0647311Z hint: is subject to change. To configure the initial branch name to use in all
web	Run actions/checkout@3d3c42e5aac5ba805825da76410c181273ba90b1	2026-10-05T09:49:57.0648852Z hint: of your new repositories, which will suppress this warning, call:
web	Run actions/checkout@3d3c42e5aac5ba805825da76410c181273ba90b1	2026-10-05T09:49:57.0649713Z hint: 
web	Run actions/checkout@3d3c42e5aac5ba805825da76410c181273ba90b1	2026-10-05T09:49:57.0650392Z hint: 	git config --global init.defaultBranch <name>
web	Run actions/checkout@3d3c42e5aac5ba805825da76410c181273ba90b1	2026-10-05T09:49:57.0650973Z hint: 
web	Run actions/checkout@3d3c42e5aac5ba805825da76410c181273ba90b1	2026-10-05T09:49:57.0651573Z hint: Names commonly chosen instead of 'master' are 'main', 'trunk' and
web	Run actions/checkout@3d3c42e5aac5ba805825da76410c181273ba90b1	2026-10-05T09:49:57.0652359Z hint: 'development'. The just-created branch can be renamed via this command:
web	Run actions/checkout@3d3c42e5aac5ba805825da76410c181273ba90b1	2026-10-05T09:49:57.0653156Z hint: 
web	Run actions/checkout@3d3c42e5aac5ba805825da76410c181273ba90b1	2026-10-05T09:49:57.0653709Z hint: 	git branch -m <name>
web	Run actions/checkout@3d3c42e5aac5ba805825da76410c181273ba90b1	2026-10-05T09:49:57.0657647Z Initialized empty Git repository in /__w/ChronoShift/ChronoShift/.git/
web	Run actions/checkout@3d3c42e5aac5ba805825da76410c181273ba90b1	2026-10-05T09:49:57.0668703Z [command]/usr/bin/git remote add origin https://github.com/Tien-Lam/ChronoShift
web	Run actions/checkout@3d3c42e5aac5ba805825da76410c181273ba90b1	2026-10-05T09:49:57.0693590Z ##[endgroup]
web	Run actions/checkout@3d3c42e5aac5ba805825da76410c181273ba90b1	2026-10-05T09:49:57.0694802Z ##[group]Disabling automatic garbage collection
web	Run actions/checkout@3d3c42e5aac5ba805825da76410c181273ba90b1	2026-10-05T09:49:57.0700004Z [command]/usr/bin/git config --local gc.auto 0
web	Run actions/checkout@3d3c42e5aac5ba805825da76410c181273ba90b1	2026-10-05T09:49:57.0719166Z ##[endgroup]
web	Run actions/checkout@3d3c42e5aac5ba805825da76410c181273ba90b1	2026-10-05T09:49:57.0720946Z ##[group]Setting up auth
web	Run actions/checkout@3d3c42e5aac5ba805825da76410c181273ba90b1	2026-10-05T09:49:57.0722223Z Removing SSH command configuration
web	Run actions/checkout@3d3c42e5aac5ba805825da76410c181273ba90b1	2026-10-05T09:49:57.0723027Z [command]/usr/bin/git config --local --name-only --get-regexp core\.sshCommand
web	Run actions/checkout@3d3c42e5aac5ba805825da76410c181273ba90b1	2026-10-05T09:49:57.0745323Z [command]/usr/bin/git submodule foreach --recursive sh -c "git config --local --name-only --get-regexp 'core\.sshCommand' && git config --local --unset-all 'core.sshCommand' || :"
web	Run actions/checkout@3d3c42e5aac5ba805825da76410c181273ba90b1	2026-10-05T09:49:57.0921828Z Removing HTTP extra header
web	Run actions/checkout@3d3c42e5aac5ba805825da76410c181273ba90b1	2026-10-05T09:49:57.0925966Z [command]/usr/bin/git config --local --name-only --get-regexp http\.https\:\/\/github\.com\/\.extraheader
web	Run actions/checkout@3d3c42e5aac5ba805825da76410c181273ba90b1	2026-10-05T09:49:57.0954953Z [command]/usr/bin/git submodule foreach --recursive sh -c "git config --local --name-only --get-regexp 'http\.https\:\/\/github\.com\/\.extraheader' && git config --local --unset-all 'http.https://github.com/.extraheader' || :"
web	Run actions/checkout@3d3c42e5aac5ba805825da76410c181273ba90b1	2026-10-05T09:49:57.1115359Z Removing includeIf entries pointing to credentials config files
web	Run actions/checkout@3d3c42e5aac5ba805825da76410c181273ba90b1	2026-10-05T09:49:57.1128926Z [command]/usr/bin/git config --local --name-only --get-regexp ^includeIf\.gitdir:
web	Run actions/checkout@3d3c42e5aac5ba805825da76410c181273ba90b1	2026-10-05T09:49:57.1156623Z [command]/usr/bin/git submodule foreach --recursive git config --local --show-origin --name-only --get-regexp remote.origin.url
web	Run actions/checkout@3d3c42e5aac5ba805825da76410c181273ba90b1	2026-10-05T09:49:57.1322447Z [command]/usr/bin/git config --file /__w/_temp/git-credentials-aa927305-a07c-4d55-ba83-f4143387d5d2.config http.https://github.com/.extraheader AUTHORIZATION: basic ***
web	Run actions/checkout@3d3c42e5aac5ba805825da76410c181273ba90b1	2026-10-05T09:49:57.1381550Z [command]/usr/bin/git config --local includeIf.gitdir:/__w/ChronoShift/ChronoShift/.git.path /__w/_temp/git-credentials-aa927305-a07c-4d55-ba83-f4143387d5d2.config
web	Run actions/checkout@3d3c42e5aac5ba805825da76410c181273ba90b1	2026-10-05T09:49:57.1405379Z [command]/usr/bin/git config --local includeIf.gitdir:/__w/ChronoShift/ChronoShift/.git/worktrees/*.path /__w/_temp/git-credentials-aa927305-a07c-4d55-ba83-f4143387d5d2.config
web	Run actions/checkout@3d3c42e5aac5ba805825da76410c181273ba90b1	2026-10-05T09:49:57.1428881Z [command]/usr/bin/git config --local includeIf.gitdir:/github/workspace/.git.path /github/runner_temp/git-credentials-aa927305-a07c-4d55-ba83-f4143387d5d2.config
web	Run actions/checkout@3d3c42e5aac5ba805825da76410c181273ba90b1	2026-10-05T09:49:57.1450308Z [command]/usr/bin/git config --local includeIf.gitdir:/github/workspace/.git/worktrees/*.path /github/runner_temp/git-credentials-aa927305-a07c-4d55-ba83-f4143387d5d2.config
web	Run actions/checkout@3d3c42e5aac5ba805825da76410c181273ba90b1	2026-10-05T09:49:57.1469631Z ##[endgroup]
web	Run actions/checkout@3d3c42e5aac5ba805825da76410c181273ba90b1	2026-10-05T09:49:57.1470085Z ##[group]Fetching the repository
web	Run actions/checkout@3d3c42e5aac5ba805825da76410c181273ba90b1	2026-10-05T09:49:57.1475175Z [command]/usr/bin/git -c protocol.version=2 fetch --no-tags --prune --no-recurse-submodules --depth=1 origin +24a9d920a3c3bb71edcc860b8207442f462d9b8a:refs/remotes/pull/40/merge
web	Run actions/checkout@3d3c42e5aac5ba805825da76410c181273ba90b1	2026-10-05T09:50:00.5258114Z From https://github.com/Tien-Lam/ChronoShift
web	Run actions/checkout@3d3c42e5aac5ba805825da76410c181273ba90b1	2026-10-05T09:50:00.5258689Z  * [new ref]         24a9d920a3c3bb71edcc860b8207442f462d9b8a -> pull/40/merge
web	Run actions/checkout@3d3c42e5aac5ba805825da76410c181273ba90b1	2026-10-05T09:50:00.5274089Z ##[endgroup]
web	Run actions/checkout@3d3c42e5aac5ba805825da76410c181273ba90b1	2026-10-05T09:50:00.5274623Z ##[group]Determining the checkout info
web	Run actions/checkout@3d3c42e5aac5ba805825da76410c181273ba90b1	2026-10-05T09:50:00.5275255Z ##[endgroup]
web	Run actions/checkout@3d3c42e5aac5ba805825da76410c181273ba90b1	2026-10-05T09:50:00.5280216Z [command]/usr/bin/git sparse-checkout disable
web	Run actions/checkout@3d3c42e5aac5ba805825da76410c181273ba90b1	2026-10-05T09:50:00.5317842Z [command]/usr/bin/git config --local --unset-all extensions.worktreeConfig
web	Run actions/checkout@3d3c42e5aac5ba805825da76410c181273ba90b1	2026-10-05T09:50:00.5341669Z ##[group]Checking out the ref
web	Run actions/checkout@3d3c42e5aac5ba805825da76410c181273ba90b1	2026-10-05T09:50:00.5344461Z [command]/usr/bin/git checkout --progress --force refs/remotes/pull/40/merge
web	Run actions/checkout@3d3c42e5aac5ba805825da76410c181273ba90b1	2026-10-05T09:50:00.9436813Z Note: switching to 'refs/remotes/pull/40/merge'.
web	Run actions/checkout@3d3c42e5aac5ba805825da76410c181273ba90b1	2026-10-05T09:50:00.9437314Z 
web	Run actions/checkout@3d3c42e5aac5ba805825da76410c181273ba90b1	2026-10-05T09:50:00.9437541Z You are in 'detached HEAD' state. You can look around, make experimental
web	Run actions/checkout@3d3c42e5aac5ba805825da76410c181273ba90b1	2026-10-05T09:50:00.9438395Z changes and commit them, and you can discard any commits you make in this
web	Run actions/checkout@3d3c42e5aac5ba805825da76410c181273ba90b1	2026-10-05T09:50:00.9439024Z state without impacting any branches by switching back to a branch.
web	Run actions/checkout@3d3c42e5aac5ba805825da76410c181273ba90b1	2026-10-05T09:50:00.9439295Z 
web	Run actions/checkout@3d3c42e5aac5ba805825da76410c181273ba90b1	2026-10-05T09:50:00.9439566Z If you want to create a new branch to retain commits you create, you may
web	Run actions/checkout@3d3c42e5aac5ba805825da76410c181273ba90b1	2026-10-05T09:50:00.9440158Z do so (now or later) by using -c with the switch command. Example:
web	Run actions/checkout@3d3c42e5aac5ba805825da76410c181273ba90b1	2026-10-05T09:50:00.9440479Z 
web	Run actions/checkout@3d3c42e5aac5ba805825da76410c181273ba90b1	2026-10-05T09:50:00.9440868Z   git switch -c <new-branch-name>
web	Run actions/checkout@3d3c42e5aac5ba805825da76410c181273ba90b1	2026-10-05T09:50:00.9441103Z 
web	Run actions/checkout@3d3c42e5aac5ba805825da76410c181273ba90b1	2026-10-05T09:50:00.9441213Z Or undo this operation with:
web	Run actions/checkout@3d3c42e5aac5ba805825da76410c181273ba90b1	2026-10-05T09:50:00.9441457Z 
web	Run actions/checkout@3d3c42e5aac5ba805825da76410c181273ba90b1	2026-10-05T09:50:00.9441558Z   git switch -
web	Run actions/checkout@3d3c42e5aac5ba805825da76410c181273ba90b1	2026-10-05T09:50:00.9441766Z 
web	Run actions/checkout@3d3c42e5aac5ba805825da76410c181273ba90b1	2026-10-05T09:50:00.9442030Z Turn off this advice by setting config variable advice.detachedHead to false
web	Run actions/checkout@3d3c42e5aac5ba805825da76410c181273ba90b1	2026-10-05T09:50:00.9442342Z 
web	Run actions/checkout@3d3c42e5aac5ba805825da76410c181273ba90b1	2026-10-05T09:50:00.9442822Z HEAD is now at 24a9d92 Merge 7631906bdd654fd696596f74b733cf87d415cebf into 0fb0b915a1e1f2ab19613ad1f8ac9dae0eec43cc
web	Run actions/checkout@3d3c42e5aac5ba805825da76410c181273ba90b1	2026-10-05T09:50:00.9457910Z ##[endgroup]
web	Run actions/checkout@3d3c42e5aac5ba805825da76410c181273ba90b1	2026-10-05T09:50:00.9492310Z [command]/usr/bin/git log -1 --format=%H
web	Run actions/checkout@3d3c42e5aac5ba805825da76410c181273ba90b1	2026-10-05T09:50:00.9515166Z 24a9d920a3c3bb71edcc860b8207442f462d9b8a
web	Capture the checked-in corpus audit	﻿2026-10-05T09:50:00.9686473Z ##[group]Run cp -f docs/planning/corpus-audit.json "$RUNNER_TEMP/chronoshift-corpus-audit.json"
web	Capture the checked-in corpus audit	2026-10-05T09:50:00.9687191Z ^[[36;1mcp -f docs/planning/corpus-audit.json "$RUNNER_TEMP/chronoshift-corpus-audit.json"^[[0m
web	Capture the checked-in corpus audit	2026-10-05T09:50:00.9690549Z shell: bash --noprofile --norc -e -o pipefail {0}
web	Capture the checked-in corpus audit	2026-10-05T09:50:00.9690884Z env:
web	Capture the checked-in corpus audit	2026-10-05T09:50:00.9691118Z   PLAYWRIGHT_BROWSERS_PATH: /ms-playwright
web	Capture the checked-in corpus audit	2026-10-05T09:50:00.9691396Z   PLAYWRIGHT_IMAGE_VERSION: 1.63.0
web	Capture the checked-in corpus audit	2026-10-05T09:50:00.9691682Z   CHRONOSHIFT_CI_TIMING: 0
web	Capture the checked-in corpus audit	2026-10-05T09:50:00.9691915Z   PUBLISH_PAGES: true
web	Capture the checked-in corpus audit	2026-10-05T09:50:00.9692163Z ##[endgroup]
web	Run jdx/mise-action@7a4e45a543138629540c9a1616d08632b893e492	﻿2026-10-05T09:50:01.0331024Z ##[group]Run jdx/mise-action@7a4e45a543138629540c9a1616d08632b893e492
web	Run jdx/mise-action@7a4e45a543138629540c9a1616d08632b893e492	2026-10-05T09:50:01.0331420Z with:
web	Run jdx/mise-action@7a4e45a543138629540c9a1616d08632b893e492	2026-10-05T09:50:01.0331677Z   minimum_release_age: 24h
web	Run jdx/mise-action@7a4e45a543138629540c9a1616d08632b893e492	2026-10-05T09:50:01.0331948Z   install: true
web	Run jdx/mise-action@7a4e45a543138629540c9a1616d08632b893e492	2026-10-05T09:50:01.0332216Z   bootstrap: false
web	Run jdx/mise-action@7a4e45a543138629540c9a1616d08632b893e492	2026-10-05T09:50:01.0332456Z   cache: true
web	Run jdx/mise-action@7a4e45a543138629540c9a1616d08632b893e492	2026-10-05T09:50:01.0332730Z   cache_save: true
web	Run jdx/mise-action@7a4e45a543138629540c9a1616d08632b893e492	2026-10-05T09:50:01.0332983Z   cache_key_prefix: mise-v1
web	Run jdx/mise-action@7a4e45a543138629540c9a1616d08632b893e492	2026-10-05T09:50:01.0333247Z   experimental: false
web	Run jdx/mise-action@7a4e45a543138629540c9a1616d08632b893e492	2026-10-05T09:50:01.0333477Z   log_level: info
web	Run jdx/mise-action@7a4e45a543138629540c9a1616d08632b893e492	2026-10-05T09:50:01.0333688Z   reshim: false
web	Run jdx/mise-action@7a4e45a543138629540c9a1616d08632b893e492	2026-10-05T09:50:01.0333932Z   add_shims_to_path: true
web	Run jdx/mise-action@7a4e45a543138629540c9a1616d08632b893e492	2026-10-05T09:50:01.0335959Z   github_token: ***
web	Run jdx/mise-action@7a4e45a543138629540c9a1616d08632b893e492	2026-10-05T09:50:01.0336216Z   fetch_from_github: true
web	Run jdx/mise-action@7a4e45a543138629540c9a1616d08632b893e492	2026-10-05T09:50:01.0336476Z   env: true
web	Run jdx/mise-action@7a4e45a543138629540c9a1616d08632b893e492	2026-10-05T09:50:01.0336683Z   export_path: true
web	Run jdx/mise-action@7a4e45a543138629540c9a1616d08632b893e492	2026-10-05T09:50:01.0336940Z   wings_enabled: false
web	Run jdx/mise-action@7a4e45a543138629540c9a1616d08632b893e492	2026-10-05T09:50:01.0337190Z env:
web	Run jdx/mise-action@7a4e45a543138629540c9a1616d08632b893e492	2026-10-05T09:50:01.0337442Z   PLAYWRIGHT_BROWSERS_PATH: /ms-playwright
web	Run jdx/mise-action@7a4e45a543138629540c9a1616d08632b893e492	2026-10-05T09:50:01.0337773Z   PLAYWRIGHT_IMAGE_VERSION: 1.63.0
web	Run jdx/mise-action@7a4e45a543138629540c9a1616d08632b893e492	2026-10-05T09:50:01.0338102Z   CHRONOSHIFT_CI_TIMING: 0
web	Run jdx/mise-action@7a4e45a543138629540c9a1616d08632b893e492	2026-10-05T09:50:01.0338405Z   PUBLISH_PAGES: true
web	Run jdx/mise-action@7a4e45a543138629540c9a1616d08632b893e492	2026-10-05T09:50:01.0338619Z ##[endgroup]
web	Run jdx/mise-action@7a4e45a543138629540c9a1616d08632b893e492	2026-10-05T09:50:01.0346699Z ##[command]/usr/bin/docker exec  ac3c662d99849294262a1567fa43d9f81ccee5bcb1c73ff74662aa2651eebccb sh -c "cat /etc/*release | grep ^ID"
web	Run jdx/mise-action@7a4e45a543138629540c9a1616d08632b893e492	2026-10-05T09:50:01.2028226Z ##[group]Restoring mise cache
web	Run jdx/mise-action@7a4e45a543138629540c9a1616d08632b893e492	2026-10-05T09:50:01.2065030Z [command]/usr/bin/ldd --version
web	Run jdx/mise-action@7a4e45a543138629540c9a1616d08632b893e492	2026-10-05T09:50:01.2125357Z ldd (Ubuntu GLIBC 2.39-0ubuntu8.8) 2.39
web	Run jdx/mise-action@7a4e45a543138629540c9a1616d08632b893e492	2026-10-05T09:50:01.2126330Z Copyright (C) 2024 Free Software Foundation, Inc.
web	Run jdx/mise-action@7a4e45a543138629540c9a1616d08632b893e492	2026-10-05T09:50:01.2155385Z This is free software; see the source for copying conditions.  There is NO
web	Run jdx/mise-action@7a4e45a543138629540c9a1616d08632b893e492	2026-10-05T09:50:01.2185277Z warranty; not even for MERCHANTABILITY or FITNESS FOR A PARTICULAR PURPOSE.
web	Run jdx/mise-action@7a4e45a543138629540c9a1616d08632b893e492	2026-10-05T09:50:01.2195058Z Written by Roland McGrath and Ulrich Drepper.
web	Run jdx/mise-action@7a4e45a543138629540c9a1616d08632b893e492	2026-10-05T09:50:01.7320632Z Cache hit for: mise-v1-linux-x64-self-hosted-c431b670824c497264adda817284eefbf26de4a6a9a9aa17ee83e04238eaee3d
web	Run jdx/mise-action@7a4e45a543138629540c9a1616d08632b893e492	2026-10-05T09:50:02.8633616Z Received 104857600 of 166331356 (63.0%), 100.1 MBs/sec
web	Run jdx/mise-action@7a4e45a543138629540c9a1616d08632b893e492	2026-10-05T09:50:03.1898099Z Received 166331356 of 166331356 (100.0%), 119.6 MBs/sec
web	Run jdx/mise-action@7a4e45a543138629540c9a1616d08632b893e492	2026-10-05T09:50:03.1898822Z Cache Size: ~159 MB (166331356 B)
web	Run jdx/mise-action@7a4e45a543138629540c9a1616d08632b893e492	2026-10-05T09:50:03.1928592Z [command]/usr/bin/tar -xf /__w/_temp/31ce1511-5a06-4ff7-bbbe-e59a3ad9c020/cache.tgz -P -C /__w/ChronoShift/ChronoShift -z
web	Run jdx/mise-action@7a4e45a543138629540c9a1616d08632b893e492	2026-10-05T09:50:06.1316711Z Cache restored successfully
web	Run jdx/mise-action@7a4e45a543138629540c9a1616d08632b893e492	2026-10-05T09:50:06.1377325Z mise cache restored from key: mise-v1-linux-x64-self-hosted-c431b670824c497264adda817284eefbf26de4a6a9a9aa17ee83e04238eaee3d
web	Run jdx/mise-action@7a4e45a543138629540c9a1616d08632b893e492	2026-10-05T09:50:06.1388614Z Using curl to download mise
web	Run jdx/mise-action@7a4e45a543138629540c9a1616d08632b893e492	2026-10-05T09:50:06.2817438Z Selected mise 2026.10.1, released 2026-10-03T14:12:48.000Z, with minimum_release_age=24h
web	Run jdx/mise-action@7a4e45a543138629540c9a1616d08632b893e492	2026-10-05T09:50:06.2825131Z [command]/usr/bin/ldd --version
web	Run jdx/mise-action@7a4e45a543138629540c9a1616d08632b893e492	2026-10-05T09:50:06.2860688Z ldd (Ubuntu GLIBC 2.39-0ubuntu8.8) 2.39
web	Run jdx/mise-action@7a4e45a543138629540c9a1616d08632b893e492	2026-10-05T09:50:06.2861305Z Copyright (C) 2024 Free Software Foundation, Inc.
web	Run jdx/mise-action@7a4e45a543138629540c9a1616d08632b893e492	2026-10-05T09:50:06.2862235Z This is free software; see the source for copying conditions.  There is NO
web	Run jdx/mise-action@7a4e45a543138629540c9a1616d08632b893e492	2026-10-05T09:50:06.2863110Z warranty; not even for MERCHANTABILITY or FITNESS FOR A PARTICULAR PURPOSE.
web	Run jdx/mise-action@7a4e45a543138629540c9a1616d08632b893e492	2026-10-05T09:50:06.2863817Z Written by Roland McGrath and Ulrich Drepper.
web	Run jdx/mise-action@7a4e45a543138629540c9a1616d08632b893e492	2026-10-05T09:50:06.7697827Z Verified existing mise-v2026.10.1-linux-x64 against signed checksums
web	Run jdx/mise-action@7a4e45a543138629540c9a1616d08632b893e492	2026-10-05T09:50:06.7698589Z Verified existing mise@2026.10.1
web	Run jdx/mise-action@7a4e45a543138629540c9a1616d08632b893e492	2026-10-05T09:50:06.7699484Z ##[group]Setting env vars
web	Run jdx/mise-action@7a4e45a543138629540c9a1616d08632b893e492	2026-10-05T09:50:06.7699825Z Setting MISE_LOG_LEVEL=info
web	Run jdx/mise-action@7a4e45a543138629540c9a1616d08632b893e492	2026-10-05T09:50:06.7702459Z Setting MISE_GITHUB_TOKEN=***
web	Run jdx/mise-action@7a4e45a543138629540c9a1616d08632b893e492	2026-10-05T09:50:06.7703042Z Setting MISE_TRUSTED_CONFIG_PATHS=/__w/ChronoShift/ChronoShift
web	Run jdx/mise-action@7a4e45a543138629540c9a1616d08632b893e492	2026-10-05T09:50:06.7703526Z Setting MISE_YES=1
web	Run jdx/mise-action@7a4e45a543138629540c9a1616d08632b893e492	2026-10-05T09:50:06.7703849Z Adding /github/home/.local/share/mise/shims to PATH
web	Run jdx/mise-action@7a4e45a543138629540c9a1616d08632b893e492	2026-10-05T09:50:06.7704637Z ##[group]Running mise --version
web	Run jdx/mise-action@7a4e45a543138629540c9a1616d08632b893e492	2026-10-05T09:50:06.7717997Z [command]/github/home/.local/share/mise/bin/mise --version
web	Run jdx/mise-action@7a4e45a543138629540c9a1616d08632b893e492	2026-10-05T09:50:06.7766093Z 2026.10.1 linux-x64 (2026-10-03)
web	Run jdx/mise-action@7a4e45a543138629540c9a1616d08632b893e492	2026-10-05T09:50:06.7776520Z ##[endgroup]
web	Run jdx/mise-action@7a4e45a543138629540c9a1616d08632b893e492	2026-10-05T09:50:06.7841240Z ##[group]Running mise install
web	Run jdx/mise-action@7a4e45a543138629540c9a1616d08632b893e492	2026-10-05T09:50:06.7848654Z [command]/github/home/.local/share/mise/bin/mise install
web	Run jdx/mise-action@7a4e45a543138629540c9a1616d08632b893e492	2026-10-05T09:50:06.7910119Z ^[[2mmise^[[0m ^[[2mby @jdx^[[0m – installing 3 tools
web	Run jdx/mise-action@7a4e45a543138629540c9a1616d08632b893e492	2026-10-05T09:50:06.7913675Z ^[[2mmise^[[0m ^[[38;5;11m⇢^[[0m bun@1.4.0    0ms · already installed
web	Run jdx/mise-action@7a4e45a543138629540c9a1616d08632b893e492	2026-10-05T09:50:06.7915785Z ^[[2mmise^[[0m ^[[38;5;11m⇢^[[0m node@26.8.1  0ms · already installed
web	Run jdx/mise-action@7a4e45a543138629540c9a1616d08632b893e492	2026-10-05T09:50:06.7921221Z ^[[2mmise^[[0m ^[[38;5;11m⇢^[[0m gh@2.100.0   0ms · already installed
web	Run jdx/mise-action@7a4e45a543138629540c9a1616d08632b893e492	2026-10-05T09:50:06.7922884Z ^[[2mmise^[[0m ^[[36m████████████████^[[0m^[[31m^[[0m^[[2m^[[0m 3/3 · installed 0 tools · 3 already installed in 1ms
web	Run jdx/mise-action@7a4e45a543138629540c9a1616d08632b893e492	2026-10-05T09:50:06.7923448Z ^[[2mmise^[[0m all tools are installed
web	Run jdx/mise-action@7a4e45a543138629540c9a1616d08632b893e492	2026-10-05T09:50:06.7959759Z ##[endgroup]
web	Run jdx/mise-action@7a4e45a543138629540c9a1616d08632b893e492	2026-10-05T09:50:06.7960249Z ##[group]Running mise ls
web	Run jdx/mise-action@7a4e45a543138629540c9a1616d08632b893e492	2026-10-05T09:50:06.7978639Z [command]/github/home/.local/share/mise/bin/mise ls
web	Run jdx/mise-action@7a4e45a543138629540c9a1616d08632b893e492	2026-10-05T09:50:06.8040039Z bun   1.4.0    /__w/ChronoShift/ChronoShift/mise.toml  1.4.0
web	Run jdx/mise-action@7a4e45a543138629540c9a1616d08632b893e492	2026-10-05T09:50:06.8040484Z gh    2.100.0  /__w/ChronoShift/ChronoShift/mise.toml  2.100.0
web	Run jdx/mise-action@7a4e45a543138629540c9a1616d08632b893e492	2026-10-05T09:50:06.8040869Z node  26.8.1   /__w/ChronoShift/ChronoShift/mise.toml  26.8.1
web	Run jdx/mise-action@7a4e45a543138629540c9a1616d08632b893e492	2026-10-05T09:50:06.8046967Z ##[endgroup]
web	Run jdx/mise-action@7a4e45a543138629540c9a1616d08632b893e492	2026-10-05T09:50:06.8048546Z ##[group]Exporting mise environment variables
web	Run jdx/mise-action@7a4e45a543138629540c9a1616d08632b893e492	2026-10-05T09:50:06.8143616Z [command]/github/home/.local/share/mise/bin/mise env --json
web	Run jdx/mise-action@7a4e45a543138629540c9a1616d08632b893e492	2026-10-05T09:50:06.8213497Z {
web	Run jdx/mise-action@7a4e45a543138629540c9a1616d08632b893e492	2026-10-05T09:50:06.8214959Z   "PATH": "/github/home/.local/share/mise/installs/bun/1.4.0/bin:/github/home/.local/share/mise/installs/node/26.8.1/bin:/github/home/.local/share/mise/installs/gh/2.100.0/gh_2.100.0_linux_amd64/bin:/github/home/.local/share/mise/shims:/github/home/.local/share/mise/bin:/usr/local/sbin:/usr/local/bin:/usr/sbin:/usr/bin:/sbin:/bin"
web	Run jdx/mise-action@7a4e45a543138629540c9a1616d08632b893e492	2026-10-05T09:50:06.8215903Z }
web	Run jdx/mise-action@7a4e45a543138629540c9a1616d08632b893e492	2026-10-05T09:50:06.8225333Z Adding /github/home/.local/share/mise/installs/gh/2.100.0/gh_2.100.0_linux_amd64/bin to PATH
web	Run jdx/mise-action@7a4e45a543138629540c9a1616d08632b893e492	2026-10-05T09:50:06.8225983Z Adding /github/home/.local/share/mise/installs/node/26.8.1/bin to PATH
web	Run jdx/mise-action@7a4e45a543138629540c9a1616d08632b893e492	2026-10-05T09:50:06.8226403Z Adding /github/home/.local/share/mise/installs/bun/1.4.0/bin to PATH
web	Run jdx/mise-action@7a4e45a543138629540c9a1616d08632b893e492	2026-10-05T09:50:06.8227024Z ##[endgroup]
web	Run bun install --frozen-lockfile	﻿2026-10-05T09:50:06.8364263Z ##[group]Run bun install --frozen-lockfile
web	Run bun install --frozen-lockfile	2026-10-05T09:50:06.8364637Z ^[[36;1mbun install --frozen-lockfile^[[0m
web	Run bun install --frozen-lockfile	2026-10-05T09:50:06.8365379Z shell: bash --noprofile --norc -e -o pipefail {0}
web	Run bun install --frozen-lockfile	2026-10-05T09:50:06.8365714Z env:
web	Run bun install --frozen-lockfile	2026-10-05T09:50:06.8365950Z   PLAYWRIGHT_BROWSERS_PATH: /ms-playwright
web	Run bun install --frozen-lockfile	2026-10-05T09:50:06.8366216Z   PLAYWRIGHT_IMAGE_VERSION: 1.63.0
web	Run bun install --frozen-lockfile	2026-10-05T09:50:06.8366492Z   CHRONOSHIFT_CI_TIMING: 0
web	Run bun install --frozen-lockfile	2026-10-05T09:50:06.8366749Z   PUBLISH_PAGES: true
web	Run bun install --frozen-lockfile	2026-10-05T09:50:06.8366972Z   MISE_LOG_LEVEL: info
web	Run bun install --frozen-lockfile	2026-10-05T09:50:06.8368696Z   MISE_GITHUB_TOKEN: ***
web	Run bun install --frozen-lockfile	2026-10-05T09:50:06.8369068Z   MISE_TRUSTED_CONFIG_PATHS: /__w/ChronoShift/ChronoShift
web	Run bun install --frozen-lockfile	2026-10-05T09:50:06.8369373Z   MISE_YES: 1
web	Run bun install --frozen-lockfile	2026-10-05T09:50:06.8369583Z ##[endgroup]
web	Run bun install --frozen-lockfile	2026-10-05T09:50:06.8793021Z bun install v1.4.0 (34cbb9a40)
web	Run bun install --frozen-lockfile	2026-10-05T09:50:07.6853896Z 
web	Run bun install --frozen-lockfile	2026-10-05T09:50:07.6854550Z + @axe-core/playwright@4.13.0
web	Run bun install --frozen-lockfile	2026-10-05T09:50:07.6854929Z + @playwright/test@1.63.0
web	Run bun install --frozen-lockfile	2026-10-05T09:50:07.6855535Z + @types/bun@1.4.2
web	Run bun install --frozen-lockfile	2026-10-05T09:50:07.6856048Z + @types/react@19.3.0
web	Run bun install --frozen-lockfile	2026-10-05T09:50:07.6856362Z + @types/react-dom@19.3.0
web	Run bun install --frozen-lockfile	2026-10-05T09:50:07.6856666Z + prettier@3.9.9
web	Run bun install --frozen-lockfile	2026-10-05T09:50:07.6856957Z + typescript@7.0.2
web	Run bun install --frozen-lockfile	2026-10-05T09:50:07.6857261Z + vite@8.3.2
web	Run bun install --frozen-lockfile	2026-10-05T09:50:07.6857580Z + @internationalized/date@3.12.4
web	Run bun install --frozen-lockfile	2026-10-05T09:50:07.6857940Z + @js-temporal/polyfill@0.5.1
web	Run bun install --frozen-lockfile	2026-10-05T09:50:07.6858285Z + chrono-node@2.10.2
web	Run bun install --frozen-lockfile	2026-10-05T09:50:07.6858609Z + react@19.3.0
web	Run bun install --frozen-lockfile	2026-10-05T09:50:07.6858875Z + react-aria-components@1.21.1
web	Run bun install --frozen-lockfile	2026-10-05T09:50:07.6859207Z + react-dom@19.3.0
web	Run bun install --frozen-lockfile	2026-10-05T09:50:07.6859405Z 
web	Run bun install --frozen-lockfile	2026-10-05T09:50:07.6859525Z 51 packages installed [806.00ms]
web	Verify the pinned browser image matches the dependency	﻿2026-10-05T09:50:07.6936649Z ##[group]Run bun -e 'const pkg = await Bun.file("node_modules/playwright/package.json").json(); if (pkg.version !== process.env.PLAYWRIGHT_IMAGE_VERSION) throw new Error("Update the pinned Playwright image and version guard with the dependency"); const { chromium, firefox, webkit } = await import("@playwright/test"); for (const browser of [chromium, firefox, webkit]) if (!(await Bun.file(browser.executablePath()).exists())) throw new Error("The pinned image is missing " + browser.name());'
web	Verify the pinned browser image matches the dependency	2026-10-05T09:50:07.6939216Z ^[[36;1mbun -e 'const pkg = await Bun.file("node_modules/playwright/package.json").json(); if (pkg.version !== process.env.PLAYWRIGHT_IMAGE_VERSION) throw new Error("Update the pinned Playwright image and version guard with the dependency"); const { chromium, firefox, webkit } = await import("@playwright/test"); for (const browser of [chromium, firefox, webkit]) if (!(await Bun.file(browser.executablePath()).exists())) throw new Error("The pinned image is missing " + browser.name());'^[[0m
web	Verify the pinned browser image matches the dependency	2026-10-05T09:50:07.6940743Z shell: bash --noprofile --norc -e -o pipefail {0}
web	Verify the pinned browser image matches the dependency	2026-10-05T09:50:07.6941049Z env:
web	Verify the pinned browser image matches the dependency	2026-10-05T09:50:07.6941303Z   PLAYWRIGHT_BROWSERS_PATH: /ms-playwright
web	Verify the pinned browser image matches the dependency	2026-10-05T09:50:07.6941595Z   PLAYWRIGHT_IMAGE_VERSION: 1.63.0
web	Verify the pinned browser image matches the dependency	2026-10-05T09:50:07.6941980Z   CHRONOSHIFT_CI_TIMING: 0
web	Verify the pinned browser image matches the dependency	2026-10-05T09:50:07.6942264Z   PUBLISH_PAGES: true
web	Verify the pinned browser image matches the dependency	2026-10-05T09:50:07.6942483Z   MISE_LOG_LEVEL: info
web	Verify the pinned browser image matches the dependency	2026-10-05T09:50:07.6944666Z   MISE_GITHUB_TOKEN: ***
web	Verify the pinned browser image matches the dependency	2026-10-05T09:50:07.6944996Z   MISE_TRUSTED_CONFIG_PATHS: /__w/ChronoShift/ChronoShift
web	Verify the pinned browser image matches the dependency	2026-10-05T09:50:07.6945301Z   MISE_YES: 1
web	Verify the pinned browser image matches the dependency	2026-10-05T09:50:07.6945507Z ##[endgroup]
web	Run bun run format:check	﻿2026-10-05T09:50:08.1720151Z ##[group]Run bun run format:check
web	Run bun run format:check	2026-10-05T09:50:08.1720508Z ^[[36;1mbun run format:check^[[0m
web	Run bun run format:check	2026-10-05T09:50:08.1721188Z shell: bash --noprofile --norc -e -o pipefail {0}
web	Run bun run format:check	2026-10-05T09:50:08.1721531Z env:
web	Run bun run format:check	2026-10-05T09:50:08.1721771Z   PLAYWRIGHT_BROWSERS_PATH: /ms-playwright
web	Run bun run format:check	2026-10-05T09:50:08.1722072Z   PLAYWRIGHT_IMAGE_VERSION: 1.63.0
web	Run bun run format:check	2026-10-05T09:50:08.1722338Z   CHRONOSHIFT_CI_TIMING: 0
web	Run bun run format:check	2026-10-05T09:50:08.1722600Z   PUBLISH_PAGES: true
web	Run bun run format:check	2026-10-05T09:50:08.1722820Z   MISE_LOG_LEVEL: info
web	Run bun run format:check	2026-10-05T09:50:08.1725300Z   MISE_GITHUB_TOKEN: ***
web	Run bun run format:check	2026-10-05T09:50:08.1725638Z   MISE_TRUSTED_CONFIG_PATHS: /__w/ChronoShift/ChronoShift
web	Run bun run format:check	2026-10-05T09:50:08.1725907Z   MISE_YES: 1
web	Run bun run format:check	2026-10-05T09:50:08.1726143Z ##[endgroup]
web	Run bun run format:check	2026-10-05T09:50:08.2187022Z $ bunx --bun prettier --check web scripts/*.ts tests e2e *.ts
web	Run bun run format:check	2026-10-05T09:50:08.2918199Z Checking formatting...
web	Run bun run format:check	2026-10-05T09:50:09.5883834Z All matched files use Prettier code style!
web	Unit tests and production build	﻿2026-10-05T09:50:09.6035063Z ##[group]Run bun run test
web	Unit tests and production build	2026-10-05T09:50:09.6035481Z ^[[36;1mbun run test^[[0m
web	Unit tests and production build	2026-10-05T09:50:09.6035769Z ^[[36;1mbun run build^[[0m
web	Unit tests and production build	2026-10-05T09:50:09.6036418Z shell: bash --noprofile --norc -e -o pipefail {0}
web	Unit tests and production build	2026-10-05T09:50:09.6036799Z env:
web	Unit tests and production build	2026-10-05T09:50:09.6037111Z   PLAYWRIGHT_BROWSERS_PATH: /ms-playwright
web	Unit tests and production build	2026-10-05T09:50:09.6037657Z   PLAYWRIGHT_IMAGE_VERSION: 1.63.0
web	Unit tests and production build	2026-10-05T09:50:09.6038046Z   CHRONOSHIFT_CI_TIMING: 0
web	Unit tests and production build	2026-10-05T09:50:09.6038360Z   PUBLISH_PAGES: true
web	Unit tests and production build	2026-10-05T09:50:09.6038646Z   MISE_LOG_LEVEL: info
web	Unit tests and production build	2026-10-05T09:50:09.6041381Z   MISE_GITHUB_TOKEN: ***
web	Unit tests and production build	2026-10-05T09:50:09.6041746Z   MISE_TRUSTED_CONFIG_PATHS: /__w/ChronoShift/ChronoShift
web	Unit tests and production build	2026-10-05T09:50:09.6042140Z   MISE_YES: 1
web	Unit tests and production build	2026-10-05T09:50:09.6042452Z ##[endgroup]
web	Unit tests and production build	2026-10-05T09:50:09.6558292Z $ bun test tests
web	Unit tests and production build	2026-10-05T09:50:09.6570506Z bun test v1.4.0 (34cbb9a40)
web	Unit tests and production build	2026-10-05T09:50:09.6911280Z 
web	Unit tests and production build	2026-10-05T09:50:09.6913312Z ##[group]tests/console-capture.test.ts:
web	Unit tests and production build	2026-10-05T09:50:09.6926774Z (pass) navigation-lost console payload retains a stable event and flush waits for full metadata [0.74ms]
web	Unit tests and production build	2026-10-05T09:50:09.6927878Z (pass) unexpected capture failure is surfaced by flush instead of being swallowed [0.26ms]
web	Unit tests and production build	2026-10-05T09:50:09.6928295Z 
web	Unit tests and production build	2026-10-05T09:50:09.6928790Z ##[endgroup]
web	Unit tests and production build	2026-10-05T09:50:09.6928941Z 
web	Unit tests and production build	2026-10-05T09:50:09.6929336Z ##[group]tests/offline.test.ts:
web	Unit tests and production build	2026-10-05T09:50:09.7020146Z (pass) first installation reports safe asset/release identity before a controller exists [2.09ms]
web	Unit tests and production build	2026-10-05T09:50:09.7022215Z (pass) embedded navigation shell installs exact HTML without a network document [1.38ms]
web	Unit tests and production build	2026-10-05T09:50:09.7035865Z (pass) embedded navigation shell rejects inconsistent build bytes [1.18ms]
web	Unit tests and production build	2026-10-05T09:50:09.7047700Z (pass) claim requires a verified cache and scoped window: complete=true, inside=true [0.90ms]
web	Unit tests and production build	2026-10-05T09:50:09.7049252Z (pass) claim requires a verified cache and scoped window: complete=false, inside=true [0.12ms]
web	Unit tests and production build	2026-10-05T09:50:09.7051538Z (pass) claim requires a verified cache and scoped window: complete=true, inside=false [0.15ms]
web	Unit tests and production build	2026-10-05T09:50:09.7052131Z 
web	Unit tests and production build	2026-10-05T09:50:09.7052909Z ##[endgroup]
web	Unit tests and production build	2026-10-05T09:50:09.7053294Z 
web	Unit tests and production build	2026-10-05T09:50:09.7054201Z ##[group]tests/publishing.test.ts:
web	Unit tests and production build	2026-10-05T09:50:09.7079050Z (pass) publication reuse requires a trusted complete PR verification and exact tree [0.38ms]
web	Unit tests and production build	2026-10-05T09:50:09.7079932Z 
web	Unit tests and production build	2026-10-05T09:50:09.7080607Z ##[endgroup]
web	Unit tests and production build	2026-10-05T09:50:09.7080984Z 
web	Unit tests and production build	2026-10-05T09:50:09.7081611Z ##[group]tests/corpus.test.ts:
web	Unit tests and production build	2026-10-05T09:50:09.9265363Z (pass) all resilience corpus inputs execute the browser engine without crashing [165.59ms]
web	Unit tests and production build	2026-10-05T09:50:09.9265938Z 
web	Unit tests and production build	2026-10-05T09:50:09.9266470Z ##[endgroup]
web	Unit tests and production build	2026-10-05T09:50:09.9266682Z 
web	Unit tests and production build	2026-10-05T09:50:09.9267092Z ##[group]tests/conversion.test.ts:
web	Unit tests and production build	2026-10-05T09:50:09.9267606Z (pass) independently specified temporal fixtures > fixed EST in spring [0.77ms]
web	Unit tests and production build	2026-10-05T09:50:09.9285405Z (pass) independently specified temporal fixtures > fixed PST in summer [0.97ms]
web	Unit tests and production build	2026-10-05T09:50:09.9286222Z (pass) independently specified temporal fixtures > regional PT summer [0.42ms]
web	Unit tests and production build	2026-10-05T09:50:09.9286958Z (pass) independently specified temporal fixtures > regional PT winter [0.38ms]
web	Unit tests and production build	2026-10-05T09:50:09.9290571Z (pass) independently specified temporal fixtures > regional ET [0.82ms]
web	Unit tests and production build	2026-10-05T09:50:09.9299530Z (pass) independently specified temporal fixtures > CST ambiguity [0.82ms]
web	Unit tests and production build	2026-10-05T09:50:09.9308752Z (pass) independently specified temporal fixtures > IST ambiguity [0.88ms]
web	Unit tests and production build	2026-10-05T09:50:09.9322984Z (pass) independently specified temporal fixtures > BST ambiguity [0.94ms]
web	Unit tests and production build	2026-10-05T09:50:09.9323859Z (pass) independently specified temporal fixtures > AST ambiguity [0.48ms]
web	Unit tests and production build	2026-10-05T09:50:09.9332152Z (pass) independently specified temporal fixtures > quarter hour offset [0.89ms]
web	Unit tests and production build	2026-10-05T09:50:09.9340161Z (pass) independently specified temporal fixtures > negative half hour offset [0.79ms]
web	Unit tests and production build	2026-10-05T09:50:09.9346294Z (pass) independently specified temporal fixtures > invalid minutes [0.61ms]
web	Unit tests and production build	2026-10-05T09:50:09.9356031Z (pass) independently specified temporal fixtures > invalid offset bound [0.56ms]
web	Unit tests and production build	2026-10-05T09:50:09.9356924Z (pass) independently specified temporal fixtures > ISO offset [0.39ms]
web	Unit tests and production build	2026-10-05T09:50:09.9364559Z (pass) independently specified temporal fixtures > relative tomorrow [0.82ms]
web	Unit tests and production build	2026-10-05T09:50:09.9374360Z (pass) independently specified temporal fixtures > relative in Tokyo [0.93ms]
web	Unit tests and production build	2026-10-05T09:50:09.9382804Z (pass) independently specified temporal fixtures > source date across midnight [0.85ms]
web	Unit tests and production build	2026-10-05T09:50:09.9386754Z (pass) independently specified temporal fixtures > city Tokyo [0.44ms]
web	Unit tests and production build	2026-10-05T09:50:09.9390146Z (pass) independently specified temporal fixtures > city Mumbai [0.35ms]
web	Unit tests and production build	2026-10-05T09:50:09.9405538Z (pass) independently specified temporal fixtures > city Berlin summer [1.47ms]
web	Unit tests and production build	2026-10-05T09:50:09.9411930Z (pass) independently specified temporal fixtures > accented city [0.65ms]
web	Unit tests and production build	2026-10-05T09:50:09.9426117Z (pass) independently specified temporal fixtures > unique typo disclosure [0.73ms]
web	Unit tests and production build	2026-10-05T09:50:09.9427076Z (pass) independently specified temporal fixtures > unknown city [0.37ms]
web	Unit tests and production build	2026-10-05T09:50:09.9428019Z (pass) independently specified temporal fixtures > unknown abbreviation [0.11ms]
web	Unit tests and production build	2026-10-05T09:50:09.9429455Z (pass) independently specified temporal fixtures > IANA identity [0.59ms]
web	Unit tests and production build	2026-10-05T09:50:09.9439110Z (pass) independently specified temporal fixtures > spring gap [0.83ms]
web	Unit tests and production build	2026-10-05T09:50:09.9443874Z (pass) independently specified temporal fixtures > autumn fold [0.40ms]
web	Unit tests and production build	2026-10-05T09:50:09.9448525Z (pass) independently specified temporal fixtures > Sydney spring gap [0.47ms]
web	Unit tests and production build	2026-10-05T09:50:09.9452197Z (pass) independently specified temporal fixtures > Sydney autumn fold [0.37ms]
web	Unit tests and production build	2026-10-05T09:50:09.9455563Z (pass) independently specified temporal fixtures > date only [0.32ms]
web	Unit tests and production build	2026-10-05T09:50:09.9459032Z (pass) independently specified temporal fixtures > month day convention [0.35ms]
web	Unit tests and production build	2026-10-05T09:50:09.9465146Z (pass) independently specified temporal fixtures > day month convention [0.52ms]
web	Unit tests and production build	2026-10-05T09:50:09.9470753Z (pass) independently specified temporal fixtures > header date context [0.58ms]
web	Unit tests and production build	2026-10-05T09:50:09.9475562Z (pass) independently specified temporal fixtures > paragraph isolation [0.46ms]
web	Unit tests and production build	2026-10-05T09:50:09.9480358Z (pass) independently specified temporal fixtures > second explicit date [0.48ms]
web	Unit tests and production build	2026-10-05T09:50:09.9484927Z (pass) independently specified temporal fixtures > same date range [0.43ms]
web	Unit tests and production build	2026-10-05T09:50:09.9489190Z (pass) independently specified temporal fixtures > overnight range [0.46ms]
web	Unit tests and production build	2026-10-05T09:50:09.9492770Z (pass) independently specified temporal fixtures > Unix seconds [0.24ms]
web	Unit tests and production build	2026-10-05T09:50:09.9496219Z (pass) independently specified temporal fixtures > Unix text order [0.40ms]
web	Unit tests and production build	2026-10-05T09:50:09.9500869Z (pass) independently specified temporal fixtures > duplicate mentions [0.48ms]
web	Unit tests and production build	2026-10-05T09:50:09.9504466Z (pass) independently specified temporal fixtures > distinct dates retained [0.37ms]
web	Unit tests and production build	2026-10-05T09:50:09.9508229Z (pass) independently specified temporal fixtures > missing timezone source default [0.33ms]
web	Unit tests and production build	2026-10-05T09:50:09.9509433Z (pass) independently specified temporal fixtures > no matching time [0.05ms]
web	Unit tests and production build	2026-10-05T09:50:09.9512586Z (pass) independently specified temporal fixtures > HTML remains text [0.26ms]
web	Unit tests and production build	2026-10-05T09:50:09.9516371Z (pass) independently specified temporal fixtures > relative source date at UTC midnight [0.26ms]
web	Unit tests and production build	2026-10-05T09:50:09.9517462Z (pass) independently specified temporal fixtures > relative header in source zone [0.27ms]
web	Unit tests and production build	2026-10-05T09:50:09.9520719Z (pass) independently specified temporal fixtures > unrelated sentence date reset [0.40ms]
web	Unit tests and production build	2026-10-05T09:50:09.9524568Z (pass) independently specified temporal fixtures > military time with fixed zone [0.27ms]
web	Unit tests and production build	2026-10-05T09:50:09.9528070Z (pass) independently specified temporal fixtures > military Zulu [0.15ms]
web	Unit tests and production build	2026-10-05T09:50:09.9529211Z (pass) independently specified temporal fixtures > shorthand meridiem [0.33ms]
web	Unit tests and production build	2026-10-05T09:50:09.9534291Z (pass) independently specified temporal fixtures > between range [0.59ms]
web	Unit tests and production build	2026-10-05T09:50:09.9537773Z (pass) independently specified temporal fixtures > unknown IANA wins over adjacent UTC token [0.31ms]
web	Unit tests and production build	2026-10-05T09:50:09.9541282Z (pass) independently specified temporal fixtures > leap day retained [0.34ms]
web	Unit tests and production build	2026-10-05T09:50:09.9544913Z (pass) independently specified temporal fixtures > bare city summer rules [0.32ms]
web	Unit tests and production build	2026-10-05T09:50:09.9548424Z (pass) independently specified temporal fixtures > city before prose [0.34ms]
web	Unit tests and production build	2026-10-05T09:50:09.9551695Z (pass) independently specified temporal fixtures > NYC alias [0.29ms]
web	Unit tests and production build	2026-10-05T09:50:09.9555194Z (pass) independently specified temporal fixtures > Melbourne alias [0.46ms]
web	Unit tests and production build	2026-10-05T09:50:09.9558766Z (pass) independently specified temporal fixtures > 2015 Unix boundary [0.10ms]
web	Unit tests and production build	2026-10-05T09:50:09.9559911Z (pass) independently specified temporal fixtures > 2035 Unix boundary [0.06ms]
web	Unit tests and production build	2026-10-05T09:50:09.9563368Z (pass) independently specified temporal fixtures > explicit zone upgrades default duplicate [0.46ms]
web	Unit tests and production build	2026-10-05T09:50:09.9566817Z (pass) independently specified temporal fixtures > ISO fractional seconds [0.36ms]
web	Unit tests and production build	2026-10-05T09:50:09.9568050Z (pass) independently specified temporal fixtures > partial colloquial match must not convert wrong time [0.15ms]
web	Unit tests and production build	2026-10-05T09:50:09.9572586Z (pass) independently specified temporal fixtures > vague approximate hour [0.07ms]
web	Unit tests and production build	2026-10-05T09:50:09.9573632Z (pass) independently specified temporal fixtures > no invented end of business hour [0.04ms]
web	Unit tests and production build	2026-10-05T09:50:09.9574601Z (pass) independently specified temporal fixtures > city before target-zone sentence [0.38ms]
web	Unit tests and production build	2026-10-05T09:50:09.9578815Z (pass) independently specified temporal fixtures > city before colleague timezone [0.30ms]
web	Unit tests and production build	2026-10-05T09:50:09.9584217Z (pass) independently specified temporal fixtures > city-qualified endpoint range [0.91ms]
web	Unit tests and production build	2026-10-05T09:50:09.9589488Z (pass) independently specified temporal fixtures > numeric offset endpoint range [0.54ms]
web	Unit tests and production build	2026-10-05T09:50:09.9596829Z (pass) independently specified temporal fixtures > repeated-zone overnight range [0.72ms]
web	Unit tests and production build	2026-10-05T09:50:09.9601477Z (pass) independently specified temporal fixtures > distinct endpoint zone clocks [0.45ms]
web	Unit tests and production build	2026-10-05T09:50:09.9608779Z (pass) independently specified temporal fixtures > regional repeated-zone overnight range [0.69ms]
web	Unit tests and production build	2026-10-05T09:50:09.9612329Z (pass) independently specified temporal fixtures > malformed three-digit offset minutes [0.13ms]
web	Unit tests and production build	2026-10-05T09:50:09.9613400Z (pass) independently specified temporal fixtures > malformed one-digit offset minutes [0.10ms]
web	Unit tests and production build	2026-10-05T09:50:09.9659107Z (pass) independently specified temporal fixtures > unsupported unicode offset minus [2.63ms]
web	Unit tests and production build	2026-10-05T09:50:09.9684721Z (pass) independently specified temporal fixtures > IANA numeric suffix identity [0.49ms]
web	Unit tests and production build	2026-10-05T09:50:09.9685496Z (pass) independently specified temporal fixtures > lowercase fixed zone [0.19ms]
web	Unit tests and production build	2026-10-05T09:50:09.9686111Z (pass) independently specified temporal fixtures > mixed-case fixed zone [0.19ms]
web	Unit tests and production build	2026-10-05T09:50:09.9686711Z (pass) independently specified temporal fixtures > lowercase numeric zone [0.20ms]
web	Unit tests and production build	2026-10-05T09:50:09.9687402Z (pass) independently specified temporal fixtures > range before colleague zone prose [0.42ms]
web	Unit tests and production build	2026-10-05T09:50:09.9688027Z (pass) independently specified temporal fixtures > range before format zone prose [0.43ms]
web	Unit tests and production build	2026-10-05T09:50:09.9688687Z (pass) independently specified temporal fixtures > dotted meridiem overnight range [0.74ms]
web	Unit tests and production build	2026-10-05T09:50:09.9702629Z (pass) independently specified temporal fixtures > military endpoint zone range [2.60ms]
web	Unit tests and production build	2026-10-05T09:50:09.9722004Z (pass) independently specified temporal fixtures > IANA qualified overnight range [1.15ms]
web	Unit tests and production build	2026-10-05T09:50:09.9735150Z (pass) independently specified temporal fixtures > city qualified overnight range [0.77ms]
web	Unit tests and production build	2026-10-05T09:50:09.9774993Z (pass) independently specified temporal fixtures > reject complete malformed offset UTC+05foo [0.17ms]
web	Unit tests and production build	2026-10-05T09:50:09.9798418Z (pass) independently specified temporal fixtures > reject complete malformed offset UTC+05:30abc [0.11ms]
web	Unit tests and production build	2026-10-05T09:50:09.9829774Z (pass) independently specified temporal fixtures > reject complete malformed offset UTC+5.5 [0.09ms]
web	Unit tests and production build	2026-10-05T09:50:09.9831409Z (pass) independently specified temporal fixtures > reject complete malformed offset GMT+2.5 [0.13ms]
web	Unit tests and production build	2026-10-05T09:50:09.9832167Z (pass) independently specified temporal fixtures > range propagates trailing explicit date [0.44ms]
web	Unit tests and production build	2026-10-05T09:50:09.9832984Z (pass) independently specified temporal fixtures > range infers trailing next year [0.83ms]
web	Unit tests and production build	2026-10-05T09:50:09.9834119Z (pass) independently specified temporal fixtures > range second precision rollover [0.78ms]
web	Unit tests and production build	2026-10-05T09:50:09.9834894Z (pass) independently specified temporal fixtures > cross-city civil overnight range [0.71ms]
web	Unit tests and production build	2026-10-05T09:50:09.9835760Z (pass) independently specified temporal fixtures > bare city overnight range [0.80ms]
web	Unit tests and production build	2026-10-05T09:50:09.9836566Z (pass) independently specified temporal fixtures > qualified until city range [0.69ms]
web	Unit tests and production build	2026-10-05T09:50:09.9837280Z (pass) independently specified temporal fixtures > reject repeated offset sign [0.15ms]
web	Unit tests and production build	2026-10-05T09:50:09.9837992Z (pass) independently specified temporal fixtures > reject malformed sign UTC++5 [0.10ms]
web	Unit tests and production build	2026-10-05T09:50:09.9838723Z (pass) independently specified temporal fixtures > reject malformed sign UTC+-5 [0.10ms]
web	Unit tests and production build	2026-10-05T09:50:09.9839438Z (pass) independently specified temporal fixtures > reject malformed sign UTC+ [0.09ms]
web	Unit tests and production build	2026-10-05T09:50:09.9840130Z (pass) formatting rolls into next day and copy includes full context [2.27ms]
web	Unit tests and production build	2026-10-05T09:50:09.9840826Z (pass) negative fractional offset never invents a location [0.62ms]
web	Unit tests and production build	2026-10-05T09:50:09.9841463Z (pass) short fuzzy city and unknown guesses are rejected [1.92ms]
web	Unit tests and production build	2026-10-05T09:50:09.9842196Z (pass) valid input at limit converts; arbitrary numbers and milliseconds stay unparsed [1.20ms]
web	Unit tests and production build	2026-10-05T09:50:09.9842931Z (pass) range keeps textual identities and both endpoints [0.46ms]
web	Unit tests and production build	2026-10-05T09:50:09.9843542Z (pass) input limit and invalid target give actionable errors [0.15ms]
web	Unit tests and production build	2026-10-05T09:50:09.9847365Z (pass) reference date override leaves source zone independent of target [1.01ms]
web	Unit tests and production build	2026-10-05T09:50:09.9858959Z 
web	Unit tests and production build	2026-10-05T09:50:09.9859992Z ##[endgroup]
web	Unit tests and production build	2026-10-05T09:50:09.9860353Z 
web	Unit tests and production build	2026-10-05T09:50:09.9860891Z ##[group]tests/preview.test.ts:
web	Unit tests and production build	2026-10-05T09:50:10.0456166Z (pass) preview publication accepts identical trees and rejects merged content differences [59.71ms]
web	Unit tests and production build	2026-10-05T09:50:10.0456594Z 
web	Unit tests and production build	2026-10-05T09:50:10.0457045Z ##[endgroup]
web	Unit tests and production build	2026-10-05T09:50:10.0457155Z 
web	Unit tests and production build	2026-10-05T09:50:10.0457277Z  116 pass
web	Unit tests and production build	2026-10-05T09:50:10.0457491Z  0 fail
web	Unit tests and production build	2026-10-05T09:50:10.0457737Z  725 expect() calls
web	Unit tests and production build	2026-10-05T09:50:10.0457989Z Ran 116 tests across 6 files. [388.00ms]
web	Unit tests and production build	2026-10-05T09:50:10.0523317Z $ bun run typecheck && bun scripts/third-party-notices.ts && bunx --bun vite build && bun scripts/build-offline.ts
web	Unit tests and production build	2026-10-05T09:50:10.0554916Z $ bunx --bun tsc --noEmit
web	Unit tests and production build	2026-10-05T09:50:10.4975750Z Included notices for 19 production packages.
web	Unit tests and production build	2026-10-05T09:50:10.6771165Z ^[[36mvite v8.3.2 ^[[32mbuilding client environment for production...^[[36m^[[39m
web	Unit tests and production build	2026-10-05T09:50:10.6871204Z transforming...
web	Unit tests and production build	2026-10-05T09:50:10.8941781Z ✓ 644 modules transformed.
web	Unit tests and production build	2026-10-05T09:50:10.9435328Z rendering chunks...
web	Unit tests and production build	2026-10-05T09:50:11.0399354Z computing gzip size...
web	Unit tests and production build	2026-10-05T09:50:11.0494979Z dist/index.html                                    0.80 kB │ gzip:   0.44 kB
web	Unit tests and production build	2026-10-05T09:50:11.0495862Z dist/assets/geist-latin-variable-Dm3htQBi.woff2   28.40 kB
web	Unit tests and production build	2026-10-05T09:50:11.0496354Z dist/assets/worker-C690IjaR.js                   221.14 kB
web	Unit tests and production build	2026-10-05T09:50:11.0496932Z dist/assets/index-Bst_xchV.css                    20.74 kB │ gzip:   4.83 kB
web	Unit tests and production build	2026-10-05T09:50:11.0497981Z dist/assets/index-B3d9YDa-.js                    775.64 kB │ gzip: 235.35 kB
web	Unit tests and production build	2026-10-05T09:50:11.0498311Z 
web	Unit tests and production build	2026-10-05T09:50:11.0499057Z ^[[32m✓ built in 370ms^[[39m
web	Unit tests and production build	2026-10-05T09:50:11.0503597Z ^[[33m[plugin builtin:vite-reporter] 
web	Unit tests and production build	2026-10-05T09:50:11.0504333Z (!) Some chunks are larger than 500 kB after minification. Consider:
web	Unit tests and production build	2026-10-05T09:50:11.0504871Z - Using dynamic import() to code-split the application
web	Unit tests and production build	2026-10-05T09:50:11.0505660Z - Use build.rolldownOptions.output.codeSplitting to improve chunking: https://rolldown.rs/reference/OutputOptions.codeSplitting
web	Unit tests and production build	2026-10-05T09:50:11.0506725Z - Adjust chunk size limit for this warning via build.chunkSizeWarningLimit.^[[39m
web	Unit tests and production build	2026-10-05T09:50:11.0807940Z Offline version 111995cfa751803f: 13 local assets, /
web	Verify the standalone conversion corpus audit	﻿2026-10-05T09:50:11.0888494Z ##[group]Run bun run corpus:audit
web	Verify the standalone conversion corpus audit	2026-10-05T09:50:11.0888973Z ^[[36;1mbun run corpus:audit^[[0m
web	Verify the standalone conversion corpus audit	2026-10-05T09:50:11.0889515Z ^[[36;1mdiff -u "$RUNNER_TEMP/chronoshift-corpus-audit.json" docs/planning/corpus-audit.json^[[0m
web	Verify the standalone conversion corpus audit	2026-10-05T09:50:11.0890233Z shell: bash --noprofile --norc -e -o pipefail {0}
web	Verify the standalone conversion corpus audit	2026-10-05T09:50:11.0890611Z env:
web	Verify the standalone conversion corpus audit	2026-10-05T09:50:11.0890939Z   PLAYWRIGHT_BROWSERS_PATH: /ms-playwright
web	Verify the standalone conversion corpus audit	2026-10-05T09:50:11.0891353Z   PLAYWRIGHT_IMAGE_VERSION: 1.63.0
web	Verify the standalone conversion corpus audit	2026-10-05T09:50:11.0891704Z   CHRONOSHIFT_CI_TIMING: 0
web	Verify the standalone conversion corpus audit	2026-10-05T09:50:11.0892010Z   PUBLISH_PAGES: true
web	Verify the standalone conversion corpus audit	2026-10-05T09:50:11.0892341Z   MISE_LOG_LEVEL: info
web	Verify the standalone conversion corpus audit	2026-10-05T09:50:11.0895611Z   MISE_GITHUB_TOKEN: ***
web	Verify the standalone conversion corpus audit	2026-10-05T09:50:11.0896155Z   MISE_TRUSTED_CONFIG_PATHS: /__w/ChronoShift/ChronoShift
web	Verify the standalone conversion corpus audit	2026-10-05T09:50:11.0896547Z   MISE_YES: 1
web	Verify the standalone conversion corpus audit	2026-10-05T09:50:11.0896800Z ##[endgroup]
web	Verify the standalone conversion corpus audit	2026-10-05T09:50:11.1332624Z $ bun scripts/audit-corpus.ts
web	Verify the standalone conversion corpus audit	2026-10-05T09:50:11.3835216Z 353 real inputs exercised; 0 crashes; 29 cases need review of legacy expectations or parser gaps.
web	Run bun run test:browser	﻿2026-10-05T09:50:11.3951543Z ##[group]Run bun scripts/ci-environment.ts before
web	Run bun run test:browser	2026-10-05T09:50:11.3952075Z ^[[36;1mbun scripts/ci-environment.ts before^[[0m
web	Run bun run test:browser	2026-10-05T09:50:11.3952367Z ^[[36;1mbun run test:browser^[[0m
web	Run bun run test:browser	2026-10-05T09:50:11.3952958Z shell: bash --noprofile --norc -e -o pipefail {0}
web	Run bun run test:browser	2026-10-05T09:50:11.3953349Z env:
web	Run bun run test:browser	2026-10-05T09:50:11.3953631Z   PLAYWRIGHT_BROWSERS_PATH: /ms-playwright
web	Run bun run test:browser	2026-10-05T09:50:11.3954145Z   PLAYWRIGHT_IMAGE_VERSION: 1.63.0
web	Run bun run test:browser	2026-10-05T09:50:11.3954423Z   CHRONOSHIFT_CI_TIMING: 0
web	Run bun run test:browser	2026-10-05T09:50:11.3954677Z   PUBLISH_PAGES: true
web	Run bun run test:browser	2026-10-05T09:50:11.3954931Z   MISE_LOG_LEVEL: info
web	Run bun run test:browser	2026-10-05T09:50:11.3956653Z   MISE_GITHUB_TOKEN: ***
web	Run bun run test:browser	2026-10-05T09:50:11.3957011Z   MISE_TRUSTED_CONFIG_PATHS: /__w/ChronoShift/ChronoShift
web	Run bun run test:browser	2026-10-05T09:50:11.3957292Z   MISE_YES: 1
web	Run bun run test:browser	2026-10-05T09:50:11.3957493Z ##[endgroup]
web	Run bun run test:browser	2026-10-05T09:50:11.4469897Z $ bunx --bun playwright test
web	Run bun run test:browser	2026-10-05T09:50:11.4472105Z [ci-environment] {"at":"2026-10-05T09:50:11.444Z","phase":"before","platform":"linux","architecture":"x64","osRelease":"6.17.0-1022-azure","availableParallelism":4,"logicalCpus":4,"cpuModel":"Intel(R) Xeon(R) 6973P-C","totalMemoryBytes":16765374464,"cgroup":{"cpu.max":"max 100000","cpu.stat":"usage_usec 15242548\nuser_usec 12520124\nsystem_usec 2722423\nnice_usec 0\ncore_sched.force_idle_usec 0\nnr_periods 0\nnr_throttled 0\nthrottled_usec 0\nnr_bursts 0\nburst_usec 0","memory.max":"max","memory.peak":"1620557824","memory.events":"low 0\nhigh 0\nmax 0\noom 0\noom_kill 0\noom_group_kill 0"}}
web	Run bun run test:browser	2026-10-05T09:50:12.5308099Z 
web	Run bun run test:browser	2026-10-05T09:50:12.5309005Z Running 273 tests using 4 workers
web	Run bun run test:browser	2026-10-05T09:50:12.5309279Z 
web	Run bun run test:browser	2026-10-05T09:50:14.4232524Z   ✓    2 [foldable] › e2e/foldable.spec.ts:112:0 › notch and home-indicator safe areas inset the task (1.2s)
web	Run bun run test:browser	2026-10-05T09:50:15.2712678Z   ✓    1 [foldable] › e2e/foldable.spec.ts:70:0 › tabletop posture confines the scrollable task to the upper screen (2.1s)
web	Run bun run test:browser	2026-10-05T09:50:15.4451158Z   ✓    3 [foldable] › e2e/foldable.spec.ts:4:0 › input and results avoid a vertical hinge and survive folding (2.2s)
web	Run bun run test:browser	2026-10-05T09:50:16.8785340Z   ✓    4 [chromium] › e2e/app.spec.ts:6:0 › worker failure recovers and a late response cannot resurrect cleared input (3.6s)
web	Run bun run test:browser	2026-10-05T09:50:17.6720982Z   ✓    5 [chromium] › e2e/app.spec.ts:67:0 › an intact offline app survives a failed registration check while changing target zones (2.7s)
web	Run bun run test:browser	2026-10-05T09:50:18.2734587Z   ✓    6 [chromium] › e2e/app.spec.ts:90:0 › a delayed failed readiness probe cannot overwrite a newer successful check (2.3s)
web	Run bun run test:browser	2026-10-05T09:50:18.4618679Z   ✓    8 [chromium] › e2e/app.spec.ts:162:0 › pasted HTML cannot execute or fetch its URL (1.6s)
web	Run bun run test:browser	2026-10-05T09:50:18.5640681Z   ✓    7 [chromium] › e2e/app.spec.ts:130:0 › missing cache reports incomplete and reconnect repairs the complete offline app (2.4s)
web	Run bun run test:browser	2026-10-05T09:50:19.2006917Z   ✓    9 [chromium] › e2e/app.spec.ts:182:0 › convert, inspect ambiguity, copy manually and protect privacy (1.5s)
web	Run bun run test:browser	2026-10-05T09:50:20.6538429Z   ✓   10 [chromium] › e2e/app.spec.ts:215:0 › close and reopen offline, then convert previously unseen input (2.4s)
web	Run bun run test:browser	2026-10-05T09:50:20.8592779Z   ✓   11 [chromium] › e2e/app.spec.ts:239:0 › preferences persist, input does not; denied storage still converts (2.4s)
web	Run bun run test:browser	2026-10-05T09:50:21.9337609Z   ✓   14 [chromium] › e2e/app.spec.ts:340:0 › offline POST share is single-use and never places message in URL (1.3s)
web	Run bun run test:browser	2026-10-05T09:50:22.0597093Z   ✓   12 [chromium] › e2e/app.spec.ts:267:0 › input errors recover, edits invalidate results, keyboard keeps multiline input (3.5s)
web	Run bun run test:browser	2026-10-05T09:50:23.4466267Z   ✓   13 [chromium] › e2e/app.spec.ts:286:0 › readable at 320px, dark mode, with no serious accessibility violations (4.2s)
web	Run bun run test:browser	2026-10-05T09:50:25.2455029Z   ✓   15 [chromium] › e2e/app.spec.ts:378:0 › an update waits, preserves draft on opt-in, and survives a partial next update (4.4s)
web	Run bun run test:browser	2026-10-05T09:50:27.6317266Z   ✓   19 [chromium] › e2e/controls.spec.ts:407:0 › hovering timezone suggestions preserves typed values while explicit selections still commit (2.4s)
web	Run bun run test:browser	2026-10-05T09:50:27.7501283Z   ✓   18 [chromium] › e2e/controls.spec.ts:339:0 › timezone search preserves freeform offsets and recovers from empty and invalid choices (4.3s)
web	Run bun run test:browser	2026-10-05T09:50:28.7678027Z   ✓   17 [chromium] › e2e/controls.spec.ts:232:0 › choice menus support keyboard selection, nested Escape and pointer dismissal (6.7s)
web	Run bun run test:browser	2026-10-05T09:50:29.5228909Z   ✓   21 [chromium] › e2e/copy-focus.spec.ts:296:0 › an unchanged copy owner still receives selected manual fallback text (1.8s)
web	Run bun run test:browser	2026-10-05T09:50:30.0635904Z   ✓   22 [chromium] › e2e/copy-focus.spec.ts:317:0 › same-owner keyboard intent keeps the newer owner (1.3s)
web	Run bun run test:browser	2026-10-05T09:50:30.4402860Z   ✓   20 [chromium] › e2e/copy-focus.spec.ts:262:0 › a deferred manual-copy focus frame cannot steal a new target keyboard edit (2.8s)
web	Run bun run test:browser	2026-10-05T09:50:31.4974993Z   ✓   24 [chromium] › e2e/diagnostics.spec.ts:84:0 › detailed logging survives a tab reload and reset preferences disables it (1.4s)
web	Run bun run test:browser	2026-10-05T09:50:31.9726274Z   ✓   25 [chromium] › e2e/diagnostics.spec.ts:114:0 › detailed logs still work in memory when session storage is denied (1.5s)
web	Run bun run test:browser	2026-10-05T09:50:32.2822145Z   ✓   23 [chromium] › e2e/diagnostics.spec.ts:12:0 › detailed logs are opt-in, local, exclude message and selected zones, and stop when disabled (2.7s)
web	Run bun run test:browser	2026-10-05T09:50:33.4346291Z   ✓   27 [chromium] › e2e/diagnostics.spec.ts:191:0 › corrupt cached files fail integrity checks and detailed logs identify bounded repair failure (1.4s)
web	Run bun run test:browser	2026-10-05T09:50:33.6383376Z   ✓   26 [chromium] › e2e/diagnostics.spec.ts:145:0 › a retired release repairs only missing files using its intact cached assets (2.1s)
web	Run bun run test:browser	2026-10-05T09:50:34.7135423Z   ✓   29 [chromium] › e2e/engine.spec.ts:4:0 › independent exact fixture expectations run in the production browser worker (1.3s)
web	Run bun run test:browser	2026-10-05T09:50:35.7948990Z   ✓   16 [chromium] › e2e/controls.spec.ts:55:0 › themed choices align and their opened menus fit every breakpoint without losing work (13.8s)
web	Run bun run test:browser	2026-10-05T09:50:37.8287467Z   ✓   28 [chromium] › e2e/diagnostics.spec.ts:232:0 › waiting updates remain actionable when a current cache probe times out (5.5s)
web	Run bun run test:browser	2026-10-05T09:50:38.4180690Z   ✓   30 [chromium] › e2e/imports.spec.ts:5:2 › delayed clipboard offers replacement instead of overwriting edited or cleared work (4.8s)
web	Run bun run test:browser	2026-10-05T09:50:38.7591624Z   ✓   32 [chromium] › e2e/imports.spec.ts:173:0 › an unresolved target hides copyable fallback results and correction restores the source interpretation (3.0s)
web	Run bun run test:browser	2026-10-05T09:50:39.5325889Z   ✓   31 [chromium] › e2e/imports.spec.ts:5:2 › delayed share offers replacement instead of overwriting edited or cleared work (4.8s)
web	Run bun run test:browser	2026-10-05T09:50:40.3753805Z   ✓   36 [chromium] › e2e/motion.spec.ts:61:0 › reduced motion keeps live feedback and usable results without animation (833ms)
web	Run bun run test:browser	2026-10-05T09:50:41.0782826Z   ✓   33 [chromium] › e2e/live.spec.ts:4:0 › typing, pasted text and conversion settings update without submission (3.2s)
web	Run bun run test:browser	2026-10-05T09:50:42.3597444Z   ✓   37 [chromium] › e2e/offline-install.spec.ts:31:0 › a transient initial registration failure retries before any controller exists (2.0s)
web	Run bun run test:browser	2026-10-05T09:50:42.8845683Z   ✓   38 [chromium] › e2e/offline-install.spec.ts:59:0 › slow first installation clears its expired warning without losing conversion (1.8s)
web	Run bun run test:browser	2026-10-05T09:50:43.2289203Z   ✓   34 [chromium] › e2e/live.spec.ts:30:0 › composition defers conversion and queued work cannot overwrite a newer draft (4.8s)
web	Run bun run test:browser	2026-10-05T09:50:43.4670589Z   ✓   39 [chromium] › e2e/offline-install.spec.ts:82:0 › a stale mutable release marker is refetched and checked before offline readiness (1.1s)
web	Run bun run test:browser	2026-10-05T09:50:44.5130838Z   ✓   35 [chromium] › e2e/motion.spec.ts:4:0 › live feedback covers debounce and worker completion, then settles or cancels (5.7s)
web	Run bun run test:browser	2026-10-05T09:50:44.7297789Z   ✓   40 [chromium] › e2e/offline-install.spec.ts:106:0 › a rejected first installation retries without reloading or clearing input (1.8s)
web	Run bun run test:browser	2026-10-05T09:50:46.0863404Z   ✓   42 [chromium] › e2e/offline-install.spec.ts:155:0 › HTML response rewriting cannot break first installation or offline navigation (2.6s)
web	Run bun run test:browser	2026-10-05T09:50:46.8437829Z   ✓   43 [chromium] › e2e/privacy.spec.ts:6:2 › legacy lens preferences migrate, reset removes them and quota failures keep conversion usable (2.3s)
web	Run bun run test:browser	2026-10-05T09:50:47.4048958Z   ✓   44 [chromium] › e2e/privacy.spec.ts:6:2 › legacy command preferences migrate, reset removes them and quota failures keep conversion usable (2.7s)
web	Run bun run test:browser	2026-10-05T09:50:47.5984682Z   ✓   45 [chromium] › e2e/privacy.spec.ts:85:0 › invalid and oversized local shares return a paste fallback without storing text (1.5s)
web	Run bun run test:browser	2026-10-05T09:50:48.5836419Z   ✓   46 [chromium] › e2e/privacy.spec.ts:119:0 › expired and invalid temporary text is consumed and erased without restoring it (1.7s)
web	Run bun run test:browser	2026-10-05T09:50:49.3427551Z   ✓   41 [chromium] › e2e/offline-install.spec.ts:126:0 › persistently wrong release bytes never activate or claim offline readiness (6.1s)
web	Run bun run test:browser	2026-10-05T09:50:49.6663798Z   ✓   49 [chromium] › e2e/responsive.spec.ts:83:0 › touch-sized controls and keyboard navigation remain usable in a short viewport (1.1s)
web	Run bun run test:browser	2026-10-05T09:50:50.6485254Z   ✓   48 [chromium] › e2e/responsive.spec.ts:4:0 › reflows across cover screens, phones, tablets and desktops without losing work (3.0s)
web	Run bun run test:browser	2026-10-05T09:50:50.7818377Z   ✓   47 [chromium] › e2e/privacy.spec.ts:223:0 › denied update storage keeps the draft active and requires clearing before reload (3.4s)
web	Run bun run test:browser	2026-10-05T09:50:51.9025412Z   ✓   50 [chromium] › e2e/uncontrolled.spec.ts:102:0 › an activated worker reclaims a hard-refreshed tab without reloading its draft (2.5s)
web	Run bun run test:browser	2026-10-05T09:50:52.3281366Z   ✓   53 [chromium] › e2e/updates.spec.ts:6:0 › repair refuses another release and leaves the existing offline shell intact (1.5s)
web	Run bun run test:browser	2026-10-05T09:50:55.2614461Z   ✓   55 [chromium] › e2e/updates.spec.ts:93:0 › oversized drafts block an update until they can be safely preserved (2.9s)
web	Run bun run test:browser	2026-10-05T09:50:56.0392107Z   ✓   54 [chromium] › e2e/updates.spec.ts:45:0 › an interrupted rollback preserves a retained cache and its old tab worker (4.1s)
web	Run bun run test:browser	2026-10-05T09:50:56.3484249Z   ✓   51 [chromium] › e2e/uncontrolled.spec.ts:135:0 › an explicit update recovers a timed-out readiness probe without another reload (6.7s)
web	Run bun run test:browser	2026-10-05T09:50:56.3842011Z   ✓   52 [chromium] › e2e/uncontrolled.spec.ts:227:0 › an older active worker cannot mark an uncontrolled tab ready or activate its waiting update (5.7s)
web	Run bun run test:browser	2026-10-05T09:51:01.7623139Z   ✓   58 [firefox] › e2e/app.spec.ts:6:0 › worker failure recovers and a late response cannot resurrect cleared input (4.4s)
web	Run bun run test:browser	2026-10-05T09:51:02.6475273Z   ✓   59 [firefox] › e2e/app.spec.ts:67:0 › an intact offline app survives a failed registration check while changing target zones (4.7s)
web	Run bun run test:browser	2026-10-05T09:51:04.0115234Z   ✓   56 [chromium] › e2e/updates.spec.ts:209:0 › old and new tabs retain their own workers across successive releases and offline restart (8.7s)
web	Run bun run test:browser	2026-10-05T09:51:04.4858331Z   ✓   60 [firefox] › e2e/app.spec.ts:90:0 › a delayed failed readiness probe cannot overwrite a newer successful check (2.7s)
web	Run bun run test:browser	2026-10-05T09:51:05.5042849Z   ✓   57 [chromium] › e2e/updates.spec.ts:270:0 › rollback preserves draft and preferences and removes obsolete caches with one remaining tab (9.4s)
web	Run bun run test:browser	2026-10-05T09:51:05.5742922Z   ✓   61 [firefox] › e2e/app.spec.ts:130:0 › missing cache reports incomplete and reconnect repairs the complete offline app (2.9s)
web	Run bun run test:browser	2026-10-05T09:51:07.1362515Z   ✓   62 [firefox] › e2e/app.spec.ts:182:0 › convert, inspect ambiguity, copy manually and protect privacy (2.6s)
web	Run bun run test:browser	2026-10-05T09:51:08.7621465Z   ✓   63 [firefox] › e2e/app.spec.ts:162:0 › pasted HTML cannot execute or fetch its URL (3.6s)
web	Run bun run test:browser	2026-10-05T09:51:10.4271618Z   ✓   64 [firefox] › e2e/app.spec.ts:239:0 › preferences persist, input does not; denied storage still converts (4.8s)
web	Run bun run test:browser	2026-10-05T09:51:10.4995043Z   ✓   66 [firefox] › e2e/app.spec.ts:267:0 › input errors recover, edits invalidate results, keyboard keeps multiline input (3.3s)
web	Run bun run test:browser	2026-10-05T09:51:11.3221904Z   ✓   65 [firefox] › e2e/app.spec.ts:215:0 › close and reopen offline, then convert previously unseen input (4.5s)
web	Run bun run test:browser	2026-10-05T09:51:12.7346673Z   ✓   68 [firefox] › e2e/app.spec.ts:340:0 › offline POST share is single-use and never places message in URL (2.3s)
web	Run bun run test:browser	2026-10-05T09:51:13.9483853Z   ✓   67 [firefox] › e2e/app.spec.ts:286:0 › readable at 320px, dark mode, with no serious accessibility violations (5.2s)
web	Run bun run test:browser	2026-10-05T09:51:16.7014682Z   ✓   69 [firefox] › e2e/app.spec.ts:378:0 › an update waits, preserves draft on opt-in, and survives a partial next update (6.2s)
web	Run bun run test:browser	2026-10-05T09:51:20.6126955Z   ✓   73 [firefox] › e2e/controls.spec.ts:407:0 › hovering timezone suggestions preserves typed values while explicit selections still commit (3.9s)
web	Run bun run test:browser	2026-10-05T09:51:20.9051582Z   ✓   71 [firefox] › e2e/controls.spec.ts:232:0 › choice menus support keyboard selection, nested Escape and pointer dismissal (8.2s)
web	Run bun run test:browser	2026-10-05T09:51:21.2727832Z   ✓   72 [firefox] › e2e/controls.spec.ts:339:0 › timezone search preserves freeform offsets and recovers from empty and invalid choices (7.3s)
web	Run bun run test:browser	2026-10-05T09:51:23.2514252Z   ✓   75 [firefox] › e2e/copy-focus.spec.ts:296:0 › an unchanged copy owner still receives selected manual fallback text (2.3s)
web	Run bun run test:browser	2026-10-05T09:51:23.3310962Z   ✓   76 [firefox] › e2e/copy-focus.spec.ts:317:0 › same-owner keyboard intent keeps the newer owner (2.0s)
web	Run bun run test:browser	2026-10-05T09:51:24.4019002Z   ✓   74 [firefox] › e2e/copy-focus.spec.ts:262:0 › a deferred manual-copy focus frame cannot steal a new target keyboard edit (3.8s)
web	Run bun run test:browser	2026-10-05T09:51:25.8918162Z   ✓   78 [firefox] › e2e/diagnostics.spec.ts:84:0 › detailed logging survives a tab reload and reset preferences disables it (2.5s)
web	Run bun run test:browser	2026-10-05T09:51:26.4300033Z   ✓   79 [firefox] › e2e/diagnostics.spec.ts:114:0 › detailed logs still work in memory when session storage is denied (2.0s)
web	Run bun run test:browser	2026-10-05T09:51:27.5258290Z   ✓   77 [firefox] › e2e/diagnostics.spec.ts:12:0 › detailed logs are opt-in, local, exclude message and selected zones, and stop when disabled (4.3s)
web	Run bun run test:browser	2026-10-05T09:51:28.1042388Z   ✓   81 [firefox] › e2e/diagnostics.spec.ts:191:0 › corrupt cached files fail integrity checks and detailed logs identify bounded repair failure (1.7s)
web	Run bun run test:browser	2026-10-05T09:51:28.2751627Z   ✓   80 [firefox] › e2e/diagnostics.spec.ts:145:0 › a retired release repairs only missing files using its intact cached assets (2.4s)
web	Run bun run test:browser	2026-10-05T09:51:30.9005637Z   ✓   83 [firefox] › e2e/engine.spec.ts:4:0 › independent exact fixture expectations run in the production browser worker (2.8s)
web	Run bun run test:browser	2026-10-05T09:51:32.0645072Z   ✓   70 [firefox] › e2e/controls.spec.ts:55:0 › themed choices align and their opened menus fit every breakpoint without losing work (20.7s)
web	Run bun run test:browser	2026-10-05T09:51:33.2748023Z   ✓   82 [firefox] › e2e/diagnostics.spec.ts:232:0 › waiting updates remain actionable when a current cache probe times out (5.7s)
web	Run bun run test:browser	2026-10-05T09:51:34.4257288Z   ✓   84 [firefox] › e2e/imports.spec.ts:5:2 › delayed clipboard offers replacement instead of overwriting edited or cleared work (6.1s)
web	Run bun run test:browser	2026-10-05T09:51:36.1325018Z   ✓   86 [firefox] › e2e/imports.spec.ts:173:0 › an unresolved target hides copyable fallback results and correction restores the source interpretation (4.1s)
web	Run bun run test:browser	2026-10-05T09:51:38.1414505Z   ✓   87 [firefox] › e2e/live.spec.ts:4:0 › typing, pasted text and conversion settings update without submission (4.8s)
web	Run bun run test:browser	2026-10-05T09:51:38.2384549Z   ✓   85 [firefox] › e2e/imports.spec.ts:5:2 › delayed share offers replacement instead of overwriting edited or cleared work (7.3s)
web	Run bun run test:browser	2026-10-05T09:51:40.0605541Z   ✓   88 [firefox] › e2e/live.spec.ts:30:0 › composition defers conversion and queued work cannot overwrite a newer draft (5.6s)
web	Run bun run test:browser	2026-10-05T09:51:40.3999763Z   ✓   90 [firefox] › e2e/motion.spec.ts:61:0 › reduced motion keeps live feedback and usable results without animation (2.2s)
web	Run bun run test:browser	2026-10-05T09:51:40.8264324Z   ✓   91 [firefox] › e2e/offline-install.spec.ts:31:0 › a transient initial registration failure retries before any controller exists (2.6s)
web	Run bun run test:browser	2026-10-05T09:51:42.1838745Z   ✓   93 [firefox] › e2e/offline-install.spec.ts:82:0 › a stale mutable release marker is refetched and checked before offline readiness (1.8s)
web	Run bun run test:browser	2026-10-05T09:51:42.6861342Z   ✓   89 [firefox] › e2e/motion.spec.ts:4:0 › live feedback covers debounce and worker completion, then settles or cancels (6.5s)
web	Run bun run test:browser	2026-10-05T09:51:43.3397103Z   ✓   94 [firefox] › e2e/offline-install.spec.ts:106:0 › a rejected first installation retries without reloading or clearing input (2.5s)
web	Run bun run test:browser	2026-10-05T09:51:43.6361498Z   ✓   92 [firefox] › e2e/offline-install.spec.ts:59:0 › slow first installation clears its expired warning without losing conversion (3.5s)
web	Run bun run test:browser	2026-10-05T09:51:46.5695853Z   ✓   96 [firefox] › e2e/offline-install.spec.ts:155:0 › HTML response rewriting cannot break first installation or offline navigation (3.9s)
web	Run bun run test:browser	2026-10-05T09:51:47.4944466Z   ✓   97 [firefox] › e2e/privacy.spec.ts:6:2 › legacy lens preferences migrate, reset removes them and quota failures keep conversion usable (4.1s)
web	Run bun run test:browser	2026-10-05T09:51:48.3356516Z   ✓   99 [firefox] › e2e/privacy.spec.ts:85:0 › invalid and oversized local shares return a paste fallback without storing text (1.8s)
web	Run bun run test:browser	2026-10-05T09:51:48.4821844Z   ✓   98 [firefox] › e2e/privacy.spec.ts:6:2 › legacy command preferences migrate, reset removes them and quota failures keep conversion usable (4.8s)
web	Run bun run test:browser	2026-10-05T09:51:48.9891107Z   ✓   95 [firefox] › e2e/offline-install.spec.ts:126:0 › persistently wrong release bytes never activate or claim offline readiness (6.8s)
web	Run bun run test:browser	2026-10-05T09:51:51.4783200Z   ✓  103 [firefox] › e2e/responsive.spec.ts:83:0 › touch-sized controls and keyboard navigation remain usable in a short viewport (2.5s)
web	Run bun run test:browser	2026-10-05T09:51:51.9662777Z   -  104 [firefox] › e2e/uncontrolled.spec.ts:102:0 › an activated worker reclaims a hard-refreshed tab without reloading its draft
web	Run bun run test:browser	2026-10-05T09:51:52.0584733Z   ✓  100 [firefox] › e2e/privacy.spec.ts:119:0 › expired and invalid temporary text is consumed and erased without restoring it (4.6s)
web	Run bun run test:browser	2026-10-05T09:51:52.4286596Z   -  105 [firefox] › e2e/uncontrolled.spec.ts:135:0 › an explicit update recovers a timed-out readiness probe without another reload
web	Run bun run test:browser	2026-10-05T09:51:52.5107970Z   ✓  101 [firefox] › e2e/privacy.spec.ts:223:0 › denied update storage keeps the draft active and requires clearing before reload (4.2s)
web	Run bun run test:browser	2026-10-05T09:51:52.6163910Z   -  106 [firefox] › e2e/uncontrolled.spec.ts:227:0 › an older active worker cannot mark an uncontrolled tab ready or activate its waiting update
web	Run bun run test:browser	2026-10-05T09:51:54.1719577Z   ✓  102 [firefox] › e2e/responsive.spec.ts:4:0 › reflows across cover screens, phones, tablets and desktops without losing work (5.7s)
web	Run bun run test:browser	2026-10-05T09:51:54.8890603Z   ✓  107 [firefox] › e2e/updates.spec.ts:6:0 › repair refuses another release and leaves the existing offline shell intact (2.4s)
web	Run bun run test:browser	2026-10-05T09:51:56.8106333Z   ✓  109 [firefox] › e2e/updates.spec.ts:93:0 › oversized drafts block an update until they can be safely preserved (4.2s)
web	Run bun run test:browser	2026-10-05T09:51:59.0553242Z   ✓  108 [firefox] › e2e/updates.spec.ts:45:0 › an interrupted rollback preserves a retained cache and its old tab worker (6.5s)
web	Run bun run test:browser	2026-10-05T09:52:02.6274996Z   ✓  112 [webkit] › e2e/app.spec.ts:6:0 › worker failure recovers and a late response cannot resurrect cleared input (4.2s)
web	Run bun run test:browser	2026-10-05T09:52:04.7621496Z   ✓  113 [webkit] › e2e/app.spec.ts:67:0 › an intact offline app survives a failed registration check while changing target zones (4.4s)
web	Run bun run test:browser	2026-10-05T09:52:05.2113282Z   ✓  111 [firefox] › e2e/updates.spec.ts:270:0 › rollback preserves draft and preferences and removes obsolete caches with one remaining tab (10.3s)
web	Run bun run test:browser	2026-10-05T09:52:05.6879367Z   ✓  114 [webkit] › e2e/app.spec.ts:90:0 › a delayed failed readiness probe cannot overwrite a newer successful check (3.0s)
web	Run bun run test:browser	2026-10-05T09:52:06.3049166Z   ✓  110 [firefox] › e2e/updates.spec.ts:209:0 › old and new tabs retain their own workers across successive releases and offline restart (12.1s)
web	Run bun run test:browser	2026-10-05T09:52:08.7509104Z   ✓  115 [webkit] › e2e/app.spec.ts:130:0 › missing cache reports incomplete and reconnect repairs the complete offline app (4.0s)
web	Run bun run test:browser	2026-10-05T09:52:09.0471183Z   ✓  116 [webkit] › e2e/app.spec.ts:182:0 › convert, inspect ambiguity, copy manually and protect privacy (3.3s)
web	Run bun run test:browser	2026-10-05T09:52:09.8848675Z   ✓  117 [webkit] › e2e/app.spec.ts:162:0 › pasted HTML cannot execute or fetch its URL (2.8s)
web	Run bun run test:browser	2026-10-05T09:52:13.5720127Z   ✓  120 [webkit] › e2e/app.spec.ts:267:0 › input errors recover, edits invalidate results, keyboard keeps multiline input (4.5s)
web	Run bun run test:browser	2026-10-05T09:52:13.6173239Z   ✓  118 [webkit] › e2e/app.spec.ts:215:0 › close and reopen offline, then convert previously unseen input (5.6s)
web	Run bun run test:browser	2026-10-05T09:52:14.4395139Z   ✓  119 [webkit] › e2e/app.spec.ts:239:0 › preferences persist, input does not; denied storage still converts (5.7s)
web	Run bun run test:browser	2026-10-05T09:52:16.1200451Z   ✓  121 [webkit] › e2e/app.spec.ts:286:0 › readable at 320px, dark mode, with no serious accessibility violations (6.2s)
web	Run bun run test:browser	2026-10-05T09:52:16.6108683Z   ✓  122 [webkit] › e2e/app.spec.ts:340:0 › offline POST share is single-use and never places message in URL (3.0s)
web	Run bun run test:browser	2026-10-05T09:52:19.7924334Z   ✓  123 [webkit] › e2e/app.spec.ts:378:0 › an update waits, preserves draft on opt-in, and survives a partial next update (6.2s)
web	Run bun run test:browser	2026-10-05T09:52:26.9092067Z   ✓  126 [webkit] › e2e/controls.spec.ts:339:0 › timezone search preserves freeform offsets and recovers from empty and invalid choices (10.3s)
web	Run bun run test:browser	2026-10-05T09:52:26.9284183Z   ✓  127 [webkit] › e2e/controls.spec.ts:407:0 › hovering timezone suggestions preserves typed values while explicit selections still commit (7.1s)
web	Run bun run test:browser	2026-10-05T09:52:29.0747546Z   ✓  125 [webkit] › e2e/controls.spec.ts:232:0 › choice menus support keyboard selection, nested Escape and pointer dismissal (12.9s)
web	Run bun run test:browser	2026-10-05T09:52:30.1791935Z   ✓  129 [webkit] › e2e/copy-focus.spec.ts:296:0 › an unchanged copy owner still receives selected manual fallback text (3.2s)
web	Run bun run test:browser	2026-10-05T09:52:31.7808835Z   ✓  128 [webkit] › e2e/copy-focus.spec.ts:262:0 › a deferred manual-copy focus frame cannot steal a new target keyboard edit (4.8s)
web	Run bun run test:browser	2026-10-05T09:52:32.2379946Z   ✓  130 [webkit] › e2e/copy-focus.spec.ts:317:0 › same-owner keyboard intent keeps the newer owner (3.1s)
web	Run bun run test:browser	2026-10-05T09:52:34.8280521Z   ✓  133 [webkit] › e2e/diagnostics.spec.ts:114:0 › detailed logs still work in memory when session storage is denied (2.6s)
web	Run bun run test:browser	2026-10-05T09:52:35.3631250Z   ✓  131 [webkit] › e2e/diagnostics.spec.ts:12:0 › detailed logs are opt-in, local, exclude message and selected zones, and stop when disabled (5.2s)
web	Run bun run test:browser	2026-10-05T09:52:35.9691758Z   ✓  132 [webkit] › e2e/diagnostics.spec.ts:84:0 › detailed logging survives a tab reload and reset preferences disables it (4.2s)
web	Run bun run test:browser	2026-10-05T09:52:37.9655182Z   ✓  134 [webkit] › e2e/diagnostics.spec.ts:145:0 › a retired release repairs only missing files using its intact cached assets (3.1s)
web	Run bun run test:browser	2026-10-05T09:52:37.9804469Z   ✓  135 [webkit] › e2e/diagnostics.spec.ts:191:0 › corrupt cached files fail integrity checks and detailed logs identify bounded repair failure (2.6s)
web	Run bun run test:browser	2026-10-05T09:52:40.1824361Z   ✓  137 [webkit] › e2e/engine.spec.ts:4:0 › independent exact fixture expectations run in the production browser worker (2.2s)
web	Run bun run test:browser	2026-10-05T09:52:41.8403734Z   ✓  136 [webkit] › e2e/diagnostics.spec.ts:232:0 › waiting updates remain actionable when a current cache probe times out (5.9s)
web	Run bun run test:browser	2026-10-05T09:52:46.9391731Z   ✓  138 [webkit] › e2e/imports.spec.ts:5:2 › delayed clipboard offers replacement instead of overwriting edited or cleared work (8.9s)
web	Run bun run test:browser	2026-10-05T09:52:47.5237515Z   ✓  140 [webkit] › e2e/imports.spec.ts:173:0 › an unresolved target hides copyable fallback results and correction restores the source interpretation (5.6s)
web	Run bun run test:browser	2026-10-05T09:52:48.1963731Z   ✓  124 [webkit] › e2e/controls.spec.ts:55:0 › themed choices align and their opened menus fit every breakpoint without losing work (33.7s)
web	Run bun run test:browser	2026-10-05T09:52:50.5780485Z   ✓  139 [webkit] › e2e/imports.spec.ts:5:2 › delayed share offers replacement instead of overwriting edited or cleared work (10.4s)
web	Run bun run test:browser	2026-10-05T09:52:52.4286000Z   ✓  144 [webkit] › e2e/motion.spec.ts:61:0 › reduced motion keeps live feedback and usable results without animation (1.8s)
web	Run bun run test:browser	2026-10-05T09:52:53.9650676Z   ✓  142 [webkit] › e2e/live.spec.ts:30:0 › composition defers conversion and queued work cannot overwrite a newer draft (6.4s)
web	Run bun run test:browser	2026-10-05T09:52:54.1666627Z   ✓  141 [webkit] › e2e/live.spec.ts:4:0 › typing, pasted text and conversion settings update without submission (7.2s)
web	Run bun run test:browser	2026-10-05T09:52:54.9249483Z   ✓  145 [webkit] › e2e/offline-install.spec.ts:31:0 › a transient initial registration failure retries before any controller exists (2.5s)
web	Run bun run test:browser	2026-10-05T09:52:56.0746497Z   ✓  143 [webkit] › e2e/motion.spec.ts:4:0 › live feedback covers debounce and worker completion, then settles or cancels (7.9s)
web	Run bun run test:browser	2026-10-05T09:52:56.2556311Z   ✓  147 [webkit] › e2e/offline-install.spec.ts:82:0 › a stale mutable release marker is refetched and checked before offline readiness (2.1s)
web	Run bun run test:browser	2026-10-05T09:52:57.7062341Z   ✓  146 [webkit] › e2e/offline-install.spec.ts:59:0 › slow first installation clears its expired warning without losing conversion (3.7s)
web	Run bun run test:browser	2026-10-05T09:52:58.2970049Z   ✓  148 [webkit] › e2e/offline-install.spec.ts:106:0 › a rejected first installation retries without reloading or clearing input (3.4s)
web	Run bun run test:browser	2026-10-05T09:53:01.7114589Z   ✓  150 [webkit] › e2e/offline-install.spec.ts:155:0 › HTML response rewriting cannot break first installation or offline navigation (5.4s)
web	Run bun run test:browser	2026-10-05T09:53:02.1346386Z   ✓  151 [webkit] › e2e/privacy.spec.ts:6:2 › legacy lens preferences migrate, reset removes them and quota failures keep conversion usable (4.4s)
web	Run bun run test:browser	2026-10-05T09:53:02.2990854Z   ✓  152 [webkit] › e2e/privacy.spec.ts:6:2 › legacy command preferences migrate, reset removes them and quota failures keep conversion usable (4.0s)
web	Run bun run test:browser	2026-10-05T09:53:03.6747688Z   ✓  149 [webkit] › e2e/offline-install.spec.ts:126:0 › persistently wrong release bytes never activate or claim offline readiness (7.6s)
web	Run bun run test:browser	2026-10-05T09:53:04.3403016Z   ✓  153 [webkit] › e2e/privacy.spec.ts:85:0 › invalid and oversized local shares return a paste fallback without storing text (2.6s)
web	Run bun run test:browser	2026-10-05T09:53:05.4367140Z   ✓  155 [webkit] › e2e/privacy.spec.ts:223:0 › denied update storage keeps the draft active and requires clearing before reload (3.1s)
web	Run bun run test:browser	2026-10-05T09:53:06.4414981Z   -  158 [webkit] › e2e/uncontrolled.spec.ts:102:0 › an activated worker reclaims a hard-refreshed tab without reloading its draft
web	Run bun run test:browser	2026-10-05T09:53:07.2687831Z   -  159 [webkit] › e2e/uncontrolled.spec.ts:135:0 › an explicit update recovers a timed-out readiness probe without another reload
web	Run bun run test:browser	2026-10-05T09:53:07.8515598Z   ✓  157 [webkit] › e2e/responsive.spec.ts:83:0 › touch-sized controls and keyboard navigation remain usable in a short viewport (3.5s)
web	Run bun run test:browser	2026-10-05T09:53:07.8979668Z   ✓  154 [webkit] › e2e/privacy.spec.ts:119:0 › expired and invalid temporary text is consumed and erased without restoring it (5.7s)
web	Run bun run test:browser	2026-10-05T09:53:07.9597308Z   -  160 [webkit] › e2e/uncontrolled.spec.ts:227:0 › an older active worker cannot mark an uncontrolled tab ready or activate its waiting update
web	Run bun run test:browser	2026-10-05T09:53:11.1846826Z   ✓  161 [webkit] › e2e/updates.spec.ts:6:0 › repair refuses another release and leaves the existing offline shell intact (3.3s)
web	Run bun run test:browser	2026-10-05T09:53:11.7532716Z   ✓  163 [webkit] › e2e/updates.spec.ts:93:0 › oversized drafts block an update until they can be safely preserved (3.8s)
web	Run bun run test:browser	2026-10-05T09:53:12.0681122Z   ✓  156 [webkit] › e2e/responsive.spec.ts:4:0 › reflows across cover screens, phones, tablets and desktops without losing work (8.4s)
web	Run bun run test:browser	2026-10-05T09:53:14.0330255Z   ✓  162 [webkit] › e2e/updates.spec.ts:45:0 › an interrupted rollback preserves a retained cache and its old tab worker (6.1s)
web	Run bun run test:browser	2026-10-05T09:53:17.4464234Z   ✓  166 [android-emulation] › e2e/app.spec.ts:6:0 › worker failure recovers and a late response cannot resurrect cleared input (4.1s)
web	Run bun run test:browser	2026-10-05T09:53:19.1830805Z   ✓  167 [android-emulation] › e2e/app.spec.ts:67:0 › an intact offline app survives a failed registration check while changing target zones (3.9s)
web	Run bun run test:browser	2026-10-05T09:53:19.9648482Z   ✓  168 [android-emulation] › e2e/app.spec.ts:90:0 › a delayed failed readiness probe cannot overwrite a newer successful check (2.5s)
web	Run bun run test:browser	2026-10-05T09:53:20.5606816Z   ✓  165 [webkit] › e2e/updates.spec.ts:270:0 › rollback preserves draft and preferences and removes obsolete caches with one remaining tab (8.8s)
web	Run bun run test:browser	2026-10-05T09:53:21.8383747Z   ✓  169 [android-emulation] › e2e/app.spec.ts:130:0 › missing cache reports incomplete and reconnect repairs the complete offline app (2.6s)
web	Run bun run test:browser	2026-10-05T09:53:21.9037424Z   ✓  164 [webkit] › e2e/updates.spec.ts:209:0 › old and new tabs retain their own workers across successive releases and offline restart (10.7s)
web	Run bun run test:browser	2026-10-05T09:53:22.3870031Z   ✓  170 [android-emulation] › e2e/app.spec.ts:162:0 › pasted HTML cannot execute or fetch its URL (2.4s)
web	Run bun run test:browser	2026-10-05T09:53:23.3359913Z   ✓  171 [android-emulation] › e2e/app.spec.ts:182:0 › convert, inspect ambiguity, copy manually and protect privacy (2.0s)
web	Run bun run test:browser	2026-10-05T09:53:24.3033918Z   ✓  172 [android-emulation] › e2e/app.spec.ts:215:0 › close and reopen offline, then convert previously unseen input (2.5s)
web	Run bun run test:browser	2026-10-05T09:53:25.1641298Z   ✓  176 [android-emulation] › e2e/app.spec.ts:340:0 › offline POST share is single-use and never places message in URL (845ms)
web	Run bun run test:browser	2026-10-05T09:53:25.6546671Z   ✓  173 [android-emulation] › e2e/app.spec.ts:267:0 › input errors recover, edits invalidate results, keyboard keeps multiline input (3.3s)
web	Run bun run test:browser	2026-10-05T09:53:26.2352934Z   ✓  174 [android-emulation] › e2e/app.spec.ts:239:0 › preferences persist, input does not; denied storage still converts (3.5s)
web	Run bun run test:browser	2026-10-05T09:53:26.5536849Z   ✓  175 [android-emulation] › e2e/app.spec.ts:286:0 › readable at 320px, dark mode, with no serious accessibility violations (3.2s)
web	Run bun run test:browser	2026-10-05T09:53:29.5526971Z   ✓  177 [android-emulation] › e2e/app.spec.ts:378:0 › an update waits, preserves draft on opt-in, and survives a partial next update (4.4s)
web	Run bun run test:browser	2026-10-05T09:53:30.3949113Z   ✓  180 [android-emulation] › e2e/controls.spec.ts:339:0 › timezone search preserves freeform offsets and recovers from empty and invalid choices (3.8s)
web	Run bun run test:browser	2026-10-05T09:53:32.0286245Z   ✓  181 [android-emulation] › e2e/controls.spec.ts:407:0 › hovering timezone suggestions preserves typed values while explicit selections still commit (2.5s)
web	Run bun run test:browser	2026-10-05T09:53:32.7823676Z   ✓  179 [android-emulation] › e2e/controls.spec.ts:232:0 › choice menus support keyboard selection, nested Escape and pointer dismissal (6.5s)
web	Run bun run test:browser	2026-10-05T09:53:32.9479146Z   ✓  182 [android-emulation] › e2e/copy-focus.spec.ts:262:0 › a deferred manual-copy focus frame cannot steal a new target keyboard edit (2.5s)
web	Run bun run test:browser	2026-10-05T09:53:33.6022195Z   ✓  183 [android-emulation] › e2e/copy-focus.spec.ts:296:0 › an unchanged copy owner still receives selected manual fallback text (1.6s)
web	Run bun run test:browser	2026-10-05T09:53:34.5299604Z   ✓  184 [android-emulation] › e2e/copy-focus.spec.ts:317:0 › same-owner keyboard intent keeps the newer owner (1.7s)
web	Run bun run test:browser	2026-10-05T09:53:35.0084542Z   ✓  186 [android-emulation] › e2e/diagnostics.spec.ts:84:0 › detailed logging survives a tab reload and reset preferences disables it (1.4s)
web	Run bun run test:browser	2026-10-05T09:53:35.7300418Z   ✓  185 [android-emulation] › e2e/diagnostics.spec.ts:12:0 › detailed logs are opt-in, local, exclude message and selected zones, and stop when disabled (2.8s)
web	Run bun run test:browser	2026-10-05T09:53:35.9169921Z   ✓  187 [android-emulation] › e2e/diagnostics.spec.ts:114:0 › detailed logs still work in memory when session storage is denied (1.4s)
web	Run bun run test:browser	2026-10-05T09:53:36.5571641Z   ✓  188 [android-emulation] › e2e/diagnostics.spec.ts:145:0 › a retired release repairs only missing files using its intact cached assets (1.5s)
web	Run bun run test:browser	2026-10-05T09:53:37.1241219Z   ✓  189 [android-emulation] › e2e/diagnostics.spec.ts:191:0 › corrupt cached files fail integrity checks and detailed logs identify bounded repair failure (1.4s)
web	Run bun run test:browser	2026-10-05T09:53:37.5597065Z   ✓  191 [android-emulation] › e2e/engine.spec.ts:4:0 › independent exact fixture expectations run in the production browser worker (993ms)
web	Run bun run test:browser	2026-10-05T09:53:38.5490739Z   ✓  178 [android-emulation] › e2e/controls.spec.ts:55:0 › themed choices align and their opened menus fit every breakpoint without losing work (12.9s)
web	Run bun run test:browser	2026-10-05T09:53:40.5372403Z   ✓  190 [android-emulation] › e2e/diagnostics.spec.ts:232:0 › waiting updates remain actionable when a current cache probe times out (4.6s)
web	Run bun run test:browser	2026-10-05T09:53:40.9443478Z   ✓  192 [android-emulation] › e2e/imports.spec.ts:5:2 › delayed clipboard offers replacement instead of overwriting edited or cleared work (3.8s)
web	Run bun run test:browser	2026-10-05T09:53:41.5687426Z   ✓  194 [android-emulation] › e2e/imports.spec.ts:173:0 › an unresolved target hides copyable fallback results and correction restores the source interpretation (3.0s)
web	Run bun run test:browser	2026-10-05T09:53:42.0242403Z   ✓  193 [android-emulation] › e2e/imports.spec.ts:5:2 › delayed share offers replacement instead of overwriting edited or cleared work (4.4s)
web	Run bun run test:browser	2026-10-05T09:53:42.8967325Z   ✓  198 [android-emulation] › e2e/motion.spec.ts:61:0 › reduced motion keeps live feedback and usable results without animation (854ms)
web	Run bun run test:browser	2026-10-05T09:53:43.5392716Z   ✓  195 [android-emulation] › e2e/live.spec.ts:4:0 › typing, pasted text and conversion settings update without submission (3.0s)
web	Run bun run test:browser	2026-10-05T09:53:44.9130506Z   ✓  199 [android-emulation] › e2e/offline-install.spec.ts:31:0 › a transient initial registration failure retries before any controller exists (2.0s)
web	Run bun run test:browser	2026-10-05T09:53:45.2832594Z   ✓  200 [android-emulation] › e2e/offline-install.spec.ts:59:0 › slow first installation clears its expired warning without losing conversion (1.7s)
web	Run bun run test:browser	2026-10-05T09:53:45.6010311Z   ✓  196 [android-emulation] › e2e/live.spec.ts:30:0 › composition defers conversion and queued work cannot overwrite a newer draft (4.6s)
web	Run bun run test:browser	2026-10-05T09:53:45.9755125Z   ✓  201 [android-emulation] › e2e/offline-install.spec.ts:82:0 › a stale mutable release marker is refetched and checked before offline readiness (1.1s)
web	Run bun run test:browser	2026-10-05T09:53:47.1175198Z   ✓  197 [android-emulation] › e2e/motion.spec.ts:4:0 › live feedback covers debounce and worker completion, then settles or cancels (5.5s)
web	Run bun run test:browser	2026-10-05T09:53:47.2063925Z   ✓  202 [android-emulation] › e2e/offline-install.spec.ts:106:0 › a rejected first installation retries without reloading or clearing input (1.9s)
web	Run bun run test:browser	2026-10-05T09:53:48.1062452Z   ✓  204 [android-emulation] › e2e/offline-install.spec.ts:155:0 › HTML response rewriting cannot break first installation or offline navigation (2.1s)
web	Run bun run test:browser	2026-10-05T09:53:49.2480556Z   ✓  205 [android-emulation] › e2e/privacy.spec.ts:6:2 › legacy lens preferences migrate, reset removes them and quota failures keep conversion usable (2.1s)
web	Run bun run test:browser	2026-10-05T09:53:49.4802515Z   ✓  206 [android-emulation] › e2e/privacy.spec.ts:6:2 › legacy command preferences migrate, reset removes them and quota failures keep conversion usable (2.3s)
web	Run bun run test:browser	2026-10-05T09:53:49.6598202Z   ✓  207 [android-emulation] › e2e/privacy.spec.ts:85:0 › invalid and oversized local shares return a paste fallback without storing text (1.5s)
web	Run bun run test:browser	2026-10-05T09:53:51.1310803Z   ✓  208 [android-emulation] › e2e/privacy.spec.ts:119:0 › expired and invalid temporary text is consumed and erased without restoring it (1.9s)
web	Run bun run test:browser	2026-10-05T09:53:51.6419447Z   ✓  203 [android-emulation] › e2e/offline-install.spec.ts:126:0 › persistently wrong release bytes never activate or claim offline readiness (6.0s)
web	Run bun run test:browser	2026-10-05T09:53:52.4140809Z   ✓  209 [android-emulation] › e2e/privacy.spec.ts:223:0 › denied update storage keeps the draft active and requires clearing before reload (2.9s)
web	Run bun run test:browser	2026-10-05T09:53:52.5896954Z   ✓  211 [android-emulation] › e2e/responsive.spec.ts:83:0 › touch-sized controls and keyboard navigation remain usable in a short viewport (1.4s)
web	Run bun run test:browser	2026-10-05T09:53:52.8563136Z   ✓  210 [android-emulation] › e2e/responsive.spec.ts:4:0 › reflows across cover screens, phones, tablets and desktops without losing work (3.2s)
web	Run bun run test:browser	2026-10-05T09:53:54.3340883Z   ✓  212 [android-emulation] › e2e/uncontrolled.spec.ts:102:0 › an activated worker reclaims a hard-refreshed tab without reloading its draft (2.7s)
web	Run bun run test:browser	2026-10-05T09:53:54.5889268Z   ✓  215 [android-emulation] › e2e/updates.spec.ts:6:0 › repair refuses another release and leaves the existing offline shell intact (1.7s)
web	Run bun run test:browser	2026-10-05T09:53:57.2757201Z   ✓  217 [android-emulation] › e2e/updates.spec.ts:93:0 › oversized drafts block an update until they can be safely preserved (2.7s)
web	Run bun run test:browser	2026-10-05T09:53:57.6912297Z   ✓  214 [android-emulation] › e2e/uncontrolled.spec.ts:227:0 › an older active worker cannot mark an uncontrolled tab ready or activate its waiting update (5.1s)
web	Run bun run test:browser	2026-10-05T09:53:57.9540362Z   ✓  216 [android-emulation] › e2e/updates.spec.ts:45:0 › an interrupted rollback preserves a retained cache and its old tab worker (3.6s)
web	Run bun run test:browser	2026-10-05T09:53:58.7408218Z   ✓  213 [android-emulation] › e2e/uncontrolled.spec.ts:135:0 › an explicit update recovers a timed-out readiness probe without another reload (6.3s)
web	Run bun run test:browser	2026-10-05T09:54:01.7032489Z   ✓  220 [iphone-emulation] › e2e/app.spec.ts:6:0 › worker failure recovers and a late response cannot resurrect cleared input (3.1s)
web	Run bun run test:browser	2026-10-05T09:54:02.2632669Z   ✓  221 [iphone-emulation] › e2e/app.spec.ts:67:0 › an intact offline app survives a failed registration check while changing target zones (2.7s)
web	Run bun run test:browser	2026-10-05T09:54:03.4761288Z   ✓  222 [iphone-emulation] › e2e/app.spec.ts:90:0 › a delayed failed readiness probe cannot overwrite a newer successful check (1.8s)
web	Run bun run test:browser	2026-10-05T09:54:04.5082772Z   ✓  223 [iphone-emulation] › e2e/app.spec.ts:130:0 › missing cache reports incomplete and reconnect repairs the complete offline app (2.2s)
web	Run bun run test:browser	2026-10-05T09:54:05.1506715Z   ✓  224 [iphone-emulation] › e2e/app.spec.ts:162:0 › pasted HTML cannot execute or fetch its URL (1.7s)
web	Run bun run test:browser	2026-10-05T09:54:05.6611953Z   ✓  218 [android-emulation] › e2e/updates.spec.ts:209:0 › old and new tabs retain their own workers across successive releases and offline restart (8.4s)
web	Run bun run test:browser	2026-10-05T09:54:06.6561802Z   ✓  225 [iphone-emulation] › e2e/app.spec.ts:182:0 › convert, inspect ambiguity, copy manually and protect privacy (2.1s)
web	Run bun run test:browser	2026-10-05T09:54:06.7213813Z   ✓  219 [android-emulation] › e2e/updates.spec.ts:270:0 › rollback preserves draft and preferences and removes obsolete caches with one remaining tab (9.0s)
web	Run bun run test:browser	2026-10-05T09:54:08.4391537Z   ✓  226 [iphone-emulation] › e2e/app.spec.ts:215:0 › close and reopen offline, then convert previously unseen input (3.3s)
web	Run bun run test:browser	2026-10-05T09:54:10.0193324Z   ✓  230 [iphone-emulation] › e2e/app.spec.ts:340:0 › offline POST share is single-use and never places message in URL (1.6s)
web	Run bun run test:browser	2026-10-05T09:54:10.6224988Z   ✓  228 [iphone-emulation] › e2e/app.spec.ts:267:0 › input errors recover, edits invalidate results, keyboard keeps multiline input (3.9s)
web	Run bun run test:browser	2026-10-05T09:54:11.1137938Z   ✓  227 [iphone-emulation] › e2e/app.spec.ts:239:0 › preferences persist, input does not; denied storage still converts (4.8s)
web	Run bun run test:browser	2026-10-05T09:54:12.3734879Z   ✓  229 [iphone-emulation] › e2e/app.spec.ts:286:0 › readable at 320px, dark mode, with no serious accessibility violations (4.8s)
web	Run bun run test:browser	2026-10-05T09:54:14.6886419Z   ✓  231 [iphone-emulation] › e2e/app.spec.ts:378:0 › an update waits, preserves draft on opt-in, and survives a partial next update (4.6s)
web	Run bun run test:browser	2026-10-05T09:54:19.1601079Z   ✓  235 [iphone-emulation] › e2e/controls.spec.ts:407:0 › hovering timezone suggestions preserves typed values while explicit selections still commit (4.4s)
web	Run bun run test:browser	2026-10-05T09:54:19.5655143Z   ✓  234 [iphone-emulation] › e2e/controls.spec.ts:339:0 › timezone search preserves freeform offsets and recovers from empty and invalid choices (7.2s)
web	Run bun run test:browser	2026-10-05T09:54:20.6238939Z   ✓  233 [iphone-emulation] › e2e/controls.spec.ts:232:0 › choice menus support keyboard selection, nested Escape and pointer dismissal (9.5s)
web	Run bun run test:browser	2026-10-05T09:54:22.1431712Z   ✓  237 [iphone-emulation] › e2e/copy-focus.spec.ts:296:0 › an unchanged copy owner still receives selected manual fallback text (2.6s)
web	Run bun run test:browser	2026-10-05T09:54:22.6164662Z   ✓  236 [iphone-emulation] › e2e/copy-focus.spec.ts:262:0 › a deferred manual-copy focus frame cannot steal a new target keyboard edit (3.4s)
web	Run bun run test:browser	2026-10-05T09:54:23.1911026Z   ✓  238 [iphone-emulation] › e2e/copy-focus.spec.ts:317:0 › same-owner keyboard intent keeps the newer owner (2.5s)
web	Run bun run test:browser	2026-10-05T09:54:25.1402478Z   ✓  240 [iphone-emulation] › e2e/diagnostics.spec.ts:84:0 › detailed logging survives a tab reload and reset preferences disables it (2.5s)
web	Run bun run test:browser	2026-10-05T09:54:25.2660525Z   ✓  241 [iphone-emulation] › e2e/diagnostics.spec.ts:114:0 › detailed logs still work in memory when session storage is denied (2.1s)
web	Run bun run test:browser	2026-10-05T09:54:25.7081835Z   ✓  239 [iphone-emulation] › e2e/diagnostics.spec.ts:12:0 › detailed logs are opt-in, local, exclude message and selected zones, and stop when disabled (3.5s)
web	Run bun run test:browser	2026-10-05T09:54:26.9490758Z   ✓  243 [iphone-emulation] › e2e/diagnostics.spec.ts:191:0 › corrupt cached files fail integrity checks and detailed logs identify bounded repair failure (1.7s)
web	Run bun run test:browser	2026-10-05T09:54:27.4469648Z   ✓  242 [iphone-emulation] › e2e/diagnostics.spec.ts:145:0 › a retired release repairs only missing files using its intact cached assets (2.3s)
web	Run bun run test:browser	2026-10-05T09:54:29.1194561Z   ✓  245 [iphone-emulation] › e2e/engine.spec.ts:4:0 › independent exact fixture expectations run in the production browser worker (2.2s)
web	Run bun run test:browser	2026-10-05T09:54:30.2071659Z   ✓  244 [iphone-emulation] › e2e/diagnostics.spec.ts:232:0 › waiting updates remain actionable when a current cache probe times out (4.5s)
web	Run bun run test:browser	2026-10-05T09:54:30.7760978Z   ✓  232 [iphone-emulation] › e2e/controls.spec.ts:55:0 › themed choices align and their opened menus fit every breakpoint without losing work (20.1s)
web	Run bun run test:browser	2026-10-05T09:54:32.3960968Z   ✓  246 [iphone-emulation] › e2e/imports.spec.ts:5:2 › delayed clipboard offers replacement instead of overwriting edited or cleared work (4.9s)
web	Run bun run test:browser	2026-10-05T09:54:33.7965559Z   ✓  248 [iphone-emulation] › e2e/imports.spec.ts:173:0 › an unresolved target hides copyable fallback results and correction restores the source interpretation (3.6s)
web	Run bun run test:browser	2026-10-05T09:54:35.6211545Z   ✓  249 [iphone-emulation] › e2e/live.spec.ts:4:0 › typing, pasted text and conversion settings update without submission (4.8s)
web	Run bun run test:browser	2026-10-05T09:54:35.7229392Z   ✓  247 [iphone-emulation] › e2e/imports.spec.ts:5:2 › delayed share offers replacement instead of overwriting edited or cleared work (6.6s)
web	Run bun run test:browser	2026-10-05T09:54:36.9728435Z   ✓  252 [iphone-emulation] › e2e/motion.spec.ts:61:0 › reduced motion keeps live feedback and usable results without animation (1.3s)
web	Run bun run test:browser	2026-10-05T09:54:37.5259541Z   ✓  250 [iphone-emulation] › e2e/live.spec.ts:30:0 › composition defers conversion and queued work cannot overwrite a newer draft (5.1s)
web	Run bun run test:browser	2026-10-05T09:54:37.6789344Z   ✓  253 [iphone-emulation] › e2e/offline-install.spec.ts:31:0 › a transient initial registration failure retries before any controller exists (1.9s)
web	Run bun run test:browser	2026-10-05T09:54:39.1381181Z   ✓  255 [iphone-emulation] › e2e/offline-install.spec.ts:82:0 › a stale mutable release marker is refetched and checked before offline readiness (1.6s)
web	Run bun run test:browser	2026-10-05T09:54:39.6118145Z   ✓  254 [iphone-emulation] › e2e/offline-install.spec.ts:59:0 › slow first installation clears its expired warning without losing conversion (2.6s)
web	Run bun run test:browser	2026-10-05T09:54:39.8149564Z   ✓  251 [iphone-emulation] › e2e/motion.spec.ts:4:0 › live feedback covers debounce and worker completion, then settles or cancels (6.0s)
web	Run bun run test:browser	2026-10-05T09:54:40.2148766Z   ✓  256 [iphone-emulation] › e2e/offline-install.spec.ts:106:0 › a rejected first installation retries without reloading or clearing input (2.5s)
web	Run bun run test:browser	2026-10-05T09:54:42.7192435Z   ✓  258 [iphone-emulation] › e2e/offline-install.spec.ts:155:0 › HTML response rewriting cannot break first installation or offline navigation (3.1s)
web	Run bun run test:browser	2026-10-05T09:54:43.1549922Z   ✓  260 [iphone-emulation] › e2e/privacy.spec.ts:6:2 › legacy command preferences migrate, reset removes them and quota failures keep conversion usable (2.9s)
web	Run bun run test:browser	2026-10-05T09:54:43.8437225Z   ✓  259 [iphone-emulation] › e2e/privacy.spec.ts:6:2 › legacy lens preferences migrate, reset removes them and quota failures keep conversion usable (4.0s)
web	Run bun run test:browser	2026-10-05T09:54:44.5343862Z   ✓  261 [iphone-emulation] › e2e/privacy.spec.ts:85:0 › invalid and oversized local shares return a paste fallback without storing text (1.8s)
web	Run bun run test:browser	2026-10-05T09:54:45.6126520Z   ✓  257 [iphone-emulation] › e2e/offline-install.spec.ts:126:0 › persistently wrong release bytes never activate or claim offline readiness (6.4s)
web	Run bun run test:browser	2026-10-05T09:54:46.3628417Z   ✓  263 [iphone-emulation] › e2e/privacy.spec.ts:223:0 › denied update storage keeps the draft active and requires clearing before reload (2.5s)
web	Run bun run test:browser	2026-10-05T09:54:47.0477267Z   -  266 [iphone-emulation] › e2e/uncontrolled.spec.ts:102:0 › an activated worker reclaims a hard-refreshed tab without reloading its draft
web	Run bun run test:browser	2026-10-05T09:54:47.1277543Z   ✓  262 [iphone-emulation] › e2e/privacy.spec.ts:119:0 › expired and invalid temporary text is consumed and erased without restoring it (4.0s)
web	Run bun run test:browser	2026-10-05T09:54:47.5142069Z   -  267 [iphone-emulation] › e2e/uncontrolled.spec.ts:135:0 › an explicit update recovers a timed-out readiness probe without another reload
web	Run bun run test:browser	2026-10-05T09:54:47.5492627Z   ✓  265 [iphone-emulation] › e2e/responsive.spec.ts:83:0 › touch-sized controls and keyboard navigation remain usable in a short viewport (1.9s)
web	Run bun run test:browser	2026-10-05T09:54:47.7117695Z   -  268 [iphone-emulation] › e2e/uncontrolled.spec.ts:227:0 › an older active worker cannot mark an uncontrolled tab ready or activate its waiting update
web	Run bun run test:browser	2026-10-05T09:54:49.3902760Z   ✓  264 [iphone-emulation] › e2e/responsive.spec.ts:4:0 › reflows across cover screens, phones, tablets and desktops without losing work (4.8s)
web	Run bun run test:browser	2026-10-05T09:54:49.9931500Z   ✓  269 [iphone-emulation] › e2e/updates.spec.ts:6:0 › repair refuses another release and leaves the existing offline shell intact (2.5s)
web	Run bun run test:browser	2026-10-05T09:54:50.6457332Z   ✓  271 [iphone-emulation] › e2e/updates.spec.ts:93:0 › oversized drafts block an update until they can be safely preserved (2.9s)
web	Run bun run test:browser	2026-10-05T09:54:52.2182841Z   ✓  270 [iphone-emulation] › e2e/updates.spec.ts:45:0 › an interrupted rollback preserves a retained cache and its old tab worker (4.7s)
web	Run bun run test:browser	2026-10-05T09:54:55.2407111Z   ✓  273 [iphone-emulation] › e2e/updates.spec.ts:270:0 › rollback preserves draft and preferences and removes obsolete caches with one remaining tab (5.2s)
web	Run bun run test:browser	2026-10-05T09:54:56.1198594Z   ✓  272 [iphone-emulation] › e2e/updates.spec.ts:209:0 › old and new tabs retain their own workers across successive releases and offline restart (6.7s)
web	Run bun run test:browser	2026-10-05T09:54:56.1973195Z 
web	Run bun run test:browser	2026-10-05T09:54:56.1978331Z   9 skipped
web	Run bun run test:browser	2026-10-05T09:54:56.1978725Z   264 passed (4.7m)
web	Record browser resource usage	﻿2026-10-05T09:54:56.4167622Z ##[group]Run bun scripts/ci-environment.ts after
web	Record browser resource usage	2026-10-05T09:54:56.4168018Z ^[[36;1mbun scripts/ci-environment.ts after^[[0m
web	Record browser resource usage	2026-10-05T09:54:56.4168472Z shell: bash --noprofile --norc -e -o pipefail {0}
web	Record browser resource usage	2026-10-05T09:54:56.4168759Z env:
web	Record browser resource usage	2026-10-05T09:54:56.4168990Z   PLAYWRIGHT_BROWSERS_PATH: /ms-playwright
web	Record browser resource usage	2026-10-05T09:54:56.4169275Z   PLAYWRIGHT_IMAGE_VERSION: 1.63.0
web	Record browser resource usage	2026-10-05T09:54:56.4169574Z   CHRONOSHIFT_CI_TIMING: 0
web	Record browser resource usage	2026-10-05T09:54:56.4169803Z   PUBLISH_PAGES: true
web	Record browser resource usage	2026-10-05T09:54:56.4170039Z   MISE_LOG_LEVEL: info
web	Record browser resource usage	2026-10-05T09:54:56.4171779Z   MISE_GITHUB_TOKEN: ***
web	Record browser resource usage	2026-10-05T09:54:56.4172105Z   MISE_TRUSTED_CONFIG_PATHS: /__w/ChronoShift/ChronoShift
web	Record browser resource usage	2026-10-05T09:54:56.4172388Z   MISE_YES: 1
web	Record browser resource usage	2026-10-05T09:54:56.4172634Z ##[endgroup]
web	Record browser resource usage	2026-10-05T09:54:56.4633264Z [ci-environment] {"at":"2026-10-05T09:54:56.462Z","phase":"after","platform":"linux","architecture":"x64","osRelease":"6.17.0-1022-azure","availableParallelism":4,"logicalCpus":4,"cpuModel":"Intel(R) Xeon(R) 6973P-C","totalMemoryBytes":16765374464,"cgroup":{"cpu.max":"max 100000","cpu.stat":"usage_usec 974010177\nuser_usec 845195396\nsystem_usec 128814780\nnice_usec 54028000\ncore_sched.force_idle_usec 0\nnr_periods 0\nnr_throttled 0\nthrottled_usec 0\nnr_bursts 0\nburst_usec 0","memory.max":"max","memory.peak":"7220695040","memory.events":"low 0\nhigh 0\nmax 0\noom 0\noom_kill 0\noom_group_kill 0"}}
web	Verify repository-subpath deployment	﻿2026-10-05T09:54:56.4705983Z ##[group]Run bun run build
web	Verify repository-subpath deployment	2026-10-05T09:54:56.4706302Z ^[[36;1mbun run build^[[0m
web	Verify repository-subpath deployment	2026-10-05T09:54:56.4706644Z ^[[36;1m# Keep browser first-attempt evidence when the separate subpath^[[0m
web	Verify repository-subpath deployment	2026-10-05T09:54:56.4707036Z ^[[36;1m# runner clears its own output before starting.^[[0m
web	Verify repository-subpath deployment	2026-10-05T09:54:56.4707472Z ^[[36;1mbunx --bun playwright test --config=playwright.subpath.config.ts --output=test-results/subpath^[[0m
web	Verify repository-subpath deployment	2026-10-05T09:54:56.4708056Z shell: bash --noprofile --norc -e -o pipefail {0}
web	Verify repository-subpath deployment	2026-10-05T09:54:56.4708346Z env:
web	Verify repository-subpath deployment	2026-10-05T09:54:56.4708577Z   PLAYWRIGHT_BROWSERS_PATH: /ms-playwright
web	Verify repository-subpath deployment	2026-10-05T09:54:56.4708858Z   PLAYWRIGHT_IMAGE_VERSION: 1.63.0
web	Verify repository-subpath deployment	2026-10-05T09:54:56.4709131Z   CHRONOSHIFT_CI_TIMING: 0
web	Verify repository-subpath deployment	2026-10-05T09:54:56.4709395Z   PUBLISH_PAGES: true
web	Verify repository-subpath deployment	2026-10-05T09:54:56.4709633Z   MISE_LOG_LEVEL: info
web	Verify repository-subpath deployment	2026-10-05T09:54:56.4711421Z   MISE_GITHUB_TOKEN: ***
web	Verify repository-subpath deployment	2026-10-05T09:54:56.4711692Z   MISE_TRUSTED_CONFIG_PATHS: /__w/ChronoShift/ChronoShift
web	Verify repository-subpath deployment	2026-10-05T09:54:56.4711962Z   MISE_YES: 1
web	Verify repository-subpath deployment	2026-10-05T09:54:56.4712308Z   BASE_PATH: /ChronoShift/
web	Verify repository-subpath deployment	2026-10-05T09:54:56.4712611Z ##[endgroup]
web	Verify repository-subpath deployment	2026-10-05T09:54:56.5130556Z $ bun run typecheck && bun scripts/third-party-notices.ts && bunx --bun vite build && bun scripts/build-offline.ts
web	Verify repository-subpath deployment	2026-10-05T09:54:56.5150540Z $ bunx --bun tsc --noEmit
web	Verify repository-subpath deployment	2026-10-05T09:54:56.9283365Z Included notices for 19 production packages.
web	Verify repository-subpath deployment	2026-10-05T09:54:57.0511412Z ^[[36mvite v8.3.2 ^[[32mbuilding client environment for production...^[[36m^[[39m
web	Verify repository-subpath deployment	2026-10-05T09:54:57.0577872Z transforming...
web	Verify repository-subpath deployment	2026-10-05T09:54:57.2220765Z ✓ 644 modules transformed.
web	Verify repository-subpath deployment	2026-10-05T09:54:57.2687291Z rendering chunks...
web	Verify repository-subpath deployment	2026-10-05T09:54:57.3487948Z computing gzip size...
web	Verify repository-subpath deployment	2026-10-05T09:54:57.3578348Z dist/index.html                                    0.84 kB │ gzip:   0.45 kB
web	Verify repository-subpath deployment	2026-10-05T09:54:57.3578861Z dist/assets/geist-latin-variable-Dm3htQBi.woff2   28.40 kB
web	Verify repository-subpath deployment	2026-10-05T09:54:57.3579239Z dist/assets/worker-C690IjaR.js                   221.14 kB
web	Verify repository-subpath deployment	2026-10-05T09:54:57.3579742Z dist/assets/index-CQJea-JE.css                    20.76 kB │ gzip:   4.84 kB
web	Verify repository-subpath deployment	2026-10-05T09:54:57.3580312Z dist/assets/index-1VRzNw7L.js                    775.67 kB │ gzip: 235.36 kB
web	Verify repository-subpath deployment	2026-10-05T09:54:57.3580600Z 
web	Verify repository-subpath deployment	2026-10-05T09:54:57.3581214Z ^[[32m✓ built in 306ms^[[39m
web	Verify repository-subpath deployment	2026-10-05T09:54:57.3586531Z ^[[33m[plugin builtin:vite-reporter] 
web	Verify repository-subpath deployment	2026-10-05T09:54:57.3586979Z (!) Some chunks are larger than 500 kB after minification. Consider:
web	Verify repository-subpath deployment	2026-10-05T09:54:57.3587404Z - Using dynamic import() to code-split the application
web	Verify repository-subpath deployment	2026-10-05T09:54:57.3588044Z - Use build.rolldownOptions.output.codeSplitting to improve chunking: https://rolldown.rs/reference/OutputOptions.codeSplitting
web	Verify repository-subpath deployment	2026-10-05T09:54:57.3588787Z - Adjust chunk size limit for this warning via build.chunkSizeWarningLimit.^[[39m
web	Verify repository-subpath deployment	2026-10-05T09:54:57.3860103Z Offline version 87460d5221379e14: 13 local assets, /ChronoShift/
web	Verify repository-subpath deployment	2026-10-05T09:54:57.9347087Z 
web	Verify repository-subpath deployment	2026-10-05T09:54:57.9347757Z Running 1 test using 1 worker
web	Verify repository-subpath deployment	2026-10-05T09:54:59.4770724Z ·
web	Verify repository-subpath deployment	2026-10-05T09:54:59.4772934Z   1 passed (1.8s)
web	Upload the verified Pages build	﻿2026-10-05T09:54:59.4946313Z ##[group]Run actions/upload-pages-artifact@fc324d3547104276b827a68afc52ff2a11cc49c9
web	Upload the verified Pages build	2026-10-05T09:54:59.4946698Z with:
web	Upload the verified Pages build	2026-10-05T09:54:59.4946875Z   path: dist
web	Upload the verified Pages build	2026-10-05T09:54:59.4947070Z   retention-days: 1
web	Upload the verified Pages build	2026-10-05T09:54:59.4947253Z   name: github-pages
web	Upload the verified Pages build	2026-10-05T09:54:59.4947452Z   include-hidden-files: false
web	Upload the verified Pages build	2026-10-05T09:54:59.4947658Z env:
web	Upload the verified Pages build	2026-10-05T09:54:59.4947843Z   PLAYWRIGHT_BROWSERS_PATH: /ms-playwright
web	Upload the verified Pages build	2026-10-05T09:54:59.4948091Z   PLAYWRIGHT_IMAGE_VERSION: 1.63.0
web	Upload the verified Pages build	2026-10-05T09:54:59.4948310Z   CHRONOSHIFT_CI_TIMING: 0
web	Upload the verified Pages build	2026-10-05T09:54:59.4948515Z   PUBLISH_PAGES: true
web	Upload the verified Pages build	2026-10-05T09:54:59.4948697Z   MISE_LOG_LEVEL: info
web	Upload the verified Pages build	2026-10-05T09:54:59.4950737Z   MISE_GITHUB_TOKEN: ***
web	Upload the verified Pages build	2026-10-05T09:54:59.4950986Z   MISE_TRUSTED_CONFIG_PATHS: /__w/ChronoShift/ChronoShift
web	Upload the verified Pages build	2026-10-05T09:54:59.4951245Z   MISE_YES: 1
web	Upload the verified Pages build	2026-10-05T09:54:59.4951414Z ##[endgroup]
web	Upload the verified Pages build	2026-10-05T09:54:59.5007529Z ##[start-action display=Archive artifact;id=__actions_upload-pages-artifact.__run]
web	Upload the verified Pages build	2026-10-05T09:54:59.5045439Z ##[group]Run echo ::group::Archive artifact
web	Upload the verified Pages build	2026-10-05T09:54:59.5045780Z ^[[36;1mecho ::group::Archive artifact^[[0m
web	Upload the verified Pages build	2026-10-05T09:54:59.5045987Z ^[[36;1mtar \^[[0m
web	Upload the verified Pages build	2026-10-05T09:54:59.5046203Z ^[[36;1m  --dereference --hard-dereference \^[[0m
web	Upload the verified Pages build	2026-10-05T09:54:59.5046443Z ^[[36;1m  --directory "$INPUT_PATH" \^[[0m
web	Upload the verified Pages build	2026-10-05T09:54:59.5046715Z ^[[36;1m  -cvf "$RUNNER_TEMP/artifact.tar" \^[[0m
web	Upload the verified Pages build	2026-10-05T09:54:59.5046940Z ^[[36;1m  --exclude=.git \^[[0m
web	Upload the verified Pages build	2026-10-05T09:54:59.5047142Z ^[[36;1m  --exclude=.github \^[[0m
web	Upload the verified Pages build	2026-10-05T09:54:59.5047333Z ^[[36;1m  --exclude=.[^/]* \^[[0m
web	Upload the verified Pages build	2026-10-05T09:54:59.5047510Z ^[[36;1m  .^[[0m
web	Upload the verified Pages build	2026-10-05T09:54:59.5047673Z ^[[36;1mecho ::endgroup::^[[0m
web	Upload the verified Pages build	2026-10-05T09:54:59.5047949Z shell: sh -e {0}
web	Upload the verified Pages build	2026-10-05T09:54:59.5048115Z env:
web	Upload the verified Pages build	2026-10-05T09:54:59.5048302Z   PLAYWRIGHT_BROWSERS_PATH: /ms-playwright
web	Upload the verified Pages build	2026-10-05T09:54:59.5048538Z   PLAYWRIGHT_IMAGE_VERSION: 1.63.0
web	Upload the verified Pages build	2026-10-05T09:54:59.5048758Z   CHRONOSHIFT_CI_TIMING: 0
web	Upload the verified Pages build	2026-10-05T09:54:59.5048943Z   PUBLISH_PAGES: true
web	Upload the verified Pages build	2026-10-05T09:54:59.5049117Z   MISE_LOG_LEVEL: info
web	Upload the verified Pages build	2026-10-05T09:54:59.5050915Z   MISE_GITHUB_TOKEN: ***
web	Upload the verified Pages build	2026-10-05T09:54:59.5051142Z   MISE_TRUSTED_CONFIG_PATHS: /__w/ChronoShift/ChronoShift
web	Upload the verified Pages build	2026-10-05T09:54:59.5051396Z   MISE_YES: 1
web	Upload the verified Pages build	2026-10-05T09:54:59.5051559Z   INPUT_PATH: dist
web	Upload the verified Pages build	2026-10-05T09:54:59.5051739Z ##[endgroup]
web	Upload the verified Pages build	2026-10-05T09:54:59.5459663Z ##[group]Archive artifact
web	Upload the verified Pages build	2026-10-05T09:54:59.5471056Z ./
web	Upload the verified Pages build	2026-10-05T09:54:59.5471494Z ./third-party-notices.txt
web	Upload the verified Pages build	2026-10-05T09:54:59.5472655Z ./manifest.webmanifest
web	Upload the verified Pages build	2026-10-05T09:54:59.5473023Z ./assets/
web	Upload the verified Pages build	2026-10-05T09:54:59.5473431Z ./assets/worker-C690IjaR.js
web	Upload the verified Pages build	2026-10-05T09:54:59.5473781Z ./assets/index-CQJea-JE.css
web	Upload the verified Pages build	2026-10-05T09:54:59.5475439Z ./assets/index-1VRzNw7L.js
web	Upload the verified Pages build	2026-10-05T09:54:59.5479323Z ./assets/geist-latin-variable-Dm3htQBi.woff2
web	Upload the verified Pages build	2026-10-05T09:54:59.5479833Z ./index.html
web	Upload the verified Pages build	2026-10-05T09:54:59.5480150Z ./release.json
web	Upload the verified Pages build	2026-10-05T09:54:59.5480419Z ./sw.js
web	Upload the verified Pages build	2026-10-05T09:54:59.5480705Z ./icon.svg
web	Upload the verified Pages build	2026-10-05T09:54:59.5480886Z ./icon-512.png
web	Upload the verified Pages build	2026-10-05T09:54:59.5481052Z ./icon-192.png
web	Upload the verified Pages build	2026-10-05T09:54:59.5481239Z ./fonts/
web	Upload the verified Pages build	2026-10-05T09:54:59.5481397Z ./fonts/geist-OFL.txt
web	Upload the verified Pages build	2026-10-05T09:54:59.5481586Z ./fonts/README.txt
web	Upload the verified Pages build	2026-10-05T09:54:59.5484608Z ##[endgroup]
web	Upload the verified Pages build	2026-10-05T09:54:59.5519067Z ##[end-action id=__actions_upload-pages-artifact.__run;outcome=success;conclusion=success;duration_ms=51]
web	Upload the verified Pages build	2026-10-05T09:54:59.5521601Z ##[start-action display=Archive artifact;id=__actions_upload-pages-artifact.__run_2]
web	Upload the verified Pages build	2026-10-05T09:54:59.5525494Z ##[end-action id=__actions_upload-pages-artifact.__run_2;outcome=skipped;conclusion=skipped;duration_ms=0]
web	Upload the verified Pages build	2026-10-05T09:54:59.5527547Z ##[start-action display=Archive artifact;id=__actions_upload-pages-artifact.__run_3]
web	Upload the verified Pages build	2026-10-05T09:54:59.5530696Z ##[end-action id=__actions_upload-pages-artifact.__run_3;outcome=skipped;conclusion=skipped;duration_ms=0]
web	Upload the verified Pages build	2026-10-05T09:54:59.5532101Z ##[start-action display=Upload artifact;id=__actions_upload-pages-artifact.upload-artifact]
web	Upload the verified Pages build	2026-10-05T09:54:59.5563038Z ##[group]Run actions/upload-artifact@bbbca2ddaa5d8feaa63e36b76fdaad77386f024f
web	Upload the verified Pages build	2026-10-05T09:54:59.5563521Z with:
web	Upload the verified Pages build	2026-10-05T09:54:59.5563700Z   name: github-pages
web	Upload the verified Pages build	2026-10-05T09:54:59.5563909Z   path: /home/runner/work/_temp/artifact.tar
web	Upload the verified Pages build	2026-10-05T09:54:59.5564407Z   retention-days: 1
web	Upload the verified Pages build	2026-10-05T09:54:59.5564612Z   if-no-files-found: error
web	Upload the verified Pages build	2026-10-05T09:54:59.5564815Z   compression-level: 6
web	Upload the verified Pages build	2026-10-05T09:54:59.5565001Z   overwrite: false
web	Upload the verified Pages build	2026-10-05T09:54:59.5565187Z   include-hidden-files: false
web	Upload the verified Pages build	2026-10-05T09:54:59.5565399Z   archive: true
web	Upload the verified Pages build	2026-10-05T09:54:59.5565563Z env:
web	Upload the verified Pages build	2026-10-05T09:54:59.5565741Z   PLAYWRIGHT_BROWSERS_PATH: /ms-playwright
web	Upload the verified Pages build	2026-10-05T09:54:59.5565982Z   PLAYWRIGHT_IMAGE_VERSION: 1.63.0
web	Upload the verified Pages build	2026-10-05T09:54:59.5566208Z   CHRONOSHIFT_CI_TIMING: 0
web	Upload the verified Pages build	2026-10-05T09:54:59.5566401Z   PUBLISH_PAGES: true
web	Upload the verified Pages build	2026-10-05T09:54:59.5566579Z   MISE_LOG_LEVEL: info
web	Upload the verified Pages build	2026-10-05T09:54:59.5568431Z   MISE_GITHUB_TOKEN: ***
web	Upload the verified Pages build	2026-10-05T09:54:59.5568678Z   MISE_TRUSTED_CONFIG_PATHS: /__w/ChronoShift/ChronoShift
web	Upload the verified Pages build	2026-10-05T09:54:59.5568940Z   MISE_YES: 1
web	Upload the verified Pages build	2026-10-05T09:54:59.5569112Z ##[endgroup]
web	Upload the verified Pages build	2026-10-05T09:54:59.5572334Z ##[command]/usr/bin/docker exec  ac3c662d99849294262a1567fa43d9f81ccee5bcb1c73ff74662aa2651eebccb sh -c "cat /etc/*release | grep ^ID"
web	Upload the verified Pages build	2026-10-05T09:54:59.7523065Z With the provided path, there will be 1 file uploaded
web	Upload the verified Pages build	2026-10-05T09:54:59.7540408Z Artifact name is valid!
web	Upload the verified Pages build	2026-10-05T09:54:59.7541166Z Root directory input is valid!
web	Upload the verified Pages build	2026-10-05T09:55:00.0005434Z Uploading artifact: github-pages.zip
web	Upload the verified Pages build	2026-10-05T09:55:00.0036761Z Beginning upload of artifact content to blob storage
web	Upload the verified Pages build	2026-10-05T09:55:00.2680353Z Uploaded bytes 374912
web	Upload the verified Pages build	2026-10-05T09:55:00.3006374Z Finished uploading artifact content to blob storage!
web	Upload the verified Pages build	2026-10-05T09:55:00.3006955Z SHA256 digest of uploaded artifact is 774e7a3ca686661be286d80634c96d5810b5174dbab1b7d7fe91dff11e13d73e
web	Upload the verified Pages build	2026-10-05T09:55:00.3007383Z Finalizing artifact upload
web	Upload the verified Pages build	2026-10-05T09:55:00.5973847Z Artifact github-pages successfully finalized. Artifact ID 11337229220
web	Upload the verified Pages build	2026-10-05T09:55:00.5974689Z Artifact github-pages has been successfully uploaded! Final size is 374912 bytes. Artifact ID is 11337229220
web	Upload the verified Pages build	2026-10-05T09:55:00.5978023Z Artifact download URL: https://github.com/Tien-Lam/ChronoShift/actions/runs/37292552858/artifacts/11337229220
web	Upload the verified Pages build	2026-10-05T09:55:00.6098900Z ##[end-action id=__actions_upload-pages-artifact.upload-artifact;outcome=success;conclusion=success;duration_ms=1056]
web	Post Run actions/checkout@3d3c42e5aac5ba805825da76410c181273ba90b1	﻿2026-10-05T09:55:00.6562383Z Post job cleanup.
web	Post Run actions/checkout@3d3c42e5aac5ba805825da76410c181273ba90b1	2026-10-05T09:55:00.6568165Z ##[command]/usr/bin/docker exec  ac3c662d99849294262a1567fa43d9f81ccee5bcb1c73ff74662aa2651eebccb sh -c "cat /etc/*release | grep ^ID"
web	Post Run actions/checkout@3d3c42e5aac5ba805825da76410c181273ba90b1	2026-10-05T09:55:00.7926691Z [command]/usr/bin/git version
web	Post Run actions/checkout@3d3c42e5aac5ba805825da76410c181273ba90b1	2026-10-05T09:55:00.7955518Z git version 2.43.0
web	Post Run actions/checkout@3d3c42e5aac5ba805825da76410c181273ba90b1	2026-10-05T09:55:00.7979239Z Temporarily overriding HOME='/__w/_temp/6b034aef-d6c5-40d6-b293-5a6dbc7cf395' before making global git config changes
web	Post Run actions/checkout@3d3c42e5aac5ba805825da76410c181273ba90b1	2026-10-05T09:55:00.7980367Z Adding repository directory to the temporary git global config as a safe directory
web	Post Run actions/checkout@3d3c42e5aac5ba805825da76410c181273ba90b1	2026-10-05T09:55:00.7981991Z [command]/usr/bin/git config --global --add safe.directory /__w/ChronoShift/ChronoShift
web	Post Run actions/checkout@3d3c42e5aac5ba805825da76410c181273ba90b1	2026-10-05T09:55:00.8004480Z Removing SSH command configuration
web	Post Run actions/checkout@3d3c42e5aac5ba805825da76410c181273ba90b1	2026-10-05T09:55:00.8007272Z [command]/usr/bin/git config --local --name-only --get-regexp core\.sshCommand
web	Post Run actions/checkout@3d3c42e5aac5ba805825da76410c181273ba90b1	2026-10-05T09:55:00.8033159Z [command]/usr/bin/git submodule foreach --recursive sh -c "git config --local --name-only --get-regexp 'core\.sshCommand' && git config --local --unset-all 'core.sshCommand' || :"
web	Post Run actions/checkout@3d3c42e5aac5ba805825da76410c181273ba90b1	2026-10-05T09:55:00.8238617Z Removing HTTP extra header
web	Post Run actions/checkout@3d3c42e5aac5ba805825da76410c181273ba90b1	2026-10-05T09:55:00.8242059Z [command]/usr/bin/git config --local --name-only --get-regexp http\.https\:\/\/github\.com\/\.extraheader
web	Post Run actions/checkout@3d3c42e5aac5ba805825da76410c181273ba90b1	2026-10-05T09:55:00.8285425Z [command]/usr/bin/git submodule foreach --recursive sh -c "git config --local --name-only --get-regexp 'http\.https\:\/\/github\.com\/\.extraheader' && git config --local --unset-all 'http.https://github.com/.extraheader' || :"
web	Post Run actions/checkout@3d3c42e5aac5ba805825da76410c181273ba90b1	2026-10-05T09:55:00.8515613Z Removing includeIf entries pointing to credentials config files
web	Post Run actions/checkout@3d3c42e5aac5ba805825da76410c181273ba90b1	2026-10-05T09:55:00.8516653Z [command]/usr/bin/git config --local --name-only --get-regexp ^includeIf\.gitdir:
web	Post Run actions/checkout@3d3c42e5aac5ba805825da76410c181273ba90b1	2026-10-05T09:55:00.8538984Z includeif.gitdir:/__w/ChronoShift/ChronoShift/.git.path
web	Post Run actions/checkout@3d3c42e5aac5ba805825da76410c181273ba90b1	2026-10-05T09:55:00.8539630Z includeif.gitdir:/__w/ChronoShift/ChronoShift/.git/worktrees/*.path
web	Post Run actions/checkout@3d3c42e5aac5ba805825da76410c181273ba90b1	2026-10-05T09:55:00.8540284Z includeif.gitdir:/github/workspace/.git.path
web	Post Run actions/checkout@3d3c42e5aac5ba805825da76410c181273ba90b1	2026-10-05T09:55:00.8540763Z includeif.gitdir:/github/workspace/.git/worktrees/*.path
web	Post Run actions/checkout@3d3c42e5aac5ba805825da76410c181273ba90b1	2026-10-05T09:55:00.8555065Z [command]/usr/bin/git config --local --get-all includeif.gitdir:/__w/ChronoShift/ChronoShift/.git.path
web	Post Run actions/checkout@3d3c42e5aac5ba805825da76410c181273ba90b1	2026-10-05T09:55:00.8574597Z /__w/_temp/git-credentials-aa927305-a07c-4d55-ba83-f4143387d5d2.config
web	Post Run actions/checkout@3d3c42e5aac5ba805825da76410c181273ba90b1	2026-10-05T09:55:00.8583822Z [command]/usr/bin/git config --local --unset includeif.gitdir:/__w/ChronoShift/ChronoShift/.git.path \/__w\/_temp\/git\-credentials\-aa927305\-a07c\-4d55\-ba83\-f4143387d5d2\.config
web	Post Run actions/checkout@3d3c42e5aac5ba805825da76410c181273ba90b1	2026-10-05T09:55:00.8612203Z [command]/usr/bin/git config --local --get-all includeif.gitdir:/__w/ChronoShift/ChronoShift/.git/worktrees/*.path
web	Post Run actions/checkout@3d3c42e5aac5ba805825da76410c181273ba90b1	2026-10-05T09:55:00.8628465Z /__w/_temp/git-credentials-aa927305-a07c-4d55-ba83-f4143387d5d2.config
web	Post Run actions/checkout@3d3c42e5aac5ba805825da76410c181273ba90b1	2026-10-05T09:55:00.8635853Z [command]/usr/bin/git config --local --unset includeif.gitdir:/__w/ChronoShift/ChronoShift/.git/worktrees/*.path \/__w\/_temp\/git\-credentials\-aa927305\-a07c\-4d55\-ba83\-f4143387d5d2\.config
web	Post Run actions/checkout@3d3c42e5aac5ba805825da76410c181273ba90b1	2026-10-05T09:55:00.8659628Z [command]/usr/bin/git config --local --get-all includeif.gitdir:/github/workspace/.git.path
web	Post Run actions/checkout@3d3c42e5aac5ba805825da76410c181273ba90b1	2026-10-05T09:55:00.8675890Z /github/runner_temp/git-credentials-aa927305-a07c-4d55-ba83-f4143387d5d2.config
web	Post Run actions/checkout@3d3c42e5aac5ba805825da76410c181273ba90b1	2026-10-05T09:55:00.8716279Z [command]/usr/bin/git config --local --unset includeif.gitdir:/github/workspace/.git.path \/github\/runner_temp\/git\-credentials\-aa927305\-a07c\-4d55\-ba83\-f4143387d5d2\.config
web	Post Run actions/checkout@3d3c42e5aac5ba805825da76410c181273ba90b1	2026-10-05T09:55:00.8739218Z [command]/usr/bin/git config --local --get-all includeif.gitdir:/github/workspace/.git/worktrees/*.path
web	Post Run actions/checkout@3d3c42e5aac5ba805825da76410c181273ba90b1	2026-10-05T09:55:00.8754504Z /github/runner_temp/git-credentials-aa927305-a07c-4d55-ba83-f4143387d5d2.config
web	Post Run actions/checkout@3d3c42e5aac5ba805825da76410c181273ba90b1	2026-10-05T09:55:00.8760048Z [command]/usr/bin/git config --local --unset includeif.gitdir:/github/workspace/.git/worktrees/*.path \/github\/runner_temp\/git\-credentials\-aa927305\-a07c\-4d55\-ba83\-f4143387d5d2\.config
web	Post Run actions/checkout@3d3c42e5aac5ba805825da76410c181273ba90b1	2026-10-05T09:55:00.8782305Z [command]/usr/bin/git submodule foreach --recursive git config --local --show-origin --name-only --get-regexp remote.origin.url
web	Post Run actions/checkout@3d3c42e5aac5ba805825da76410c181273ba90b1	2026-10-05T09:55:00.8927498Z Removing credentials config '/__w/_temp/git-credentials-aa927305-a07c-4d55-ba83-f4143387d5d2.config'
web	Stop containers	﻿2026-10-05T09:55:00.9034522Z Stop and remove container: cd10d40945f2430ca29a4686faadd193_mcrmicrosoftcomplaywrightsha256eff16c30e6f3f4af0a03fa4b706120d5e9b0891c344a27d64559aff5900a4a27_13313f
web	Stop containers	2026-10-05T09:55:00.9038038Z ##[command]/usr/bin/docker rm --force ac3c662d99849294262a1567fa43d9f81ccee5bcb1c73ff74662aa2651eebccb
web	Stop containers	2026-10-05T09:55:01.0090573Z ac3c662d99849294262a1567fa43d9f81ccee5bcb1c73ff74662aa2651eebccb
web	Stop containers	2026-10-05T09:55:01.0109745Z Remove container network: github_network_e391bea08bde4585968c0929309c5c62
web	Stop containers	2026-10-05T09:55:01.0112790Z ##[command]/usr/bin/docker network rm github_network_e391bea08bde4585968c0929309c5c62
web	Stop containers	2026-10-05T09:55:01.0772162Z github_network_e391bea08bde4585968c0929309c5c62
web	Complete job	﻿2026-10-05T09:55:01.0832468Z Cleaning up orphan processes
