web	Set up job	﻿2026-10-05T06:26:43.8739292Z Current runner version: '2.337.0'
web	Set up job	2026-10-05T06:26:43.8773568Z ##[group]Runner Image Provisioner
web	Set up job	2026-10-05T06:26:43.8775162Z Hosted Compute Agent
web	Set up job	2026-10-05T06:26:43.8776192Z Version: 20260901.588
web	Set up job	2026-10-05T06:26:43.8777236Z Commit: f88ec8081b781fac6c440065ac7ff9e710ce3d0b
web	Set up job	2026-10-05T06:26:43.8778614Z Build Date: 2026-09-01T19:56:44Z
web	Set up job	2026-10-05T06:26:43.8779707Z Worker ID: {8b21b34d-8fe2-418f-905e-ca509c2ec2ba}
web	Set up job	2026-10-05T06:26:43.8781004Z Azure Region: eastus
web	Set up job	2026-10-05T06:26:43.8781972Z ##[endgroup]
web	Set up job	2026-10-05T06:26:43.8784607Z ##[group]Operating System
web	Set up job	2026-10-05T06:26:43.8785803Z Ubuntu
web	Set up job	2026-10-05T06:26:43.8786608Z 24.04.5
web	Set up job	2026-10-05T06:26:43.8787573Z LTS
web	Set up job	2026-10-05T06:26:43.8788439Z ##[endgroup]
web	Set up job	2026-10-05T06:26:43.8789291Z ##[group]Runner Image
web	Set up job	2026-10-05T06:26:43.8790552Z Image: ubuntu-24.04
web	Set up job	2026-10-05T06:26:43.8791540Z Version: 20260927.320.1
web	Set up job	2026-10-05T06:26:43.8793398Z Included Software: https://github.com/actions/runner-images/blob/ubuntu24/20260927.320/images/ubuntu/Ubuntu2404-Readme.md
web	Set up job	2026-10-05T06:26:43.8796642Z Image Release: https://github.com/actions/runner-images/releases/tag/ubuntu24%2F20260927.320
web	Set up job	2026-10-05T06:26:43.8798402Z ##[endgroup]
web	Set up job	2026-10-05T06:26:43.8800371Z ##[group]GITHUB_TOKEN Permissions
web	Set up job	2026-10-05T06:26:43.8802847Z Contents: read
web	Set up job	2026-10-05T06:26:43.8803794Z Metadata: read
web	Set up job	2026-10-05T06:26:43.8805160Z Pages: read
web	Set up job	2026-10-05T06:26:43.8805990Z ##[endgroup]
web	Set up job	2026-10-05T06:26:43.8808909Z Secret source: Actions
web	Set up job	2026-10-05T06:26:43.8810425Z Cache mode: write
web	Set up job	2026-10-05T06:26:43.8811596Z Prepare workflow directory
web	Set up job	2026-10-05T06:26:43.9709786Z Prepare all required actions
web	Set up job	2026-10-05T06:26:43.9781160Z Getting action download info
web	Set up job	2026-10-05T06:26:44.1840702Z Download action repository 'actions/checkout@34e114876b0b11c390a56381ad16ebd13914f8d5' (SHA:34e114876b0b11c390a56381ad16ebd13914f8d5)
web	Set up job	2026-10-05T06:26:44.3291169Z Download action repository 'jdx/mise-action@5228313ee0372e111a38da051671ca30fc5a96db' (SHA:5228313ee0372e111a38da051671ca30fc5a96db)
web	Set up job	2026-10-05T06:26:44.5323880Z Download action repository 'actions/upload-artifact@ea165f8d65b6e75b540449e92b4886f43607fa02' (SHA:ea165f8d65b6e75b540449e92b4886f43607fa02)
web	Set up job	2026-10-05T06:26:44.6346075Z Download action repository 'actions/configure-pages@983d7736d9b0ae728b81ab479565c72886d7745b' (SHA:983d7736d9b0ae728b81ab479565c72886d7745b)
web	Set up job	2026-10-05T06:26:44.7791198Z Download action repository 'actions/upload-pages-artifact@7b1f4a764d45c48632c6b24a0339c27f5614fb0b' (SHA:7b1f4a764d45c48632c6b24a0339c27f5614fb0b)
web	Set up job	2026-10-05T06:26:44.9875412Z Getting action download info
web	Set up job	2026-10-05T06:26:45.0970611Z Complete job name: web
web	Initialize containers	﻿2026-10-05T06:26:45.1500709Z ##[group]Checking docker version
web	Initialize containers	2026-10-05T06:26:45.1514241Z ##[command]/usr/bin/docker version --format '{{.Server.APIVersion}}'
web	Initialize containers	2026-10-05T06:26:45.2213757Z '1.48'
web	Initialize containers	2026-10-05T06:26:45.2230334Z Docker daemon API version: '1.48'
web	Initialize containers	2026-10-05T06:26:45.2231273Z ##[command]/usr/bin/docker version --format '{{.Client.APIVersion}}'
web	Initialize containers	2026-10-05T06:26:45.2391123Z '1.48'
web	Initialize containers	2026-10-05T06:26:45.2404163Z Docker client API version: '1.48'
web	Initialize containers	2026-10-05T06:26:45.2410472Z ##[endgroup]
web	Initialize containers	2026-10-05T06:26:45.2414635Z ##[group]Clean up resources from previous jobs
web	Initialize containers	2026-10-05T06:26:45.2421861Z ##[command]/usr/bin/docker ps --all --quiet --no-trunc --filter "label=6814d3"
web	Initialize containers	2026-10-05T06:26:45.2563853Z ##[command]/usr/bin/docker network prune --force --filter "label=6814d3"
web	Initialize containers	2026-10-05T06:26:45.2695346Z ##[endgroup]
web	Initialize containers	2026-10-05T06:26:45.2695939Z ##[group]Create local container network
web	Initialize containers	2026-10-05T06:26:45.2705781Z ##[command]/usr/bin/docker network create --label 6814d3 github_network_9393230ecafe46a6ac7bc42f11bb7567
web	Initialize containers	2026-10-05T06:26:45.3226639Z 332fede1fcd4f0e2d50e87f7a2e988989bef62f0decf6fda52dbe499872ca822
web	Initialize containers	2026-10-05T06:26:45.3243797Z ##[endgroup]
web	Initialize containers	2026-10-05T06:26:45.3268463Z ##[group]Starting job container
web	Initialize containers	2026-10-05T06:26:45.3289976Z ##[command]/usr/bin/docker pull mcr.microsoft.com/playwright@sha256:eff16c30e6f3f4af0a03fa4b706120d5e9b0891c344a27d64559aff5900a4a27
web	Initialize containers	2026-10-05T06:26:45.4391730Z mcr.microsoft.com/playwright@sha256:eff16c30e6f3f4af0a03fa4b706120d5e9b0891c344a27d64559aff5900a4a27: Pulling from playwright
web	Initialize containers	2026-10-05T06:26:45.4796142Z 0926a8eb0e60: Pulling fs layer
web	Initialize containers	2026-10-05T06:26:45.4796915Z e2bfec3c8017: Pulling fs layer
web	Initialize containers	2026-10-05T06:26:45.4797517Z 74c72610aa2d: Pulling fs layer
web	Initialize containers	2026-10-05T06:26:45.4798108Z d8cf7dc1ff62: Pulling fs layer
web	Initialize containers	2026-10-05T06:26:45.4798916Z b4dfe9b5d621: Pulling fs layer
web	Initialize containers	2026-10-05T06:26:45.4799514Z a2ac83a9a562: Pulling fs layer
web	Initialize containers	2026-10-05T06:26:45.4800079Z 1b189482e65c: Pulling fs layer
web	Initialize containers	2026-10-05T06:26:45.4800667Z b4dfe9b5d621: Waiting
web	Initialize containers	2026-10-05T06:26:45.4801224Z a2ac83a9a562: Waiting
web	Initialize containers	2026-10-05T06:26:45.4801780Z 1b189482e65c: Waiting
web	Initialize containers	2026-10-05T06:26:45.4802342Z d8cf7dc1ff62: Waiting
web	Initialize containers	2026-10-05T06:26:45.5428730Z 74c72610aa2d: Verifying Checksum
web	Initialize containers	2026-10-05T06:26:45.5431731Z 74c72610aa2d: Download complete
web	Initialize containers	2026-10-05T06:26:45.6735810Z 0926a8eb0e60: Verifying Checksum
web	Initialize containers	2026-10-05T06:26:45.6736956Z 0926a8eb0e60: Download complete
web	Initialize containers	2026-10-05T06:26:46.0275967Z e2bfec3c8017: Verifying Checksum
web	Initialize containers	2026-10-05T06:26:46.0282747Z e2bfec3c8017: Download complete
web	Initialize containers	2026-10-05T06:26:46.6544063Z a2ac83a9a562: Verifying Checksum
web	Initialize containers	2026-10-05T06:26:46.6549249Z a2ac83a9a562: Download complete
web	Initialize containers	2026-10-05T06:26:47.0523880Z b4dfe9b5d621: Verifying Checksum
web	Initialize containers	2026-10-05T06:26:47.0533362Z b4dfe9b5d621: Download complete
web	Initialize containers	2026-10-05T06:26:47.1291239Z d8cf7dc1ff62: Verifying Checksum
web	Initialize containers	2026-10-05T06:26:47.1292852Z d8cf7dc1ff62: Download complete
web	Initialize containers	2026-10-05T06:26:47.2092686Z 1b189482e65c: Verifying Checksum
web	Initialize containers	2026-10-05T06:26:47.2106270Z 1b189482e65c: Download complete
web	Initialize containers	2026-10-05T06:26:47.4866260Z 0926a8eb0e60: Pull complete
web	Initialize containers	2026-10-05T06:26:54.1762070Z e2bfec3c8017: Pull complete
web	Initialize containers	2026-10-05T06:26:54.1978649Z 74c72610aa2d: Pull complete
web	Initialize containers	2026-10-05T06:27:03.2321624Z d8cf7dc1ff62: Pull complete
web	Initialize containers	2026-10-05T06:27:07.8164619Z b4dfe9b5d621: Pull complete
web	Initialize containers	2026-10-05T06:27:09.7152242Z a2ac83a9a562: Pull complete
web	Initialize containers	2026-10-05T06:27:11.5695308Z 1b189482e65c: Pull complete
web	Initialize containers	2026-10-05T06:27:11.5735373Z Digest: sha256:eff16c30e6f3f4af0a03fa4b706120d5e9b0891c344a27d64559aff5900a4a27
web	Initialize containers	2026-10-05T06:27:11.5743661Z Status: Downloaded newer image for mcr.microsoft.com/playwright@sha256:eff16c30e6f3f4af0a03fa4b706120d5e9b0891c344a27d64559aff5900a4a27
web	Initialize containers	2026-10-05T06:27:11.5768587Z mcr.microsoft.com/playwright@sha256:eff16c30e6f3f4af0a03fa4b706120d5e9b0891c344a27d64559aff5900a4a27
web	Initialize containers	2026-10-05T06:27:11.5847235Z ##[command]/usr/bin/docker create --name ed4970215e254b3eb9871ae4582ff416_mcrmicrosoftcomplaywrightsha256eff16c30e6f3f4af0a03fa4b706120d5e9b0891c344a27d64559aff5900a4a27_2f49cd --label 6814d3 --workdir /__w/ChronoShift/ChronoShift --network github_network_9393230ecafe46a6ac7bc42f11bb7567 --user 1001:1001 --ipc=host --init -e "HOME=/github/home" -e GITHUB_ACTIONS=true -e CI=true -v "/var/run/docker.sock":"/var/run/docker.sock" -v "/home/runner/work":"/__w" -v "/home/runner/actions-runner/cached/2.337.0/externals":"/__e":ro -v "/home/runner/work/_temp":"/__w/_temp" -v "/home/runner/work/_actions":"/__w/_actions" -v "/opt/hostedtoolcache":"/__t" -v "/home/runner/work/_temp/_github_home":"/github/home" -v "/home/runner/work/_temp/_github_workflow":"/github/workflow" --entrypoint "tail" mcr.microsoft.com/playwright@sha256:eff16c30e6f3f4af0a03fa4b706120d5e9b0891c344a27d64559aff5900a4a27 "-f" "/dev/null"
web	Initialize containers	2026-10-05T06:27:11.6106683Z 2493edde2f1e059d6ed395eda54ce42ad1bf6556ced50c0069b18b50c8b6fc86
web	Initialize containers	2026-10-05T06:27:11.6128700Z ##[command]/usr/bin/docker start 2493edde2f1e059d6ed395eda54ce42ad1bf6556ced50c0069b18b50c8b6fc86
web	Initialize containers	2026-10-05T06:27:11.7785888Z 2493edde2f1e059d6ed395eda54ce42ad1bf6556ced50c0069b18b50c8b6fc86
web	Initialize containers	2026-10-05T06:27:11.7802831Z ##[command]/usr/bin/docker ps --all --filter id=2493edde2f1e059d6ed395eda54ce42ad1bf6556ced50c0069b18b50c8b6fc86 --filter status=running --no-trunc --format "{{.ID}} {{.Status}}"
web	Initialize containers	2026-10-05T06:27:11.7919269Z 2493edde2f1e059d6ed395eda54ce42ad1bf6556ced50c0069b18b50c8b6fc86 Up Less than a second
web	Initialize containers	2026-10-05T06:27:11.7937272Z ##[command]/usr/bin/docker inspect --format "{{range .Config.Env}}{{println .}}{{end}}" 2493edde2f1e059d6ed395eda54ce42ad1bf6556ced50c0069b18b50c8b6fc86
web	Initialize containers	2026-10-05T06:27:11.8055582Z HOME=/github/home
web	Initialize containers	2026-10-05T06:27:11.8066596Z GITHUB_ACTIONS=true
web	Initialize containers	2026-10-05T06:27:11.8067305Z CI=true
web	Initialize containers	2026-10-05T06:27:11.8067840Z PATH=/usr/local/sbin:/usr/local/bin:/usr/sbin:/usr/bin:/sbin:/bin
web	Initialize containers	2026-10-05T06:27:11.8068454Z LANG=C.UTF-8
web	Initialize containers	2026-10-05T06:27:11.8068767Z LC_ALL=C.UTF-8
web	Initialize containers	2026-10-05T06:27:11.8069031Z PLAYWRIGHT_BROWSERS_PATH=/ms-playwright
web	Initialize containers	2026-10-05T06:27:11.8076754Z ##[endgroup]
web	Initialize containers	2026-10-05T06:27:11.8085522Z ##[group]Waiting for all services to be ready
web	Initialize containers	2026-10-05T06:27:11.8087446Z ##[endgroup]
web	Run actions/checkout@34e114876b0b11c390a56381ad16ebd13914f8d5	﻿2026-10-05T06:27:11.8373413Z ##[group]Run actions/checkout@34e114876b0b11c390a56381ad16ebd13914f8d5
web	Run actions/checkout@34e114876b0b11c390a56381ad16ebd13914f8d5	2026-10-05T06:27:11.8374332Z with:
web	Run actions/checkout@34e114876b0b11c390a56381ad16ebd13914f8d5	2026-10-05T06:27:11.8374568Z   repository: Tien-Lam/ChronoShift
web	Run actions/checkout@34e114876b0b11c390a56381ad16ebd13914f8d5	2026-10-05T06:27:11.8377213Z   token: ***
web	Run actions/checkout@34e114876b0b11c390a56381ad16ebd13914f8d5	2026-10-05T06:27:11.8377423Z   ssh-strict: true
web	Run actions/checkout@34e114876b0b11c390a56381ad16ebd13914f8d5	2026-10-05T06:27:11.8377628Z   ssh-user: git
web	Run actions/checkout@34e114876b0b11c390a56381ad16ebd13914f8d5	2026-10-05T06:27:11.8377837Z   persist-credentials: true
web	Run actions/checkout@34e114876b0b11c390a56381ad16ebd13914f8d5	2026-10-05T06:27:11.8378072Z   clean: true
web	Run actions/checkout@34e114876b0b11c390a56381ad16ebd13914f8d5	2026-10-05T06:27:11.8378298Z   sparse-checkout-cone-mode: true
web	Run actions/checkout@34e114876b0b11c390a56381ad16ebd13914f8d5	2026-10-05T06:27:11.8378552Z   fetch-depth: 1
web	Run actions/checkout@34e114876b0b11c390a56381ad16ebd13914f8d5	2026-10-05T06:27:11.8378762Z   fetch-tags: false
web	Run actions/checkout@34e114876b0b11c390a56381ad16ebd13914f8d5	2026-10-05T06:27:11.8378969Z   show-progress: true
web	Run actions/checkout@34e114876b0b11c390a56381ad16ebd13914f8d5	2026-10-05T06:27:11.8379188Z   lfs: false
web	Run actions/checkout@34e114876b0b11c390a56381ad16ebd13914f8d5	2026-10-05T06:27:11.8379379Z   submodules: false
web	Run actions/checkout@34e114876b0b11c390a56381ad16ebd13914f8d5	2026-10-05T06:27:11.8379586Z   set-safe-directory: true
web	Run actions/checkout@34e114876b0b11c390a56381ad16ebd13914f8d5	2026-10-05T06:27:11.8380357Z env:
web	Run actions/checkout@34e114876b0b11c390a56381ad16ebd13914f8d5	2026-10-05T06:27:11.8380754Z   PLAYWRIGHT_BROWSERS_PATH: /ms-playwright
web	Run actions/checkout@34e114876b0b11c390a56381ad16ebd13914f8d5	2026-10-05T06:27:11.8381266Z   PLAYWRIGHT_IMAGE_VERSION: 1.63.0
web	Run actions/checkout@34e114876b0b11c390a56381ad16ebd13914f8d5	2026-10-05T06:27:11.8381892Z   CHRONOSHIFT_CI_TIMING: 0
web	Run actions/checkout@34e114876b0b11c390a56381ad16ebd13914f8d5	2026-10-05T06:27:11.8382237Z   PUBLISH_PAGES: true
web	Run actions/checkout@34e114876b0b11c390a56381ad16ebd13914f8d5	2026-10-05T06:27:11.8382516Z ##[endgroup]
web	Run actions/checkout@34e114876b0b11c390a56381ad16ebd13914f8d5	2026-10-05T06:27:11.8443767Z ##[command]/usr/bin/docker exec  2493edde2f1e059d6ed395eda54ce42ad1bf6556ced50c0069b18b50c8b6fc86 sh -c "cat /etc/*release | grep ^ID"
web	Run actions/checkout@34e114876b0b11c390a56381ad16ebd13914f8d5	2026-10-05T06:27:12.0430733Z Syncing repository: Tien-Lam/ChronoShift
web	Run actions/checkout@34e114876b0b11c390a56381ad16ebd13914f8d5	2026-10-05T06:27:12.0432775Z ##[group]Getting Git version info
web	Run actions/checkout@34e114876b0b11c390a56381ad16ebd13914f8d5	2026-10-05T06:27:12.0433443Z Working directory is '/__w/ChronoShift/ChronoShift'
web	Run actions/checkout@34e114876b0b11c390a56381ad16ebd13914f8d5	2026-10-05T06:27:12.0434889Z [command]/usr/bin/git version
web	Run actions/checkout@34e114876b0b11c390a56381ad16ebd13914f8d5	2026-10-05T06:27:12.0435406Z git version 2.43.0
web	Run actions/checkout@34e114876b0b11c390a56381ad16ebd13914f8d5	2026-10-05T06:27:12.0454763Z ##[endgroup]
web	Run actions/checkout@34e114876b0b11c390a56381ad16ebd13914f8d5	2026-10-05T06:27:12.0470795Z Temporarily overriding HOME='/__w/_temp/3cd76ed8-d464-4f5c-8ddd-5357e96eceb4' before making global git config changes
web	Run actions/checkout@34e114876b0b11c390a56381ad16ebd13914f8d5	2026-10-05T06:27:12.0473191Z Adding repository directory to the temporary git global config as a safe directory
web	Run actions/checkout@34e114876b0b11c390a56381ad16ebd13914f8d5	2026-10-05T06:27:12.0477288Z [command]/usr/bin/git config --global --add safe.directory /__w/ChronoShift/ChronoShift
web	Run actions/checkout@34e114876b0b11c390a56381ad16ebd13914f8d5	2026-10-05T06:27:12.0515842Z Deleting the contents of '/__w/ChronoShift/ChronoShift'
web	Run actions/checkout@34e114876b0b11c390a56381ad16ebd13914f8d5	2026-10-05T06:27:12.0521071Z ##[group]Initializing the repository
web	Run actions/checkout@34e114876b0b11c390a56381ad16ebd13914f8d5	2026-10-05T06:27:12.0546996Z [command]/usr/bin/git init /__w/ChronoShift/ChronoShift
web	Run actions/checkout@34e114876b0b11c390a56381ad16ebd13914f8d5	2026-10-05T06:27:12.0572180Z hint: Using 'master' as the name for the initial branch. This default branch name
web	Run actions/checkout@34e114876b0b11c390a56381ad16ebd13914f8d5	2026-10-05T06:27:12.0573401Z hint: is subject to change. To configure the initial branch name to use in all
web	Run actions/checkout@34e114876b0b11c390a56381ad16ebd13914f8d5	2026-10-05T06:27:12.0574891Z hint: of your new repositories, which will suppress this warning, call:
web	Run actions/checkout@34e114876b0b11c390a56381ad16ebd13914f8d5	2026-10-05T06:27:12.0575741Z hint: 
web	Run actions/checkout@34e114876b0b11c390a56381ad16ebd13914f8d5	2026-10-05T06:27:12.0576217Z hint: 	git config --global init.defaultBranch <name>
web	Run actions/checkout@34e114876b0b11c390a56381ad16ebd13914f8d5	2026-10-05T06:27:12.0576698Z hint: 
web	Run actions/checkout@34e114876b0b11c390a56381ad16ebd13914f8d5	2026-10-05T06:27:12.0577138Z hint: Names commonly chosen instead of 'master' are 'main', 'trunk' and
web	Run actions/checkout@34e114876b0b11c390a56381ad16ebd13914f8d5	2026-10-05T06:27:12.0578110Z hint: 'development'. The just-created branch can be renamed via this command:
web	Run actions/checkout@34e114876b0b11c390a56381ad16ebd13914f8d5	2026-10-05T06:27:12.0578856Z hint: 
web	Run actions/checkout@34e114876b0b11c390a56381ad16ebd13914f8d5	2026-10-05T06:27:12.0579209Z hint: 	git branch -m <name>
web	Run actions/checkout@34e114876b0b11c390a56381ad16ebd13914f8d5	2026-10-05T06:27:12.0586271Z Initialized empty Git repository in /__w/ChronoShift/ChronoShift/.git/
web	Run actions/checkout@34e114876b0b11c390a56381ad16ebd13914f8d5	2026-10-05T06:27:12.0598306Z [command]/usr/bin/git remote add origin https://github.com/Tien-Lam/ChronoShift
web	Run actions/checkout@34e114876b0b11c390a56381ad16ebd13914f8d5	2026-10-05T06:27:12.0669488Z ##[endgroup]
web	Run actions/checkout@34e114876b0b11c390a56381ad16ebd13914f8d5	2026-10-05T06:27:12.0670221Z ##[group]Disabling automatic garbage collection
web	Run actions/checkout@34e114876b0b11c390a56381ad16ebd13914f8d5	2026-10-05T06:27:12.0675332Z [command]/usr/bin/git config --local gc.auto 0
web	Run actions/checkout@34e114876b0b11c390a56381ad16ebd13914f8d5	2026-10-05T06:27:12.0714833Z ##[endgroup]
web	Run actions/checkout@34e114876b0b11c390a56381ad16ebd13914f8d5	2026-10-05T06:27:12.0715492Z ##[group]Setting up auth
web	Run actions/checkout@34e114876b0b11c390a56381ad16ebd13914f8d5	2026-10-05T06:27:12.0722707Z [command]/usr/bin/git config --local --name-only --get-regexp core\.sshCommand
web	Run actions/checkout@34e114876b0b11c390a56381ad16ebd13914f8d5	2026-10-05T06:27:12.0760409Z [command]/usr/bin/git submodule foreach --recursive sh -c "git config --local --name-only --get-regexp 'core\.sshCommand' && git config --local --unset-all 'core.sshCommand' || :"
web	Run actions/checkout@34e114876b0b11c390a56381ad16ebd13914f8d5	2026-10-05T06:27:12.1049695Z [command]/usr/bin/git config --local --name-only --get-regexp http\.https\:\/\/github\.com\/\.extraheader
web	Run actions/checkout@34e114876b0b11c390a56381ad16ebd13914f8d5	2026-10-05T06:27:12.1083214Z [command]/usr/bin/git submodule foreach --recursive sh -c "git config --local --name-only --get-regexp 'http\.https\:\/\/github\.com\/\.extraheader' && git config --local --unset-all 'http.https://github.com/.extraheader' || :"
web	Run actions/checkout@34e114876b0b11c390a56381ad16ebd13914f8d5	2026-10-05T06:27:12.1360648Z [command]/usr/bin/git config --local --name-only --get-regexp ^includeIf\.gitdir:
web	Run actions/checkout@34e114876b0b11c390a56381ad16ebd13914f8d5	2026-10-05T06:27:12.1407108Z [command]/usr/bin/git submodule foreach --recursive git config --local --show-origin --name-only --get-regexp remote.origin.url
web	Run actions/checkout@34e114876b0b11c390a56381ad16ebd13914f8d5	2026-10-05T06:27:12.1654626Z [command]/usr/bin/git config --local http.https://github.com/.extraheader AUTHORIZATION: basic ***
web	Run actions/checkout@34e114876b0b11c390a56381ad16ebd13914f8d5	2026-10-05T06:27:12.1697926Z ##[endgroup]
web	Run actions/checkout@34e114876b0b11c390a56381ad16ebd13914f8d5	2026-10-05T06:27:12.1698407Z ##[group]Fetching the repository
web	Run actions/checkout@34e114876b0b11c390a56381ad16ebd13914f8d5	2026-10-05T06:27:12.1708461Z [command]/usr/bin/git -c protocol.version=2 fetch --no-tags --prune --no-recurse-submodules --depth=1 origin +1573d817ed3ee550020a25e37a5a81558902845f:refs/remotes/pull/37/merge
web	Run actions/checkout@34e114876b0b11c390a56381ad16ebd13914f8d5	2026-10-05T06:27:14.2320171Z From https://github.com/Tien-Lam/ChronoShift
web	Run actions/checkout@34e114876b0b11c390a56381ad16ebd13914f8d5	2026-10-05T06:27:14.2321057Z  * [new ref]         1573d817ed3ee550020a25e37a5a81558902845f -> pull/37/merge
web	Run actions/checkout@34e114876b0b11c390a56381ad16ebd13914f8d5	2026-10-05T06:27:14.2346425Z ##[endgroup]
web	Run actions/checkout@34e114876b0b11c390a56381ad16ebd13914f8d5	2026-10-05T06:27:14.2347283Z ##[group]Determining the checkout info
web	Run actions/checkout@34e114876b0b11c390a56381ad16ebd13914f8d5	2026-10-05T06:27:14.2348244Z ##[endgroup]
web	Run actions/checkout@34e114876b0b11c390a56381ad16ebd13914f8d5	2026-10-05T06:27:14.2351365Z [command]/usr/bin/git sparse-checkout disable
web	Run actions/checkout@34e114876b0b11c390a56381ad16ebd13914f8d5	2026-10-05T06:27:14.2394536Z [command]/usr/bin/git config --local --unset-all extensions.worktreeConfig
web	Run actions/checkout@34e114876b0b11c390a56381ad16ebd13914f8d5	2026-10-05T06:27:14.2426445Z ##[group]Checking out the ref
web	Run actions/checkout@34e114876b0b11c390a56381ad16ebd13914f8d5	2026-10-05T06:27:14.2431562Z [command]/usr/bin/git checkout --progress --force refs/remotes/pull/37/merge
web	Run actions/checkout@34e114876b0b11c390a56381ad16ebd13914f8d5	2026-10-05T06:27:14.5036920Z Note: switching to 'refs/remotes/pull/37/merge'.
web	Run actions/checkout@34e114876b0b11c390a56381ad16ebd13914f8d5	2026-10-05T06:27:14.5037410Z 
web	Run actions/checkout@34e114876b0b11c390a56381ad16ebd13914f8d5	2026-10-05T06:27:14.5037756Z You are in 'detached HEAD' state. You can look around, make experimental
web	Run actions/checkout@34e114876b0b11c390a56381ad16ebd13914f8d5	2026-10-05T06:27:14.5038692Z changes and commit them, and you can discard any commits you make in this
web	Run actions/checkout@34e114876b0b11c390a56381ad16ebd13914f8d5	2026-10-05T06:27:14.5039521Z state without impacting any branches by switching back to a branch.
web	Run actions/checkout@34e114876b0b11c390a56381ad16ebd13914f8d5	2026-10-05T06:27:14.5040008Z 
web	Run actions/checkout@34e114876b0b11c390a56381ad16ebd13914f8d5	2026-10-05T06:27:14.5040352Z If you want to create a new branch to retain commits you create, you may
web	Run actions/checkout@34e114876b0b11c390a56381ad16ebd13914f8d5	2026-10-05T06:27:14.5041150Z do so (now or later) by using -c with the switch command. Example:
web	Run actions/checkout@34e114876b0b11c390a56381ad16ebd13914f8d5	2026-10-05T06:27:14.5041601Z 
web	Run actions/checkout@34e114876b0b11c390a56381ad16ebd13914f8d5	2026-10-05T06:27:14.5041777Z   git switch -c <new-branch-name>
web	Run actions/checkout@34e114876b0b11c390a56381ad16ebd13914f8d5	2026-10-05T06:27:14.5042076Z 
web	Run actions/checkout@34e114876b0b11c390a56381ad16ebd13914f8d5	2026-10-05T06:27:14.5042241Z Or undo this operation with:
web	Run actions/checkout@34e114876b0b11c390a56381ad16ebd13914f8d5	2026-10-05T06:27:14.5042517Z 
web	Run actions/checkout@34e114876b0b11c390a56381ad16ebd13914f8d5	2026-10-05T06:27:14.5042657Z   git switch -
web	Run actions/checkout@34e114876b0b11c390a56381ad16ebd13914f8d5	2026-10-05T06:27:14.5042881Z 
web	Run actions/checkout@34e114876b0b11c390a56381ad16ebd13914f8d5	2026-10-05T06:27:14.5043261Z Turn off this advice by setting config variable advice.detachedHead to false
web	Run actions/checkout@34e114876b0b11c390a56381ad16ebd13914f8d5	2026-10-05T06:27:14.5044099Z 
web	Run actions/checkout@34e114876b0b11c390a56381ad16ebd13914f8d5	2026-10-05T06:27:14.5044732Z HEAD is now at 1573d81 Merge 8a4ebec0881f8363ffd19f833bbf29a44e77885a into 7059da3125ada61123f91d1267bbee9a6f4792ef
web	Run actions/checkout@34e114876b0b11c390a56381ad16ebd13914f8d5	2026-10-05T06:27:14.5065584Z ##[endgroup]
web	Run actions/checkout@34e114876b0b11c390a56381ad16ebd13914f8d5	2026-10-05T06:27:14.5112956Z [command]/usr/bin/git log -1 --format=%H
web	Run actions/checkout@34e114876b0b11c390a56381ad16ebd13914f8d5	2026-10-05T06:27:14.5140353Z 1573d817ed3ee550020a25e37a5a81558902845f
web	Capture the checked-in corpus audit	﻿2026-10-05T06:27:14.5363349Z ##[group]Run cp -f docs/planning/corpus-audit.json "$RUNNER_TEMP/chronoshift-corpus-audit.json"
web	Capture the checked-in corpus audit	2026-10-05T06:27:14.5364484Z ^[[36;1mcp -f docs/planning/corpus-audit.json "$RUNNER_TEMP/chronoshift-corpus-audit.json"^[[0m
web	Capture the checked-in corpus audit	2026-10-05T06:27:14.5368480Z shell: bash --noprofile --norc -e -o pipefail {0}
web	Capture the checked-in corpus audit	2026-10-05T06:27:14.5368819Z env:
web	Capture the checked-in corpus audit	2026-10-05T06:27:14.5369042Z   PLAYWRIGHT_BROWSERS_PATH: /ms-playwright
web	Capture the checked-in corpus audit	2026-10-05T06:27:14.5369346Z   PLAYWRIGHT_IMAGE_VERSION: 1.63.0
web	Capture the checked-in corpus audit	2026-10-05T06:27:14.5369614Z   CHRONOSHIFT_CI_TIMING: 0
web	Capture the checked-in corpus audit	2026-10-05T06:27:14.5369841Z   PUBLISH_PAGES: true
web	Capture the checked-in corpus audit	2026-10-05T06:27:14.5370266Z ##[endgroup]
web	Run jdx/mise-action@5228313ee0372e111a38da051671ca30fc5a96db	﻿2026-10-05T06:27:14.6212080Z ##[group]Run jdx/mise-action@5228313ee0372e111a38da051671ca30fc5a96db
web	Run jdx/mise-action@5228313ee0372e111a38da051671ca30fc5a96db	2026-10-05T06:27:14.6212470Z with:
web	Run jdx/mise-action@5228313ee0372e111a38da051671ca30fc5a96db	2026-10-05T06:27:14.6212662Z   install: true
web	Run jdx/mise-action@5228313ee0372e111a38da051671ca30fc5a96db	2026-10-05T06:27:14.6212859Z   cache: true
web	Run jdx/mise-action@5228313ee0372e111a38da051671ca30fc5a96db	2026-10-05T06:27:14.6213047Z   cache_save: true
web	Run jdx/mise-action@5228313ee0372e111a38da051671ca30fc5a96db	2026-10-05T06:27:14.6213253Z   cache_key_prefix: mise-v1
web	Run jdx/mise-action@5228313ee0372e111a38da051671ca30fc5a96db	2026-10-05T06:27:14.6213487Z   experimental: false
web	Run jdx/mise-action@5228313ee0372e111a38da051671ca30fc5a96db	2026-10-05T06:27:14.6213697Z   log_level: info
web	Run jdx/mise-action@5228313ee0372e111a38da051671ca30fc5a96db	2026-10-05T06:27:14.6214352Z   reshim: false
web	Run jdx/mise-action@5228313ee0372e111a38da051671ca30fc5a96db	2026-10-05T06:27:14.6214566Z   add_shims_to_path: true
web	Run jdx/mise-action@5228313ee0372e111a38da051671ca30fc5a96db	2026-10-05T06:27:14.6217145Z   github_token: ***
web	Run jdx/mise-action@5228313ee0372e111a38da051671ca30fc5a96db	2026-10-05T06:27:14.6217358Z   fetch_from_github: true
web	Run jdx/mise-action@5228313ee0372e111a38da051671ca30fc5a96db	2026-10-05T06:27:14.6217568Z   env: true
web	Run jdx/mise-action@5228313ee0372e111a38da051671ca30fc5a96db	2026-10-05T06:27:14.6217741Z env:
web	Run jdx/mise-action@5228313ee0372e111a38da051671ca30fc5a96db	2026-10-05T06:27:14.6217948Z   PLAYWRIGHT_BROWSERS_PATH: /ms-playwright
web	Run jdx/mise-action@5228313ee0372e111a38da051671ca30fc5a96db	2026-10-05T06:27:14.6218375Z   PLAYWRIGHT_IMAGE_VERSION: 1.63.0
web	Run jdx/mise-action@5228313ee0372e111a38da051671ca30fc5a96db	2026-10-05T06:27:14.6218643Z   CHRONOSHIFT_CI_TIMING: 0
web	Run jdx/mise-action@5228313ee0372e111a38da051671ca30fc5a96db	2026-10-05T06:27:14.6218873Z   PUBLISH_PAGES: true
web	Run jdx/mise-action@5228313ee0372e111a38da051671ca30fc5a96db	2026-10-05T06:27:14.6219081Z ##[endgroup]
web	Run jdx/mise-action@5228313ee0372e111a38da051671ca30fc5a96db	2026-10-05T06:27:14.6226654Z ##[command]/usr/bin/docker exec  2493edde2f1e059d6ed395eda54ce42ad1bf6556ced50c0069b18b50c8b6fc86 sh -c "cat /etc/*release | grep ^ID"
web	Run jdx/mise-action@5228313ee0372e111a38da051671ca30fc5a96db	2026-10-05T06:27:14.8667785Z ##[group]Restoring mise cache
web	Run jdx/mise-action@5228313ee0372e111a38da051671ca30fc5a96db	2026-10-05T06:27:14.8715137Z [command]/usr/bin/ldd --version
web	Run jdx/mise-action@5228313ee0372e111a38da051671ca30fc5a96db	2026-10-05T06:27:14.8760749Z ldd (Ubuntu GLIBC 2.39-0ubuntu8.8) 2.39
web	Run jdx/mise-action@5228313ee0372e111a38da051671ca30fc5a96db	2026-10-05T06:27:14.8785325Z Copyright (C) 2024 Free Software Foundation, Inc.
web	Run jdx/mise-action@5228313ee0372e111a38da051671ca30fc5a96db	2026-10-05T06:27:14.8814800Z This is free software; see the source for copying conditions.  There is NO
web	Run jdx/mise-action@5228313ee0372e111a38da051671ca30fc5a96db	2026-10-05T06:27:14.8842843Z warranty; not even for MERCHANTABILITY or FITNESS FOR A PARTICULAR PURPOSE.
web	Run jdx/mise-action@5228313ee0372e111a38da051671ca30fc5a96db	2026-10-05T06:27:14.8864938Z Written by Roland McGrath and Ulrich Drepper.
web	Run jdx/mise-action@5228313ee0372e111a38da051671ca30fc5a96db	2026-10-05T06:27:15.2036830Z Cache hit for: mise-v1-linux-x64-c431b670824c497264adda817284eefbf26de4a6a9a9aa17ee83e04238eaee3d
web	Run jdx/mise-action@5228313ee0372e111a38da051671ca30fc5a96db	2026-10-05T06:27:16.1359430Z Received 166328943 of 166328943 (100.0%), 183.6 MBs/sec
web	Run jdx/mise-action@5228313ee0372e111a38da051671ca30fc5a96db	2026-10-05T06:27:16.1364291Z Cache Size: ~159 MB (166328943 B)
web	Run jdx/mise-action@5228313ee0372e111a38da051671ca30fc5a96db	2026-10-05T06:27:16.1421774Z [command]/usr/bin/tar -xf /__w/_temp/900d7d7e-0771-4766-82ab-0bfb32280fe1/cache.tgz -P -C /__w/ChronoShift/ChronoShift -z
web	Run jdx/mise-action@5228313ee0372e111a38da051671ca30fc5a96db	2026-10-05T06:27:19.4119897Z Cache restored successfully
web	Run jdx/mise-action@5228313ee0372e111a38da051671ca30fc5a96db	2026-10-05T06:27:19.4200210Z mise cache restored from key: mise-v1-linux-x64-c431b670824c497264adda817284eefbf26de4a6a9a9aa17ee83e04238eaee3d
web	Run jdx/mise-action@5228313ee0372e111a38da051671ca30fc5a96db	2026-10-05T06:27:19.4208483Z ##[group]Setting env vars
web	Run jdx/mise-action@5228313ee0372e111a38da051671ca30fc5a96db	2026-10-05T06:27:19.4209420Z Setting MISE_LOG_LEVEL=info
web	Run jdx/mise-action@5228313ee0372e111a38da051671ca30fc5a96db	2026-10-05T06:27:19.4215497Z Setting MISE_GITHUB_TOKEN=***
web	Run jdx/mise-action@5228313ee0372e111a38da051671ca30fc5a96db	2026-10-05T06:27:19.4216129Z Setting MISE_TRUSTED_CONFIG_PATHS=/__w/ChronoShift/ChronoShift
web	Run jdx/mise-action@5228313ee0372e111a38da051671ca30fc5a96db	2026-10-05T06:27:19.4216740Z Setting MISE_YES=1
web	Run jdx/mise-action@5228313ee0372e111a38da051671ca30fc5a96db	2026-10-05T06:27:19.4217168Z Adding /github/home/.local/share/mise/shims to PATH
web	Run jdx/mise-action@5228313ee0372e111a38da051671ca30fc5a96db	2026-10-05T06:27:19.4218038Z ##[group]Running mise --version
web	Run jdx/mise-action@5228313ee0372e111a38da051671ca30fc5a96db	2026-10-05T06:27:19.4230302Z [command]/github/home/.local/share/mise/bin/mise --version
web	Run jdx/mise-action@5228313ee0372e111a38da051671ca30fc5a96db	2026-10-05T06:27:19.4298376Z 2026.10.1 linux-x64 (2026-10-03)
web	Run jdx/mise-action@5228313ee0372e111a38da051671ca30fc5a96db	2026-10-05T06:27:19.4312650Z ##[endgroup]
web	Run jdx/mise-action@5228313ee0372e111a38da051671ca30fc5a96db	2026-10-05T06:27:19.4313542Z ##[group]Running mise install 
web	Run jdx/mise-action@5228313ee0372e111a38da051671ca30fc5a96db	2026-10-05T06:27:19.4323685Z [command]/github/home/.local/share/mise/bin/mise install
web	Run jdx/mise-action@5228313ee0372e111a38da051671ca30fc5a96db	2026-10-05T06:27:19.4421172Z ^[[2mmise^[[0m ^[[2mby @jdx^[[0m – installing 3 tools
web	Run jdx/mise-action@5228313ee0372e111a38da051671ca30fc5a96db	2026-10-05T06:27:19.4427489Z ^[[2mmise^[[0m ^[[38;5;11m⇢^[[0m bun@1.4.0    0ms · already installed
web	Run jdx/mise-action@5228313ee0372e111a38da051671ca30fc5a96db	2026-10-05T06:27:19.4429900Z ^[[2mmise^[[0m ^[[38;5;11m⇢^[[0m node@26.8.1  0ms · already installed
web	Run jdx/mise-action@5228313ee0372e111a38da051671ca30fc5a96db	2026-10-05T06:27:19.4442519Z ^[[2mmise^[[0m ^[[38;5;11m⇢^[[0m gh@2.100.0   1ms · already installed
web	Run jdx/mise-action@5228313ee0372e111a38da051671ca30fc5a96db	2026-10-05T06:27:19.4444136Z ^[[2mmise^[[0m ^[[36m████████████████^[[0m^[[31m^[[0m^[[2m^[[0m 3/3 · installed 0 tools · 3 already installed in 2ms
web	Run jdx/mise-action@5228313ee0372e111a38da051671ca30fc5a96db	2026-10-05T06:27:19.4445130Z ^[[2mmise^[[0m all tools are installed
web	Run jdx/mise-action@5228313ee0372e111a38da051671ca30fc5a96db	2026-10-05T06:27:19.4518372Z ##[endgroup]
web	Run jdx/mise-action@5228313ee0372e111a38da051671ca30fc5a96db	2026-10-05T06:27:19.4519343Z ##[group]Running mise ls
web	Run jdx/mise-action@5228313ee0372e111a38da051671ca30fc5a96db	2026-10-05T06:27:19.4530199Z [command]/github/home/.local/share/mise/bin/mise ls
web	Run jdx/mise-action@5228313ee0372e111a38da051671ca30fc5a96db	2026-10-05T06:27:19.4637889Z bun   1.4.0    /__w/ChronoShift/ChronoShift/mise.toml  1.4.0
web	Run jdx/mise-action@5228313ee0372e111a38da051671ca30fc5a96db	2026-10-05T06:27:19.4638783Z gh    2.100.0  /__w/ChronoShift/ChronoShift/mise.toml  2.100.0
web	Run jdx/mise-action@5228313ee0372e111a38da051671ca30fc5a96db	2026-10-05T06:27:19.4639852Z node  26.8.1   /__w/ChronoShift/ChronoShift/mise.toml  26.8.1
web	Run jdx/mise-action@5228313ee0372e111a38da051671ca30fc5a96db	2026-10-05T06:27:19.4653730Z ##[endgroup]
web	Run jdx/mise-action@5228313ee0372e111a38da051671ca30fc5a96db	2026-10-05T06:27:19.4657206Z ##[group]Exporting mise environment variables
web	Run jdx/mise-action@5228313ee0372e111a38da051671ca30fc5a96db	2026-10-05T06:27:19.4801527Z [command]/github/home/.local/share/mise/bin/mise env --json
web	Run jdx/mise-action@5228313ee0372e111a38da051671ca30fc5a96db	2026-10-05T06:27:19.4912754Z {
web	Run jdx/mise-action@5228313ee0372e111a38da051671ca30fc5a96db	2026-10-05T06:27:19.4915903Z   "PATH": "/github/home/.local/share/mise/installs/bun/1.4.0/bin:/github/home/.local/share/mise/installs/node/26.8.1/bin:/github/home/.local/share/mise/installs/gh/2.100.0/gh_2.100.0_linux_amd64/bin:/github/home/.local/share/mise/shims:/github/home/.local/share/mise/bin:/usr/local/sbin:/usr/local/bin:/usr/sbin:/usr/bin:/sbin:/bin"
web	Run jdx/mise-action@5228313ee0372e111a38da051671ca30fc5a96db	2026-10-05T06:27:19.4918744Z }
web	Run jdx/mise-action@5228313ee0372e111a38da051671ca30fc5a96db	2026-10-05T06:27:19.4931288Z ##[endgroup]
web	Run bun install --frozen-lockfile	﻿2026-10-05T06:27:19.5156448Z ##[group]Run bun install --frozen-lockfile
web	Run bun install --frozen-lockfile	2026-10-05T06:27:19.5156836Z ^[[36;1mbun install --frozen-lockfile^[[0m
web	Run bun install --frozen-lockfile	2026-10-05T06:27:19.5157576Z shell: bash --noprofile --norc -e -o pipefail {0}
web	Run bun install --frozen-lockfile	2026-10-05T06:27:19.5157887Z env:
web	Run bun install --frozen-lockfile	2026-10-05T06:27:19.5158128Z   PLAYWRIGHT_BROWSERS_PATH: /ms-playwright
web	Run bun install --frozen-lockfile	2026-10-05T06:27:19.5158430Z   PLAYWRIGHT_IMAGE_VERSION: 1.63.0
web	Run bun install --frozen-lockfile	2026-10-05T06:27:19.5158706Z   CHRONOSHIFT_CI_TIMING: 0
web	Run bun install --frozen-lockfile	2026-10-05T06:27:19.5158941Z   PUBLISH_PAGES: true
web	Run bun install --frozen-lockfile	2026-10-05T06:27:19.5159156Z   MISE_LOG_LEVEL: info
web	Run bun install --frozen-lockfile	2026-10-05T06:27:19.5161848Z   MISE_GITHUB_TOKEN: ***
web	Run bun install --frozen-lockfile	2026-10-05T06:27:19.5162157Z   MISE_TRUSTED_CONFIG_PATHS: /__w/ChronoShift/ChronoShift
web	Run bun install --frozen-lockfile	2026-10-05T06:27:19.5162481Z   MISE_YES: 1
web	Run bun install --frozen-lockfile	2026-10-05T06:27:19.5163629Z   PATH: /github/home/.local/share/mise/installs/bun/1.4.0/bin:/github/home/.local/share/mise/installs/node/26.8.1/bin:/github/home/.local/share/mise/installs/gh/2.100.0/gh_2.100.0_linux_amd64/bin:/github/home/.local/share/mise/shims:/github/home/.local/share/mise/bin:/usr/local/sbin:/usr/local/bin:/usr/sbin:/usr/bin:/sbin:/bin
web	Run bun install --frozen-lockfile	2026-10-05T06:27:19.5165214Z ##[endgroup]
web	Run bun install --frozen-lockfile	2026-10-05T06:27:19.5817378Z bun install v1.4.0 (34cbb9a40)
web	Run bun install --frozen-lockfile	2026-10-05T06:27:20.6937734Z 
web	Run bun install --frozen-lockfile	2026-10-05T06:27:20.6938343Z + @axe-core/playwright@4.13.0
web	Run bun install --frozen-lockfile	2026-10-05T06:27:20.6939160Z + @playwright/test@1.63.0
web	Run bun install --frozen-lockfile	2026-10-05T06:27:20.6939699Z + @types/bun@1.4.2
web	Run bun install --frozen-lockfile	2026-10-05T06:27:20.6940092Z + @types/react@19.3.0
web	Run bun install --frozen-lockfile	2026-10-05T06:27:20.6940478Z + @types/react-dom@19.3.0
web	Run bun install --frozen-lockfile	2026-10-05T06:27:20.6940875Z + prettier@3.9.9
web	Run bun install --frozen-lockfile	2026-10-05T06:27:20.6941232Z + typescript@7.0.2
web	Run bun install --frozen-lockfile	2026-10-05T06:27:20.6941583Z + vite@8.3.2
web	Run bun install --frozen-lockfile	2026-10-05T06:27:20.6941950Z + @internationalized/date@3.12.4
web	Run bun install --frozen-lockfile	2026-10-05T06:27:20.6942438Z + @js-temporal/polyfill@0.5.1
web	Run bun install --frozen-lockfile	2026-10-05T06:27:20.6942867Z + chrono-node@2.10.2
web	Run bun install --frozen-lockfile	2026-10-05T06:27:20.6943233Z + react@19.3.0
web	Run bun install --frozen-lockfile	2026-10-05T06:27:20.6943598Z + react-aria-components@1.21.1
web	Run bun install --frozen-lockfile	2026-10-05T06:27:20.6944333Z + react-dom@19.3.0
web	Run bun install --frozen-lockfile	2026-10-05T06:27:20.6944516Z 
web	Run bun install --frozen-lockfile	2026-10-05T06:27:20.6944652Z 51 packages installed [1113.00ms]
web	Verify the pinned browser image matches the dependency	﻿2026-10-05T06:27:20.7058663Z ##[group]Run bun -e 'const pkg = await Bun.file("node_modules/playwright/package.json").json(); if (pkg.version !== process.env.PLAYWRIGHT_IMAGE_VERSION) throw new Error("Update the pinned Playwright image and version guard with the dependency"); const { chromium, firefox, webkit } = await import("@playwright/test"); for (const browser of [chromium, firefox, webkit]) if (!(await Bun.file(browser.executablePath()).exists())) throw new Error("The pinned image is missing " + browser.name());'
web	Verify the pinned browser image matches the dependency	2026-10-05T06:27:20.7062547Z ^[[36;1mbun -e 'const pkg = await Bun.file("node_modules/playwright/package.json").json(); if (pkg.version !== process.env.PLAYWRIGHT_IMAGE_VERSION) throw new Error("Update the pinned Playwright image and version guard with the dependency"); const { chromium, firefox, webkit } = await import("@playwright/test"); for (const browser of [chromium, firefox, webkit]) if (!(await Bun.file(browser.executablePath()).exists())) throw new Error("The pinned image is missing " + browser.name());'^[[0m
web	Verify the pinned browser image matches the dependency	2026-10-05T06:27:20.7065108Z shell: bash --noprofile --norc -e -o pipefail {0}
web	Verify the pinned browser image matches the dependency	2026-10-05T06:27:20.7065448Z env:
web	Verify the pinned browser image matches the dependency	2026-10-05T06:27:20.7065681Z   PLAYWRIGHT_BROWSERS_PATH: /ms-playwright
web	Verify the pinned browser image matches the dependency	2026-10-05T06:27:20.7066002Z   PLAYWRIGHT_IMAGE_VERSION: 1.63.0
web	Verify the pinned browser image matches the dependency	2026-10-05T06:27:20.7066466Z   CHRONOSHIFT_CI_TIMING: 0
web	Verify the pinned browser image matches the dependency	2026-10-05T06:27:20.7066707Z   PUBLISH_PAGES: true
web	Verify the pinned browser image matches the dependency	2026-10-05T06:27:20.7066933Z   MISE_LOG_LEVEL: info
web	Verify the pinned browser image matches the dependency	2026-10-05T06:27:20.7069590Z   MISE_GITHUB_TOKEN: ***
web	Verify the pinned browser image matches the dependency	2026-10-05T06:27:20.7069911Z   MISE_TRUSTED_CONFIG_PATHS: /__w/ChronoShift/ChronoShift
web	Verify the pinned browser image matches the dependency	2026-10-05T06:27:20.7070254Z   MISE_YES: 1
web	Verify the pinned browser image matches the dependency	2026-10-05T06:27:20.7071405Z   PATH: /github/home/.local/share/mise/installs/bun/1.4.0/bin:/github/home/.local/share/mise/installs/node/26.8.1/bin:/github/home/.local/share/mise/installs/gh/2.100.0/gh_2.100.0_linux_amd64/bin:/github/home/.local/share/mise/shims:/github/home/.local/share/mise/bin:/usr/local/sbin:/usr/local/bin:/usr/sbin:/usr/bin:/sbin:/bin
web	Verify the pinned browser image matches the dependency	2026-10-05T06:27:20.7072605Z ##[endgroup]
web	Run bun run format:check	﻿2026-10-05T06:27:21.3150361Z ##[group]Run bun run format:check
web	Run bun run format:check	2026-10-05T06:27:21.3150905Z ^[[36;1mbun run format:check^[[0m
web	Run bun run format:check	2026-10-05T06:27:21.3151801Z shell: bash --noprofile --norc -e -o pipefail {0}
web	Run bun run format:check	2026-10-05T06:27:21.3152348Z env:
web	Run bun run format:check	2026-10-05T06:27:21.3152730Z   PLAYWRIGHT_BROWSERS_PATH: /ms-playwright
web	Run bun run format:check	2026-10-05T06:27:21.3153295Z   PLAYWRIGHT_IMAGE_VERSION: 1.63.0
web	Run bun run format:check	2026-10-05T06:27:21.3153752Z   CHRONOSHIFT_CI_TIMING: 0
web	Run bun run format:check	2026-10-05T06:27:21.3154811Z   PUBLISH_PAGES: true
web	Run bun run format:check	2026-10-05T06:27:21.3155207Z   MISE_LOG_LEVEL: info
web	Run bun run format:check	2026-10-05T06:27:21.3160509Z   MISE_GITHUB_TOKEN: ***
web	Run bun run format:check	2026-10-05T06:27:21.3161074Z   MISE_TRUSTED_CONFIG_PATHS: /__w/ChronoShift/ChronoShift
web	Run bun run format:check	2026-10-05T06:27:21.3161648Z   MISE_YES: 1
web	Run bun run format:check	2026-10-05T06:27:21.3163772Z   PATH: /github/home/.local/share/mise/installs/bun/1.4.0/bin:/github/home/.local/share/mise/installs/node/26.8.1/bin:/github/home/.local/share/mise/installs/gh/2.100.0/gh_2.100.0_linux_amd64/bin:/github/home/.local/share/mise/shims:/github/home/.local/share/mise/bin:/usr/local/sbin:/usr/local/bin:/usr/sbin:/usr/bin:/sbin:/bin
web	Run bun run format:check	2026-10-05T06:27:21.3166472Z ##[endgroup]
web	Run bun run format:check	2026-10-05T06:27:21.3886024Z $ bunx --bun prettier --check web scripts/*.ts tests e2e *.ts
web	Run bun run format:check	2026-10-05T06:27:21.4890462Z Checking formatting...
web	Run bun run format:check	2026-10-05T06:27:23.1239123Z All matched files use Prettier code style!
web	Unit tests and production build	﻿2026-10-05T06:27:23.1442895Z ##[group]Run bun run test
web	Unit tests and production build	2026-10-05T06:27:23.1443393Z ^[[36;1mbun run test^[[0m
web	Unit tests and production build	2026-10-05T06:27:23.1443786Z ^[[36;1mbun run build^[[0m
web	Unit tests and production build	2026-10-05T06:27:23.1444711Z shell: bash --noprofile --norc -e -o pipefail {0}
web	Unit tests and production build	2026-10-05T06:27:23.1445247Z env:
web	Unit tests and production build	2026-10-05T06:27:23.1445629Z   PLAYWRIGHT_BROWSERS_PATH: /ms-playwright
web	Unit tests and production build	2026-10-05T06:27:23.1446159Z   PLAYWRIGHT_IMAGE_VERSION: 1.63.0
web	Unit tests and production build	2026-10-05T06:27:23.1446640Z   CHRONOSHIFT_CI_TIMING: 0
web	Unit tests and production build	2026-10-05T06:27:23.1447054Z   PUBLISH_PAGES: true
web	Unit tests and production build	2026-10-05T06:27:23.1447443Z   MISE_LOG_LEVEL: info
web	Unit tests and production build	2026-10-05T06:27:23.1452549Z   MISE_GITHUB_TOKEN: ***
web	Unit tests and production build	2026-10-05T06:27:23.1453190Z   MISE_TRUSTED_CONFIG_PATHS: /__w/ChronoShift/ChronoShift
web	Unit tests and production build	2026-10-05T06:27:23.1453775Z   MISE_YES: 1
web	Unit tests and production build	2026-10-05T06:27:23.1456255Z   PATH: /github/home/.local/share/mise/installs/bun/1.4.0/bin:/github/home/.local/share/mise/installs/node/26.8.1/bin:/github/home/.local/share/mise/installs/gh/2.100.0/gh_2.100.0_linux_amd64/bin:/github/home/.local/share/mise/shims:/github/home/.local/share/mise/bin:/usr/local/sbin:/usr/local/bin:/usr/sbin:/usr/bin:/sbin:/bin
web	Unit tests and production build	2026-10-05T06:27:23.1458578Z ##[endgroup]
web	Unit tests and production build	2026-10-05T06:27:23.2112641Z $ bun test tests
web	Unit tests and production build	2026-10-05T06:27:23.2138912Z bun test v1.4.0 (34cbb9a40)
web	Unit tests and production build	2026-10-05T06:27:23.2235036Z 
web	Unit tests and production build	2026-10-05T06:27:23.2236040Z ##[group]tests/console-capture.test.ts:
web	Unit tests and production build	2026-10-05T06:27:23.2260191Z (pass) navigation-lost console payload retains a stable event and flush waits for full metadata [0.89ms]
web	Unit tests and production build	2026-10-05T06:27:23.2262028Z (pass) unexpected capture failure is surfaced by flush instead of being swallowed [0.25ms]
web	Unit tests and production build	2026-10-05T06:27:23.2262956Z 
web	Unit tests and production build	2026-10-05T06:27:23.2263770Z ##[endgroup]
web	Unit tests and production build	2026-10-05T06:27:23.2264286Z 
web	Unit tests and production build	2026-10-05T06:27:23.2264768Z ##[group]tests/offline.test.ts:
web	Unit tests and production build	2026-10-05T06:27:23.2364441Z (pass) first installation reports safe asset/release identity before a controller exists [2.55ms]
web	Unit tests and production build	2026-10-05T06:27:23.2381962Z (pass) embedded navigation shell installs exact HTML without a network document [1.73ms]
web	Unit tests and production build	2026-10-05T06:27:23.2398435Z (pass) embedded navigation shell rejects inconsistent build bytes [1.61ms]
web	Unit tests and production build	2026-10-05T06:27:23.2411998Z (pass) claim requires a verified cache and scoped window: complete=true, inside=true [1.24ms]
web	Unit tests and production build	2026-10-05T06:27:23.2415579Z (pass) claim requires a verified cache and scoped window: complete=false, inside=true [0.14ms]
web	Unit tests and production build	2026-10-05T06:27:23.2417275Z (pass) claim requires a verified cache and scoped window: complete=true, inside=false [0.22ms]
web	Unit tests and production build	2026-10-05T06:27:23.2417982Z 
web	Unit tests and production build	2026-10-05T06:27:23.2418485Z ##[endgroup]
web	Unit tests and production build	2026-10-05T06:27:23.2418697Z 
web	Unit tests and production build	2026-10-05T06:27:23.2419143Z ##[group]tests/publishing.test.ts:
web	Unit tests and production build	2026-10-05T06:27:23.2440659Z (pass) publication reuse requires a trusted complete PR verification and exact tree [0.50ms]
web	Unit tests and production build	2026-10-05T06:27:23.2441404Z 
web	Unit tests and production build	2026-10-05T06:27:23.2441844Z ##[endgroup]
web	Unit tests and production build	2026-10-05T06:27:23.2442059Z 
web	Unit tests and production build	2026-10-05T06:27:23.2442507Z ##[group]tests/corpus.test.ts:
web	Unit tests and production build	2026-10-05T06:27:23.5143690Z (pass) all resilience corpus inputs execute the browser engine without crashing [207.87ms]
web	Unit tests and production build	2026-10-05T06:27:23.5144788Z 
web	Unit tests and production build	2026-10-05T06:27:23.5145717Z ##[endgroup]
web	Unit tests and production build	2026-10-05T06:27:23.5148298Z 
web	Unit tests and production build	2026-10-05T06:27:23.5149060Z ##[group]tests/conversion.test.ts:
web	Unit tests and production build	2026-10-05T06:27:23.5166448Z (pass) independently specified temporal fixtures > fixed EST in spring [0.72ms]
web	Unit tests and production build	2026-10-05T06:27:23.5167772Z (pass) independently specified temporal fixtures > fixed PST in summer [0.40ms]
web	Unit tests and production build	2026-10-05T06:27:23.5172971Z (pass) independently specified temporal fixtures > regional PT summer [0.55ms]
web	Unit tests and production build	2026-10-05T06:27:23.5179421Z (pass) independently specified temporal fixtures > regional PT winter [0.63ms]
web	Unit tests and production build	2026-10-05T06:27:23.5184872Z (pass) independently specified temporal fixtures > regional ET [0.53ms]
web	Unit tests and production build	2026-10-05T06:27:23.5190796Z (pass) independently specified temporal fixtures > CST ambiguity [0.61ms]
web	Unit tests and production build	2026-10-05T06:27:23.5196412Z (pass) independently specified temporal fixtures > IST ambiguity [0.58ms]
web	Unit tests and production build	2026-10-05T06:27:23.5202016Z (pass) independently specified temporal fixtures > BST ambiguity [0.58ms]
web	Unit tests and production build	2026-10-05T06:27:23.5208240Z (pass) independently specified temporal fixtures > AST ambiguity [0.61ms]
web	Unit tests and production build	2026-10-05T06:27:23.5213003Z (pass) independently specified temporal fixtures > quarter hour offset [0.47ms]
web	Unit tests and production build	2026-10-05T06:27:23.5232007Z (pass) independently specified temporal fixtures > negative half hour offset [1.87ms]
web	Unit tests and production build	2026-10-05T06:27:23.5234537Z (pass) independently specified temporal fixtures > invalid minutes [0.24ms]
web	Unit tests and production build	2026-10-05T06:27:23.5237539Z (pass) independently specified temporal fixtures > invalid offset bound [0.18ms]
web	Unit tests and production build	2026-10-05T06:27:23.5242389Z (pass) independently specified temporal fixtures > ISO offset [0.46ms]
web	Unit tests and production build	2026-10-05T06:27:23.5246890Z (pass) independently specified temporal fixtures > relative tomorrow [0.46ms]
web	Unit tests and production build	2026-10-05T06:27:23.5252677Z (pass) independently specified temporal fixtures > relative in Tokyo [0.49ms]
web	Unit tests and production build	2026-10-05T06:27:23.5258763Z (pass) independently specified temporal fixtures > source date across midnight [0.66ms]
web	Unit tests and production build	2026-10-05T06:27:23.5264565Z (pass) independently specified temporal fixtures > city Tokyo [0.51ms]
web	Unit tests and production build	2026-10-05T06:27:23.5269066Z (pass) independently specified temporal fixtures > city Mumbai [0.52ms]
web	Unit tests and production build	2026-10-05T06:27:23.5274334Z (pass) independently specified temporal fixtures > city Berlin summer [0.49ms]
web	Unit tests and production build	2026-10-05T06:27:23.5279663Z (pass) independently specified temporal fixtures > accented city [0.57ms]
web	Unit tests and production build	2026-10-05T06:27:23.5289581Z (pass) independently specified temporal fixtures > unique typo disclosure [0.90ms]
web	Unit tests and production build	2026-10-05T06:27:23.5296945Z (pass) independently specified temporal fixtures > unknown city [0.74ms]
web	Unit tests and production build	2026-10-05T06:27:23.5298372Z (pass) independently specified temporal fixtures > unknown abbreviation [0.21ms]
web	Unit tests and production build	2026-10-05T06:27:23.5304967Z (pass) independently specified temporal fixtures > IANA identity [0.54ms]
web	Unit tests and production build	2026-10-05T06:27:23.5316347Z (pass) independently specified temporal fixtures > spring gap [1.12ms]
web	Unit tests and production build	2026-10-05T06:27:23.5321950Z (pass) independently specified temporal fixtures > autumn fold [0.59ms]
web	Unit tests and production build	2026-10-05T06:27:23.5329445Z (pass) independently specified temporal fixtures > Sydney spring gap [0.73ms]
web	Unit tests and production build	2026-10-05T06:27:23.5334556Z (pass) independently specified temporal fixtures > Sydney autumn fold [0.55ms]
web	Unit tests and production build	2026-10-05T06:27:23.5336380Z (pass) independently specified temporal fixtures > date only [0.21ms]
web	Unit tests and production build	2026-10-05T06:27:23.5340486Z (pass) independently specified temporal fixtures > month day convention [0.41ms]
web	Unit tests and production build	2026-10-05T06:27:23.5348026Z (pass) independently specified temporal fixtures > day month convention [0.66ms]
web	Unit tests and production build	2026-10-05T06:27:23.5356330Z (pass) independently specified temporal fixtures > header date context [0.81ms]
web	Unit tests and production build	2026-10-05T06:27:23.5363205Z (pass) independently specified temporal fixtures > paragraph isolation [0.66ms]
web	Unit tests and production build	2026-10-05T06:27:23.5369035Z (pass) independently specified temporal fixtures > second explicit date [0.60ms]
web	Unit tests and production build	2026-10-05T06:27:23.5375331Z (pass) independently specified temporal fixtures > same date range [0.63ms]
web	Unit tests and production build	2026-10-05T06:27:23.5382368Z (pass) independently specified temporal fixtures > overnight range [0.70ms]
web	Unit tests and production build	2026-10-05T06:27:23.5385298Z (pass) independently specified temporal fixtures > Unix seconds [0.27ms]
web	Unit tests and production build	2026-10-05T06:27:23.5390550Z (pass) independently specified temporal fixtures > Unix text order [0.49ms]
web	Unit tests and production build	2026-10-05T06:27:23.5396328Z (pass) independently specified temporal fixtures > duplicate mentions [0.54ms]
web	Unit tests and production build	2026-10-05T06:27:23.5402127Z (pass) independently specified temporal fixtures > distinct dates retained [0.57ms]
web	Unit tests and production build	2026-10-05T06:27:23.5407693Z (pass) independently specified temporal fixtures > missing timezone source default [0.53ms]
web	Unit tests and production build	2026-10-05T06:27:23.5410004Z (pass) independently specified temporal fixtures > no matching time [0.09ms]
web	Unit tests and production build	2026-10-05T06:27:23.5412641Z (pass) independently specified temporal fixtures > HTML remains text [0.39ms]
web	Unit tests and production build	2026-10-05T06:27:23.5418257Z (pass) independently specified temporal fixtures > relative source date at UTC midnight [0.45ms]
web	Unit tests and production build	2026-10-05T06:27:23.5421712Z (pass) independently specified temporal fixtures > relative header in source zone [0.36ms]
web	Unit tests and production build	2026-10-05T06:27:23.5428180Z (pass) independently specified temporal fixtures > unrelated sentence date reset [0.65ms]
web	Unit tests and production build	2026-10-05T06:27:23.5433035Z (pass) independently specified temporal fixtures > military time with fixed zone [0.45ms]
web	Unit tests and production build	2026-10-05T06:27:23.5437374Z (pass) independently specified temporal fixtures > military Zulu [0.33ms]
web	Unit tests and production build	2026-10-05T06:27:23.5440823Z (pass) independently specified temporal fixtures > shorthand meridiem [0.46ms]
web	Unit tests and production build	2026-10-05T06:27:23.5450861Z (pass) independently specified temporal fixtures > between range [0.92ms]
web	Unit tests and production build	2026-10-05T06:27:23.5454207Z (pass) independently specified temporal fixtures > unknown IANA wins over adjacent UTC token [0.33ms]
web	Unit tests and production build	2026-10-05T06:27:23.5458595Z (pass) independently specified temporal fixtures > leap day retained [0.45ms]
web	Unit tests and production build	2026-10-05T06:27:23.5463228Z (pass) independently specified temporal fixtures > bare city summer rules [0.44ms]
web	Unit tests and production build	2026-10-05T06:27:23.5467482Z (pass) independently specified temporal fixtures > city before prose [0.44ms]
web	Unit tests and production build	2026-10-05T06:27:23.5471614Z (pass) independently specified temporal fixtures > NYC alias [0.42ms]
web	Unit tests and production build	2026-10-05T06:27:23.5477887Z (pass) independently specified temporal fixtures > Melbourne alias [0.57ms]
web	Unit tests and production build	2026-10-05T06:27:23.5478945Z (pass) independently specified temporal fixtures > 2015 Unix boundary [0.14ms]
web	Unit tests and production build	2026-10-05T06:27:23.5480985Z (pass) independently specified temporal fixtures > 2035 Unix boundary [0.13ms]
web	Unit tests and production build	2026-10-05T06:27:23.5488228Z (pass) independently specified temporal fixtures > explicit zone upgrades default duplicate [0.61ms]
web	Unit tests and production build	2026-10-05T06:27:23.5492148Z (pass) independently specified temporal fixtures > ISO fractional seconds [0.44ms]
web	Unit tests and production build	2026-10-05T06:27:23.5494281Z (pass) independently specified temporal fixtures > partial colloquial match must not convert wrong time [0.17ms]
web	Unit tests and production build	2026-10-05T06:27:23.5495829Z (pass) independently specified temporal fixtures > vague approximate hour [0.10ms]
web	Unit tests and production build	2026-10-05T06:27:23.5497347Z (pass) independently specified temporal fixtures > no invented end of business hour [0.11ms]
web	Unit tests and production build	2026-10-05T06:27:23.5502542Z (pass) independently specified temporal fixtures > city before target-zone sentence [0.51ms]
web	Unit tests and production build	2026-10-05T06:27:23.5506467Z (pass) independently specified temporal fixtures > city before colleague timezone [0.42ms]
web	Unit tests and production build	2026-10-05T06:27:23.5515460Z (pass) independently specified temporal fixtures > city-qualified endpoint range [0.89ms]
web	Unit tests and production build	2026-10-05T06:27:23.5521252Z (pass) independently specified temporal fixtures > numeric offset endpoint range [0.55ms]
web	Unit tests and production build	2026-10-05T06:27:23.5530098Z (pass) independently specified temporal fixtures > repeated-zone overnight range [0.80ms]
web	Unit tests and production build	2026-10-05T06:27:23.5536193Z (pass) independently specified temporal fixtures > distinct endpoint zone clocks [0.63ms]
web	Unit tests and production build	2026-10-05T06:27:23.5545540Z (pass) independently specified temporal fixtures > regional repeated-zone overnight range [0.86ms]
web	Unit tests and production build	2026-10-05T06:27:23.5547069Z (pass) independently specified temporal fixtures > malformed three-digit offset minutes [0.21ms]
web	Unit tests and production build	2026-10-05T06:27:23.5550822Z (pass) independently specified temporal fixtures > malformed one-digit offset minutes [0.17ms]
web	Unit tests and production build	2026-10-05T06:27:23.5552404Z (pass) independently specified temporal fixtures > unsupported unicode offset minus [0.16ms]
web	Unit tests and production build	2026-10-05T06:27:23.5558712Z (pass) independently specified temporal fixtures > IANA numeric suffix identity [0.59ms]
web	Unit tests and production build	2026-10-05T06:27:23.5562067Z (pass) independently specified temporal fixtures > lowercase fixed zone [0.39ms]
web	Unit tests and production build	2026-10-05T06:27:23.5596684Z (pass) independently specified temporal fixtures > mixed-case fixed zone [3.41ms]
web	Unit tests and production build	2026-10-05T06:27:23.5602615Z (pass) independently specified temporal fixtures > lowercase numeric zone [0.62ms]
web	Unit tests and production build	2026-10-05T06:27:23.5619376Z (pass) independently specified temporal fixtures > range before colleague zone prose [0.87ms]
web	Unit tests and production build	2026-10-05T06:27:23.5620756Z (pass) independently specified temporal fixtures > range before format zone prose [0.83ms]
web	Unit tests and production build	2026-10-05T06:27:23.5627924Z (pass) independently specified temporal fixtures > dotted meridiem overnight range [0.81ms]
web	Unit tests and production build	2026-10-05T06:27:23.5635810Z (pass) independently specified temporal fixtures > military endpoint zone range [0.73ms]
web	Unit tests and production build	2026-10-05T06:27:23.5652802Z (pass) independently specified temporal fixtures > IANA qualified overnight range [1.48ms]
web	Unit tests and production build	2026-10-05T06:27:23.5662753Z (pass) independently specified temporal fixtures > city qualified overnight range [1.12ms]
web	Unit tests and production build	2026-10-05T06:27:23.5664752Z (pass) independently specified temporal fixtures > reject complete malformed offset UTC+05foo [0.20ms]
web	Unit tests and production build	2026-10-05T06:27:23.5666323Z (pass) independently specified temporal fixtures > reject complete malformed offset UTC+05:30abc [0.19ms]
web	Unit tests and production build	2026-10-05T06:27:23.5668846Z (pass) independently specified temporal fixtures > reject complete malformed offset UTC+5.5 [0.16ms]
web	Unit tests and production build	2026-10-05T06:27:23.5670439Z (pass) independently specified temporal fixtures > reject complete malformed offset GMT+2.5 [0.15ms]
web	Unit tests and production build	2026-10-05T06:27:23.5678859Z (pass) independently specified temporal fixtures > range propagates trailing explicit date [0.81ms]
web	Unit tests and production build	2026-10-05T06:27:23.5688889Z (pass) independently specified temporal fixtures > range infers trailing next year [0.96ms]
web	Unit tests and production build	2026-10-05T06:27:23.5697649Z (pass) independently specified temporal fixtures > range second precision rollover [0.87ms]
web	Unit tests and production build	2026-10-05T06:27:23.5708656Z (pass) independently specified temporal fixtures > cross-city civil overnight range [1.07ms]
web	Unit tests and production build	2026-10-05T06:27:23.5721835Z (pass) independently specified temporal fixtures > bare city overnight range [1.09ms]
web	Unit tests and production build	2026-10-05T06:27:23.5731174Z (pass) independently specified temporal fixtures > qualified until city range [1.02ms]
web	Unit tests and production build	2026-10-05T06:27:23.5732537Z (pass) independently specified temporal fixtures > reject repeated offset sign [0.16ms]
web	Unit tests and production build	2026-10-05T06:27:23.5734551Z (pass) independently specified temporal fixtures > reject malformed sign UTC++5 [0.16ms]
web	Unit tests and production build	2026-10-05T06:27:23.5737045Z (pass) independently specified temporal fixtures > reject malformed sign UTC+-5 [0.19ms]
web	Unit tests and production build	2026-10-05T06:27:23.5738468Z (pass) independently specified temporal fixtures > reject malformed sign UTC+ [0.16ms]
web	Unit tests and production build	2026-10-05T06:27:23.5765391Z (pass) formatting rolls into next day and copy includes full context [2.45ms]
web	Unit tests and production build	2026-10-05T06:27:23.5771170Z (pass) negative fractional offset never invents a location [0.74ms]
web	Unit tests and production build	2026-10-05T06:27:23.5784277Z (pass) short fuzzy city and unknown guesses are rejected [1.22ms]
web	Unit tests and production build	2026-10-05T06:27:23.5798664Z (pass) valid input at limit converts; arbitrary numbers and milliseconds stay unparsed [1.49ms]
web	Unit tests and production build	2026-10-05T06:27:23.5806809Z (pass) range keeps textual identities and both endpoints [0.70ms]
web	Unit tests and production build	2026-10-05T06:27:23.5807964Z (pass) input limit and invalid target give actionable errors [0.19ms]
web	Unit tests and production build	2026-10-05T06:27:23.5821933Z (pass) reference date override leaves source zone independent of target [1.29ms]
web	Unit tests and production build	2026-10-05T06:27:23.5822578Z 
web	Unit tests and production build	2026-10-05T06:27:23.5823132Z ##[endgroup]
web	Unit tests and production build	2026-10-05T06:27:23.5823341Z 
web	Unit tests and production build	2026-10-05T06:27:23.5823787Z ##[group]tests/preview.test.ts:
web	Unit tests and production build	2026-10-05T06:27:23.6627463Z (pass) preview publication accepts identical trees and rejects merged content differences [77.60ms]
web	Unit tests and production build	2026-10-05T06:27:23.6628250Z 
web	Unit tests and production build	2026-10-05T06:27:23.6628811Z ##[endgroup]
web	Unit tests and production build	2026-10-05T06:27:23.6628987Z 
web	Unit tests and production build	2026-10-05T06:27:23.6629119Z  116 pass
web	Unit tests and production build	2026-10-05T06:27:23.6629401Z  0 fail
web	Unit tests and production build	2026-10-05T06:27:23.6629760Z  725 expect() calls
web	Unit tests and production build	2026-10-05T06:27:23.6630190Z Ran 116 tests across 6 files. [446.00ms]
web	Unit tests and production build	2026-10-05T06:27:23.6784622Z $ bun run typecheck && bun scripts/third-party-notices.ts && bunx --bun vite build && bun scripts/build-offline.ts
web	Unit tests and production build	2026-10-05T06:27:23.6818046Z $ bunx --bun tsc --noEmit
web	Unit tests and production build	2026-10-05T06:27:24.1625541Z Included notices for 19 production packages.
web	Unit tests and production build	2026-10-05T06:27:24.3935567Z ^[[36mvite v8.3.2 ^[[32mbuilding client environment for production...^[[36m^[[39m
web	Unit tests and production build	2026-10-05T06:27:24.4015123Z transforming...
web	Unit tests and production build	2026-10-05T06:27:24.6566530Z ✓ 791 modules transformed.
web	Unit tests and production build	2026-10-05T06:27:24.7083624Z rendering chunks...
web	Unit tests and production build	2026-10-05T06:27:24.8015486Z computing gzip size...
web	Unit tests and production build	2026-10-05T06:27:24.8130093Z dist/index.html                                    0.80 kB │ gzip:   0.44 kB
web	Unit tests and production build	2026-10-05T06:27:24.8131133Z dist/assets/geist-latin-variable-Dm3htQBi.woff2   28.40 kB
web	Unit tests and production build	2026-10-05T06:27:24.8132668Z dist/assets/worker-C690IjaR.js                   221.14 kB
web	Unit tests and production build	2026-10-05T06:27:24.8133847Z dist/assets/index-CK-q34-T.css                    20.80 kB │ gzip:   4.84 kB
web	Unit tests and production build	2026-10-05T06:27:24.8135382Z dist/assets/index-DbVCZBhP.js                    806.81 kB │ gzip: 244.11 kB
web	Unit tests and production build	2026-10-05T06:27:24.8136001Z 
web	Unit tests and production build	2026-10-05T06:27:24.8136318Z ^[[32m✓ built in 419ms^[[39m
web	Unit tests and production build	2026-10-05T06:27:24.8141627Z ^[[33m[plugin builtin:vite-reporter] 
web	Unit tests and production build	2026-10-05T06:27:24.8142779Z (!) Some chunks are larger than 500 kB after minification. Consider:
web	Unit tests and production build	2026-10-05T06:27:24.8143830Z - Using dynamic import() to code-split the application
web	Unit tests and production build	2026-10-05T06:27:24.8145468Z - Use build.rolldownOptions.output.codeSplitting to improve chunking: https://rolldown.rs/reference/OutputOptions.codeSplitting
web	Unit tests and production build	2026-10-05T06:27:24.8147251Z - Adjust chunk size limit for this warning via build.chunkSizeWarningLimit.^[[39m
web	Unit tests and production build	2026-10-05T06:27:24.8453199Z Offline version b1d2d2d3980a40c9: 13 local assets, /
web	Verify the standalone conversion corpus audit	﻿2026-10-05T06:27:24.8537428Z ##[group]Run bun run corpus:audit
web	Verify the standalone conversion corpus audit	2026-10-05T06:27:24.8537778Z ^[[36;1mbun run corpus:audit^[[0m
web	Verify the standalone conversion corpus audit	2026-10-05T06:27:24.8538266Z ^[[36;1mdiff -u "$RUNNER_TEMP/chronoshift-corpus-audit.json" docs/planning/corpus-audit.json^[[0m
web	Verify the standalone conversion corpus audit	2026-10-05T06:27:24.8538923Z shell: bash --noprofile --norc -e -o pipefail {0}
web	Verify the standalone conversion corpus audit	2026-10-05T06:27:24.8539242Z env:
web	Verify the standalone conversion corpus audit	2026-10-05T06:27:24.8539468Z   PLAYWRIGHT_BROWSERS_PATH: /ms-playwright
web	Verify the standalone conversion corpus audit	2026-10-05T06:27:24.8539784Z   PLAYWRIGHT_IMAGE_VERSION: 1.63.0
web	Verify the standalone conversion corpus audit	2026-10-05T06:27:24.8540058Z   CHRONOSHIFT_CI_TIMING: 0
web	Verify the standalone conversion corpus audit	2026-10-05T06:27:24.8540305Z   PUBLISH_PAGES: true
web	Verify the standalone conversion corpus audit	2026-10-05T06:27:24.8540529Z   MISE_LOG_LEVEL: info
web	Verify the standalone conversion corpus audit	2026-10-05T06:27:24.8543445Z   MISE_GITHUB_TOKEN: ***
web	Verify the standalone conversion corpus audit	2026-10-05T06:27:24.8543758Z   MISE_TRUSTED_CONFIG_PATHS: /__w/ChronoShift/ChronoShift
web	Verify the standalone conversion corpus audit	2026-10-05T06:27:24.8544421Z   MISE_YES: 1
web	Verify the standalone conversion corpus audit	2026-10-05T06:27:24.8545718Z   PATH: /github/home/.local/share/mise/installs/bun/1.4.0/bin:/github/home/.local/share/mise/installs/node/26.8.1/bin:/github/home/.local/share/mise/installs/gh/2.100.0/gh_2.100.0_linux_amd64/bin:/github/home/.local/share/mise/shims:/github/home/.local/share/mise/bin:/usr/local/sbin:/usr/local/bin:/usr/sbin:/usr/bin:/sbin:/bin
web	Verify the standalone conversion corpus audit	2026-10-05T06:27:24.8547283Z ##[endgroup]
web	Verify the standalone conversion corpus audit	2026-10-05T06:27:24.9195370Z $ bun scripts/audit-corpus.ts
web	Verify the standalone conversion corpus audit	2026-10-05T06:27:25.2207375Z 353 real inputs exercised; 0 crashes; 29 cases need review of legacy expectations or parser gaps.
web	Run bun run test:browser	﻿2026-10-05T06:27:25.2355980Z ##[group]Run bun run test:browser
web	Run bun run test:browser	2026-10-05T06:27:25.2356517Z ^[[36;1mbun run test:browser^[[0m
web	Run bun run test:browser	2026-10-05T06:27:25.2357972Z shell: bash --noprofile --norc -e -o pipefail {0}
web	Run bun run test:browser	2026-10-05T06:27:25.2358558Z env:
web	Run bun run test:browser	2026-10-05T06:27:25.2358946Z   PLAYWRIGHT_BROWSERS_PATH: /ms-playwright
web	Run bun run test:browser	2026-10-05T06:27:25.2359468Z   PLAYWRIGHT_IMAGE_VERSION: 1.63.0
web	Run bun run test:browser	2026-10-05T06:27:25.2359936Z   CHRONOSHIFT_CI_TIMING: 0
web	Run bun run test:browser	2026-10-05T06:27:25.2360370Z   PUBLISH_PAGES: true
web	Run bun run test:browser	2026-10-05T06:27:25.2360769Z   MISE_LOG_LEVEL: info
web	Run bun run test:browser	2026-10-05T06:27:25.2366855Z   MISE_GITHUB_TOKEN: ***
web	Run bun run test:browser	2026-10-05T06:27:25.2367477Z   MISE_TRUSTED_CONFIG_PATHS: /__w/ChronoShift/ChronoShift
web	Run bun run test:browser	2026-10-05T06:27:25.2368069Z   MISE_YES: 1
web	Run bun run test:browser	2026-10-05T06:27:25.2370192Z   PATH: /github/home/.local/share/mise/installs/bun/1.4.0/bin:/github/home/.local/share/mise/installs/node/26.8.1/bin:/github/home/.local/share/mise/installs/gh/2.100.0/gh_2.100.0_linux_amd64/bin:/github/home/.local/share/mise/shims:/github/home/.local/share/mise/bin:/usr/local/sbin:/usr/local/bin:/usr/sbin:/usr/bin:/sbin:/bin
web	Run bun run test:browser	2026-10-05T06:27:25.2372208Z ##[endgroup]
web	Run bun run test:browser	2026-10-05T06:27:25.3032820Z $ bunx --bun playwright test
web	Run bun run test:browser	2026-10-05T06:27:26.4622880Z 
web	Run bun run test:browser	2026-10-05T06:27:26.4623353Z Running 258 tests using 4 workers
web	Run bun run test:browser	2026-10-05T06:27:26.4623608Z 
web	Run bun run test:browser	2026-10-05T06:27:28.8582691Z   ✓    2 [foldable] › e2e/foldable.spec.ts:112:0 › notch and home-indicator safe areas inset the task (1.4s)
web	Run bun run test:browser	2026-10-05T06:27:30.0235786Z   ✓    3 [foldable] › e2e/foldable.spec.ts:70:0 › tabletop posture confines the scrollable task to the upper screen (2.6s)
web	Run bun run test:browser	2026-10-05T06:27:30.4219860Z   ✓    1 [foldable] › e2e/foldable.spec.ts:4:0 › input and results avoid a vertical hinge and survive folding (3.0s)
web	Run bun run test:browser	2026-10-05T06:27:31.8294326Z   ✓    4 [chromium] › e2e/app.spec.ts:6:0 › worker failure recovers and a late response cannot resurrect cleared input (4.3s)
web	Run bun run test:browser	2026-10-05T06:27:32.9861113Z   ✓    5 [chromium] › e2e/app.spec.ts:67:0 › an intact offline app survives a failed registration check while changing target zones (3.3s)
web	Run bun run test:browser	2026-10-05T06:27:33.7298273Z   ✓    7 [chromium] › e2e/app.spec.ts:130:0 › missing cache reports incomplete and reconnect repairs the complete offline app (2.4s)
web	Run bun run test:browser	2026-10-05T06:27:33.8130805Z   ✓    8 [chromium] › e2e/app.spec.ts:162:0 › pasted HTML cannot execute or fetch its URL (2.0s)
web	Run bun run test:browser	2026-10-05T06:27:34.0524740Z   ✓    6 [chromium] › e2e/app.spec.ts:90:0 › a delayed failed readiness probe cannot overwrite a newer successful check (3.1s)
web	Run bun run test:browser	2026-10-05T06:27:34.9293718Z   ✓    9 [chromium] › e2e/app.spec.ts:182:0 › convert, inspect ambiguity, copy manually and protect privacy (1.9s)
web	Run bun run test:browser	2026-10-05T06:27:36.9787620Z   ✓   10 [chromium] › e2e/app.spec.ts:215:0 › close and reopen offline, then convert previously unseen input (3.2s)
web	Run bun run test:browser	2026-10-05T06:27:37.3864442Z   ✓   11 [chromium] › e2e/app.spec.ts:239:0 › preferences persist, input does not; denied storage still converts (3.6s)
web	Run bun run test:browser	2026-10-05T06:27:38.3933684Z   ✓   12 [chromium] › e2e/app.spec.ts:267:0 › input errors recover, edits invalidate results, keyboard keeps multiline input (4.3s)
web	Run bun run test:browser	2026-10-05T06:27:38.6110887Z   ✓   14 [chromium] › e2e/app.spec.ts:340:0 › offline POST share is single-use and never places message in URL (1.6s)
web	Run bun run test:browser	2026-10-05T06:27:40.1432033Z   ✓   13 [chromium] › e2e/app.spec.ts:286:0 › readable at 320px, dark mode, with no serious accessibility violations (5.2s)
web	Run bun run test:browser	2026-10-05T06:27:43.0300724Z   ✓   15 [chromium] › e2e/app.spec.ts:378:0 › an update waits, preserves draft on opt-in, and survives a partial next update (5.6s)
web	Run bun run test:browser	2026-10-05T06:27:43.8203443Z   ✓   18 [chromium] › e2e/controls.spec.ts:339:0 › timezone search preserves freeform offsets and recovers from empty and invalid choices (3.7s)
web	Run bun run test:browser	2026-10-05T06:27:45.9035733Z   ✓   17 [chromium] › e2e/controls.spec.ts:232:0 › choice menus support keyboard selection, nested Escape and pointer dismissal (7.3s)
web	Run bun run test:browser	2026-10-05T06:27:46.1802015Z   ✓   19 [chromium] › e2e/controls.spec.ts:407:0 › hovering timezone suggestions preserves typed values while explicit selections still commit (3.1s)
web	Run bun run test:browser	2026-10-05T06:27:47.0851550Z   ✓   20 [chromium] › e2e/diagnostics.spec.ts:12:0 › detailed logs are opt-in, local, exclude message and selected zones, and stop when disabled (3.2s)
web	Run bun run test:browser	2026-10-05T06:27:47.6575132Z   ✓   21 [chromium] › e2e/diagnostics.spec.ts:84:0 › detailed logging survives a tab reload and reset preferences disables it (1.7s)
web	Run bun run test:browser	2026-10-05T06:27:48.3336664Z   ✓   22 [chromium] › e2e/diagnostics.spec.ts:114:0 › detailed logs still work in memory when session storage is denied (2.1s)
web	Run bun run test:browser	2026-10-05T06:27:49.6707512Z   ✓   23 [chromium] › e2e/diagnostics.spec.ts:145:0 › a retired release repairs only missing files using its intact cached assets (2.6s)
web	Run bun run test:browser	2026-10-05T06:27:49.8542026Z   ✓   24 [chromium] › e2e/diagnostics.spec.ts:191:0 › corrupt cached files fail integrity checks and detailed logs identify bounded repair failure (2.2s)
web	Run bun run test:browser	2026-10-05T06:27:50.4920499Z   ✓   16 [chromium] › e2e/controls.spec.ts:55:0 › themed choices align and their opened menus fit every breakpoint without losing work (12.1s)
web	Run bun run test:browser	2026-10-05T06:27:51.6053862Z   ✓   26 [chromium] › e2e/engine.spec.ts:4:0 › independent exact fixture expectations run in the production browser worker (1.9s)
web	Run bun run test:browser	2026-10-05T06:27:54.3975370Z   ✓   25 [chromium] › e2e/diagnostics.spec.ts:232:0 › waiting updates remain actionable when a current cache probe times out (6.1s)
web	Run bun run test:browser	2026-10-05T06:27:55.0149476Z   ✓   29 [chromium] › e2e/imports.spec.ts:173:0 › an unresolved target hides copyable fallback results and correction restores the source interpretation (3.4s)
web	Run bun run test:browser	2026-10-05T06:27:55.3567201Z   ✓   27 [chromium] › e2e/imports.spec.ts:5:2 › delayed clipboard offers replacement instead of overwriting edited or cleared work (5.5s)
web	Run bun run test:browser	2026-10-05T06:27:56.2697923Z   ✓   28 [chromium] › e2e/imports.spec.ts:5:2 › delayed share offers replacement instead of overwriting edited or cleared work (5.8s)
web	Run bun run test:browser	2026-10-05T06:27:57.4046816Z   ✓   33 [chromium] › e2e/motion.spec.ts:61:0 › reduced motion keeps live feedback and usable results without animation (1.1s)
web	Run bun run test:browser	2026-10-05T06:27:58.5595769Z   ✓   30 [chromium] › e2e/live.spec.ts:4:0 › typing, pasted text and conversion settings update without submission (4.2s)
web	Run bun run test:browser	2026-10-05T06:27:59.5658796Z   ✓   34 [chromium] › e2e/offline-install.spec.ts:31:0 › a transient initial registration failure retries before any controller exists (2.1s)
web	Run bun run test:browser	2026-10-05T06:28:00.2542392Z   ✓   31 [chromium] › e2e/live.spec.ts:30:0 › composition defers conversion and queued work cannot overwrite a newer draft (5.2s)
web	Run bun run test:browser	2026-10-05T06:28:00.9172749Z   ✓   35 [chromium] › e2e/offline-install.spec.ts:59:0 › slow first installation clears its expired warning without losing conversion (2.3s)
web	Run bun run test:browser	2026-10-05T06:28:00.9593596Z   ✓   36 [chromium] › e2e/offline-install.spec.ts:82:0 › a stale mutable release marker is refetched and checked before offline readiness (1.4s)
web	Run bun run test:browser	2026-10-05T06:28:01.7586834Z   ✓   32 [chromium] › e2e/motion.spec.ts:4:0 › live feedback covers debounce and worker completion, then settles or cancels (6.4s)
web	Run bun run test:browser	2026-10-05T06:28:02.4792876Z   ✓   37 [chromium] › e2e/offline-install.spec.ts:106:0 › a rejected first installation retries without reloading or clearing input (2.2s)
web	Run bun run test:browser	2026-10-05T06:28:04.2006149Z   ✓   39 [chromium] › e2e/offline-install.spec.ts:155:0 › HTML response rewriting cannot break first installation or offline navigation (3.2s)
web	Run bun run test:browser	2026-10-05T06:28:04.9469610Z   ✓   40 [chromium] › e2e/privacy.spec.ts:6:2 › legacy lens preferences migrate, reset removes them and quota failures keep conversion usable (3.2s)
web	Run bun run test:browser	2026-10-05T06:28:05.7441117Z   ✓   42 [chromium] › e2e/privacy.spec.ts:85:0 › invalid and oversized local shares return a paste fallback without storing text (1.5s)
web	Run bun run test:browser	2026-10-05T06:28:05.9961936Z   ✓   41 [chromium] › e2e/privacy.spec.ts:6:2 › legacy command preferences migrate, reset removes them and quota failures keep conversion usable (3.5s)
web	Run bun run test:browser	2026-10-05T06:28:07.2848105Z   ✓   43 [chromium] › e2e/privacy.spec.ts:119:0 › expired and invalid temporary text is consumed and erased without restoring it (2.3s)
web	Run bun run test:browser	2026-10-05T06:28:07.2850191Z   ✓   38 [chromium] › e2e/offline-install.spec.ts:126:0 › persistently wrong release bytes never activate or claim offline readiness (6.4s)
web	Run bun run test:browser	2026-10-05T06:28:08.8282947Z   ✓   47 [chromium] › e2e/responsive.spec.ts:83:0 › touch-sized controls and keyboard navigation remain usable in a short viewport (1.5s)
web	Run bun run test:browser	2026-10-05T06:28:09.5781824Z   ✓   45 [chromium] › e2e/responsive.spec.ts:4:0 › reflows across cover screens, phones, tablets and desktops without losing work (3.6s)
web	Run bun run test:browser	2026-10-05T06:28:10.0536962Z   ✓   44 [chromium] › e2e/privacy.spec.ts:223:0 › denied update storage keeps the draft active and requires clearing before reload (4.3s)
web	Run bun run test:browser	2026-10-05T06:28:10.9220081Z   ✓   46 [chromium] › e2e/uncontrolled.spec.ts:102:0 › an activated worker reclaims a hard-refreshed tab without reloading its draft (3.6s)
web	Run bun run test:browser	2026-10-05T06:28:12.3769441Z   ✓   50 [chromium] › e2e/updates.spec.ts:6:0 › repair refuses another release and leaves the existing offline shell intact (2.3s)
web	Run bun run test:browser	2026-10-05T06:28:15.5077085Z   ✓   51 [chromium] › e2e/updates.spec.ts:45:0 › an interrupted rollback preserves a retained cache and its old tab worker (4.6s)
web	Run bun run test:browser	2026-10-05T06:28:15.9384777Z   ✓   52 [chromium] › e2e/updates.spec.ts:93:0 › oversized drafts block an update until they can be safely preserved (3.5s)
web	Run bun run test:browser	2026-10-05T06:28:16.2475693Z   ✓   48 [chromium] › e2e/uncontrolled.spec.ts:135:0 › an explicit update recovers a timed-out readiness probe without another reload (7.4s)
web	Run bun run test:browser	2026-10-05T06:28:16.3036938Z   ✓   49 [chromium] › e2e/uncontrolled.spec.ts:227:0 › an older active worker cannot mark an uncontrolled tab ready or activate its waiting update (6.7s)
web	Run bun run test:browser	2026-10-05T06:28:23.9727757Z   ✓   55 [firefox] › e2e/app.spec.ts:67:0 › an intact offline app survives a failed registration check while changing target zones (6.0s)
web	Run bun run test:browser	2026-10-05T06:28:24.4481510Z   ✓   56 [firefox] › e2e/app.spec.ts:6:0 › worker failure recovers and a late response cannot resurrect cleared input (5.7s)
web	Run bun run test:browser	2026-10-05T06:28:26.6101854Z   ✓   53 [chromium] › e2e/updates.spec.ts:209:0 › old and new tabs retain their own workers across successive releases and offline restart (11.1s)
web	Run bun run test:browser	2026-10-05T06:28:26.7465666Z   ✓   54 [chromium] › e2e/updates.spec.ts:270:0 › rollback preserves draft and preferences and removes obsolete caches with one remaining tab (10.8s)
web	Run bun run test:browser	2026-10-05T06:28:27.0176737Z   ✓   57 [firefox] › e2e/app.spec.ts:90:0 › a delayed failed readiness probe cannot overwrite a newer successful check (3.0s)
web	Run bun run test:browser	2026-10-05T06:28:29.0207847Z   ✓   58 [firefox] › e2e/app.spec.ts:130:0 › missing cache reports incomplete and reconnect repairs the complete offline app (4.6s)
web	Run bun run test:browser	2026-10-05T06:28:31.8775474Z   ✓   59 [firefox] › e2e/app.spec.ts:215:0 › close and reopen offline, then convert previously unseen input (4.8s)
web	Run bun run test:browser	2026-10-05T06:28:32.7821068Z   ✓   60 [firefox] › e2e/app.spec.ts:162:0 › pasted HTML cannot execute or fetch its URL (4.5s)
web	Run bun run test:browser	2026-10-05T06:28:34.3915959Z   ✓   61 [firefox] › e2e/app.spec.ts:182:0 › convert, inspect ambiguity, copy manually and protect privacy (5.4s)
web	Run bun run test:browser	2026-10-05T06:28:35.3647261Z   ✓   62 [firefox] › e2e/app.spec.ts:239:0 › preferences persist, input does not; denied storage still converts (6.3s)
web	Run bun run test:browser	2026-10-05T06:28:37.0944583Z   ✓   65 [firefox] › e2e/app.spec.ts:340:0 › offline POST share is single-use and never places message in URL (2.7s)
web	Run bun run test:browser	2026-10-05T06:28:37.4121027Z   ✓   63 [firefox] › e2e/app.spec.ts:267:0 › input errors recover, edits invalidate results, keyboard keeps multiline input (5.5s)
web	Run bun run test:browser	2026-10-05T06:28:38.6475240Z   ✓   64 [firefox] › e2e/app.spec.ts:286:0 › readable at 320px, dark mode, with no serious accessibility violations (5.8s)
web	Run bun run test:browser	2026-10-05T06:28:43.5286829Z   ✓   66 [firefox] › e2e/app.spec.ts:378:0 › an update waits, preserves draft on opt-in, and survives a partial next update (8.1s)
web	Run bun run test:browser	2026-10-05T06:28:45.7975858Z   ✓   69 [firefox] › e2e/controls.spec.ts:339:0 › timezone search preserves freeform offsets and recovers from empty and invalid choices (7.1s)
web	Run bun run test:browser	2026-10-05T06:28:48.7896592Z   ✓   68 [firefox] › e2e/controls.spec.ts:232:0 › choice menus support keyboard selection, nested Escape and pointer dismissal (11.3s)
web	Run bun run test:browser	2026-10-05T06:28:49.0045498Z   ✓   70 [firefox] › e2e/controls.spec.ts:407:0 › hovering timezone suggestions preserves typed values while explicit selections still commit (5.5s)
web	Run bun run test:browser	2026-10-05T06:28:50.9040510Z   ✓   71 [firefox] › e2e/diagnostics.spec.ts:12:0 › detailed logs are opt-in, local, exclude message and selected zones, and stop when disabled (5.1s)
web	Run bun run test:browser	2026-10-05T06:28:51.5462190Z   ✓   73 [firefox] › e2e/diagnostics.spec.ts:114:0 › detailed logs still work in memory when session storage is denied (2.5s)
web	Run bun run test:browser	2026-10-05T06:28:52.0511684Z   ✓   72 [firefox] › e2e/diagnostics.spec.ts:84:0 › detailed logging survives a tab reload and reset preferences disables it (3.2s)
web	Run bun run test:browser	2026-10-05T06:28:54.0923439Z   ✓   75 [firefox] › e2e/diagnostics.spec.ts:191:0 › corrupt cached files fail integrity checks and detailed logs identify bounded repair failure (2.5s)
web	Run bun run test:browser	2026-10-05T06:28:54.6401566Z   ✓   74 [firefox] › e2e/diagnostics.spec.ts:145:0 › a retired release repairs only missing files using its intact cached assets (3.7s)
web	Run bun run test:browser	2026-10-05T06:28:55.3068155Z   ✓   67 [firefox] › e2e/controls.spec.ts:55:0 › themed choices align and their opened menus fit every breakpoint without losing work (18.2s)
web	Run bun run test:browser	2026-10-05T06:28:56.4459728Z   ✓   77 [firefox] › e2e/engine.spec.ts:4:0 › independent exact fixture expectations run in the production browser worker (2.3s)
web	Run bun run test:browser	2026-10-05T06:28:59.0795736Z   ✓   76 [firefox] › e2e/diagnostics.spec.ts:232:0 › waiting updates remain actionable when a current cache probe times out (7.0s)
web	Run bun run test:browser	2026-10-05T06:29:01.0831996Z   ✓   80 [firefox] › e2e/imports.spec.ts:173:0 › an unresolved target hides copyable fallback results and correction restores the source interpretation (4.6s)
web	Run bun run test:browser	2026-10-05T06:29:02.8192530Z   ✓   78 [firefox] › e2e/imports.spec.ts:5:2 › delayed clipboard offers replacement instead of overwriting edited or cleared work (8.2s)
web	Run bun run test:browser	2026-10-05T06:29:05.1965408Z   ✓   81 [firefox] › e2e/live.spec.ts:4:0 › typing, pasted text and conversion settings update without submission (6.1s)
web	Run bun run test:browser	2026-10-05T06:29:05.3531803Z   ✓   79 [firefox] › e2e/imports.spec.ts:5:2 › delayed share offers replacement instead of overwriting edited or cleared work (10.0s)
web	Run bun run test:browser	2026-10-05T06:29:07.1065564Z   ✓   84 [firefox] › e2e/motion.spec.ts:61:0 › reduced motion keeps live feedback and usable results without animation (1.9s)
web	Run bun run test:browser	2026-10-05T06:29:07.7186749Z   ✓   82 [firefox] › e2e/live.spec.ts:30:0 › composition defers conversion and queued work cannot overwrite a newer draft (6.6s)
web	Run bun run test:browser	2026-10-05T06:29:07.8045894Z   ✓   85 [firefox] › e2e/offline-install.spec.ts:31:0 › a transient initial registration failure retries before any controller exists (2.4s)
web	Run bun run test:browser	2026-10-05T06:29:10.2361497Z   ✓   83 [firefox] › e2e/motion.spec.ts:4:0 › live feedback covers debounce and worker completion, then settles or cancels (7.4s)
web	Run bun run test:browser	2026-10-05T06:29:10.8377510Z   ✓   87 [firefox] › e2e/offline-install.spec.ts:82:0 › a stale mutable release marker is refetched and checked before offline readiness (3.1s)
web	Run bun run test:browser	2026-10-05T06:29:11.5483557Z   ✓   88 [firefox] › e2e/offline-install.spec.ts:106:0 › a rejected first installation retries without reloading or clearing input (3.7s)
web	Run bun run test:browser	2026-10-05T06:29:12.2909783Z   ✓   86 [firefox] › e2e/offline-install.spec.ts:59:0 › slow first installation clears its expired warning without losing conversion (5.2s)
web	Run bun run test:browser	2026-10-05T06:29:15.0431178Z   ✓   90 [firefox] › e2e/offline-install.spec.ts:155:0 › HTML response rewriting cannot break first installation or offline navigation (4.2s)
web	Run bun run test:browser	2026-10-05T06:29:16.3551847Z   ✓   91 [firefox] › e2e/privacy.spec.ts:6:2 › legacy lens preferences migrate, reset removes them and quota failures keep conversion usable (4.8s)
web	Run bun run test:browser	2026-10-05T06:29:16.9765715Z   ✓   93 [firefox] › e2e/privacy.spec.ts:85:0 › invalid and oversized local shares return a paste fallback without storing text (1.9s)
web	Run bun run test:browser	2026-10-05T06:29:17.3003145Z   ✓   92 [firefox] › e2e/privacy.spec.ts:6:2 › legacy command preferences migrate, reset removes them and quota failures keep conversion usable (5.0s)
web	Run bun run test:browser	2026-10-05T06:29:17.5302684Z   ✓   89 [firefox] › e2e/offline-install.spec.ts:126:0 › persistently wrong release bytes never activate or claim offline readiness (7.3s)
web	Run bun run test:browser	2026-10-05T06:29:20.5400635Z   ✓   97 [firefox] › e2e/responsive.spec.ts:83:0 › touch-sized controls and keyboard navigation remain usable in a short viewport (3.0s)
web	Run bun run test:browser	2026-10-05T06:29:21.7013098Z   ✓   95 [firefox] › e2e/privacy.spec.ts:223:0 › denied update storage keeps the draft active and requires clearing before reload (4.7s)
web	Run bun run test:browser	2026-10-05T06:29:22.3124147Z   -   99 [firefox] › e2e/uncontrolled.spec.ts:135:0 › an explicit update recovers a timed-out readiness probe without another reload
web	Run bun run test:browser	2026-10-05T06:29:22.6002389Z   -   98 [firefox] › e2e/uncontrolled.spec.ts:102:0 › an activated worker reclaims a hard-refreshed tab without reloading its draft
web	Run bun run test:browser	2026-10-05T06:29:22.9588608Z   -  100 [firefox] › e2e/uncontrolled.spec.ts:227:0 › an older active worker cannot mark an uncontrolled tab ready or activate its waiting update
web	Run bun run test:browser	2026-10-05T06:29:23.0643488Z   ✓   94 [firefox] › e2e/privacy.spec.ts:119:0 › expired and invalid temporary text is consumed and erased without restoring it (6.7s)
web	Run bun run test:browser	2026-10-05T06:29:23.9444626Z   ✓   96 [firefox] › e2e/responsive.spec.ts:4:0 › reflows across cover screens, phones, tablets and desktops without losing work (6.6s)
web	Run bun run test:browser	2026-10-05T06:29:26.4726519Z   ✓  101 [firefox] › e2e/updates.spec.ts:6:0 › repair refuses another release and leaves the existing offline shell intact (3.8s)
web	Run bun run test:browser	2026-10-05T06:29:28.1341283Z   ✓  103 [firefox] › e2e/updates.spec.ts:93:0 › oversized drafts block an update until they can be safely preserved (5.0s)
web	Run bun run test:browser	2026-10-05T06:29:31.4206162Z   ✓  102 [firefox] › e2e/updates.spec.ts:45:0 › an interrupted rollback preserves a retained cache and its old tab worker (8.4s)
web	Run bun run test:browser	2026-10-05T06:29:37.2901785Z   ✓  106 [webkit] › e2e/app.spec.ts:6:0 › worker failure recovers and a late response cannot resurrect cleared input (6.7s)
web	Run bun run test:browser	2026-10-05T06:29:38.1051348Z   ✓  107 [webkit] › e2e/app.spec.ts:67:0 › an intact offline app survives a failed registration check while changing target zones (4.9s)
web	Run bun run test:browser	2026-10-05T06:29:38.8936759Z   ✓  104 [firefox] › e2e/updates.spec.ts:209:0 › old and new tabs retain their own workers across successive releases and offline restart (14.9s)
web	Run bun run test:browser	2026-10-05T06:29:39.8712641Z   ✓  105 [firefox] › e2e/updates.spec.ts:270:0 › rollback preserves draft and preferences and removes obsolete caches with one remaining tab (13.4s)
web	Run bun run test:browser	2026-10-05T06:29:41.5535264Z   ✓  108 [webkit] › e2e/app.spec.ts:90:0 › a delayed failed readiness probe cannot overwrite a newer successful check (4.2s)
web	Run bun run test:browser	2026-10-05T06:29:43.3640943Z   ✓  109 [webkit] › e2e/app.spec.ts:130:0 › missing cache reports incomplete and reconnect repairs the complete offline app (5.2s)
web	Run bun run test:browser	2026-10-05T06:29:44.8910312Z   ✓  110 [webkit] › e2e/app.spec.ts:162:0 › pasted HTML cannot execute or fetch its URL (3.4s)
web	Run bun run test:browser	2026-10-05T06:29:46.5039212Z   ✓  112 [webkit] › e2e/app.spec.ts:182:0 › convert, inspect ambiguity, copy manually and protect privacy (4.1s)
web	Run bun run test:browser	2026-10-05T06:29:47.7727439Z   ✓  111 [webkit] › e2e/app.spec.ts:215:0 › close and reopen offline, then convert previously unseen input (6.2s)
web	Run bun run test:browser	2026-10-05T06:29:50.1573228Z   ✓  114 [webkit] › e2e/app.spec.ts:267:0 › input errors recover, edits invalidate results, keyboard keeps multiline input (5.2s)
web	Run bun run test:browser	2026-10-05T06:29:50.3942887Z   ✓  113 [webkit] › e2e/app.spec.ts:239:0 › preferences persist, input does not; denied storage still converts (7.0s)
web	Run bun run test:browser	2026-10-05T06:29:52.0641280Z   ✓  116 [webkit] › e2e/app.spec.ts:340:0 › offline POST share is single-use and never places message in URL (4.3s)
web	Run bun run test:browser	2026-10-05T06:29:56.8266570Z   ✓  115 [webkit] › e2e/app.spec.ts:286:0 › readable at 320px, dark mode, with no serious accessibility violations (10.3s)
web	Run bun run test:browser	2026-10-05T06:29:57.5135487Z   ✓  117 [webkit] › e2e/app.spec.ts:378:0 › an update waits, preserves draft on opt-in, and survives a partial next update (7.3s)
web	Run bun run test:browser	2026-10-05T06:30:07.7192216Z   ✓  121 [webkit] › e2e/controls.spec.ts:407:0 › hovering timezone suggestions preserves typed values while explicit selections still commit (10.2s)
web	Run bun run test:browser	2026-10-05T06:30:08.4747412Z   ✓  120 [webkit] › e2e/controls.spec.ts:339:0 › timezone search preserves freeform offsets and recovers from empty and invalid choices (11.6s)
web	Run bun run test:browser	2026-10-05T06:30:10.4520698Z   ✓  119 [webkit] › e2e/controls.spec.ts:232:0 › choice menus support keyboard selection, nested Escape and pointer dismissal (18.3s)
web	Run bun run test:browser	2026-10-05T06:30:14.0851081Z   ✓  122 [webkit] › e2e/diagnostics.spec.ts:12:0 › detailed logs are opt-in, local, exclude message and selected zones, and stop when disabled (6.3s)
web	Run bun run test:browser	2026-10-05T06:30:14.3404521Z   ✓  124 [webkit] › e2e/diagnostics.spec.ts:114:0 › detailed logs still work in memory when session storage is denied (3.9s)
web	Run bun run test:browser	2026-10-05T06:30:14.3736106Z   ✓  123 [webkit] › e2e/diagnostics.spec.ts:84:0 › detailed logging survives a tab reload and reset preferences disables it (5.9s)
web	Run bun run test:browser	2026-10-05T06:30:17.2664347Z   ✓  125 [webkit] › e2e/diagnostics.spec.ts:145:0 › a retired release repairs only missing files using its intact cached assets (3.2s)
web	Run bun run test:browser	2026-10-05T06:30:18.4963520Z   ✓  126 [webkit] › e2e/diagnostics.spec.ts:191:0 › corrupt cached files fail integrity checks and detailed logs identify bounded repair failure (4.1s)
web	Run bun run test:browser	2026-10-05T06:30:20.1610664Z   ✓  128 [webkit] › e2e/engine.spec.ts:4:0 › independent exact fixture expectations run in the production browser worker (2.9s)
web	Run bun run test:browser	2026-10-05T06:30:24.0730393Z   ✓  127 [webkit] › e2e/diagnostics.spec.ts:232:0 › waiting updates remain actionable when a current cache probe times out (9.7s)
web	Run bun run test:browser	2026-10-05T06:30:28.5047837Z   ✓  129 [webkit] › e2e/imports.spec.ts:5:2 › delayed clipboard offers replacement instead of overwriting edited or cleared work (10.0s)
web	Run bun run test:browser	2026-10-05T06:30:29.1037508Z   ✓  118 [webkit] › e2e/controls.spec.ts:55:0 › themed choices align and their opened menus fit every breakpoint without losing work (38.7s)
web	Run bun run test:browser	2026-10-05T06:30:31.0745858Z   ✓  131 [webkit] › e2e/imports.spec.ts:173:0 › an unresolved target hides copyable fallback results and correction restores the source interpretation (7.0s)
web	Run bun run test:browser	2026-10-05T06:30:34.4617293Z   ✓  130 [webkit] › e2e/imports.spec.ts:5:2 › delayed share offers replacement instead of overwriting edited or cleared work (14.3s)
web	Run bun run test:browser	2026-10-05T06:30:36.4941259Z   ✓  133 [webkit] › e2e/live.spec.ts:30:0 › composition defers conversion and queued work cannot overwrite a newer draft (7.4s)
web	Run bun run test:browser	2026-10-05T06:30:37.0654951Z   ✓  135 [webkit] › e2e/motion.spec.ts:61:0 › reduced motion keeps live feedback and usable results without animation (2.6s)
web	Run bun run test:browser	2026-10-05T06:30:37.3395827Z   ✓  132 [webkit] › e2e/live.spec.ts:4:0 › typing, pasted text and conversion settings update without submission (8.8s)
web	Run bun run test:browser	2026-10-05T06:30:39.7177966Z   ✓  134 [webkit] › e2e/motion.spec.ts:4:0 › live feedback covers debounce and worker completion, then settles or cancels (8.6s)
web	Run bun run test:browser	2026-10-05T06:30:40.0625992Z   ✓  136 [webkit] › e2e/offline-install.spec.ts:31:0 › a transient initial registration failure retries before any controller exists (3.5s)
web	Run bun run test:browser	2026-10-05T06:30:41.0821393Z   ✓  138 [webkit] › e2e/offline-install.spec.ts:82:0 › a stale mutable release marker is refetched and checked before offline readiness (3.7s)
web	Run bun run test:browser	2026-10-05T06:30:43.6800301Z   ✓  137 [webkit] › e2e/offline-install.spec.ts:59:0 › slow first installation clears its expired warning without losing conversion (6.6s)
web	Run bun run test:browser	2026-10-05T06:30:44.0855963Z   ✓  139 [webkit] › e2e/offline-install.spec.ts:106:0 › a rejected first installation retries without reloading or clearing input (4.3s)
web	Run bun run test:browser	2026-10-05T06:30:46.5649629Z   ✓  141 [webkit] › e2e/offline-install.spec.ts:155:0 › HTML response rewriting cannot break first installation or offline navigation (5.5s)
web	Run bun run test:browser	2026-10-05T06:30:48.5788929Z   ✓  140 [webkit] › e2e/offline-install.spec.ts:126:0 › persistently wrong release bytes never activate or claim offline readiness (8.4s)
web	Run bun run test:browser	2026-10-05T06:30:49.4251508Z   ✓  142 [webkit] › e2e/privacy.spec.ts:6:2 › legacy lens preferences migrate, reset removes them and quota failures keep conversion usable (5.7s)
web	Run bun run test:browser	2026-10-05T06:30:49.6749498Z   ✓  144 [webkit] › e2e/privacy.spec.ts:85:0 › invalid and oversized local shares return a paste fallback without storing text (3.1s)
web	Run bun run test:browser	2026-10-05T06:30:51.5790380Z   ✓  143 [webkit] › e2e/privacy.spec.ts:6:2 › legacy command preferences migrate, reset removes them and quota failures keep conversion usable (7.5s)
web	Run bun run test:browser	2026-10-05T06:30:54.9920402Z   ✓  148 [webkit] › e2e/responsive.spec.ts:83:0 › touch-sized controls and keyboard navigation remain usable in a short viewport (3.4s)
web	Run bun run test:browser	2026-10-05T06:30:55.0029341Z   ✓  146 [webkit] › e2e/privacy.spec.ts:223:0 › denied update storage keeps the draft active and requires clearing before reload (5.6s)
web	Run bun run test:browser	2026-10-05T06:30:56.2505046Z   -  149 [webkit] › e2e/uncontrolled.spec.ts:102:0 › an activated worker reclaims a hard-refreshed tab without reloading its draft
web	Run bun run test:browser	2026-10-05T06:30:56.3730979Z   -  150 [webkit] › e2e/uncontrolled.spec.ts:135:0 › an explicit update recovers a timed-out readiness probe without another reload
web	Run bun run test:browser	2026-10-05T06:30:56.6826210Z   ✓  145 [webkit] › e2e/privacy.spec.ts:119:0 › expired and invalid temporary text is consumed and erased without restoring it (8.1s)
web	Run bun run test:browser	2026-10-05T06:30:57.2217869Z   -  151 [webkit] › e2e/uncontrolled.spec.ts:227:0 › an older active worker cannot mark an uncontrolled tab ready or activate its waiting update
web	Run bun run test:browser	2026-10-05T06:30:59.9662875Z   ✓  152 [webkit] › e2e/updates.spec.ts:6:0 › repair refuses another release and leaves the existing offline shell intact (3.6s)
web	Run bun run test:browser	2026-10-05T06:31:00.7450609Z   ✓  147 [webkit] › e2e/responsive.spec.ts:4:0 › reflows across cover screens, phones, tablets and desktops without losing work (11.1s)
web	Run bun run test:browser	2026-10-05T06:31:04.0502247Z   ✓  154 [webkit] › e2e/updates.spec.ts:93:0 › oversized drafts block an update until they can be safely preserved (6.8s)
web	Run bun run test:browser	2026-10-05T06:31:04.0697250Z   ✓  153 [webkit] › e2e/updates.spec.ts:45:0 › an interrupted rollback preserves a retained cache and its old tab worker (7.4s)
web	Run bun run test:browser	2026-10-05T06:31:10.4687799Z   ✓  157 [android-emulation] › e2e/app.spec.ts:6:0 › worker failure recovers and a late response cannot resurrect cleared input (4.8s)
web	Run bun run test:browser	2026-10-05T06:31:10.5665694Z   ✓  158 [android-emulation] › e2e/app.spec.ts:67:0 › an intact offline app survives a failed registration check while changing target zones (4.7s)
web	Run bun run test:browser	2026-10-05T06:31:13.6029437Z   ✓  159 [android-emulation] › e2e/app.spec.ts:90:0 › a delayed failed readiness probe cannot overwrite a newer successful check (3.1s)
web	Run bun run test:browser	2026-10-05T06:31:13.8829134Z   ✓  156 [webkit] › e2e/updates.spec.ts:270:0 › rollback preserves draft and preferences and removes obsolete caches with one remaining tab (13.1s)
web	Run bun run test:browser	2026-10-05T06:31:14.5849262Z   ✓  155 [webkit] › e2e/updates.spec.ts:209:0 › old and new tabs retain their own workers across successive releases and offline restart (14.6s)
web	Run bun run test:browser	2026-10-05T06:31:14.8145519Z   ✓  160 [android-emulation] › e2e/app.spec.ts:130:0 › missing cache reports incomplete and reconnect repairs the complete offline app (4.2s)
web	Run bun run test:browser	2026-10-05T06:31:15.8295054Z   ✓  161 [android-emulation] › e2e/app.spec.ts:162:0 › pasted HTML cannot execute or fetch its URL (2.2s)
web	Run bun run test:browser	2026-10-05T06:31:17.7646115Z   ✓  162 [android-emulation] › e2e/app.spec.ts:182:0 › convert, inspect ambiguity, copy manually and protect privacy (2.8s)
web	Run bun run test:browser	2026-10-05T06:31:18.5421441Z   ✓  164 [android-emulation] › e2e/app.spec.ts:215:0 › close and reopen offline, then convert previously unseen input (2.7s)
web	Run bun run test:browser	2026-10-05T06:31:19.2037499Z   ✓  163 [android-emulation] › e2e/app.spec.ts:239:0 › preferences persist, input does not; denied storage still converts (4.4s)
web	Run bun run test:browser	2026-10-05T06:31:19.8057975Z   ✓  167 [android-emulation] › e2e/app.spec.ts:340:0 › offline POST share is single-use and never places message in URL (1.2s)
web	Run bun run test:browser	2026-10-05T06:31:20.2322572Z   ✓  165 [android-emulation] › e2e/app.spec.ts:267:0 › input errors recover, edits invalidate results, keyboard keeps multiline input (4.4s)
web	Run bun run test:browser	2026-10-05T06:31:21.7696717Z   ✓  166 [android-emulation] › e2e/app.spec.ts:286:0 › readable at 320px, dark mode, with no serious accessibility violations (4.0s)
web	Run bun run test:browser	2026-10-05T06:31:23.6886597Z   ✓  168 [android-emulation] › e2e/app.spec.ts:378:0 › an update waits, preserves draft on opt-in, and survives a partial next update (4.5s)
web	Run bun run test:browser	2026-10-05T06:31:26.0596006Z   ✓  171 [android-emulation] › e2e/controls.spec.ts:339:0 › timezone search preserves freeform offsets and recovers from empty and invalid choices (4.3s)
web	Run bun run test:browser	2026-10-05T06:31:26.8496447Z   ✓  172 [android-emulation] › e2e/controls.spec.ts:407:0 › hovering timezone suggestions preserves typed values while explicit selections still commit (3.1s)
web	Run bun run test:browser	2026-10-05T06:31:28.4091884Z   ✓  170 [android-emulation] › e2e/controls.spec.ts:232:0 › choice menus support keyboard selection, nested Escape and pointer dismissal (8.2s)
web	Run bun run test:browser	2026-10-05T06:31:28.5281184Z   ✓  174 [android-emulation] › e2e/diagnostics.spec.ts:84:0 › detailed logging survives a tab reload and reset preferences disables it (1.7s)
web	Run bun run test:browser	2026-10-05T06:31:29.7982552Z   ✓  173 [android-emulation] › e2e/diagnostics.spec.ts:12:0 › detailed logs are opt-in, local, exclude message and selected zones, and stop when disabled (3.7s)
web	Run bun run test:browser	2026-10-05T06:31:30.5536681Z   ✓  176 [android-emulation] › e2e/diagnostics.spec.ts:145:0 › a retired release repairs only missing files using its intact cached assets (2.0s)
web	Run bun run test:browser	2026-10-05T06:31:30.5740811Z   ✓  175 [android-emulation] › e2e/diagnostics.spec.ts:114:0 › detailed logs still work in memory when session storage is denied (2.1s)
web	Run bun run test:browser	2026-10-05T06:31:31.4279841Z   ✓  177 [android-emulation] › e2e/diagnostics.spec.ts:191:0 › corrupt cached files fail integrity checks and detailed logs identify bounded repair failure (1.6s)
web	Run bun run test:browser	2026-10-05T06:31:32.1232365Z   ✓  169 [android-emulation] › e2e/controls.spec.ts:55:0 › themed choices align and their opened menus fit every breakpoint without losing work (12.3s)
web	Run bun run test:browser	2026-10-05T06:31:32.2950610Z   ✓  179 [android-emulation] › e2e/engine.spec.ts:4:0 › independent exact fixture expectations run in the production browser worker (1.7s)
web	Run bun run test:browser	2026-10-05T06:31:35.6830656Z   ✓  182 [android-emulation] › e2e/imports.spec.ts:173:0 › an unresolved target hides copyable fallback results and correction restores the source interpretation (3.4s)
web	Run bun run test:browser	2026-10-05T06:31:36.5293396Z   ✓  178 [android-emulation] › e2e/diagnostics.spec.ts:232:0 › waiting updates remain actionable when a current cache probe times out (6.0s)
web	Run bun run test:browser	2026-10-05T06:31:36.6691635Z   ✓  180 [android-emulation] › e2e/imports.spec.ts:5:2 › delayed clipboard offers replacement instead of overwriting edited or cleared work (5.2s)
web	Run bun run test:browser	2026-10-05T06:31:37.8692665Z   ✓  181 [android-emulation] › e2e/imports.spec.ts:5:2 › delayed share offers replacement instead of overwriting edited or cleared work (5.7s)
web	Run bun run test:browser	2026-10-05T06:31:38.8966636Z   ✓  186 [android-emulation] › e2e/motion.spec.ts:61:0 › reduced motion keeps live feedback and usable results without animation (1.0s)
web	Run bun run test:browser	2026-10-05T06:31:39.4953548Z   ✓  183 [android-emulation] › e2e/live.spec.ts:4:0 › typing, pasted text and conversion settings update without submission (3.8s)
web	Run bun run test:browser	2026-10-05T06:31:41.1282192Z   ✓  187 [android-emulation] › e2e/offline-install.spec.ts:31:0 › a transient initial registration failure retries before any controller exists (2.2s)
web	Run bun run test:browser	2026-10-05T06:31:41.5468910Z   ✓  188 [android-emulation] › e2e/offline-install.spec.ts:59:0 › slow first installation clears its expired warning without losing conversion (2.0s)
web	Run bun run test:browser	2026-10-05T06:31:41.7275298Z   ✓  184 [android-emulation] › e2e/live.spec.ts:30:0 › composition defers conversion and queued work cannot overwrite a newer draft (5.2s)
web	Run bun run test:browser	2026-10-05T06:31:42.9083529Z   ✓  189 [android-emulation] › e2e/offline-install.spec.ts:82:0 › a stale mutable release marker is refetched and checked before offline readiness (1.8s)
web	Run bun run test:browser	2026-10-05T06:31:42.9380333Z   ✓  185 [android-emulation] › e2e/motion.spec.ts:4:0 › live feedback covers debounce and worker completion, then settles or cancels (6.3s)
web	Run bun run test:browser	2026-10-05T06:31:44.1486696Z   ✓  190 [android-emulation] › e2e/offline-install.spec.ts:106:0 › a rejected first installation retries without reloading or clearing input (2.6s)
web	Run bun run test:browser	2026-10-05T06:31:45.5732408Z   ✓  193 [android-emulation] › e2e/privacy.spec.ts:6:2 › legacy lens preferences migrate, reset removes them and quota failures keep conversion usable (2.6s)
web	Run bun run test:browser	2026-10-05T06:31:45.6915719Z   ✓  192 [android-emulation] › e2e/offline-install.spec.ts:155:0 › HTML response rewriting cannot break first installation or offline navigation (2.8s)
web	Run bun run test:browser	2026-10-05T06:31:47.4281252Z   ✓  195 [android-emulation] › e2e/privacy.spec.ts:85:0 › invalid and oversized local shares return a paste fallback without storing text (1.8s)
web	Run bun run test:browser	2026-10-05T06:31:47.8410140Z   ✓  196 [android-emulation] › e2e/privacy.spec.ts:119:0 › expired and invalid temporary text is consumed and erased without restoring it (2.1s)
web	Run bun run test:browser	2026-10-05T06:31:47.9929307Z   ✓  194 [android-emulation] › e2e/privacy.spec.ts:6:2 › legacy command preferences migrate, reset removes them and quota failures keep conversion usable (3.8s)
web	Run bun run test:browser	2026-10-05T06:31:48.0188167Z   ✓  191 [android-emulation] › e2e/offline-install.spec.ts:126:0 › persistently wrong release bytes never activate or claim offline readiness (6.3s)
web	Run bun run test:browser	2026-10-05T06:31:49.6018297Z   ✓  199 [android-emulation] › e2e/responsive.spec.ts:83:0 › touch-sized controls and keyboard navigation remain usable in a short viewport (1.6s)
web	Run bun run test:browser	2026-10-05T06:31:51.0823364Z   ✓  197 [android-emulation] › e2e/privacy.spec.ts:223:0 › denied update storage keeps the draft active and requires clearing before reload (3.6s)
web	Run bun run test:browser	2026-10-05T06:31:51.7645546Z   ✓  198 [android-emulation] › e2e/responsive.spec.ts:4:0 › reflows across cover screens, phones, tablets and desktops without losing work (3.9s)
web	Run bun run test:browser	2026-10-05T06:31:52.0766732Z   ✓  200 [android-emulation] › e2e/uncontrolled.spec.ts:102:0 › an activated worker reclaims a hard-refreshed tab without reloading its draft (4.0s)
web	Run bun run test:browser	2026-10-05T06:31:54.1180291Z   ✓  203 [android-emulation] › e2e/updates.spec.ts:6:0 › repair refuses another release and leaves the existing offline shell intact (2.3s)
web	Run bun run test:browser	2026-10-05T06:31:56.7518196Z   ✓  201 [android-emulation] › e2e/uncontrolled.spec.ts:135:0 › an explicit update recovers a timed-out readiness probe without another reload (7.1s)
web	Run bun run test:browser	2026-10-05T06:31:56.8105694Z   ✓  204 [android-emulation] › e2e/updates.spec.ts:45:0 › an interrupted rollback preserves a retained cache and its old tab worker (4.7s)
web	Run bun run test:browser	2026-10-05T06:31:57.2460314Z   ✓  202 [android-emulation] › e2e/uncontrolled.spec.ts:227:0 › an older active worker cannot mark an uncontrolled tab ready or activate its waiting update (6.1s)
web	Run bun run test:browser	2026-10-05T06:31:57.7326029Z   ✓  205 [android-emulation] › e2e/updates.spec.ts:93:0 › oversized drafts block an update until they can be safely preserved (3.6s)
web	Run bun run test:browser	2026-10-05T06:32:02.2207447Z   ✓  208 [iphone-emulation] › e2e/app.spec.ts:6:0 › worker failure recovers and a late response cannot resurrect cleared input (3.9s)
web	Run bun run test:browser	2026-10-05T06:32:02.7740575Z   ✓  209 [iphone-emulation] › e2e/app.spec.ts:67:0 › an intact offline app survives a failed registration check while changing target zones (4.2s)
web	Run bun run test:browser	2026-10-05T06:32:05.2875485Z   ✓  210 [iphone-emulation] › e2e/app.spec.ts:90:0 › a delayed failed readiness probe cannot overwrite a newer successful check (3.1s)
web	Run bun run test:browser	2026-10-05T06:32:06.4342081Z   ✓  211 [iphone-emulation] › e2e/app.spec.ts:130:0 › missing cache reports incomplete and reconnect repairs the complete offline app (3.6s)
web	Run bun run test:browser	2026-10-05T06:32:07.2683310Z   ✓  212 [iphone-emulation] › e2e/app.spec.ts:162:0 › pasted HTML cannot execute or fetch its URL (2.0s)
web	Run bun run test:browser	2026-10-05T06:32:08.9396395Z   ✓  207 [android-emulation] › e2e/updates.spec.ts:270:0 › rollback preserves draft and preferences and removes obsolete caches with one remaining tab (12.1s)
web	Run bun run test:browser	2026-10-05T06:32:09.0008733Z   ✓  206 [android-emulation] › e2e/updates.spec.ts:209:0 › old and new tabs retain their own workers across successive releases and offline restart (12.2s)
web	Run bun run test:browser	2026-10-05T06:32:09.6537263Z   ✓  213 [iphone-emulation] › e2e/app.spec.ts:182:0 › convert, inspect ambiguity, copy manually and protect privacy (3.2s)
web	Run bun run test:browser	2026-10-05T06:32:10.9931913Z   ✓  214 [iphone-emulation] › e2e/app.spec.ts:215:0 › close and reopen offline, then convert previously unseen input (3.7s)
web	Run bun run test:browser	2026-10-05T06:32:13.4622958Z   ✓  218 [iphone-emulation] › e2e/app.spec.ts:340:0 › offline POST share is single-use and never places message in URL (2.5s)
web	Run bun run test:browser	2026-10-05T06:32:15.0866561Z   ✓  217 [iphone-emulation] › e2e/app.spec.ts:267:0 › input errors recover, edits invalidate results, keyboard keeps multiline input (4.9s)
web	Run bun run test:browser	2026-10-05T06:32:16.0876509Z   ✓  216 [iphone-emulation] › e2e/app.spec.ts:239:0 › preferences persist, input does not; denied storage still converts (5.9s)
web	Run bun run test:browser	2026-10-05T06:32:16.2160221Z   ✓  215 [iphone-emulation] › e2e/app.spec.ts:286:0 › readable at 320px, dark mode, with no serious accessibility violations (6.5s)
web	Run bun run test:browser	2026-10-05T06:32:18.8801662Z   ✓  219 [iphone-emulation] › e2e/app.spec.ts:378:0 › an update waits, preserves draft on opt-in, and survives a partial next update (5.4s)
web	Run bun run test:browser	2026-10-05T06:32:24.3879695Z   ✓  223 [iphone-emulation] › e2e/controls.spec.ts:407:0 › hovering timezone suggestions preserves typed values while explicit selections still commit (5.5s)
web	Run bun run test:browser	2026-10-05T06:32:24.7656060Z   ✓  222 [iphone-emulation] › e2e/controls.spec.ts:339:0 › timezone search preserves freeform offsets and recovers from empty and invalid choices (8.5s)
web	Run bun run test:browser	2026-10-05T06:32:27.8753068Z   ✓  221 [iphone-emulation] › e2e/controls.spec.ts:232:0 › choice menus support keyboard selection, nested Escape and pointer dismissal (11.7s)
web	Run bun run test:browser	2026-10-05T06:32:28.5384703Z   ✓  225 [iphone-emulation] › e2e/diagnostics.spec.ts:84:0 › detailed logging survives a tab reload and reset preferences disables it (3.7s)
web	Run bun run test:browser	2026-10-05T06:32:29.0186337Z   ✓  224 [iphone-emulation] › e2e/diagnostics.spec.ts:12:0 › detailed logs are opt-in, local, exclude message and selected zones, and stop when disabled (4.6s)
web	Run bun run test:browser	2026-10-05T06:32:30.5650597Z   ✓  226 [iphone-emulation] › e2e/diagnostics.spec.ts:114:0 › detailed logs still work in memory when session storage is denied (2.7s)
web	Run bun run test:browser	2026-10-05T06:32:31.1945795Z   ✓  228 [iphone-emulation] › e2e/diagnostics.spec.ts:191:0 › corrupt cached files fail integrity checks and detailed logs identify bounded repair failure (2.2s)
web	Run bun run test:browser	2026-10-05T06:32:31.4388009Z   ✓  227 [iphone-emulation] › e2e/diagnostics.spec.ts:145:0 › a retired release repairs only missing files using its intact cached assets (2.9s)
web	Run bun run test:browser	2026-10-05T06:32:33.7036075Z   ✓  230 [iphone-emulation] › e2e/engine.spec.ts:4:0 › independent exact fixture expectations run in the production browser worker (2.5s)
web	Run bun run test:browser	2026-10-05T06:32:36.0031722Z   ✓  229 [iphone-emulation] › e2e/diagnostics.spec.ts:232:0 › waiting updates remain actionable when a current cache probe times out (5.4s)
web	Run bun run test:browser	2026-10-05T06:32:37.6810933Z   ✓  220 [iphone-emulation] › e2e/controls.spec.ts:55:0 › themed choices align and their opened menus fit every breakpoint without losing work (22.6s)
web	Run bun run test:browser	2026-10-05T06:32:38.6531949Z   ✓  231 [iphone-emulation] › e2e/imports.spec.ts:5:2 › delayed clipboard offers replacement instead of overwriting edited or cleared work (7.2s)
web	Run bun run test:browser	2026-10-05T06:32:41.0007093Z   ✓  233 [iphone-emulation] › e2e/imports.spec.ts:173:0 › an unresolved target hides copyable fallback results and correction restores the source interpretation (5.0s)
web	Run bun run test:browser	2026-10-05T06:32:43.1786303Z   ✓  232 [iphone-emulation] › e2e/imports.spec.ts:5:2 › delayed share offers replacement instead of overwriting edited or cleared work (9.5s)
web	Run bun run test:browser	2026-10-05T06:32:44.3618058Z   ✓  234 [iphone-emulation] › e2e/live.spec.ts:4:0 › typing, pasted text and conversion settings update without submission (6.7s)
web	Run bun run test:browser	2026-10-05T06:32:44.3709576Z   ✓  235 [iphone-emulation] › e2e/live.spec.ts:30:0 › composition defers conversion and queued work cannot overwrite a newer draft (5.7s)
web	Run bun run test:browser	2026-10-05T06:32:45.4429538Z   ✓  237 [iphone-emulation] › e2e/motion.spec.ts:61:0 › reduced motion keeps live feedback and usable results without animation (2.2s)
web	Run bun run test:browser	2026-10-05T06:32:46.8462946Z   ✓  238 [iphone-emulation] › e2e/offline-install.spec.ts:31:0 › a transient initial registration failure retries before any controller exists (2.5s)
web	Run bun run test:browser	2026-10-05T06:32:47.5459397Z   ✓  240 [iphone-emulation] › e2e/offline-install.spec.ts:82:0 › a stale mutable release marker is refetched and checked before offline readiness (2.1s)
web	Run bun run test:browser	2026-10-05T06:32:47.7301869Z   ✓  239 [iphone-emulation] › e2e/offline-install.spec.ts:59:0 › slow first installation clears its expired warning without losing conversion (3.3s)
web	Run bun run test:browser	2026-10-05T06:32:47.8347823Z   ✓  236 [iphone-emulation] › e2e/motion.spec.ts:4:0 › live feedback covers debounce and worker completion, then settles or cancels (6.8s)
web	Run bun run test:browser	2026-10-05T06:32:50.0359208Z   ✓  241 [iphone-emulation] › e2e/offline-install.spec.ts:106:0 › a rejected first installation retries without reloading or clearing input (3.2s)
web	Run bun run test:browser	2026-10-05T06:32:52.0742221Z   ✓  243 [iphone-emulation] › e2e/offline-install.spec.ts:155:0 › HTML response rewriting cannot break first installation or offline navigation (4.3s)
web	Run bun run test:browser	2026-10-05T06:32:53.2693244Z   ✓  244 [iphone-emulation] › e2e/privacy.spec.ts:6:2 › legacy lens preferences migrate, reset removes them and quota failures keep conversion usable (5.4s)
web	Run bun run test:browser	2026-10-05T06:32:54.2756269Z   ✓  246 [iphone-emulation] › e2e/privacy.spec.ts:85:0 › invalid and oversized local shares return a paste fallback without storing text (2.2s)
web	Run bun run test:browser	2026-10-05T06:32:54.9800521Z   ✓  245 [iphone-emulation] › e2e/privacy.spec.ts:6:2 › legacy command preferences migrate, reset removes them and quota failures keep conversion usable (4.9s)
web	Run bun run test:browser	2026-10-05T06:32:55.0361121Z   ✓  242 [iphone-emulation] › e2e/offline-install.spec.ts:126:0 › persistently wrong release bytes never activate or claim offline readiness (7.5s)
web	Run bun run test:browser	2026-10-05T06:32:57.4931283Z   ✓  250 [iphone-emulation] › e2e/responsive.spec.ts:83:0 › touch-sized controls and keyboard navigation remain usable in a short viewport (2.4s)
web	Run bun run test:browser	2026-10-05T06:32:57.6030277Z   ✓  248 [iphone-emulation] › e2e/privacy.spec.ts:223:0 › denied update storage keeps the draft active and requires clearing before reload (3.3s)
web	Run bun run test:browser	2026-10-05T06:32:58.3998389Z   -  252 [iphone-emulation] › e2e/uncontrolled.spec.ts:135:0 › an explicit update recovers a timed-out readiness probe without another reload
web	Run bun run test:browser	2026-10-05T06:32:58.5125101Z   -  251 [iphone-emulation] › e2e/uncontrolled.spec.ts:102:0 › an activated worker reclaims a hard-refreshed tab without reloading its draft
web	Run bun run test:browser	2026-10-05T06:32:59.2156724Z   -  253 [iphone-emulation] › e2e/uncontrolled.spec.ts:227:0 › an older active worker cannot mark an uncontrolled tab ready or activate its waiting update
web	Run bun run test:browser	2026-10-05T06:32:59.6418044Z   ✓  247 [iphone-emulation] › e2e/privacy.spec.ts:119:0 › expired and invalid temporary text is consumed and erased without restoring it (6.3s)
web	Run bun run test:browser	2026-10-05T06:33:01.4539936Z   ✓  254 [iphone-emulation] › e2e/updates.spec.ts:6:0 › repair refuses another release and leaves the existing offline shell intact (2.9s)
web	Run bun run test:browser	2026-10-05T06:33:02.5483309Z   ✓  249 [iphone-emulation] › e2e/responsive.spec.ts:4:0 › reflows across cover screens, phones, tablets and desktops without losing work (7.6s)
web	Run bun run test:browser	2026-10-05T06:33:03.7232733Z   ✓  256 [iphone-emulation] › e2e/updates.spec.ts:93:0 › oversized drafts block an update until they can be safely preserved (4.1s)
web	Run bun run test:browser	2026-10-05T06:33:05.2481832Z   ✓  255 [iphone-emulation] › e2e/updates.spec.ts:45:0 › an interrupted rollback preserves a retained cache and its old tab worker (6.0s)
web	Run bun run test:browser	2026-10-05T06:33:09.5987321Z   ✓  258 [iphone-emulation] › e2e/updates.spec.ts:270:0 › rollback preserves draft and preferences and removes obsolete caches with one remaining tab (7.0s)
web	Run bun run test:browser	2026-10-05T06:33:10.6542310Z   ✓  257 [iphone-emulation] › e2e/updates.spec.ts:209:0 › old and new tabs retain their own workers across successive releases and offline restart (9.2s)
web	Run bun run test:browser	2026-10-05T06:33:10.7438967Z 
web	Run bun run test:browser	2026-10-05T06:33:10.7447181Z   9 skipped
web	Run bun run test:browser	2026-10-05T06:33:10.7447678Z   249 passed (5.7m)
web	Verify repository-subpath deployment	﻿2026-10-05T06:33:11.0397689Z ##[group]Run bun run build
web	Verify repository-subpath deployment	2026-10-05T06:33:11.0398015Z ^[[36;1mbun run build^[[0m
web	Verify repository-subpath deployment	2026-10-05T06:33:11.0398362Z ^[[36;1m# Keep browser first-attempt evidence when the separate subpath^[[0m
web	Verify repository-subpath deployment	2026-10-05T06:33:11.0398816Z ^[[36;1m# runner clears its own output before starting.^[[0m
web	Verify repository-subpath deployment	2026-10-05T06:33:11.0399366Z ^[[36;1mbunx --bun playwright test --config=playwright.subpath.config.ts --output=test-results/subpath^[[0m
web	Verify repository-subpath deployment	2026-10-05T06:33:11.0400029Z shell: bash --noprofile --norc -e -o pipefail {0}
web	Verify repository-subpath deployment	2026-10-05T06:33:11.0400330Z env:
web	Verify repository-subpath deployment	2026-10-05T06:33:11.0400550Z   PLAYWRIGHT_BROWSERS_PATH: /ms-playwright
web	Verify repository-subpath deployment	2026-10-05T06:33:11.0400852Z   PLAYWRIGHT_IMAGE_VERSION: 1.63.0
web	Verify repository-subpath deployment	2026-10-05T06:33:11.0401120Z   CHRONOSHIFT_CI_TIMING: 0
web	Verify repository-subpath deployment	2026-10-05T06:33:11.0401352Z   PUBLISH_PAGES: true
web	Verify repository-subpath deployment	2026-10-05T06:33:11.0401564Z   MISE_LOG_LEVEL: info
web	Verify repository-subpath deployment	2026-10-05T06:33:11.0404615Z   MISE_GITHUB_TOKEN: ***
web	Verify repository-subpath deployment	2026-10-05T06:33:11.0404963Z   MISE_TRUSTED_CONFIG_PATHS: /__w/ChronoShift/ChronoShift
web	Verify repository-subpath deployment	2026-10-05T06:33:11.0405287Z   MISE_YES: 1
web	Verify repository-subpath deployment	2026-10-05T06:33:11.0406472Z   PATH: /github/home/.local/share/mise/installs/bun/1.4.0/bin:/github/home/.local/share/mise/installs/node/26.8.1/bin:/github/home/.local/share/mise/installs/gh/2.100.0/gh_2.100.0_linux_amd64/bin:/github/home/.local/share/mise/shims:/github/home/.local/share/mise/bin:/usr/local/sbin:/usr/local/bin:/usr/sbin:/usr/bin:/sbin:/bin
web	Verify repository-subpath deployment	2026-10-05T06:33:11.0407690Z   BASE_PATH: /ChronoShift/
web	Verify repository-subpath deployment	2026-10-05T06:33:11.0407928Z ##[endgroup]
web	Verify repository-subpath deployment	2026-10-05T06:33:11.1086696Z $ bun run typecheck && bun scripts/third-party-notices.ts && bunx --bun vite build && bun scripts/build-offline.ts
web	Verify repository-subpath deployment	2026-10-05T06:33:11.1112637Z $ bunx --bun tsc --noEmit
web	Verify repository-subpath deployment	2026-10-05T06:33:11.6129707Z Included notices for 19 production packages.
web	Verify repository-subpath deployment	2026-10-05T06:33:11.7797509Z ^[[36mvite v8.3.2 ^[[32mbuilding client environment for production...^[[36m^[[39m
web	Verify repository-subpath deployment	2026-10-05T06:33:11.7880912Z transforming...
web	Verify repository-subpath deployment	2026-10-05T06:33:12.0417286Z ✓ 791 modules transformed.
web	Verify repository-subpath deployment	2026-10-05T06:33:12.0966721Z rendering chunks...
web	Verify repository-subpath deployment	2026-10-05T06:33:12.2029316Z computing gzip size...
web	Verify repository-subpath deployment	2026-10-05T06:33:12.2149956Z dist/index.html                                    0.84 kB │ gzip:   0.45 kB
web	Verify repository-subpath deployment	2026-10-05T06:33:12.2150950Z dist/assets/geist-latin-variable-Dm3htQBi.woff2   28.40 kB
web	Verify repository-subpath deployment	2026-10-05T06:33:12.2151640Z dist/assets/worker-C690IjaR.js                   221.14 kB
web	Verify repository-subpath deployment	2026-10-05T06:33:12.2152542Z dist/assets/index-FQfVFb33.css                    20.81 kB │ gzip:   4.85 kB
web	Verify repository-subpath deployment	2026-10-05T06:33:12.2154198Z dist/assets/index-DCSfELq5.js                    806.84 kB │ gzip: 244.12 kB
web	Verify repository-subpath deployment	2026-10-05T06:33:12.2154941Z 
web	Verify repository-subpath deployment	2026-10-05T06:33:12.2155298Z ^[[32m✓ built in 435ms^[[39m
web	Verify repository-subpath deployment	2026-10-05T06:33:12.2161037Z ^[[33m[plugin builtin:vite-reporter] 
web	Verify repository-subpath deployment	2026-10-05T06:33:12.2161648Z (!) Some chunks are larger than 500 kB after minification. Consider:
web	Verify repository-subpath deployment	2026-10-05T06:33:12.2162201Z - Using dynamic import() to code-split the application
web	Verify repository-subpath deployment	2026-10-05T06:33:12.2163400Z - Use build.rolldownOptions.output.codeSplitting to improve chunking: https://rolldown.rs/reference/OutputOptions.codeSplitting
web	Verify repository-subpath deployment	2026-10-05T06:33:12.2165176Z - Adjust chunk size limit for this warning via build.chunkSizeWarningLimit.^[[39m
web	Verify repository-subpath deployment	2026-10-05T06:33:12.2513312Z Offline version db97e299e2e7af0d: 13 local assets, /ChronoShift/
web	Verify repository-subpath deployment	2026-10-05T06:33:12.9748556Z 
web	Verify repository-subpath deployment	2026-10-05T06:33:12.9749249Z Running 1 test using 1 worker
web	Verify repository-subpath deployment	2026-10-05T06:33:14.8855619Z ·
web	Verify repository-subpath deployment	2026-10-05T06:33:14.8859859Z   1 passed (2.2s)
web	Upload the verified Pages build	﻿2026-10-05T06:33:14.9111225Z ##[group]Run actions/upload-pages-artifact@7b1f4a764d45c48632c6b24a0339c27f5614fb0b
web	Upload the verified Pages build	2026-10-05T06:33:14.9111711Z with:
web	Upload the verified Pages build	2026-10-05T06:33:14.9111902Z   path: dist
web	Upload the verified Pages build	2026-10-05T06:33:14.9112100Z   retention-days: 1
web	Upload the verified Pages build	2026-10-05T06:33:14.9112318Z   name: github-pages
web	Upload the verified Pages build	2026-10-05T06:33:14.9112528Z env:
web	Upload the verified Pages build	2026-10-05T06:33:14.9112742Z   PLAYWRIGHT_BROWSERS_PATH: /ms-playwright
web	Upload the verified Pages build	2026-10-05T06:33:14.9113043Z   PLAYWRIGHT_IMAGE_VERSION: 1.63.0
web	Upload the verified Pages build	2026-10-05T06:33:14.9113307Z   CHRONOSHIFT_CI_TIMING: 0
web	Upload the verified Pages build	2026-10-05T06:33:14.9113545Z   PUBLISH_PAGES: true
web	Upload the verified Pages build	2026-10-05T06:33:14.9113754Z   MISE_LOG_LEVEL: info
web	Upload the verified Pages build	2026-10-05T06:33:14.9116838Z   MISE_GITHUB_TOKEN: ***
web	Upload the verified Pages build	2026-10-05T06:33:14.9117160Z   MISE_TRUSTED_CONFIG_PATHS: /__w/ChronoShift/ChronoShift
web	Upload the verified Pages build	2026-10-05T06:33:14.9117486Z   MISE_YES: 1
web	Upload the verified Pages build	2026-10-05T06:33:14.9118668Z   PATH: /github/home/.local/share/mise/installs/bun/1.4.0/bin:/github/home/.local/share/mise/installs/node/26.8.1/bin:/github/home/.local/share/mise/installs/gh/2.100.0/gh_2.100.0_linux_amd64/bin:/github/home/.local/share/mise/shims:/github/home/.local/share/mise/bin:/usr/local/sbin:/usr/local/bin:/usr/sbin:/usr/bin:/sbin:/bin
web	Upload the verified Pages build	2026-10-05T06:33:14.9119961Z ##[endgroup]
web	Upload the verified Pages build	2026-10-05T06:33:14.9180222Z ##[start-action display=Archive artifact;id=__actions_upload-pages-artifact.__run]
web	Upload the verified Pages build	2026-10-05T06:33:14.9218613Z ##[group]Run echo ::group::Archive artifact
web	Upload the verified Pages build	2026-10-05T06:33:14.9218953Z ^[[36;1mecho ::group::Archive artifact^[[0m
web	Upload the verified Pages build	2026-10-05T06:33:14.9219222Z ^[[36;1mtar \^[[0m
web	Upload the verified Pages build	2026-10-05T06:33:14.9219487Z ^[[36;1m  --dereference --hard-dereference \^[[0m
web	Upload the verified Pages build	2026-10-05T06:33:14.9219798Z ^[[36;1m  --directory "$INPUT_PATH" \^[[0m
web	Upload the verified Pages build	2026-10-05T06:33:14.9220100Z ^[[36;1m  -cvf "$RUNNER_TEMP/artifact.tar" \^[[0m
web	Upload the verified Pages build	2026-10-05T06:33:14.9220385Z ^[[36;1m  --exclude=.git \^[[0m
web	Upload the verified Pages build	2026-10-05T06:33:14.9220634Z ^[[36;1m  --exclude=.github \^[[0m
web	Upload the verified Pages build	2026-10-05T06:33:14.9220890Z ^[[36;1m  --exclude=".[^/]*" \^[[0m
web	Upload the verified Pages build	2026-10-05T06:33:14.9221118Z ^[[36;1m  .^[[0m
web	Upload the verified Pages build	2026-10-05T06:33:14.9221316Z ^[[36;1mecho ::endgroup::^[[0m
web	Upload the verified Pages build	2026-10-05T06:33:14.9221630Z shell: sh -e {0}
web	Upload the verified Pages build	2026-10-05T06:33:14.9221833Z env:
web	Upload the verified Pages build	2026-10-05T06:33:14.9222053Z   PLAYWRIGHT_BROWSERS_PATH: /ms-playwright
web	Upload the verified Pages build	2026-10-05T06:33:14.9222345Z   PLAYWRIGHT_IMAGE_VERSION: 1.63.0
web	Upload the verified Pages build	2026-10-05T06:33:14.9222608Z   CHRONOSHIFT_CI_TIMING: 0
web	Upload the verified Pages build	2026-10-05T06:33:14.9222844Z   PUBLISH_PAGES: true
web	Upload the verified Pages build	2026-10-05T06:33:14.9223057Z   MISE_LOG_LEVEL: info
web	Upload the verified Pages build	2026-10-05T06:33:14.9225974Z   MISE_GITHUB_TOKEN: ***
web	Upload the verified Pages build	2026-10-05T06:33:14.9226339Z   MISE_TRUSTED_CONFIG_PATHS: /__w/ChronoShift/ChronoShift
web	Upload the verified Pages build	2026-10-05T06:33:14.9226661Z   MISE_YES: 1
web	Upload the verified Pages build	2026-10-05T06:33:14.9227810Z   PATH: /github/home/.local/share/mise/installs/bun/1.4.0/bin:/github/home/.local/share/mise/installs/node/26.8.1/bin:/github/home/.local/share/mise/installs/gh/2.100.0/gh_2.100.0_linux_amd64/bin:/github/home/.local/share/mise/shims:/github/home/.local/share/mise/bin:/usr/local/sbin:/usr/local/bin:/usr/sbin:/usr/bin:/sbin:/bin
web	Upload the verified Pages build	2026-10-05T06:33:14.9229007Z   INPUT_PATH: dist
web	Upload the verified Pages build	2026-10-05T06:33:14.9229211Z ##[endgroup]
web	Upload the verified Pages build	2026-10-05T06:33:14.9725472Z ##[group]Archive artifact
web	Upload the verified Pages build	2026-10-05T06:33:14.9729015Z ./
web	Upload the verified Pages build	2026-10-05T06:33:14.9729391Z ./third-party-notices.txt
web	Upload the verified Pages build	2026-10-05T06:33:14.9731865Z ./manifest.webmanifest
web	Upload the verified Pages build	2026-10-05T06:33:14.9732418Z ./assets/
web	Upload the verified Pages build	2026-10-05T06:33:14.9732861Z ./assets/index-DCSfELq5.js
web	Upload the verified Pages build	2026-10-05T06:33:14.9739594Z ./assets/worker-C690IjaR.js
web	Upload the verified Pages build	2026-10-05T06:33:14.9741602Z ./assets/index-FQfVFb33.css
web	Upload the verified Pages build	2026-10-05T06:33:14.9742553Z ./assets/geist-latin-variable-Dm3htQBi.woff2
web	Upload the verified Pages build	2026-10-05T06:33:14.9743211Z ./index.html
web	Upload the verified Pages build	2026-10-05T06:33:14.9744874Z ./release.json
web	Upload the verified Pages build	2026-10-05T06:33:14.9745228Z ./sw.js
web	Upload the verified Pages build	2026-10-05T06:33:14.9745547Z ./icon.svg
web	Upload the verified Pages build	2026-10-05T06:33:14.9745874Z ./icon-512.png
web	Upload the verified Pages build	2026-10-05T06:33:14.9747301Z ./icon-192.png
web	Upload the verified Pages build	2026-10-05T06:33:14.9747535Z ./fonts/
web	Upload the verified Pages build	2026-10-05T06:33:14.9748052Z ./fonts/geist-OFL.txt
web	Upload the verified Pages build	2026-10-05T06:33:14.9748506Z ./fonts/README.txt
web	Upload the verified Pages build	2026-10-05T06:33:14.9750898Z ##[endgroup]
web	Upload the verified Pages build	2026-10-05T06:33:14.9790758Z ##[end-action id=__actions_upload-pages-artifact.__run;outcome=success;conclusion=success;duration_ms=60]
web	Upload the verified Pages build	2026-10-05T06:33:14.9794973Z ##[start-action display=Archive artifact;id=__actions_upload-pages-artifact.__run_2]
web	Upload the verified Pages build	2026-10-05T06:33:14.9800244Z ##[end-action id=__actions_upload-pages-artifact.__run_2;outcome=skipped;conclusion=skipped;duration_ms=0]
web	Upload the verified Pages build	2026-10-05T06:33:14.9802815Z ##[start-action display=Archive artifact;id=__actions_upload-pages-artifact.__run_3]
web	Upload the verified Pages build	2026-10-05T06:33:14.9806486Z ##[end-action id=__actions_upload-pages-artifact.__run_3;outcome=skipped;conclusion=skipped;duration_ms=0]
web	Upload the verified Pages build	2026-10-05T06:33:14.9808423Z ##[start-action display=Upload artifact;id=__actions_upload-pages-artifact.upload-artifact]
web	Upload the verified Pages build	2026-10-05T06:33:14.9862948Z ##[group]Run actions/upload-artifact@ea165f8d65b6e75b540449e92b4886f43607fa02
web	Upload the verified Pages build	2026-10-05T06:33:14.9863354Z with:
web	Upload the verified Pages build	2026-10-05T06:33:14.9863554Z   name: github-pages
web	Upload the verified Pages build	2026-10-05T06:33:14.9863807Z   path: /home/runner/work/_temp/artifact.tar
web	Upload the verified Pages build	2026-10-05T06:33:14.9864453Z   retention-days: 1
web	Upload the verified Pages build	2026-10-05T06:33:14.9864688Z   if-no-files-found: error
web	Upload the verified Pages build	2026-10-05T06:33:14.9864932Z   compression-level: 6
web	Upload the verified Pages build	2026-10-05T06:33:14.9865155Z   overwrite: false
web	Upload the verified Pages build	2026-10-05T06:33:14.9865392Z   include-hidden-files: false
web	Upload the verified Pages build	2026-10-05T06:33:14.9865633Z env:
web	Upload the verified Pages build	2026-10-05T06:33:14.9865855Z   PLAYWRIGHT_BROWSERS_PATH: /ms-playwright
web	Upload the verified Pages build	2026-10-05T06:33:14.9866158Z   PLAYWRIGHT_IMAGE_VERSION: 1.63.0
web	Upload the verified Pages build	2026-10-05T06:33:14.9866430Z   CHRONOSHIFT_CI_TIMING: 0
web	Upload the verified Pages build	2026-10-05T06:33:14.9866669Z   PUBLISH_PAGES: true
web	Upload the verified Pages build	2026-10-05T06:33:14.9866892Z   MISE_LOG_LEVEL: info
web	Upload the verified Pages build	2026-10-05T06:33:14.9869571Z   MISE_GITHUB_TOKEN: ***
web	Upload the verified Pages build	2026-10-05T06:33:14.9869894Z   MISE_TRUSTED_CONFIG_PATHS: /__w/ChronoShift/ChronoShift
web	Upload the verified Pages build	2026-10-05T06:33:14.9870227Z   MISE_YES: 1
web	Upload the verified Pages build	2026-10-05T06:33:14.9871384Z   PATH: /github/home/.local/share/mise/installs/bun/1.4.0/bin:/github/home/.local/share/mise/installs/node/26.8.1/bin:/github/home/.local/share/mise/installs/gh/2.100.0/gh_2.100.0_linux_amd64/bin:/github/home/.local/share/mise/shims:/github/home/.local/share/mise/bin:/usr/local/sbin:/usr/local/bin:/usr/sbin:/usr/bin:/sbin:/bin
web	Upload the verified Pages build	2026-10-05T06:33:14.9872615Z ##[endgroup]
web	Upload the verified Pages build	2026-10-05T06:33:14.9876525Z ##[command]/usr/bin/docker exec  2493edde2f1e059d6ed395eda54ce42ad1bf6556ced50c0069b18b50c8b6fc86 sh -c "cat /etc/*release | grep ^ID"
web	Upload the verified Pages build	2026-10-05T06:33:15.2628914Z (node:17381) [DEP0040] DeprecationWarning: The `punycode` module is deprecated. Please use a userland alternative instead.
web	Upload the verified Pages build	2026-10-05T06:33:15.2630378Z (Use `node --trace-deprecation ...` to show where the warning was created)
web	Upload the verified Pages build	2026-10-05T06:33:15.2685090Z With the provided path, there will be 1 file uploaded
web	Upload the verified Pages build	2026-10-05T06:33:15.2692651Z Artifact name is valid!
web	Upload the verified Pages build	2026-10-05T06:33:15.2693408Z Root directory input is valid!
web	Upload the verified Pages build	2026-10-05T06:33:15.4851995Z Beginning upload of artifact content to blob storage
web	Upload the verified Pages build	2026-10-05T06:33:15.5401961Z (node:17381) [DEP0169] DeprecationWarning: `url.parse()` behavior is not standardized and prone to errors that have security implications. Use the WHATWG URL API instead. CVEs are not issued for `url.parse()` vulnerabilities.
web	Upload the verified Pages build	2026-10-05T06:33:15.6424640Z Uploaded bytes 383942
web	Upload the verified Pages build	2026-10-05T06:33:15.6569751Z Finished uploading artifact content to blob storage!
web	Upload the verified Pages build	2026-10-05T06:33:15.6570953Z SHA256 digest of uploaded artifact zip is c4e25e2d4ec45f2f433903be98458ff22e90eb645363535d2417e590655f4bd6
web	Upload the verified Pages build	2026-10-05T06:33:15.6574624Z Finalizing artifact upload
web	Upload the verified Pages build	2026-10-05T06:33:15.8609417Z Artifact github-pages.zip successfully finalized. Artifact ID 11329810141
web	Upload the verified Pages build	2026-10-05T06:33:15.8611062Z Artifact github-pages has been successfully uploaded! Final size is 383942 bytes. Artifact ID is 11329810141
web	Upload the verified Pages build	2026-10-05T06:33:15.8618680Z Artifact download URL: https://github.com/Tien-Lam/ChronoShift/actions/runs/37272392986/artifacts/11329810141
web	Upload the verified Pages build	2026-10-05T06:33:15.8768905Z ##[end-action id=__actions_upload-pages-artifact.upload-artifact;outcome=success;conclusion=success;duration_ms=895]
web	Post Run actions/checkout@34e114876b0b11c390a56381ad16ebd13914f8d5	﻿2026-10-05T06:33:15.9392948Z Post job cleanup.
web	Post Run actions/checkout@34e114876b0b11c390a56381ad16ebd13914f8d5	2026-10-05T06:33:15.9400917Z ##[command]/usr/bin/docker exec  2493edde2f1e059d6ed395eda54ce42ad1bf6556ced50c0069b18b50c8b6fc86 sh -c "cat /etc/*release | grep ^ID"
web	Post Run actions/checkout@34e114876b0b11c390a56381ad16ebd13914f8d5	2026-10-05T06:33:16.1283628Z [command]/usr/bin/git version
web	Post Run actions/checkout@34e114876b0b11c390a56381ad16ebd13914f8d5	2026-10-05T06:33:16.1339188Z git version 2.43.0
web	Post Run actions/checkout@34e114876b0b11c390a56381ad16ebd13914f8d5	2026-10-05T06:33:16.1392036Z Temporarily overriding HOME='/__w/_temp/b949d408-1ec0-4afa-a86f-d2377c46209b' before making global git config changes
web	Post Run actions/checkout@34e114876b0b11c390a56381ad16ebd13914f8d5	2026-10-05T06:33:16.1394180Z Adding repository directory to the temporary git global config as a safe directory
web	Post Run actions/checkout@34e114876b0b11c390a56381ad16ebd13914f8d5	2026-10-05T06:33:16.1399586Z [command]/usr/bin/git config --global --add safe.directory /__w/ChronoShift/ChronoShift
web	Post Run actions/checkout@34e114876b0b11c390a56381ad16ebd13914f8d5	2026-10-05T06:33:16.1439418Z [command]/usr/bin/git config --local --name-only --get-regexp core\.sshCommand
web	Post Run actions/checkout@34e114876b0b11c390a56381ad16ebd13914f8d5	2026-10-05T06:33:16.1479402Z [command]/usr/bin/git submodule foreach --recursive sh -c "git config --local --name-only --get-regexp 'core\.sshCommand' && git config --local --unset-all 'core.sshCommand' || :"
web	Post Run actions/checkout@34e114876b0b11c390a56381ad16ebd13914f8d5	2026-10-05T06:33:16.1766926Z [command]/usr/bin/git config --local --name-only --get-regexp http\.https\:\/\/github\.com\/\.extraheader
web	Post Run actions/checkout@34e114876b0b11c390a56381ad16ebd13914f8d5	2026-10-05T06:33:16.1798804Z http.https://github.com/.extraheader
web	Post Run actions/checkout@34e114876b0b11c390a56381ad16ebd13914f8d5	2026-10-05T06:33:16.1816679Z [command]/usr/bin/git config --local --unset-all http.https://github.com/.extraheader
web	Post Run actions/checkout@34e114876b0b11c390a56381ad16ebd13914f8d5	2026-10-05T06:33:16.1852542Z [command]/usr/bin/git submodule foreach --recursive sh -c "git config --local --name-only --get-regexp 'http\.https\:\/\/github\.com\/\.extraheader' && git config --local --unset-all 'http.https://github.com/.extraheader' || :"
web	Post Run actions/checkout@34e114876b0b11c390a56381ad16ebd13914f8d5	2026-10-05T06:33:16.2142740Z [command]/usr/bin/git config --local --name-only --get-regexp ^includeIf\.gitdir:
web	Post Run actions/checkout@34e114876b0b11c390a56381ad16ebd13914f8d5	2026-10-05T06:33:16.2182260Z [command]/usr/bin/git submodule foreach --recursive git config --local --show-origin --name-only --get-regexp remote.origin.url
web	Stop containers	﻿2026-10-05T06:33:16.2648798Z Stop and remove container: ed4970215e254b3eb9871ae4582ff416_mcrmicrosoftcomplaywrightsha256eff16c30e6f3f4af0a03fa4b706120d5e9b0891c344a27d64559aff5900a4a27_2f49cd
web	Stop containers	2026-10-05T06:33:16.2654706Z ##[command]/usr/bin/docker rm --force 2493edde2f1e059d6ed395eda54ce42ad1bf6556ced50c0069b18b50c8b6fc86
web	Stop containers	2026-10-05T06:33:16.3648963Z 2493edde2f1e059d6ed395eda54ce42ad1bf6556ced50c0069b18b50c8b6fc86
web	Stop containers	2026-10-05T06:33:16.3680374Z Remove container network: github_network_9393230ecafe46a6ac7bc42f11bb7567
web	Stop containers	2026-10-05T06:33:16.3685585Z ##[command]/usr/bin/docker network rm github_network_9393230ecafe46a6ac7bc42f11bb7567
web	Stop containers	2026-10-05T06:33:16.4569893Z github_network_9393230ecafe46a6ac7bc42f11bb7567
web	Complete job	﻿2026-10-05T06:33:16.4643030Z Cleaning up orphan processes
web	Complete job	2026-10-05T06:33:16.4988156Z ##[warning]Node.js 20 is deprecated. The following actions target Node.js 20 but are being forced to run on Node.js 24: actions/checkout@34e114876b0b11c390a56381ad16ebd13914f8d5, actions/upload-artifact@ea165f8d65b6e75b540449e92b4886f43607fa02, jdx/mise-action@5228313ee0372e111a38da051671ca30fc5a96db. For more information see: https://github.blog/changelog/2025-09-19-deprecation-of-node-20-on-github-actions-runners/
