web	Set up job	﻿2026-10-05T05:32:14.7070475Z Current runner version: '2.337.0'
web	Set up job	2026-10-05T05:32:14.7090282Z ##[group]Runner Image Provisioner
web	Set up job	2026-10-05T05:32:14.7091057Z Hosted Compute Agent
web	Set up job	2026-10-05T05:32:14.7091577Z Version: 20260901.588
web	Set up job	2026-10-05T05:32:14.7092118Z Commit: f88ec8081b781fac6c440065ac7ff9e710ce3d0b
web	Set up job	2026-10-05T05:32:14.7092800Z Build Date: 2026-09-01T19:56:44Z
web	Set up job	2026-10-05T05:32:14.7093342Z Worker ID: {2976ff0a-ebe7-4666-9f69-7b1db6d1c105}
web	Set up job	2026-10-05T05:32:14.7093981Z Azure Region: centralus
web	Set up job	2026-10-05T05:32:14.7094585Z ##[endgroup]
web	Set up job	2026-10-05T05:32:14.7095704Z ##[group]Operating System
web	Set up job	2026-10-05T05:32:14.7096255Z Ubuntu
web	Set up job	2026-10-05T05:32:14.7096678Z 24.04.5
web	Set up job	2026-10-05T05:32:14.7097131Z LTS
web	Set up job	2026-10-05T05:32:14.7097545Z ##[endgroup]
web	Set up job	2026-10-05T05:32:14.7097975Z ##[group]Runner Image
web	Set up job	2026-10-05T05:32:14.7098591Z Image: ubuntu-24.04
web	Set up job	2026-10-05T05:32:14.7099049Z Version: 20260927.320.1
web	Set up job	2026-10-05T05:32:14.7099870Z Included Software: https://github.com/actions/runner-images/blob/ubuntu24/20260927.320/images/ubuntu/Ubuntu2404-Readme.md
web	Set up job	2026-10-05T05:32:14.7100801Z Image Release: https://github.com/actions/runner-images/releases/tag/ubuntu24%2F20260927.320
web	Set up job	2026-10-05T05:32:14.7101430Z ##[endgroup]
web	Set up job	2026-10-05T05:32:14.7102061Z ##[group]GITHUB_TOKEN Permissions
web	Set up job	2026-10-05T05:32:14.7103415Z Contents: read
web	Set up job	2026-10-05T05:32:14.7103755Z Metadata: read
web	Set up job	2026-10-05T05:32:14.7104152Z Pages: read
web	Set up job	2026-10-05T05:32:14.7104682Z ##[endgroup]
web	Set up job	2026-10-05T05:32:14.7105905Z Secret source: Actions
web	Set up job	2026-10-05T05:32:14.7106501Z Cache mode: write
web	Set up job	2026-10-05T05:32:14.7106889Z Prepare workflow directory
web	Set up job	2026-10-05T05:32:14.9760866Z Prepare all required actions
web	Set up job	2026-10-05T05:32:14.9790017Z Getting action download info
web	Set up job	2026-10-05T05:32:15.2480621Z Download action repository 'actions/checkout@34e114876b0b11c390a56381ad16ebd13914f8d5' (SHA:34e114876b0b11c390a56381ad16ebd13914f8d5)
web	Set up job	2026-10-05T05:32:15.5321205Z Download action repository 'jdx/mise-action@5228313ee0372e111a38da051671ca30fc5a96db' (SHA:5228313ee0372e111a38da051671ca30fc5a96db)
web	Set up job	2026-10-05T05:32:16.4365138Z Download action repository 'actions/configure-pages@983d7736d9b0ae728b81ab479565c72886d7745b' (SHA:983d7736d9b0ae728b81ab479565c72886d7745b)
web	Set up job	2026-10-05T05:32:17.1926411Z Download action repository 'actions/upload-pages-artifact@7b1f4a764d45c48632c6b24a0339c27f5614fb0b' (SHA:7b1f4a764d45c48632c6b24a0339c27f5614fb0b)
web	Set up job	2026-10-05T05:32:17.5425520Z Download action repository 'actions/upload-artifact@ea165f8d65b6e75b540449e92b4886f43607fa02' (SHA:ea165f8d65b6e75b540449e92b4886f43607fa02)
web	Set up job	2026-10-05T05:32:17.9753195Z Getting action download info
web	Set up job	2026-10-05T05:32:18.1146298Z Complete job name: web
web	Initialize containers	﻿2026-10-05T05:32:18.1441492Z ##[group]Checking docker version
web	Initialize containers	2026-10-05T05:32:18.1449218Z ##[command]/usr/bin/docker version --format '{{.Server.APIVersion}}'
web	Initialize containers	2026-10-05T05:32:18.2400918Z '1.48'
web	Initialize containers	2026-10-05T05:32:18.2412834Z Docker daemon API version: '1.48'
web	Initialize containers	2026-10-05T05:32:18.2413284Z ##[command]/usr/bin/docker version --format '{{.Client.APIVersion}}'
web	Initialize containers	2026-10-05T05:32:18.2524946Z '1.48'
web	Initialize containers	2026-10-05T05:32:18.2534967Z Docker client API version: '1.48'
web	Initialize containers	2026-10-05T05:32:18.2538745Z ##[endgroup]
web	Initialize containers	2026-10-05T05:32:18.2540027Z ##[group]Clean up resources from previous jobs
web	Initialize containers	2026-10-05T05:32:18.2543323Z ##[command]/usr/bin/docker ps --all --quiet --no-trunc --filter "label=f36116"
web	Initialize containers	2026-10-05T05:32:18.2648523Z ##[command]/usr/bin/docker network prune --force --filter "label=f36116"
web	Initialize containers	2026-10-05T05:32:18.2786579Z ##[endgroup]
web	Initialize containers	2026-10-05T05:32:18.2786810Z ##[group]Create local container network
web	Initialize containers	2026-10-05T05:32:18.2793176Z ##[command]/usr/bin/docker network create --label f36116 github_network_6b7c6167d0274041868dd7d32c589d09
web	Initialize containers	2026-10-05T05:32:18.4313445Z 335eae56d6807959b7835d66adc88ecb5dc5d52dac35d634f50a8d4795e4f451
web	Initialize containers	2026-10-05T05:32:18.4327741Z ##[endgroup]
web	Initialize containers	2026-10-05T05:32:18.4343480Z ##[group]Starting job container
web	Initialize containers	2026-10-05T05:32:18.4357394Z ##[command]/usr/bin/docker pull mcr.microsoft.com/playwright@sha256:eff16c30e6f3f4af0a03fa4b706120d5e9b0891c344a27d64559aff5900a4a27
web	Initialize containers	2026-10-05T05:32:18.5247637Z mcr.microsoft.com/playwright@sha256:eff16c30e6f3f4af0a03fa4b706120d5e9b0891c344a27d64559aff5900a4a27: Pulling from playwright
web	Initialize containers	2026-10-05T05:32:18.5533806Z 0926a8eb0e60: Pulling fs layer
web	Initialize containers	2026-10-05T05:32:18.5534082Z e2bfec3c8017: Pulling fs layer
web	Initialize containers	2026-10-05T05:32:18.5534452Z 74c72610aa2d: Pulling fs layer
web	Initialize containers	2026-10-05T05:32:18.5534664Z d8cf7dc1ff62: Pulling fs layer
web	Initialize containers	2026-10-05T05:32:18.5534899Z b4dfe9b5d621: Pulling fs layer
web	Initialize containers	2026-10-05T05:32:18.5535144Z a2ac83a9a562: Pulling fs layer
web	Initialize containers	2026-10-05T05:32:18.5535352Z 1b189482e65c: Pulling fs layer
web	Initialize containers	2026-10-05T05:32:18.5535549Z d8cf7dc1ff62: Waiting
web	Initialize containers	2026-10-05T05:32:18.5535727Z b4dfe9b5d621: Waiting
web	Initialize containers	2026-10-05T05:32:18.5535918Z a2ac83a9a562: Waiting
web	Initialize containers	2026-10-05T05:32:18.5536100Z 1b189482e65c: Waiting
web	Initialize containers	2026-10-05T05:32:18.6059746Z 74c72610aa2d: Verifying Checksum
web	Initialize containers	2026-10-05T05:32:18.6060039Z 74c72610aa2d: Download complete
web	Initialize containers	2026-10-05T05:32:18.7257617Z 0926a8eb0e60: Verifying Checksum
web	Initialize containers	2026-10-05T05:32:18.7258371Z 0926a8eb0e60: Download complete
web	Initialize containers	2026-10-05T05:32:19.0316298Z e2bfec3c8017: Download complete
web	Initialize containers	2026-10-05T05:32:19.5542119Z a2ac83a9a562: Verifying Checksum
web	Initialize containers	2026-10-05T05:32:19.5542930Z a2ac83a9a562: Download complete
web	Initialize containers	2026-10-05T05:32:20.0156467Z d8cf7dc1ff62: Verifying Checksum
web	Initialize containers	2026-10-05T05:32:20.0158072Z d8cf7dc1ff62: Download complete
web	Initialize containers	2026-10-05T05:32:20.1987958Z 0926a8eb0e60: Pull complete
web	Initialize containers	2026-10-05T05:32:20.3965122Z b4dfe9b5d621: Verifying Checksum
web	Initialize containers	2026-10-05T05:32:20.3965559Z b4dfe9b5d621: Download complete
web	Initialize containers	2026-10-05T05:32:20.4047769Z 1b189482e65c: Verifying Checksum
web	Initialize containers	2026-10-05T05:32:32.6977165Z 1b189482e65c: Download complete
web	Initialize containers	2026-10-05T05:32:32.6977551Z e2bfec3c8017: Pull complete
web	Initialize containers	2026-10-05T05:32:32.7365249Z 74c72610aa2d: Pull complete
web	Initialize containers	2026-10-05T05:32:41.8854707Z d8cf7dc1ff62: Pull complete
web	Initialize containers	2026-10-05T05:32:47.9456772Z b4dfe9b5d621: Pull complete
web	Initialize containers	2026-10-05T05:32:50.7130580Z a2ac83a9a562: Pull complete
web	Initialize containers	2026-10-05T05:32:53.3871568Z 1b189482e65c: Pull complete
web	Initialize containers	2026-10-05T05:32:53.3903654Z Digest: sha256:eff16c30e6f3f4af0a03fa4b706120d5e9b0891c344a27d64559aff5900a4a27
web	Initialize containers	2026-10-05T05:32:53.3909452Z Status: Downloaded newer image for mcr.microsoft.com/playwright@sha256:eff16c30e6f3f4af0a03fa4b706120d5e9b0891c344a27d64559aff5900a4a27
web	Initialize containers	2026-10-05T05:32:53.3918164Z mcr.microsoft.com/playwright@sha256:eff16c30e6f3f4af0a03fa4b706120d5e9b0891c344a27d64559aff5900a4a27
web	Initialize containers	2026-10-05T05:32:53.3976222Z ##[command]/usr/bin/docker create --name ee1ee03351d34c8ca61e447dbcb006e5_mcrmicrosoftcomplaywrightsha256eff16c30e6f3f4af0a03fa4b706120d5e9b0891c344a27d64559aff5900a4a27_cb5546 --label f36116 --workdir /__w/ChronoShift/ChronoShift --network github_network_6b7c6167d0274041868dd7d32c589d09 --user 1001:1001 --ipc=host --init -e "HOME=/github/home" -e GITHUB_ACTIONS=true -e CI=true -v "/var/run/docker.sock":"/var/run/docker.sock" -v "/home/runner/work":"/__w" -v "/home/runner/actions-runner/cached/2.337.0/externals":"/__e":ro -v "/home/runner/work/_temp":"/__w/_temp" -v "/home/runner/work/_actions":"/__w/_actions" -v "/opt/hostedtoolcache":"/__t" -v "/home/runner/work/_temp/_github_home":"/github/home" -v "/home/runner/work/_temp/_github_workflow":"/github/workflow" --entrypoint "tail" mcr.microsoft.com/playwright@sha256:eff16c30e6f3f4af0a03fa4b706120d5e9b0891c344a27d64559aff5900a4a27 "-f" "/dev/null"
web	Initialize containers	2026-10-05T05:32:53.4170132Z 7041e165cd803e272126a6a55475f3ed0abd9c62c2e5344625029bcd1ce93e5c
web	Initialize containers	2026-10-05T05:32:53.4188248Z ##[command]/usr/bin/docker start 7041e165cd803e272126a6a55475f3ed0abd9c62c2e5344625029bcd1ce93e5c
web	Initialize containers	2026-10-05T05:32:53.5677123Z 7041e165cd803e272126a6a55475f3ed0abd9c62c2e5344625029bcd1ce93e5c
web	Initialize containers	2026-10-05T05:32:53.5692851Z ##[command]/usr/bin/docker ps --all --filter id=7041e165cd803e272126a6a55475f3ed0abd9c62c2e5344625029bcd1ce93e5c --filter status=running --no-trunc --format "{{.ID}} {{.Status}}"
web	Initialize containers	2026-10-05T05:32:53.5775982Z 7041e165cd803e272126a6a55475f3ed0abd9c62c2e5344625029bcd1ce93e5c Up Less than a second
web	Initialize containers	2026-10-05T05:32:53.5790983Z ##[command]/usr/bin/docker inspect --format "{{range .Config.Env}}{{println .}}{{end}}" 7041e165cd803e272126a6a55475f3ed0abd9c62c2e5344625029bcd1ce93e5c
web	Initialize containers	2026-10-05T05:32:53.5871553Z HOME=/github/home
web	Initialize containers	2026-10-05T05:32:53.5872125Z GITHUB_ACTIONS=true
web	Initialize containers	2026-10-05T05:32:53.5872367Z CI=true
web	Initialize containers	2026-10-05T05:32:53.5872557Z PATH=/usr/local/sbin:/usr/local/bin:/usr/sbin:/usr/bin:/sbin:/bin
web	Initialize containers	2026-10-05T05:32:53.5872769Z LANG=C.UTF-8
web	Initialize containers	2026-10-05T05:32:53.5872905Z LC_ALL=C.UTF-8
web	Initialize containers	2026-10-05T05:32:53.5873055Z PLAYWRIGHT_BROWSERS_PATH=/ms-playwright
web	Initialize containers	2026-10-05T05:32:53.5887937Z ##[endgroup]
web	Initialize containers	2026-10-05T05:32:53.5894612Z ##[group]Waiting for all services to be ready
web	Initialize containers	2026-10-05T05:32:53.5895801Z ##[endgroup]
web	Run actions/checkout@34e114876b0b11c390a56381ad16ebd13914f8d5	﻿2026-10-05T05:32:53.6065808Z ##[group]Run actions/checkout@34e114876b0b11c390a56381ad16ebd13914f8d5
web	Run actions/checkout@34e114876b0b11c390a56381ad16ebd13914f8d5	2026-10-05T05:32:53.6066108Z with:
web	Run actions/checkout@34e114876b0b11c390a56381ad16ebd13914f8d5	2026-10-05T05:32:53.6066237Z   repository: Tien-Lam/ChronoShift
web	Run actions/checkout@34e114876b0b11c390a56381ad16ebd13914f8d5	2026-10-05T05:32:53.6067621Z   token: ***
web	Run actions/checkout@34e114876b0b11c390a56381ad16ebd13914f8d5	2026-10-05T05:32:53.6067737Z   ssh-strict: true
web	Run actions/checkout@34e114876b0b11c390a56381ad16ebd13914f8d5	2026-10-05T05:32:53.6067857Z   ssh-user: git
web	Run actions/checkout@34e114876b0b11c390a56381ad16ebd13914f8d5	2026-10-05T05:32:53.6067980Z   persist-credentials: true
web	Run actions/checkout@34e114876b0b11c390a56381ad16ebd13914f8d5	2026-10-05T05:32:53.6068115Z   clean: true
web	Run actions/checkout@34e114876b0b11c390a56381ad16ebd13914f8d5	2026-10-05T05:32:53.6068239Z   sparse-checkout-cone-mode: true
web	Run actions/checkout@34e114876b0b11c390a56381ad16ebd13914f8d5	2026-10-05T05:32:53.6068399Z   fetch-depth: 1
web	Run actions/checkout@34e114876b0b11c390a56381ad16ebd13914f8d5	2026-10-05T05:32:53.6068512Z   fetch-tags: false
web	Run actions/checkout@34e114876b0b11c390a56381ad16ebd13914f8d5	2026-10-05T05:32:53.6068634Z   show-progress: true
web	Run actions/checkout@34e114876b0b11c390a56381ad16ebd13914f8d5	2026-10-05T05:32:53.6068755Z   lfs: false
web	Run actions/checkout@34e114876b0b11c390a56381ad16ebd13914f8d5	2026-10-05T05:32:53.6068864Z   submodules: false
web	Run actions/checkout@34e114876b0b11c390a56381ad16ebd13914f8d5	2026-10-05T05:32:53.6068984Z   set-safe-directory: true
web	Run actions/checkout@34e114876b0b11c390a56381ad16ebd13914f8d5	2026-10-05T05:32:53.6069174Z env:
web	Run actions/checkout@34e114876b0b11c390a56381ad16ebd13914f8d5	2026-10-05T05:32:53.6069298Z   PLAYWRIGHT_BROWSERS_PATH: /ms-playwright
web	Run actions/checkout@34e114876b0b11c390a56381ad16ebd13914f8d5	2026-10-05T05:32:53.6069464Z   PLAYWRIGHT_IMAGE_VERSION: 1.63.0
web	Run actions/checkout@34e114876b0b11c390a56381ad16ebd13914f8d5	2026-10-05T05:32:53.6069606Z   PUBLISH_PAGES: true
web	Run actions/checkout@34e114876b0b11c390a56381ad16ebd13914f8d5	2026-10-05T05:32:53.6069816Z ##[endgroup]
web	Run actions/checkout@34e114876b0b11c390a56381ad16ebd13914f8d5	2026-10-05T05:32:53.6108998Z ##[command]/usr/bin/docker exec  7041e165cd803e272126a6a55475f3ed0abd9c62c2e5344625029bcd1ce93e5c sh -c "cat /etc/*release | grep ^ID"
web	Run actions/checkout@34e114876b0b11c390a56381ad16ebd13914f8d5	2026-10-05T05:32:53.7450857Z Syncing repository: Tien-Lam/ChronoShift
web	Run actions/checkout@34e114876b0b11c390a56381ad16ebd13914f8d5	2026-10-05T05:32:53.7452526Z ##[group]Getting Git version info
web	Run actions/checkout@34e114876b0b11c390a56381ad16ebd13914f8d5	2026-10-05T05:32:53.7452951Z Working directory is '/__w/ChronoShift/ChronoShift'
web	Run actions/checkout@34e114876b0b11c390a56381ad16ebd13914f8d5	2026-10-05T05:32:53.7454677Z [command]/usr/bin/git version
web	Run actions/checkout@34e114876b0b11c390a56381ad16ebd13914f8d5	2026-10-05T05:32:53.7454904Z git version 2.43.0
web	Run actions/checkout@34e114876b0b11c390a56381ad16ebd13914f8d5	2026-10-05T05:32:53.7456542Z ##[endgroup]
web	Run actions/checkout@34e114876b0b11c390a56381ad16ebd13914f8d5	2026-10-05T05:32:53.7467012Z Temporarily overriding HOME='/__w/_temp/81f409ff-aee9-4045-9a04-9a0894e4de82' before making global git config changes
web	Run actions/checkout@34e114876b0b11c390a56381ad16ebd13914f8d5	2026-10-05T05:32:53.7494778Z Adding repository directory to the temporary git global config as a safe directory
web	Run actions/checkout@34e114876b0b11c390a56381ad16ebd13914f8d5	2026-10-05T05:32:53.7495431Z [command]/usr/bin/git config --global --add safe.directory /__w/ChronoShift/ChronoShift
web	Run actions/checkout@34e114876b0b11c390a56381ad16ebd13914f8d5	2026-10-05T05:32:53.7496651Z Deleting the contents of '/__w/ChronoShift/ChronoShift'
web	Run actions/checkout@34e114876b0b11c390a56381ad16ebd13914f8d5	2026-10-05T05:32:53.7497294Z ##[group]Initializing the repository
web	Run actions/checkout@34e114876b0b11c390a56381ad16ebd13914f8d5	2026-10-05T05:32:53.7498721Z [command]/usr/bin/git init /__w/ChronoShift/ChronoShift
web	Run actions/checkout@34e114876b0b11c390a56381ad16ebd13914f8d5	2026-10-05T05:32:53.7541067Z hint: Using 'master' as the name for the initial branch. This default branch name
web	Run actions/checkout@34e114876b0b11c390a56381ad16ebd13914f8d5	2026-10-05T05:32:53.7541770Z hint: is subject to change. To configure the initial branch name to use in all
web	Run actions/checkout@34e114876b0b11c390a56381ad16ebd13914f8d5	2026-10-05T05:32:53.7542445Z hint: of your new repositories, which will suppress this warning, call:
web	Run actions/checkout@34e114876b0b11c390a56381ad16ebd13914f8d5	2026-10-05T05:32:53.7542693Z hint: 
web	Run actions/checkout@34e114876b0b11c390a56381ad16ebd13914f8d5	2026-10-05T05:32:53.7542903Z hint: 	git config --global init.defaultBranch <name>
web	Run actions/checkout@34e114876b0b11c390a56381ad16ebd13914f8d5	2026-10-05T05:32:53.7543081Z hint: 
web	Run actions/checkout@34e114876b0b11c390a56381ad16ebd13914f8d5	2026-10-05T05:32:53.7543263Z hint: Names commonly chosen instead of 'master' are 'main', 'trunk' and
web	Run actions/checkout@34e114876b0b11c390a56381ad16ebd13914f8d5	2026-10-05T05:32:53.7543549Z hint: 'development'. The just-created branch can be renamed via this command:
web	Run actions/checkout@34e114876b0b11c390a56381ad16ebd13914f8d5	2026-10-05T05:32:53.7543758Z hint: 
web	Run actions/checkout@34e114876b0b11c390a56381ad16ebd13914f8d5	2026-10-05T05:32:53.7543878Z hint: 	git branch -m <name>
web	Run actions/checkout@34e114876b0b11c390a56381ad16ebd13914f8d5	2026-10-05T05:32:53.7559810Z Initialized empty Git repository in /__w/ChronoShift/ChronoShift/.git/
web	Run actions/checkout@34e114876b0b11c390a56381ad16ebd13914f8d5	2026-10-05T05:32:53.7572270Z [command]/usr/bin/git remote add origin https://github.com/Tien-Lam/ChronoShift
web	Run actions/checkout@34e114876b0b11c390a56381ad16ebd13914f8d5	2026-10-05T05:32:53.7605769Z ##[endgroup]
web	Run actions/checkout@34e114876b0b11c390a56381ad16ebd13914f8d5	2026-10-05T05:32:53.7606139Z ##[group]Disabling automatic garbage collection
web	Run actions/checkout@34e114876b0b11c390a56381ad16ebd13914f8d5	2026-10-05T05:32:53.7608379Z [command]/usr/bin/git config --local gc.auto 0
web	Run actions/checkout@34e114876b0b11c390a56381ad16ebd13914f8d5	2026-10-05T05:32:53.7643943Z ##[endgroup]
web	Run actions/checkout@34e114876b0b11c390a56381ad16ebd13914f8d5	2026-10-05T05:32:53.7644575Z ##[group]Setting up auth
web	Run actions/checkout@34e114876b0b11c390a56381ad16ebd13914f8d5	2026-10-05T05:32:53.7648873Z [command]/usr/bin/git config --local --name-only --get-regexp core\.sshCommand
web	Run actions/checkout@34e114876b0b11c390a56381ad16ebd13914f8d5	2026-10-05T05:32:53.7675217Z [command]/usr/bin/git submodule foreach --recursive sh -c "git config --local --name-only --get-regexp 'core\.sshCommand' && git config --local --unset-all 'core.sshCommand' || :"
web	Run actions/checkout@34e114876b0b11c390a56381ad16ebd13914f8d5	2026-10-05T05:32:53.8076049Z [command]/usr/bin/git config --local --name-only --get-regexp http\.https\:\/\/github\.com\/\.extraheader
web	Run actions/checkout@34e114876b0b11c390a56381ad16ebd13914f8d5	2026-10-05T05:32:53.8138474Z [command]/usr/bin/git submodule foreach --recursive sh -c "git config --local --name-only --get-regexp 'http\.https\:\/\/github\.com\/\.extraheader' && git config --local --unset-all 'http.https://github.com/.extraheader' || :"
web	Run actions/checkout@34e114876b0b11c390a56381ad16ebd13914f8d5	2026-10-05T05:32:53.8479325Z [command]/usr/bin/git config --local --name-only --get-regexp ^includeIf\.gitdir:
web	Run actions/checkout@34e114876b0b11c390a56381ad16ebd13914f8d5	2026-10-05T05:32:53.8505003Z [command]/usr/bin/git submodule foreach --recursive git config --local --show-origin --name-only --get-regexp remote.origin.url
web	Run actions/checkout@34e114876b0b11c390a56381ad16ebd13914f8d5	2026-10-05T05:32:53.8713787Z [command]/usr/bin/git config --local http.https://github.com/.extraheader AUTHORIZATION: basic ***
web	Run actions/checkout@34e114876b0b11c390a56381ad16ebd13914f8d5	2026-10-05T05:32:53.8899139Z ##[endgroup]
web	Run actions/checkout@34e114876b0b11c390a56381ad16ebd13914f8d5	2026-10-05T05:32:53.8900502Z ##[group]Fetching the repository
web	Run actions/checkout@34e114876b0b11c390a56381ad16ebd13914f8d5	2026-10-05T05:32:53.8915348Z [command]/usr/bin/git -c protocol.version=2 fetch --no-tags --prune --no-recurse-submodules --depth=1 origin +59a182b393e339234f8bfbd1f803b512e8a3c2d8:refs/remotes/pull/36/merge
web	Run actions/checkout@34e114876b0b11c390a56381ad16ebd13914f8d5	2026-10-05T05:32:55.4950978Z From https://github.com/Tien-Lam/ChronoShift
web	Run actions/checkout@34e114876b0b11c390a56381ad16ebd13914f8d5	2026-10-05T05:32:55.4951334Z  * [new ref]         59a182b393e339234f8bfbd1f803b512e8a3c2d8 -> pull/36/merge
web	Run actions/checkout@34e114876b0b11c390a56381ad16ebd13914f8d5	2026-10-05T05:32:55.4964478Z ##[endgroup]
web	Run actions/checkout@34e114876b0b11c390a56381ad16ebd13914f8d5	2026-10-05T05:32:55.4964802Z ##[group]Determining the checkout info
web	Run actions/checkout@34e114876b0b11c390a56381ad16ebd13914f8d5	2026-10-05T05:32:55.4966699Z ##[endgroup]
web	Run actions/checkout@34e114876b0b11c390a56381ad16ebd13914f8d5	2026-10-05T05:32:55.4970551Z [command]/usr/bin/git sparse-checkout disable
web	Run actions/checkout@34e114876b0b11c390a56381ad16ebd13914f8d5	2026-10-05T05:32:55.5004109Z [command]/usr/bin/git config --local --unset-all extensions.worktreeConfig
web	Run actions/checkout@34e114876b0b11c390a56381ad16ebd13914f8d5	2026-10-05T05:32:55.5029414Z ##[group]Checking out the ref
web	Run actions/checkout@34e114876b0b11c390a56381ad16ebd13914f8d5	2026-10-05T05:32:55.5032128Z [command]/usr/bin/git checkout --progress --force refs/remotes/pull/36/merge
web	Run actions/checkout@34e114876b0b11c390a56381ad16ebd13914f8d5	2026-10-05T05:32:55.6129223Z Note: switching to 'refs/remotes/pull/36/merge'.
web	Run actions/checkout@34e114876b0b11c390a56381ad16ebd13914f8d5	2026-10-05T05:32:55.6129551Z 
web	Run actions/checkout@34e114876b0b11c390a56381ad16ebd13914f8d5	2026-10-05T05:32:55.6129710Z You are in 'detached HEAD' state. You can look around, make experimental
web	Run actions/checkout@34e114876b0b11c390a56381ad16ebd13914f8d5	2026-10-05T05:32:55.6130120Z changes and commit them, and you can discard any commits you make in this
web	Run actions/checkout@34e114876b0b11c390a56381ad16ebd13914f8d5	2026-10-05T05:32:55.6130484Z state without impacting any branches by switching back to a branch.
web	Run actions/checkout@34e114876b0b11c390a56381ad16ebd13914f8d5	2026-10-05T05:32:55.6130698Z 
web	Run actions/checkout@34e114876b0b11c390a56381ad16ebd13914f8d5	2026-10-05T05:32:55.6130849Z If you want to create a new branch to retain commits you create, you may
web	Run actions/checkout@34e114876b0b11c390a56381ad16ebd13914f8d5	2026-10-05T05:32:55.6131205Z do so (now or later) by using -c with the switch command. Example:
web	Run actions/checkout@34e114876b0b11c390a56381ad16ebd13914f8d5	2026-10-05T05:32:55.6131423Z 
web	Run actions/checkout@34e114876b0b11c390a56381ad16ebd13914f8d5	2026-10-05T05:32:55.6131512Z   git switch -c <new-branch-name>
web	Run actions/checkout@34e114876b0b11c390a56381ad16ebd13914f8d5	2026-10-05T05:32:55.6131658Z 
web	Run actions/checkout@34e114876b0b11c390a56381ad16ebd13914f8d5	2026-10-05T05:32:55.6131740Z Or undo this operation with:
web	Run actions/checkout@34e114876b0b11c390a56381ad16ebd13914f8d5	2026-10-05T05:32:55.6131871Z 
web	Run actions/checkout@34e114876b0b11c390a56381ad16ebd13914f8d5	2026-10-05T05:32:55.6131944Z   git switch -
web	Run actions/checkout@34e114876b0b11c390a56381ad16ebd13914f8d5	2026-10-05T05:32:55.6132064Z 
web	Run actions/checkout@34e114876b0b11c390a56381ad16ebd13914f8d5	2026-10-05T05:32:55.6132243Z Turn off this advice by setting config variable advice.detachedHead to false
web	Run actions/checkout@34e114876b0b11c390a56381ad16ebd13914f8d5	2026-10-05T05:32:55.6132499Z 
web	Run actions/checkout@34e114876b0b11c390a56381ad16ebd13914f8d5	2026-10-05T05:32:55.6132780Z HEAD is now at 59a182b Merge 9c7965acfbcbe034471ad427625eb624792812eb into 9373729d8de979a9d7b07e0adfa12a8d6ec49066
web	Run actions/checkout@34e114876b0b11c390a56381ad16ebd13914f8d5	2026-10-05T05:32:55.6142128Z ##[endgroup]
web	Run actions/checkout@34e114876b0b11c390a56381ad16ebd13914f8d5	2026-10-05T05:32:55.6178444Z [command]/usr/bin/git log -1 --format=%H
web	Run actions/checkout@34e114876b0b11c390a56381ad16ebd13914f8d5	2026-10-05T05:32:55.6199739Z 59a182b393e339234f8bfbd1f803b512e8a3c2d8
web	Capture the checked-in corpus audit	﻿2026-10-05T05:32:55.6364660Z ##[group]Run cp -f docs/planning/corpus-audit.json "$RUNNER_TEMP/chronoshift-corpus-audit.json"
web	Capture the checked-in corpus audit	2026-10-05T05:32:55.6365071Z ^[[36;1mcp -f docs/planning/corpus-audit.json "$RUNNER_TEMP/chronoshift-corpus-audit.json"^[[0m
web	Capture the checked-in corpus audit	2026-10-05T05:32:55.6367696Z shell: bash --noprofile --norc -e -o pipefail {0}
web	Capture the checked-in corpus audit	2026-10-05T05:32:55.6367864Z env:
web	Capture the checked-in corpus audit	2026-10-05T05:32:55.6367989Z   PLAYWRIGHT_BROWSERS_PATH: /ms-playwright
web	Capture the checked-in corpus audit	2026-10-05T05:32:55.6368150Z   PLAYWRIGHT_IMAGE_VERSION: 1.63.0
web	Capture the checked-in corpus audit	2026-10-05T05:32:55.6368294Z   PUBLISH_PAGES: true
web	Capture the checked-in corpus audit	2026-10-05T05:32:55.6368412Z ##[endgroup]
web	Run jdx/mise-action@5228313ee0372e111a38da051671ca30fc5a96db	﻿2026-10-05T05:32:55.7051537Z ##[group]Run jdx/mise-action@5228313ee0372e111a38da051671ca30fc5a96db
web	Run jdx/mise-action@5228313ee0372e111a38da051671ca30fc5a96db	2026-10-05T05:32:55.7051742Z with:
web	Run jdx/mise-action@5228313ee0372e111a38da051671ca30fc5a96db	2026-10-05T05:32:55.7051962Z   install: true
web	Run jdx/mise-action@5228313ee0372e111a38da051671ca30fc5a96db	2026-10-05T05:32:55.7052071Z   cache: true
web	Run jdx/mise-action@5228313ee0372e111a38da051671ca30fc5a96db	2026-10-05T05:32:55.7052173Z   cache_save: true
web	Run jdx/mise-action@5228313ee0372e111a38da051671ca30fc5a96db	2026-10-05T05:32:55.7052289Z   cache_key_prefix: mise-v1
web	Run jdx/mise-action@5228313ee0372e111a38da051671ca30fc5a96db	2026-10-05T05:32:55.7052416Z   experimental: false
web	Run jdx/mise-action@5228313ee0372e111a38da051671ca30fc5a96db	2026-10-05T05:32:55.7052530Z   log_level: info
web	Run jdx/mise-action@5228313ee0372e111a38da051671ca30fc5a96db	2026-10-05T05:32:55.7052639Z   reshim: false
web	Run jdx/mise-action@5228313ee0372e111a38da051671ca30fc5a96db	2026-10-05T05:32:55.7052749Z   add_shims_to_path: true
web	Run jdx/mise-action@5228313ee0372e111a38da051671ca30fc5a96db	2026-10-05T05:32:55.7054014Z   github_token: ***
web	Run jdx/mise-action@5228313ee0372e111a38da051671ca30fc5a96db	2026-10-05T05:32:55.7054128Z   fetch_from_github: true
web	Run jdx/mise-action@5228313ee0372e111a38da051671ca30fc5a96db	2026-10-05T05:32:55.7054458Z   env: true
web	Run jdx/mise-action@5228313ee0372e111a38da051671ca30fc5a96db	2026-10-05T05:32:55.7054592Z env:
web	Run jdx/mise-action@5228313ee0372e111a38da051671ca30fc5a96db	2026-10-05T05:32:55.7054710Z   PLAYWRIGHT_BROWSERS_PATH: /ms-playwright
web	Run jdx/mise-action@5228313ee0372e111a38da051671ca30fc5a96db	2026-10-05T05:32:55.7054874Z   PLAYWRIGHT_IMAGE_VERSION: 1.63.0
web	Run jdx/mise-action@5228313ee0372e111a38da051671ca30fc5a96db	2026-10-05T05:32:55.7055011Z   PUBLISH_PAGES: true
web	Run jdx/mise-action@5228313ee0372e111a38da051671ca30fc5a96db	2026-10-05T05:32:55.7055125Z ##[endgroup]
web	Run jdx/mise-action@5228313ee0372e111a38da051671ca30fc5a96db	2026-10-05T05:32:55.7059110Z ##[command]/usr/bin/docker exec  7041e165cd803e272126a6a55475f3ed0abd9c62c2e5344625029bcd1ce93e5c sh -c "cat /etc/*release | grep ^ID"
web	Run jdx/mise-action@5228313ee0372e111a38da051671ca30fc5a96db	2026-10-05T05:32:55.8538892Z ##[group]Restoring mise cache
web	Run jdx/mise-action@5228313ee0372e111a38da051671ca30fc5a96db	2026-10-05T05:32:55.8562887Z [command]/usr/bin/ldd --version
web	Run jdx/mise-action@5228313ee0372e111a38da051671ca30fc5a96db	2026-10-05T05:32:55.8598258Z ldd (Ubuntu GLIBC 2.39-0ubuntu8.8) 2.39
web	Run jdx/mise-action@5228313ee0372e111a38da051671ca30fc5a96db	2026-10-05T05:32:55.8598804Z Copyright (C) 2024 Free Software Foundation, Inc.
web	Run jdx/mise-action@5228313ee0372e111a38da051671ca30fc5a96db	2026-10-05T05:32:55.8605778Z This is free software; see the source for copying conditions.  There is NO
web	Run jdx/mise-action@5228313ee0372e111a38da051671ca30fc5a96db	2026-10-05T05:32:55.8606592Z warranty; not even for MERCHANTABILITY or FITNESS FOR A PARTICULAR PURPOSE.
web	Run jdx/mise-action@5228313ee0372e111a38da051671ca30fc5a96db	2026-10-05T05:32:55.8607219Z Written by Roland McGrath and Ulrich Drepper.
web	Run jdx/mise-action@5228313ee0372e111a38da051671ca30fc5a96db	2026-10-05T05:32:56.1115479Z Cache hit for: mise-v1-linux-x64-c431b670824c497264adda817284eefbf26de4a6a9a9aa17ee83e04238eaee3d
web	Run jdx/mise-action@5228313ee0372e111a38da051671ca30fc5a96db	2026-10-05T05:32:57.2432436Z Received 104857600 of 166328943 (63.0%), 100.0 MBs/sec
web	Run jdx/mise-action@5228313ee0372e111a38da051671ca30fc5a96db	2026-10-05T05:32:57.6607431Z Received 166328943 of 166328943 (100.0%), 111.9 MBs/sec
web	Run jdx/mise-action@5228313ee0372e111a38da051671ca30fc5a96db	2026-10-05T05:32:57.6607716Z Cache Size: ~159 MB (166328943 B)
web	Run jdx/mise-action@5228313ee0372e111a38da051671ca30fc5a96db	2026-10-05T05:32:57.6628108Z [command]/usr/bin/tar -xf /__w/_temp/dc040d5d-4d9b-4437-aab1-78699283c682/cache.tgz -P -C /__w/ChronoShift/ChronoShift -z
web	Run jdx/mise-action@5228313ee0372e111a38da051671ca30fc5a96db	2026-10-05T05:32:59.9510987Z Cache restored successfully
web	Run jdx/mise-action@5228313ee0372e111a38da051671ca30fc5a96db	2026-10-05T05:32:59.9582340Z mise cache restored from key: mise-v1-linux-x64-c431b670824c497264adda817284eefbf26de4a6a9a9aa17ee83e04238eaee3d
web	Run jdx/mise-action@5228313ee0372e111a38da051671ca30fc5a96db	2026-10-05T05:32:59.9587451Z ##[group]Setting env vars
web	Run jdx/mise-action@5228313ee0372e111a38da051671ca30fc5a96db	2026-10-05T05:32:59.9587682Z Setting MISE_LOG_LEVEL=info
web	Run jdx/mise-action@5228313ee0372e111a38da051671ca30fc5a96db	2026-10-05T05:32:59.9590692Z Setting MISE_GITHUB_TOKEN=***
web	Run jdx/mise-action@5228313ee0372e111a38da051671ca30fc5a96db	2026-10-05T05:32:59.9590947Z Setting MISE_TRUSTED_CONFIG_PATHS=/__w/ChronoShift/ChronoShift
web	Run jdx/mise-action@5228313ee0372e111a38da051671ca30fc5a96db	2026-10-05T05:32:59.9591134Z Setting MISE_YES=1
web	Run jdx/mise-action@5228313ee0372e111a38da051671ca30fc5a96db	2026-10-05T05:32:59.9591459Z Adding /github/home/.local/share/mise/shims to PATH
web	Run jdx/mise-action@5228313ee0372e111a38da051671ca30fc5a96db	2026-10-05T05:32:59.9591894Z ##[group]Running mise --version
web	Run jdx/mise-action@5228313ee0372e111a38da051671ca30fc5a96db	2026-10-05T05:32:59.9599030Z [command]/github/home/.local/share/mise/bin/mise --version
web	Run jdx/mise-action@5228313ee0372e111a38da051671ca30fc5a96db	2026-10-05T05:32:59.9659411Z 2026.10.1 linux-x64 (2026-10-03)
web	Run jdx/mise-action@5228313ee0372e111a38da051671ca30fc5a96db	2026-10-05T05:32:59.9670456Z ##[endgroup]
web	Run jdx/mise-action@5228313ee0372e111a38da051671ca30fc5a96db	2026-10-05T05:32:59.9670759Z ##[group]Running mise install 
web	Run jdx/mise-action@5228313ee0372e111a38da051671ca30fc5a96db	2026-10-05T05:32:59.9676345Z [command]/github/home/.local/share/mise/bin/mise install
web	Run jdx/mise-action@5228313ee0372e111a38da051671ca30fc5a96db	2026-10-05T05:32:59.9753892Z ^[[2mmise^[[0m ^[[2mby @jdx^[[0m – installing 3 tools
web	Run jdx/mise-action@5228313ee0372e111a38da051671ca30fc5a96db	2026-10-05T05:32:59.9757343Z ^[[2mmise^[[0m ^[[38;5;11m⇢^[[0m bun@1.4.0    0ms · already installed
web	Run jdx/mise-action@5228313ee0372e111a38da051671ca30fc5a96db	2026-10-05T05:32:59.9758813Z ^[[2mmise^[[0m ^[[38;5;11m⇢^[[0m node@26.8.1  0ms · already installed
web	Run jdx/mise-action@5228313ee0372e111a38da051671ca30fc5a96db	2026-10-05T05:32:59.9766935Z ^[[2mmise^[[0m ^[[38;5;11m⇢^[[0m gh@2.100.0   0ms · already installed
web	Run jdx/mise-action@5228313ee0372e111a38da051671ca30fc5a96db	2026-10-05T05:32:59.9767785Z ^[[2mmise^[[0m ^[[36m████████████████^[[0m^[[31m^[[0m^[[2m^[[0m 3/3 · installed 0 tools · 3 already installed in 1ms
web	Run jdx/mise-action@5228313ee0372e111a38da051671ca30fc5a96db	2026-10-05T05:32:59.9768339Z ^[[2mmise^[[0m all tools are installed
web	Run jdx/mise-action@5228313ee0372e111a38da051671ca30fc5a96db	2026-10-05T05:32:59.9824386Z ##[endgroup]
web	Run jdx/mise-action@5228313ee0372e111a38da051671ca30fc5a96db	2026-10-05T05:32:59.9824906Z ##[group]Running mise ls
web	Run jdx/mise-action@5228313ee0372e111a38da051671ca30fc5a96db	2026-10-05T05:32:59.9829695Z [command]/github/home/.local/share/mise/bin/mise ls
web	Run jdx/mise-action@5228313ee0372e111a38da051671ca30fc5a96db	2026-10-05T05:32:59.9913726Z bun   1.4.0    /__w/ChronoShift/ChronoShift/mise.toml  1.4.0
web	Run jdx/mise-action@5228313ee0372e111a38da051671ca30fc5a96db	2026-10-05T05:32:59.9914237Z gh    2.100.0  /__w/ChronoShift/ChronoShift/mise.toml  2.100.0
web	Run jdx/mise-action@5228313ee0372e111a38da051671ca30fc5a96db	2026-10-05T05:32:59.9914690Z node  26.8.1   /__w/ChronoShift/ChronoShift/mise.toml  26.8.1
web	Run jdx/mise-action@5228313ee0372e111a38da051671ca30fc5a96db	2026-10-05T05:32:59.9923199Z ##[endgroup]
web	Run jdx/mise-action@5228313ee0372e111a38da051671ca30fc5a96db	2026-10-05T05:32:59.9925102Z ##[group]Exporting mise environment variables
web	Run jdx/mise-action@5228313ee0372e111a38da051671ca30fc5a96db	2026-10-05T05:33:00.0034499Z [command]/github/home/.local/share/mise/bin/mise env --json
web	Run jdx/mise-action@5228313ee0372e111a38da051671ca30fc5a96db	2026-10-05T05:33:00.0118913Z {
web	Run jdx/mise-action@5228313ee0372e111a38da051671ca30fc5a96db	2026-10-05T05:33:00.0120060Z   "PATH": "/github/home/.local/share/mise/installs/bun/1.4.0/bin:/github/home/.local/share/mise/installs/node/26.8.1/bin:/github/home/.local/share/mise/installs/gh/2.100.0/gh_2.100.0_linux_amd64/bin:/github/home/.local/share/mise/shims:/github/home/.local/share/mise/bin:/usr/local/sbin:/usr/local/bin:/usr/sbin:/usr/bin:/sbin:/bin"
web	Run jdx/mise-action@5228313ee0372e111a38da051671ca30fc5a96db	2026-10-05T05:33:00.0121084Z }
web	Run jdx/mise-action@5228313ee0372e111a38da051671ca30fc5a96db	2026-10-05T05:33:00.0130343Z ##[endgroup]
web	Run bun install --frozen-lockfile	﻿2026-10-05T05:33:00.0312434Z ##[group]Run bun install --frozen-lockfile
web	Run bun install --frozen-lockfile	2026-10-05T05:33:00.0312636Z ^[[36;1mbun install --frozen-lockfile^[[0m
web	Run bun install --frozen-lockfile	2026-10-05T05:33:00.0313169Z shell: bash --noprofile --norc -e -o pipefail {0}
web	Run bun install --frozen-lockfile	2026-10-05T05:33:00.0313327Z env:
web	Run bun install --frozen-lockfile	2026-10-05T05:33:00.0313449Z   PLAYWRIGHT_BROWSERS_PATH: /ms-playwright
web	Run bun install --frozen-lockfile	2026-10-05T05:33:00.0313604Z   PLAYWRIGHT_IMAGE_VERSION: 1.63.0
web	Run bun install --frozen-lockfile	2026-10-05T05:33:00.0313759Z   PUBLISH_PAGES: true
web	Run bun install --frozen-lockfile	2026-10-05T05:33:00.0313881Z   MISE_LOG_LEVEL: info
web	Run bun install --frozen-lockfile	2026-10-05T05:33:00.0315491Z   MISE_GITHUB_TOKEN: ***
web	Run bun install --frozen-lockfile	2026-10-05T05:33:00.0315653Z   MISE_TRUSTED_CONFIG_PATHS: /__w/ChronoShift/ChronoShift
web	Run bun install --frozen-lockfile	2026-10-05T05:33:00.0315823Z   MISE_YES: 1
web	Run bun install --frozen-lockfile	2026-10-05T05:33:00.0316386Z   PATH: /github/home/.local/share/mise/installs/bun/1.4.0/bin:/github/home/.local/share/mise/installs/node/26.8.1/bin:/github/home/.local/share/mise/installs/gh/2.100.0/gh_2.100.0_linux_amd64/bin:/github/home/.local/share/mise/shims:/github/home/.local/share/mise/bin:/usr/local/sbin:/usr/local/bin:/usr/sbin:/usr/bin:/sbin:/bin
web	Run bun install --frozen-lockfile	2026-10-05T05:33:00.0317012Z ##[endgroup]
web	Run bun install --frozen-lockfile	2026-10-05T05:33:00.0763198Z bun install v1.4.0 (34cbb9a40)
web	Run bun install --frozen-lockfile	2026-10-05T05:33:00.8448811Z 
web	Run bun install --frozen-lockfile	2026-10-05T05:33:00.8449479Z + @axe-core/playwright@4.13.0
web	Run bun install --frozen-lockfile	2026-10-05T05:33:00.8449806Z + @playwright/test@1.63.0
web	Run bun install --frozen-lockfile	2026-10-05T05:33:00.8450012Z + @types/bun@1.4.2
web	Run bun install --frozen-lockfile	2026-10-05T05:33:00.8450192Z + @types/react@19.3.0
web	Run bun install --frozen-lockfile	2026-10-05T05:33:00.8450387Z + @types/react-dom@19.3.0
web	Run bun install --frozen-lockfile	2026-10-05T05:33:00.8450610Z + prettier@3.9.9
web	Run bun install --frozen-lockfile	2026-10-05T05:33:00.8450786Z + typescript@7.0.2
web	Run bun install --frozen-lockfile	2026-10-05T05:33:00.8450960Z + vite@8.3.2
web	Run bun install --frozen-lockfile	2026-10-05T05:33:00.8451142Z + @internationalized/date@3.12.4
web	Run bun install --frozen-lockfile	2026-10-05T05:33:00.8451374Z + @js-temporal/polyfill@0.5.1
web	Run bun install --frozen-lockfile	2026-10-05T05:33:00.8451581Z + chrono-node@2.10.2
web	Run bun install --frozen-lockfile	2026-10-05T05:33:00.8451820Z + react@19.3.0
web	Run bun install --frozen-lockfile	2026-10-05T05:33:00.8452005Z + react-aria-components@1.21.1
web	Run bun install --frozen-lockfile	2026-10-05T05:33:00.8452219Z + react-dom@19.3.0
web	Run bun install --frozen-lockfile	2026-10-05T05:33:00.8452323Z 
web	Run bun install --frozen-lockfile	2026-10-05T05:33:00.8452414Z 51 packages installed [769.00ms]
web	Verify the pinned browser image matches the dependency	﻿2026-10-05T05:33:00.8564782Z ##[group]Run bun -e 'const pkg = await Bun.file("node_modules/playwright/package.json").json(); if (pkg.version !== process.env.PLAYWRIGHT_IMAGE_VERSION) throw new Error("Update the pinned Playwright image and version guard with the dependency"); const { chromium, firefox, webkit } = await import("@playwright/test"); for (const browser of [chromium, firefox, webkit]) if (!(await Bun.file(browser.executablePath()).exists())) throw new Error("The pinned image is missing " + browser.name());'
web	Verify the pinned browser image matches the dependency	2026-10-05T05:33:00.8566442Z ^[[36;1mbun -e 'const pkg = await Bun.file("node_modules/playwright/package.json").json(); if (pkg.version !== process.env.PLAYWRIGHT_IMAGE_VERSION) throw new Error("Update the pinned Playwright image and version guard with the dependency"); const { chromium, firefox, webkit } = await import("@playwright/test"); for (const browser of [chromium, firefox, webkit]) if (!(await Bun.file(browser.executablePath()).exists())) throw new Error("The pinned image is missing " + browser.name());'^[[0m
web	Verify the pinned browser image matches the dependency	2026-10-05T05:33:00.8567517Z shell: bash --noprofile --norc -e -o pipefail {0}
web	Verify the pinned browser image matches the dependency	2026-10-05T05:33:00.8567682Z env:
web	Verify the pinned browser image matches the dependency	2026-10-05T05:33:00.8567809Z   PLAYWRIGHT_BROWSERS_PATH: /ms-playwright
web	Verify the pinned browser image matches the dependency	2026-10-05T05:33:00.8567967Z   PLAYWRIGHT_IMAGE_VERSION: 1.63.0
web	Verify the pinned browser image matches the dependency	2026-10-05T05:33:00.8568107Z   PUBLISH_PAGES: true
web	Verify the pinned browser image matches the dependency	2026-10-05T05:33:00.8568225Z   MISE_LOG_LEVEL: info
web	Verify the pinned browser image matches the dependency	2026-10-05T05:33:00.8569844Z   MISE_GITHUB_TOKEN: ***
web	Verify the pinned browser image matches the dependency	2026-10-05T05:33:00.8570005Z   MISE_TRUSTED_CONFIG_PATHS: /__w/ChronoShift/ChronoShift
web	Verify the pinned browser image matches the dependency	2026-10-05T05:33:00.8570326Z   MISE_YES: 1
web	Verify the pinned browser image matches the dependency	2026-10-05T05:33:00.8570910Z   PATH: /github/home/.local/share/mise/installs/bun/1.4.0/bin:/github/home/.local/share/mise/installs/node/26.8.1/bin:/github/home/.local/share/mise/installs/gh/2.100.0/gh_2.100.0_linux_amd64/bin:/github/home/.local/share/mise/shims:/github/home/.local/share/mise/bin:/usr/local/sbin:/usr/local/bin:/usr/sbin:/usr/bin:/sbin:/bin
web	Verify the pinned browser image matches the dependency	2026-10-05T05:33:00.8571513Z ##[endgroup]
web	Run bun run format:check	﻿2026-10-05T05:33:01.2746820Z ##[group]Run bun run format:check
web	Run bun run format:check	2026-10-05T05:33:01.2747029Z ^[[36;1mbun run format:check^[[0m
web	Run bun run format:check	2026-10-05T05:33:01.2747533Z shell: bash --noprofile --norc -e -o pipefail {0}
web	Run bun run format:check	2026-10-05T05:33:01.2747699Z env:
web	Run bun run format:check	2026-10-05T05:33:01.2747826Z   PLAYWRIGHT_BROWSERS_PATH: /ms-playwright
web	Run bun run format:check	2026-10-05T05:33:01.2747990Z   PLAYWRIGHT_IMAGE_VERSION: 1.63.0
web	Run bun run format:check	2026-10-05T05:33:01.2748130Z   PUBLISH_PAGES: true
web	Run bun run format:check	2026-10-05T05:33:01.2748255Z   MISE_LOG_LEVEL: info
web	Run bun run format:check	2026-10-05T05:33:01.2749734Z   MISE_GITHUB_TOKEN: ***
web	Run bun run format:check	2026-10-05T05:33:01.2749911Z   MISE_TRUSTED_CONFIG_PATHS: /__w/ChronoShift/ChronoShift
web	Run bun run format:check	2026-10-05T05:33:01.2750086Z   MISE_YES: 1
web	Run bun run format:check	2026-10-05T05:33:01.2750665Z   PATH: /github/home/.local/share/mise/installs/bun/1.4.0/bin:/github/home/.local/share/mise/installs/node/26.8.1/bin:/github/home/.local/share/mise/installs/gh/2.100.0/gh_2.100.0_linux_amd64/bin:/github/home/.local/share/mise/shims:/github/home/.local/share/mise/bin:/usr/local/sbin:/usr/local/bin:/usr/sbin:/usr/bin:/sbin:/bin
web	Run bun run format:check	2026-10-05T05:33:01.2751284Z ##[endgroup]
web	Run bun run format:check	2026-10-05T05:33:01.3245766Z $ bunx --bun prettier --check web scripts/*.ts tests e2e *.ts
web	Run bun run format:check	2026-10-05T05:33:01.3885626Z Checking formatting...
web	Run bun run format:check	2026-10-05T05:33:02.5461997Z All matched files use Prettier code style!
web	Unit tests and production build	﻿2026-10-05T05:33:02.5633032Z ##[group]Run bun run test
web	Unit tests and production build	2026-10-05T05:33:02.5633210Z ^[[36;1mbun run test^[[0m
web	Unit tests and production build	2026-10-05T05:33:02.5633332Z ^[[36;1mbun run build^[[0m
web	Unit tests and production build	2026-10-05T05:33:02.5633647Z shell: bash --noprofile --norc -e -o pipefail {0}
web	Unit tests and production build	2026-10-05T05:33:02.5633808Z env:
web	Unit tests and production build	2026-10-05T05:33:02.5633948Z   PLAYWRIGHT_BROWSERS_PATH: /ms-playwright
web	Unit tests and production build	2026-10-05T05:33:02.5634109Z   PLAYWRIGHT_IMAGE_VERSION: 1.63.0
web	Unit tests and production build	2026-10-05T05:33:02.5634634Z   PUBLISH_PAGES: true
web	Unit tests and production build	2026-10-05T05:33:02.5634754Z   MISE_LOG_LEVEL: info
web	Unit tests and production build	2026-10-05T05:33:02.5636137Z   MISE_GITHUB_TOKEN: ***
web	Unit tests and production build	2026-10-05T05:33:02.5636294Z   MISE_TRUSTED_CONFIG_PATHS: /__w/ChronoShift/ChronoShift
web	Unit tests and production build	2026-10-05T05:33:02.5636464Z   MISE_YES: 1
web	Unit tests and production build	2026-10-05T05:33:02.5637033Z   PATH: /github/home/.local/share/mise/installs/bun/1.4.0/bin:/github/home/.local/share/mise/installs/node/26.8.1/bin:/github/home/.local/share/mise/installs/gh/2.100.0/gh_2.100.0_linux_amd64/bin:/github/home/.local/share/mise/shims:/github/home/.local/share/mise/bin:/usr/local/sbin:/usr/local/bin:/usr/sbin:/usr/bin:/sbin:/bin
web	Unit tests and production build	2026-10-05T05:33:02.5637658Z ##[endgroup]
web	Unit tests and production build	2026-10-05T05:33:02.6092899Z $ bun test tests
web	Unit tests and production build	2026-10-05T05:33:02.6101581Z bun test v1.4.0 (34cbb9a40)
web	Unit tests and production build	2026-10-05T05:33:02.6166813Z 
web	Unit tests and production build	2026-10-05T05:33:02.6167437Z ##[group]tests/console-capture.test.ts:
web	Unit tests and production build	2026-10-05T05:33:02.6184473Z (pass) navigation-lost console payload retains a stable event and flush waits for full metadata [0.65ms]
web	Unit tests and production build	2026-10-05T05:33:02.6195686Z (pass) unexpected capture failure is surfaced by flush instead of being swallowed [0.14ms]
web	Unit tests and production build	2026-10-05T05:33:02.6196050Z 
web	Unit tests and production build	2026-10-05T05:33:02.6196343Z ##[endgroup]
web	Unit tests and production build	2026-10-05T05:33:02.6196452Z 
web	Unit tests and production build	2026-10-05T05:33:02.6196672Z ##[group]tests/offline.test.ts:
web	Unit tests and production build	2026-10-05T05:33:02.6253069Z (pass) first installation reports safe asset/release identity before a controller exists [1.74ms]
web	Unit tests and production build	2026-10-05T05:33:02.6262735Z (pass) embedded navigation shell installs exact HTML without a network document [0.99ms]
web	Unit tests and production build	2026-10-05T05:33:02.6271440Z (pass) embedded navigation shell rejects inconsistent build bytes [0.86ms]
web	Unit tests and production build	2026-10-05T05:33:02.6280617Z (pass) claim requires a verified cache and scoped window: complete=true, inside=true [0.69ms]
web	Unit tests and production build	2026-10-05T05:33:02.6281589Z (pass) claim requires a verified cache and scoped window: complete=false, inside=true [0.08ms]
web	Unit tests and production build	2026-10-05T05:33:02.6282396Z (pass) claim requires a verified cache and scoped window: complete=true, inside=false [0.10ms]
web	Unit tests and production build	2026-10-05T05:33:02.6282583Z 
web	Unit tests and production build	2026-10-05T05:33:02.6282783Z ##[endgroup]
web	Unit tests and production build	2026-10-05T05:33:02.6282854Z 
web	Unit tests and production build	2026-10-05T05:33:02.6283005Z ##[group]tests/publishing.test.ts:
web	Unit tests and production build	2026-10-05T05:33:02.6296290Z (pass) publication reuse requires a trusted complete PR verification and exact tree [0.30ms]
web	Unit tests and production build	2026-10-05T05:33:02.6296597Z 
web	Unit tests and production build	2026-10-05T05:33:02.6296841Z ##[endgroup]
web	Unit tests and production build	2026-10-05T05:33:02.6296939Z 
web	Unit tests and production build	2026-10-05T05:33:02.6297149Z ##[group]tests/corpus.test.ts:
web	Unit tests and production build	2026-10-05T05:33:02.7777895Z (pass) all resilience corpus inputs execute the browser engine without crashing [107.35ms]
web	Unit tests and production build	2026-10-05T05:33:02.7778572Z 
web	Unit tests and production build	2026-10-05T05:33:02.7779134Z ##[endgroup]
web	Unit tests and production build	2026-10-05T05:33:02.7779298Z 
web	Unit tests and production build	2026-10-05T05:33:02.7779542Z ##[group]tests/conversion.test.ts:
web	Unit tests and production build	2026-10-05T05:33:02.7781213Z (pass) independently specified temporal fixtures > fixed EST in spring [0.55ms]
web	Unit tests and production build	2026-10-05T05:33:02.7786094Z (pass) independently specified temporal fixtures > fixed PST in summer [0.26ms]
web	Unit tests and production build	2026-10-05T05:33:02.7786909Z (pass) independently specified temporal fixtures > regional PT summer [0.21ms]
web	Unit tests and production build	2026-10-05T05:33:02.7791346Z (pass) independently specified temporal fixtures > regional PT winter [0.21ms]
web	Unit tests and production build	2026-10-05T05:33:02.7792255Z (pass) independently specified temporal fixtures > regional ET [0.21ms]
web	Unit tests and production build	2026-10-05T05:33:02.7796836Z (pass) independently specified temporal fixtures > CST ambiguity [0.25ms]
web	Unit tests and production build	2026-10-05T05:33:02.7797672Z (pass) independently specified temporal fixtures > IST ambiguity [0.24ms]
web	Unit tests and production build	2026-10-05T05:33:02.7802001Z (pass) independently specified temporal fixtures > BST ambiguity [0.23ms]
web	Unit tests and production build	2026-10-05T05:33:02.7802431Z (pass) independently specified temporal fixtures > AST ambiguity [0.24ms]
web	Unit tests and production build	2026-10-05T05:33:02.7814189Z (pass) independently specified temporal fixtures > quarter hour offset [1.44ms]
web	Unit tests and production build	2026-10-05T05:33:02.7818473Z (pass) independently specified temporal fixtures > negative half hour offset [0.43ms]
web	Unit tests and production build	2026-10-05T05:33:02.7819902Z (pass) independently specified temporal fixtures > invalid minutes [0.16ms]
web	Unit tests and production build	2026-10-05T05:33:02.7821231Z (pass) independently specified temporal fixtures > invalid offset bound [0.08ms]
web	Unit tests and production build	2026-10-05T05:33:02.7823060Z (pass) independently specified temporal fixtures > ISO offset [0.23ms]
web	Unit tests and production build	2026-10-05T05:33:02.7825541Z (pass) independently specified temporal fixtures > relative tomorrow [0.23ms]
web	Unit tests and production build	2026-10-05T05:33:02.7827810Z (pass) independently specified temporal fixtures > relative in Tokyo [0.23ms]
web	Unit tests and production build	2026-10-05T05:33:02.7831476Z (pass) independently specified temporal fixtures > source date across midnight [0.36ms]
web	Unit tests and production build	2026-10-05T05:33:02.7834198Z (pass) independently specified temporal fixtures > city Tokyo [0.24ms]
web	Unit tests and production build	2026-10-05T05:33:02.7836582Z (pass) independently specified temporal fixtures > city Mumbai [0.22ms]
web	Unit tests and production build	2026-10-05T05:33:02.7839056Z (pass) independently specified temporal fixtures > city Berlin summer [0.22ms]
web	Unit tests and production build	2026-10-05T05:33:02.7841534Z (pass) independently specified temporal fixtures > accented city [0.22ms]
web	Unit tests and production build	2026-10-05T05:33:02.7846540Z (pass) independently specified temporal fixtures > unique typo disclosure [0.45ms]
web	Unit tests and production build	2026-10-05T05:33:02.7849943Z (pass) independently specified temporal fixtures > unknown city [0.36ms]
web	Unit tests and production build	2026-10-05T05:33:02.7851025Z (pass) independently specified temporal fixtures > unknown abbreviation [0.11ms]
web	Unit tests and production build	2026-10-05T05:33:02.7854211Z (pass) independently specified temporal fixtures > IANA identity [0.27ms]
web	Unit tests and production build	2026-10-05T05:33:02.7860480Z (pass) independently specified temporal fixtures > spring gap [0.60ms]
web	Unit tests and production build	2026-10-05T05:33:02.7862967Z (pass) independently specified temporal fixtures > autumn fold [0.28ms]
web	Unit tests and production build	2026-10-05T05:33:02.7865997Z (pass) independently specified temporal fixtures > Sydney spring gap [0.29ms]
web	Unit tests and production build	2026-10-05T05:33:02.7868311Z (pass) independently specified temporal fixtures > Sydney autumn fold [0.22ms]
web	Unit tests and production build	2026-10-05T05:33:02.7869397Z (pass) independently specified temporal fixtures > date only [0.08ms]
web	Unit tests and production build	2026-10-05T05:33:02.7871276Z (pass) independently specified temporal fixtures > month day convention [0.22ms]
web	Unit tests and production build	2026-10-05T05:33:02.7875097Z (pass) independently specified temporal fixtures > day month convention [0.36ms]
web	Unit tests and production build	2026-10-05T05:33:02.7879561Z (pass) independently specified temporal fixtures > header date context [0.43ms]
web	Unit tests and production build	2026-10-05T05:33:02.7883880Z (pass) independently specified temporal fixtures > paragraph isolation [0.37ms]
web	Unit tests and production build	2026-10-05T05:33:02.7887127Z (pass) independently specified temporal fixtures > second explicit date [0.31ms]
web	Unit tests and production build	2026-10-05T05:33:02.7890358Z (pass) independently specified temporal fixtures > same date range [0.30ms]
web	Unit tests and production build	2026-10-05T05:33:02.7893369Z (pass) independently specified temporal fixtures > overnight range [0.33ms]
web	Unit tests and production build	2026-10-05T05:33:02.7894996Z (pass) independently specified temporal fixtures > Unix seconds [0.16ms]
web	Unit tests and production build	2026-10-05T05:33:02.7897700Z (pass) independently specified temporal fixtures > Unix text order [0.30ms]
web	Unit tests and production build	2026-10-05T05:33:02.7901926Z (pass) independently specified temporal fixtures > duplicate mentions [0.32ms]
web	Unit tests and production build	2026-10-05T05:33:02.7904787Z (pass) independently specified temporal fixtures > distinct dates retained [0.35ms]
web	Unit tests and production build	2026-10-05T05:33:02.7907247Z (pass) independently specified temporal fixtures > missing timezone source default [0.23ms]
web	Unit tests and production build	2026-10-05T05:33:02.7907901Z (pass) independently specified temporal fixtures > no matching time [0.03ms]
web	Unit tests and production build	2026-10-05T05:33:02.7909015Z (pass) independently specified temporal fixtures > HTML remains text [0.16ms]
web	Unit tests and production build	2026-10-05T05:33:02.7911039Z (pass) independently specified temporal fixtures > relative source date at UTC midnight [0.17ms]
web	Unit tests and production build	2026-10-05T05:33:02.7912274Z (pass) independently specified temporal fixtures > relative header in source zone [0.14ms]
web	Unit tests and production build	2026-10-05T05:33:02.7914967Z (pass) independently specified temporal fixtures > unrelated sentence date reset [0.25ms]
web	Unit tests and production build	2026-10-05T05:33:02.7917236Z (pass) independently specified temporal fixtures > military time with fixed zone [0.22ms]
web	Unit tests and production build	2026-10-05T05:33:02.7918377Z (pass) independently specified temporal fixtures > military Zulu [0.13ms]
web	Unit tests and production build	2026-10-05T05:33:02.7921133Z (pass) independently specified temporal fixtures > shorthand meridiem [0.20ms]
web	Unit tests and production build	2026-10-05T05:33:02.7925196Z (pass) independently specified temporal fixtures > between range [0.36ms]
web	Unit tests and production build	2026-10-05T05:33:02.7926457Z (pass) independently specified temporal fixtures > unknown IANA wins over adjacent UTC token [0.19ms]
web	Unit tests and production build	2026-10-05T05:33:02.7928749Z (pass) independently specified temporal fixtures > leap day retained [0.23ms]
web	Unit tests and production build	2026-10-05T05:33:02.7930977Z (pass) independently specified temporal fixtures > bare city summer rules [0.21ms]
web	Unit tests and production build	2026-10-05T05:33:02.7932817Z (pass) independently specified temporal fixtures > city before prose [0.18ms]
web	Unit tests and production build	2026-10-05T05:33:02.7934978Z (pass) independently specified temporal fixtures > NYC alias [0.18ms]
web	Unit tests and production build	2026-10-05T05:33:02.7938558Z (pass) independently specified temporal fixtures > Melbourne alias [0.34ms]
web	Unit tests and production build	2026-10-05T05:33:02.7939133Z (pass) independently specified temporal fixtures > 2015 Unix boundary [0.06ms]
web	Unit tests and production build	2026-10-05T05:33:02.7939736Z (pass) independently specified temporal fixtures > 2035 Unix boundary [0.06ms]
web	Unit tests and production build	2026-10-05T05:33:02.7942887Z (pass) independently specified temporal fixtures > explicit zone upgrades default duplicate [0.31ms]
web	Unit tests and production build	2026-10-05T05:33:02.7945409Z (pass) independently specified temporal fixtures > ISO fractional seconds [0.23ms]
web	Unit tests and production build	2026-10-05T05:33:02.7946828Z (pass) independently specified temporal fixtures > partial colloquial match must not convert wrong time [0.08ms]
web	Unit tests and production build	2026-10-05T05:33:02.7947587Z (pass) independently specified temporal fixtures > vague approximate hour [0.04ms]
web	Unit tests and production build	2026-10-05T05:33:02.7948229Z (pass) independently specified temporal fixtures > no invented end of business hour [0.03ms]
web	Unit tests and production build	2026-10-05T05:33:02.7949282Z (pass) independently specified temporal fixtures > city before target-zone sentence [0.22ms]
web	Unit tests and production build	2026-10-05T05:33:02.7951099Z (pass) independently specified temporal fixtures > city before colleague timezone [0.20ms]
web	Unit tests and production build	2026-10-05T05:33:02.7957059Z (pass) independently specified temporal fixtures > city-qualified endpoint range [0.57ms]
web	Unit tests and production build	2026-10-05T05:33:02.7960163Z (pass) independently specified temporal fixtures > numeric offset endpoint range [0.32ms]
web	Unit tests and production build	2026-10-05T05:33:02.7965493Z (pass) independently specified temporal fixtures > repeated-zone overnight range [0.40ms]
web	Unit tests and production build	2026-10-05T05:33:02.7968121Z (pass) independently specified temporal fixtures > distinct endpoint zone clocks [0.35ms]
web	Unit tests and production build	2026-10-05T05:33:02.7973536Z (pass) independently specified temporal fixtures > regional repeated-zone overnight range [0.50ms]
web	Unit tests and production build	2026-10-05T05:33:02.7974597Z (pass) independently specified temporal fixtures > malformed three-digit offset minutes [0.07ms]
web	Unit tests and production build	2026-10-05T05:33:02.7975245Z (pass) independently specified temporal fixtures > malformed one-digit offset minutes [0.08ms]
web	Unit tests and production build	2026-10-05T05:33:02.7976441Z (pass) independently specified temporal fixtures > unsupported unicode offset minus [0.07ms]
web	Unit tests and production build	2026-10-05T05:33:02.7979542Z (pass) independently specified temporal fixtures > IANA numeric suffix identity [0.34ms]
web	Unit tests and production build	2026-10-05T05:33:02.8005935Z (pass) independently specified temporal fixtures > lowercase fixed zone [2.53ms]
web	Unit tests and production build	2026-10-05T05:33:02.8009100Z (pass) independently specified temporal fixtures > mixed-case fixed zone [0.37ms]
web	Unit tests and production build	2026-10-05T05:33:02.8011047Z (pass) independently specified temporal fixtures > lowercase numeric zone [0.19ms]
web	Unit tests and production build	2026-10-05T05:33:02.8022449Z (pass) independently specified temporal fixtures > range before colleague zone prose [0.37ms]
web	Unit tests and production build	2026-10-05T05:33:02.8023204Z (pass) independently specified temporal fixtures > range before format zone prose [0.27ms]
web	Unit tests and production build	2026-10-05T05:33:02.8024515Z (pass) independently specified temporal fixtures > dotted meridiem overnight range [0.50ms]
web	Unit tests and production build	2026-10-05T05:33:02.8026848Z (pass) independently specified temporal fixtures > military endpoint zone range [0.40ms]
web	Unit tests and production build	2026-10-05T05:33:02.8048296Z (pass) independently specified temporal fixtures > IANA qualified overnight range [0.82ms]
web	Unit tests and production build	2026-10-05T05:33:02.8048962Z (pass) independently specified temporal fixtures > city qualified overnight range [0.50ms]
web	Unit tests and production build	2026-10-05T05:33:02.8049647Z (pass) independently specified temporal fixtures > reject complete malformed offset UTC+05foo [0.11ms]
web	Unit tests and production build	2026-10-05T05:33:02.8050375Z (pass) independently specified temporal fixtures > reject complete malformed offset UTC+05:30abc [0.07ms]
web	Unit tests and production build	2026-10-05T05:33:02.8051098Z (pass) independently specified temporal fixtures > reject complete malformed offset UTC+5.5 [0.07ms]
web	Unit tests and production build	2026-10-05T05:33:02.8051808Z (pass) independently specified temporal fixtures > reject complete malformed offset GMT+2.5 [0.06ms]
web	Unit tests and production build	2026-10-05T05:33:02.8052532Z (pass) independently specified temporal fixtures > range propagates trailing explicit date [0.34ms]
web	Unit tests and production build	2026-10-05T05:33:02.8055408Z (pass) independently specified temporal fixtures > range infers trailing next year [0.63ms]
web	Unit tests and production build	2026-10-05T05:33:02.8061790Z (pass) independently specified temporal fixtures > range second precision rollover [0.49ms]
web	Unit tests and production build	2026-10-05T05:33:02.8064558Z (pass) independently specified temporal fixtures > cross-city civil overnight range [0.46ms]
web	Unit tests and production build	2026-10-05T05:33:02.8070216Z (pass) independently specified temporal fixtures > bare city overnight range [0.50ms]
web	Unit tests and production build	2026-10-05T05:33:02.8075515Z (pass) independently specified temporal fixtures > qualified until city range [0.52ms]
web	Unit tests and production build	2026-10-05T05:33:02.8076618Z (pass) independently specified temporal fixtures > reject repeated offset sign [0.09ms]
web	Unit tests and production build	2026-10-05T05:33:02.8077585Z (pass) independently specified temporal fixtures > reject malformed sign UTC++5 [0.06ms]
web	Unit tests and production build	2026-10-05T05:33:02.8078393Z (pass) independently specified temporal fixtures > reject malformed sign UTC+-5 [0.05ms]
web	Unit tests and production build	2026-10-05T05:33:02.8079026Z (pass) independently specified temporal fixtures > reject malformed sign UTC+ [0.05ms]
web	Unit tests and production build	2026-10-05T05:33:02.8093310Z (pass) formatting rolls into next day and copy includes full context [1.50ms]
web	Unit tests and production build	2026-10-05T05:33:02.8097977Z (pass) negative fractional offset never invents a location [0.46ms]
web	Unit tests and production build	2026-10-05T05:33:02.8105178Z (pass) short fuzzy city and unknown guesses are rejected [0.70ms]
web	Unit tests and production build	2026-10-05T05:33:02.8113553Z (pass) valid input at limit converts; arbitrary numbers and milliseconds stay unparsed [0.80ms]
web	Unit tests and production build	2026-10-05T05:33:02.8116703Z (pass) range keeps textual identities and both endpoints [0.39ms]
web	Unit tests and production build	2026-10-05T05:33:02.8117856Z (pass) input limit and invalid target give actionable errors [0.09ms]
web	Unit tests and production build	2026-10-05T05:33:02.8125679Z (pass) reference date override leaves source zone independent of target [0.74ms]
web	Unit tests and production build	2026-10-05T05:33:02.8126188Z 
web	Unit tests and production build	2026-10-05T05:33:02.8126691Z ##[endgroup]
web	Unit tests and production build	2026-10-05T05:33:02.8126782Z 
web	Unit tests and production build	2026-10-05T05:33:02.8127019Z ##[group]tests/preview.test.ts:
web	Unit tests and production build	2026-10-05T05:33:02.8717334Z (pass) preview publication accepts identical trees and rejects merged content differences [58.48ms]
web	Unit tests and production build	2026-10-05T05:33:02.8717768Z 
web	Unit tests and production build	2026-10-05T05:33:02.8718203Z ##[endgroup]
web	Unit tests and production build	2026-10-05T05:33:02.8718307Z 
web	Unit tests and production build	2026-10-05T05:33:02.8718423Z  116 pass
web	Unit tests and production build	2026-10-05T05:33:02.8718581Z  0 fail
web	Unit tests and production build	2026-10-05T05:33:02.8718738Z  725 expect() calls
web	Unit tests and production build	2026-10-05T05:33:02.8718926Z Ran 116 tests across 6 files. [261.00ms]
web	Unit tests and production build	2026-10-05T05:33:02.8862438Z $ bun run typecheck && bun scripts/third-party-notices.ts && bunx --bun vite build && bun scripts/build-offline.ts
web	Unit tests and production build	2026-10-05T05:33:02.8887475Z $ bunx --bun tsc --noEmit
web	Unit tests and production build	2026-10-05T05:33:03.1819032Z Included notices for 19 production packages.
web	Unit tests and production build	2026-10-05T05:33:03.3313989Z ^[[36mvite v8.3.2 ^[[32mbuilding client environment for production...^[[36m^[[39m
web	Unit tests and production build	2026-10-05T05:33:03.3366681Z transforming...
web	Unit tests and production build	2026-10-05T05:33:03.4731350Z ✓ 644 modules transformed.
web	Unit tests and production build	2026-10-05T05:33:03.5073314Z rendering chunks...
web	Unit tests and production build	2026-10-05T05:33:03.5765993Z computing gzip size...
web	Unit tests and production build	2026-10-05T05:33:03.5839371Z dist/index.html                                    0.80 kB │ gzip:   0.44 kB
web	Unit tests and production build	2026-10-05T05:33:03.5839855Z dist/assets/geist-latin-variable-Dm3htQBi.woff2   28.40 kB
web	Unit tests and production build	2026-10-05T05:33:03.5840389Z dist/assets/worker-C690IjaR.js                   221.14 kB
web	Unit tests and production build	2026-10-05T05:33:03.5841750Z dist/assets/index-Bst_xchV.css                    20.74 kB │ gzip:   4.83 kB
web	Unit tests and production build	2026-10-05T05:33:03.5842312Z dist/assets/index-DHi9pTHJ.js                    775.09 kB │ gzip: 235.19 kB
web	Unit tests and production build	2026-10-05T05:33:03.5842685Z 
web	Unit tests and production build	2026-10-05T05:33:03.5842992Z ^[[32m✓ built in 252ms^[[39m
web	Unit tests and production build	2026-10-05T05:33:03.5846150Z ^[[33m[plugin builtin:vite-reporter] 
web	Unit tests and production build	2026-10-05T05:33:03.5846603Z (!) Some chunks are larger than 500 kB after minification. Consider:
web	Unit tests and production build	2026-10-05T05:33:03.5846950Z - Using dynamic import() to code-split the application
web	Unit tests and production build	2026-10-05T05:33:03.5847558Z - Use build.rolldownOptions.output.codeSplitting to improve chunking: https://rolldown.rs/reference/OutputOptions.codeSplitting
web	Unit tests and production build	2026-10-05T05:33:03.5848411Z - Adjust chunk size limit for this warning via build.chunkSizeWarningLimit.^[[39m
web	Unit tests and production build	2026-10-05T05:33:03.6103702Z Offline version 7a50cb9280af4134: 13 local assets, /
web	Verify the standalone conversion corpus audit	﻿2026-10-05T05:33:03.6162169Z ##[group]Run bun run corpus:audit
web	Verify the standalone conversion corpus audit	2026-10-05T05:33:03.6162457Z ^[[36;1mbun run corpus:audit^[[0m
web	Verify the standalone conversion corpus audit	2026-10-05T05:33:03.6162816Z ^[[36;1mdiff -u "$RUNNER_TEMP/chronoshift-corpus-audit.json" docs/planning/corpus-audit.json^[[0m
web	Verify the standalone conversion corpus audit	2026-10-05T05:33:03.6163498Z shell: bash --noprofile --norc -e -o pipefail {0}
web	Verify the standalone conversion corpus audit	2026-10-05T05:33:03.6163760Z env:
web	Verify the standalone conversion corpus audit	2026-10-05T05:33:03.6163965Z   PLAYWRIGHT_BROWSERS_PATH: /ms-playwright
web	Verify the standalone conversion corpus audit	2026-10-05T05:33:03.6164720Z   PLAYWRIGHT_IMAGE_VERSION: 1.63.0
web	Verify the standalone conversion corpus audit	2026-10-05T05:33:03.6164941Z   PUBLISH_PAGES: true
web	Verify the standalone conversion corpus audit	2026-10-05T05:33:03.6165128Z   MISE_LOG_LEVEL: info
web	Verify the standalone conversion corpus audit	2026-10-05T05:33:03.6166619Z   MISE_GITHUB_TOKEN: ***
web	Verify the standalone conversion corpus audit	2026-10-05T05:33:03.6166873Z   MISE_TRUSTED_CONFIG_PATHS: /__w/ChronoShift/ChronoShift
web	Verify the standalone conversion corpus audit	2026-10-05T05:33:03.6167131Z   MISE_YES: 1
web	Verify the standalone conversion corpus audit	2026-10-05T05:33:03.6167799Z   PATH: /github/home/.local/share/mise/installs/bun/1.4.0/bin:/github/home/.local/share/mise/installs/node/26.8.1/bin:/github/home/.local/share/mise/installs/gh/2.100.0/gh_2.100.0_linux_amd64/bin:/github/home/.local/share/mise/shims:/github/home/.local/share/mise/bin:/usr/local/sbin:/usr/local/bin:/usr/sbin:/usr/bin:/sbin:/bin
web	Verify the standalone conversion corpus audit	2026-10-05T05:33:03.6168585Z ##[endgroup]
web	Verify the standalone conversion corpus audit	2026-10-05T05:33:03.6608534Z $ bun scripts/audit-corpus.ts
web	Verify the standalone conversion corpus audit	2026-10-05T05:33:03.8235316Z 353 real inputs exercised; 0 crashes; 29 cases need review of legacy expectations or parser gaps.
web	Run bun run test:browser	﻿2026-10-05T05:33:03.8357218Z ##[group]Run bun run test:browser
web	Run bun run test:browser	2026-10-05T05:33:03.8357411Z ^[[36;1mbun run test:browser^[[0m
web	Run bun run test:browser	2026-10-05T05:33:03.8357730Z shell: bash --noprofile --norc -e -o pipefail {0}
web	Run bun run test:browser	2026-10-05T05:33:03.8357892Z env:
web	Run bun run test:browser	2026-10-05T05:33:03.8358016Z   PLAYWRIGHT_BROWSERS_PATH: /ms-playwright
web	Run bun run test:browser	2026-10-05T05:33:03.8358177Z   PLAYWRIGHT_IMAGE_VERSION: 1.63.0
web	Run bun run test:browser	2026-10-05T05:33:03.8358317Z   PUBLISH_PAGES: true
web	Run bun run test:browser	2026-10-05T05:33:03.8358440Z   MISE_LOG_LEVEL: info
web	Run bun run test:browser	2026-10-05T05:33:03.8359804Z   MISE_GITHUB_TOKEN: ***
web	Run bun run test:browser	2026-10-05T05:33:03.8359963Z   MISE_TRUSTED_CONFIG_PATHS: /__w/ChronoShift/ChronoShift
web	Run bun run test:browser	2026-10-05T05:33:03.8360131Z   MISE_YES: 1
web	Run bun run test:browser	2026-10-05T05:33:03.8360693Z   PATH: /github/home/.local/share/mise/installs/bun/1.4.0/bin:/github/home/.local/share/mise/installs/node/26.8.1/bin:/github/home/.local/share/mise/installs/gh/2.100.0/gh_2.100.0_linux_amd64/bin:/github/home/.local/share/mise/shims:/github/home/.local/share/mise/bin:/usr/local/sbin:/usr/local/bin:/usr/sbin:/usr/bin:/sbin:/bin
web	Run bun run test:browser	2026-10-05T05:33:03.8361301Z ##[endgroup]
web	Run bun run test:browser	2026-10-05T05:33:03.8805257Z $ bunx --bun playwright test
web	Run bun run test:browser	2026-10-05T05:33:04.7479271Z 
web	Run bun run test:browser	2026-10-05T05:33:04.7479804Z Running 258 tests using 4 workers
web	Run bun run test:browser	2026-10-05T05:33:04.7479985Z 
web	Run bun run test:browser	2026-10-05T05:33:06.2936148Z   ✓    1 [foldable] › e2e/foldable.spec.ts:112:0 › notch and home-indicator safe areas inset the task (942ms)
web	Run bun run test:browser	2026-10-05T05:33:07.0679329Z   ✓    3 [foldable] › e2e/foldable.spec.ts:70:0 › tabletop posture confines the scrollable task to the upper screen (1.7s)
web	Run bun run test:browser	2026-10-05T05:33:07.3829445Z   ✓    2 [foldable] › e2e/foldable.spec.ts:4:0 › input and results avoid a vertical hinge and survive folding (2.0s)
web	Run bun run test:browser	2026-10-05T05:33:08.5355287Z   ✓    4 [chromium] › e2e/app.spec.ts:6:0 › worker failure recovers and a late response cannot resurrect cleared input (3.1s)
web	Run bun run test:browser	2026-10-05T05:33:09.1502031Z   ✓    5 [chromium] › e2e/app.spec.ts:67:0 › an intact offline app survives a failed registration check while changing target zones (2.3s)
web	Run bun run test:browser	2026-10-05T05:33:09.2970898Z   ✓    6 [chromium] › e2e/app.spec.ts:90:0 › a delayed failed readiness probe cannot overwrite a newer successful check (1.7s)
web	Run bun run test:browser	2026-10-05T05:33:09.3741094Z   ✓    7 [chromium] › e2e/app.spec.ts:130:0 › missing cache reports incomplete and reconnect repairs the complete offline app (1.4s)
web	Run bun run test:browser	2026-10-05T05:33:09.9476093Z   ✓    8 [chromium] › e2e/app.spec.ts:162:0 › pasted HTML cannot execute or fetch its URL (1.4s)
web	Run bun run test:browser	2026-10-05T05:33:10.8301273Z   ✓    9 [chromium] › e2e/app.spec.ts:182:0 › convert, inspect ambiguity, copy manually and protect privacy (1.7s)
web	Run bun run test:browser	2026-10-05T05:33:11.5388502Z   ✓   10 [chromium] › e2e/app.spec.ts:215:0 › close and reopen offline, then convert previously unseen input (2.2s)
web	Run bun run test:browser	2026-10-05T05:33:11.9514868Z   ✓   11 [chromium] › e2e/app.spec.ts:239:0 › preferences persist, input does not; denied storage still converts (2.6s)
web	Run bun run test:browser	2026-10-05T05:33:12.5159678Z   ✓   14 [chromium] › e2e/app.spec.ts:340:0 › offline POST share is single-use and never places message in URL (960ms)
web	Run bun run test:browser	2026-10-05T05:33:13.0126643Z   ✓   12 [chromium] › e2e/app.spec.ts:267:0 › input errors recover, edits invalidate results, keyboard keeps multiline input (3.1s)
web	Run bun run test:browser	2026-10-05T05:33:14.3427151Z   ✓   13 [chromium] › e2e/app.spec.ts:286:0 › readable at 320px, dark mode, with no serious accessibility violations (3.5s)
web	Run bun run test:browser	2026-10-05T05:33:16.2166477Z   ✓   15 [chromium] › e2e/app.spec.ts:378:0 › an update waits, preserves draft on opt-in, and survives a partial next update (4.3s)
web	Run bun run test:browser	2026-10-05T05:33:18.1786084Z   ✓   18 [chromium] › e2e/controls.spec.ts:339:0 › timezone search preserves freeform offsets and recovers from empty and invalid choices (3.8s)
web	Run bun run test:browser	2026-10-05T05:33:18.5159382Z   ✓   19 [chromium] › e2e/controls.spec.ts:407:0 › hovering timezone suggestions preserves typed values while explicit selections still commit (2.3s)
web	Run bun run test:browser	2026-10-05T05:33:18.8638438Z   ✓   17 [chromium] › e2e/controls.spec.ts:232:0 › choice menus support keyboard selection, nested Escape and pointer dismissal (5.8s)
web	Run bun run test:browser	2026-10-05T05:33:19.9191020Z   ✓   21 [chromium] › e2e/diagnostics.spec.ts:84:0 › detailed logging survives a tab reload and reset preferences disables it (1.4s)
web	Run bun run test:browser	2026-10-05T05:33:20.2316090Z   ✓   22 [chromium] › e2e/diagnostics.spec.ts:114:0 › detailed logs still work in memory when session storage is denied (1.4s)
web	Run bun run test:browser	2026-10-05T05:33:20.2900211Z   ✓   20 [chromium] › e2e/diagnostics.spec.ts:12:0 › detailed logs are opt-in, local, exclude message and selected zones, and stop when disabled (2.1s)
web	Run bun run test:browser	2026-10-05T05:33:21.1857811Z   ✓   23 [chromium] › e2e/diagnostics.spec.ts:145:0 › a retired release repairs only missing files using its intact cached assets (1.3s)
web	Run bun run test:browser	2026-10-05T05:33:21.4333058Z   ✓   24 [chromium] › e2e/diagnostics.spec.ts:191:0 › corrupt cached files fail integrity checks and detailed logs identify bounded repair failure (1.2s)
web	Run bun run test:browser	2026-10-05T05:33:22.1175216Z   ✓   26 [chromium] › e2e/engine.spec.ts:4:0 › independent exact fixture expectations run in the production browser worker (926ms)
web	Run bun run test:browser	2026-10-05T05:33:24.9588717Z   ✓   16 [chromium] › e2e/controls.spec.ts:55:0 › themed choices align and their opened menus fit every breakpoint without losing work (12.4s)
web	Run bun run test:browser	2026-10-05T05:33:25.4470895Z   ✓   25 [chromium] › e2e/diagnostics.spec.ts:232:0 › waiting updates remain actionable when a current cache probe times out (5.1s)
web	Run bun run test:browser	2026-10-05T05:33:25.5880493Z   ✓   28 [chromium] › e2e/imports.spec.ts:5:2 › delayed share offers replacement instead of overwriting edited or cleared work (3.5s)
web	Run bun run test:browser	2026-10-05T05:33:25.8273654Z   ✓   27 [chromium] › e2e/imports.spec.ts:5:2 › delayed clipboard offers replacement instead of overwriting edited or cleared work (4.4s)
web	Run bun run test:browser	2026-10-05T05:33:27.5765805Z   ✓   29 [chromium] › e2e/imports.spec.ts:173:0 › an unresolved target hides copyable fallback results and correction restores the source interpretation (2.6s)
web	Run bun run test:browser	2026-10-05T05:33:28.2668222Z   ✓   30 [chromium] › e2e/live.spec.ts:4:0 › typing, pasted text and conversion settings update without submission (2.8s)
web	Run bun run test:browser	2026-10-05T05:33:28.4050452Z   ✓   33 [chromium] › e2e/motion.spec.ts:61:0 › reduced motion keeps live feedback and usable results without animation (818ms)
web	Run bun run test:browser	2026-10-05T05:33:30.1137143Z   ✓   31 [chromium] › e2e/live.spec.ts:30:0 › composition defers conversion and queued work cannot overwrite a newer draft (4.5s)
web	Run bun run test:browser	2026-10-05T05:33:30.1201590Z   ✓   35 [chromium] › e2e/offline-install.spec.ts:59:0 › slow first installation clears its expired warning without losing conversion (1.7s)
web	Run bun run test:browser	2026-10-05T05:33:30.2873446Z   ✓   34 [chromium] › e2e/offline-install.spec.ts:31:0 › a transient initial registration failure retries before any controller exists (2.0s)
web	Run bun run test:browser	2026-10-05T05:33:31.1381420Z   ✓   36 [chromium] › e2e/offline-install.spec.ts:82:0 › a stale mutable release marker is refetched and checked before offline readiness (1.0s)
web	Run bun run test:browser	2026-10-05T05:33:31.5328719Z   ✓   32 [chromium] › e2e/motion.spec.ts:4:0 › live feedback covers debounce and worker completion, then settles or cancels (5.7s)
web	Run bun run test:browser	2026-10-05T05:33:32.0107985Z   ✓   37 [chromium] › e2e/offline-install.spec.ts:106:0 › a rejected first installation retries without reloading or clearing input (1.9s)
web	Run bun run test:browser	2026-10-05T05:33:33.4975982Z   ✓   39 [chromium] › e2e/offline-install.spec.ts:155:0 › HTML response rewriting cannot break first installation or offline navigation (2.4s)
web	Run bun run test:browser	2026-10-05T05:33:33.9124993Z   ✓   41 [chromium] › e2e/privacy.spec.ts:6:2 › legacy command preferences migrate, reset removes them and quota failures keep conversion usable (1.9s)
web	Run bun run test:browser	2026-10-05T05:33:33.9848494Z   ✓   40 [chromium] › e2e/privacy.spec.ts:6:2 › legacy lens preferences migrate, reset removes them and quota failures keep conversion usable (2.4s)
web	Run bun run test:browser	2026-10-05T05:33:34.4160939Z   ✓   42 [chromium] › e2e/privacy.spec.ts:85:0 › invalid and oversized local shares return a paste fallback without storing text (906ms)
web	Run bun run test:browser	2026-10-05T05:33:35.5071688Z   ✓   43 [chromium] › e2e/privacy.spec.ts:119:0 › expired and invalid temporary text is consumed and erased without restoring it (1.6s)
web	Run bun run test:browser	2026-10-05T05:33:36.3365562Z   ✓   38 [chromium] › e2e/offline-install.spec.ts:126:0 › persistently wrong release bytes never activate or claim offline readiness (6.0s)
web	Run bun run test:browser	2026-10-05T05:33:36.4633704Z   ✓   46 [chromium] › e2e/responsive.spec.ts:83:0 › touch-sized controls and keyboard navigation remain usable in a short viewport (946ms)
web	Run bun run test:browser	2026-10-05T05:33:36.6517360Z   ✓   44 [chromium] › e2e/privacy.spec.ts:223:0 › denied update storage keeps the draft active and requires clearing before reload (2.7s)
web	Run bun run test:browser	2026-10-05T05:33:37.1172755Z   ✓   45 [chromium] › e2e/responsive.spec.ts:4:0 › reflows across cover screens, phones, tablets and desktops without losing work (2.7s)
web	Run bun run test:browser	2026-10-05T05:33:38.5774964Z   ✓   50 [chromium] › e2e/updates.spec.ts:6:0 › repair refuses another release and leaves the existing offline shell intact (1.5s)
web	Run bun run test:browser	2026-10-05T05:33:38.9288602Z   ✓   47 [chromium] › e2e/uncontrolled.spec.ts:102:0 › an activated worker reclaims a hard-refreshed tab without reloading its draft (2.6s)
web	Run bun run test:browser	2026-10-05T05:33:41.3527303Z   ✓   49 [chromium] › e2e/uncontrolled.spec.ts:227:0 › an older active worker cannot mark an uncontrolled tab ready or activate its waiting update (4.7s)
web	Run bun run test:browser	2026-10-05T05:33:41.6539649Z   ✓   52 [chromium] › e2e/updates.spec.ts:93:0 › oversized drafts block an update until they can be safely preserved (2.7s)
web	Run bun run test:browser	2026-10-05T05:33:41.8605503Z   ✓   51 [chromium] › e2e/updates.spec.ts:45:0 › an interrupted rollback preserves a retained cache and its old tab worker (3.3s)
web	Run bun run test:browser	2026-10-05T05:33:43.1376734Z   ✓   48 [chromium] › e2e/uncontrolled.spec.ts:135:0 › an explicit update recovers a timed-out readiness probe without another reload (6.7s)
web	Run bun run test:browser	2026-10-05T05:33:46.3251017Z   ✓   55 [firefox] › e2e/app.spec.ts:6:0 › worker failure recovers and a late response cannot resurrect cleared input (3.4s)
web	Run bun run test:browser	2026-10-05T05:33:48.3157919Z   ✓   57 [firefox] › e2e/app.spec.ts:90:0 › a delayed failed readiness probe cannot overwrite a newer successful check (2.0s)
web	Run bun run test:browser	2026-10-05T05:33:48.5022903Z   ✓   56 [firefox] › e2e/app.spec.ts:67:0 › an intact offline app survives a failed registration check while changing target zones (4.6s)
web	Run bun run test:browser	2026-10-05T05:33:49.6858492Z   ✓   54 [chromium] › e2e/updates.spec.ts:270:0 › rollback preserves draft and preferences and removes obsolete caches with one remaining tab (8.0s)
web	Run bun run test:browser	2026-10-05T05:33:49.8836763Z   ✓   53 [chromium] › e2e/updates.spec.ts:209:0 › old and new tabs retain their own workers across successive releases and offline restart (8.5s)
web	Run bun run test:browser	2026-10-05T05:33:50.4021380Z   ✓   59 [firefox] › e2e/app.spec.ts:162:0 › pasted HTML cannot execute or fetch its URL (1.9s)
web	Run bun run test:browser	2026-10-05T05:33:51.1315147Z   ✓   58 [firefox] › e2e/app.spec.ts:130:0 › missing cache reports incomplete and reconnect repairs the complete offline app (2.8s)
web	Run bun run test:browser	2026-10-05T05:33:54.0245932Z   ✓   60 [firefox] › e2e/app.spec.ts:182:0 › convert, inspect ambiguity, copy manually and protect privacy (3.5s)
web	Run bun run test:browser	2026-10-05T05:33:54.4237823Z   ✓   62 [firefox] › e2e/app.spec.ts:239:0 › preferences persist, input does not; denied storage still converts (4.0s)
web	Run bun run test:browser	2026-10-05T05:33:55.2065983Z   ✓   61 [firefox] › e2e/app.spec.ts:215:0 › close and reopen offline, then convert previously unseen input (4.1s)
web	Run bun run test:browser	2026-10-05T05:33:55.6305871Z   ✓   63 [firefox] › e2e/app.spec.ts:267:0 › input errors recover, edits invalidate results, keyboard keeps multiline input (4.5s)
web	Run bun run test:browser	2026-10-05T05:33:56.0792920Z   ✓   65 [firefox] › e2e/app.spec.ts:340:0 › offline POST share is single-use and never places message in URL (1.6s)
web	Run bun run test:browser	2026-10-05T05:33:57.7633788Z   ✓   64 [firefox] › e2e/app.spec.ts:286:0 › readable at 320px, dark mode, with no serious accessibility violations (3.7s)
web	Run bun run test:browser	2026-10-05T05:34:01.0068631Z   ✓   66 [firefox] › e2e/app.spec.ts:378:0 › an update waits, preserves draft on opt-in, and survives a partial next update (5.8s)
web	Run bun run test:browser	2026-10-05T05:34:04.0769409Z   ✓   69 [firefox] › e2e/controls.spec.ts:339:0 › timezone search preserves freeform offsets and recovers from empty and invalid choices (6.3s)
web	Run bun run test:browser	2026-10-05T05:34:04.2011413Z   ✓   68 [firefox] › e2e/controls.spec.ts:232:0 › choice menus support keyboard selection, nested Escape and pointer dismissal (8.1s)
web	Run bun run test:browser	2026-10-05T05:34:04.5643561Z   ✓   70 [firefox] › e2e/controls.spec.ts:407:0 › hovering timezone suggestions preserves typed values while explicit selections still commit (3.5s)
web	Run bun run test:browser	2026-10-05T05:34:06.3558418Z   ✓   72 [firefox] › e2e/diagnostics.spec.ts:84:0 › detailed logging survives a tab reload and reset preferences disables it (2.1s)
web	Run bun run test:browser	2026-10-05T05:34:06.4092712Z   ✓   73 [firefox] › e2e/diagnostics.spec.ts:114:0 › detailed logs still work in memory when session storage is denied (1.8s)
web	Run bun run test:browser	2026-10-05T05:34:07.8496840Z   ✓   71 [firefox] › e2e/diagnostics.spec.ts:12:0 › detailed logs are opt-in, local, exclude message and selected zones, and stop when disabled (3.8s)
web	Run bun run test:browser	2026-10-05T05:34:08.0845828Z   ✓   75 [firefox] › e2e/diagnostics.spec.ts:191:0 › corrupt cached files fail integrity checks and detailed logs identify bounded repair failure (1.6s)
web	Run bun run test:browser	2026-10-05T05:34:08.4239048Z   ✓   74 [firefox] › e2e/diagnostics.spec.ts:145:0 › a retired release repairs only missing files using its intact cached assets (2.1s)
web	Run bun run test:browser	2026-10-05T05:34:09.6538453Z   ✓   77 [firefox] › e2e/engine.spec.ts:4:0 › independent exact fixture expectations run in the production browser worker (1.6s)
web	Run bun run test:browser	2026-10-05T05:34:12.8047009Z   ✓   78 [firefox] › e2e/imports.spec.ts:5:2 › delayed clipboard offers replacement instead of overwriting edited or cleared work (4.4s)
web	Run bun run test:browser	2026-10-05T05:34:13.4107989Z   ✓   76 [firefox] › e2e/diagnostics.spec.ts:232:0 › waiting updates remain actionable when a current cache probe times out (5.5s)
web	Run bun run test:browser	2026-10-05T05:34:13.7314026Z   ✓   67 [firefox] › e2e/controls.spec.ts:55:0 › themed choices align and their opened menus fit every breakpoint without losing work (18.1s)
web	Run bun run test:browser	2026-10-05T05:34:15.4552040Z   ✓   79 [firefox] › e2e/imports.spec.ts:5:2 › delayed share offers replacement instead of overwriting edited or cleared work (5.8s)
web	Run bun run test:browser	2026-10-05T05:34:16.3980325Z   ✓   80 [firefox] › e2e/imports.spec.ts:173:0 › an unresolved target hides copyable fallback results and correction restores the source interpretation (3.6s)
web	Run bun run test:browser	2026-10-05T05:34:17.6007455Z   ✓   81 [firefox] › e2e/live.spec.ts:4:0 › typing, pasted text and conversion settings update without submission (4.2s)
web	Run bun run test:browser	2026-10-05T05:34:18.2155658Z   ✓   84 [firefox] › e2e/motion.spec.ts:61:0 › reduced motion keeps live feedback and usable results without animation (1.8s)
web	Run bun run test:browser	2026-10-05T05:34:19.0776550Z   ✓   82 [firefox] › e2e/live.spec.ts:30:0 › composition defers conversion and queued work cannot overwrite a newer draft (5.3s)
web	Run bun run test:browser	2026-10-05T05:34:19.4282725Z   ✓   85 [firefox] › e2e/offline-install.spec.ts:31:0 › a transient initial registration failure retries before any controller exists (1.8s)
web	Run bun run test:browser	2026-10-05T05:34:20.5162954Z   ✓   87 [firefox] › e2e/offline-install.spec.ts:82:0 › a stale mutable release marker is refetched and checked before offline readiness (1.4s)
web	Run bun run test:browser	2026-10-05T05:34:20.6322222Z   ✓   86 [firefox] › e2e/offline-install.spec.ts:59:0 › slow first installation clears its expired warning without losing conversion (2.4s)
web	Run bun run test:browser	2026-10-05T05:34:21.4949002Z   ✓   88 [firefox] › e2e/offline-install.spec.ts:106:0 › a rejected first installation retries without reloading or clearing input (2.1s)
web	Run bun run test:browser	2026-10-05T05:34:21.6523551Z   ✓   83 [firefox] › e2e/motion.spec.ts:4:0 › live feedback covers debounce and worker completion, then settles or cancels (6.2s)
web	Run bun run test:browser	2026-10-05T05:34:23.9213239Z   ✓   90 [firefox] › e2e/offline-install.spec.ts:155:0 › HTML response rewriting cannot break first installation or offline navigation (3.3s)
web	Run bun run test:browser	2026-10-05T05:34:24.3882723Z   ✓   91 [firefox] › e2e/privacy.spec.ts:6:2 › legacy lens preferences migrate, reset removes them and quota failures keep conversion usable (2.9s)
web	Run bun run test:browser	2026-10-05T05:34:25.2261540Z   ✓   92 [firefox] › e2e/privacy.spec.ts:6:2 › legacy command preferences migrate, reset removes them and quota failures keep conversion usable (3.5s)
web	Run bun run test:browser	2026-10-05T05:34:25.5378442Z   ✓   93 [firefox] › e2e/privacy.spec.ts:85:0 › invalid and oversized local shares return a paste fallback without storing text (1.6s)
web	Run bun run test:browser	2026-10-05T05:34:27.1259449Z   ✓   89 [firefox] › e2e/offline-install.spec.ts:126:0 › persistently wrong release bytes never activate or claim offline readiness (6.6s)
web	Run bun run test:browser	2026-10-05T05:34:28.7258240Z   ✓   94 [firefox] › e2e/privacy.spec.ts:119:0 › expired and invalid temporary text is consumed and erased without restoring it (4.3s)
web	Run bun run test:browser	2026-10-05T05:34:29.2750786Z   -   98 [firefox] › e2e/uncontrolled.spec.ts:102:0 › an activated worker reclaims a hard-refreshed tab without reloading its draft
web	Run bun run test:browser	2026-10-05T05:34:29.4349461Z   ✓   97 [firefox] › e2e/responsive.spec.ts:83:0 › touch-sized controls and keyboard navigation remain usable in a short viewport (2.3s)
web	Run bun run test:browser	2026-10-05T05:34:29.6994079Z   ✓   96 [firefox] › e2e/responsive.spec.ts:4:0 › reflows across cover screens, phones, tablets and desktops without losing work (4.1s)
web	Run bun run test:browser	2026-10-05T05:34:29.7271255Z   ✓   95 [firefox] › e2e/privacy.spec.ts:223:0 › denied update storage keeps the draft active and requires clearing before reload (4.5s)
web	Run bun run test:browser	2026-10-05T05:34:29.8710595Z   -   99 [firefox] › e2e/uncontrolled.spec.ts:135:0 › an explicit update recovers a timed-out readiness probe without another reload
web	Run bun run test:browser	2026-10-05T05:34:31.1710600Z   -  100 [firefox] › e2e/uncontrolled.spec.ts:227:0 › an older active worker cannot mark an uncontrolled tab ready or activate its waiting update
web	Run bun run test:browser	2026-10-05T05:34:31.8994889Z   ✓  101 [firefox] › e2e/updates.spec.ts:6:0 › repair refuses another release and leaves the existing offline shell intact (2.2s)
web	Run bun run test:browser	2026-10-05T05:34:33.5884051Z   ✓  103 [firefox] › e2e/updates.spec.ts:93:0 › oversized drafts block an update until they can be safely preserved (3.7s)
web	Run bun run test:browser	2026-10-05T05:34:35.2058818Z   ✓  102 [firefox] › e2e/updates.spec.ts:45:0 › an interrupted rollback preserves a retained cache and its old tab worker (5.5s)
web	Run bun run test:browser	2026-10-05T05:34:38.3660506Z   ✓  106 [webkit] › e2e/app.spec.ts:6:0 › worker failure recovers and a late response cannot resurrect cleared input (3.5s)
web	Run bun run test:browser	2026-10-05T05:34:39.0990272Z   ✓  107 [webkit] › e2e/app.spec.ts:67:0 › an intact offline app survives a failed registration check while changing target zones (2.5s)
web	Run bun run test:browser	2026-10-05T05:34:40.9290548Z   ✓  108 [webkit] › e2e/app.spec.ts:90:0 › a delayed failed readiness probe cannot overwrite a newer successful check (2.5s)
web	Run bun run test:browser	2026-10-05T05:34:41.5179309Z   ✓  104 [firefox] › e2e/updates.spec.ts:209:0 › old and new tabs retain their own workers across successive releases and offline restart (10.3s)
web	Run bun run test:browser	2026-10-05T05:34:42.3608700Z   ✓  105 [firefox] › e2e/updates.spec.ts:270:0 › rollback preserves draft and preferences and removes obsolete caches with one remaining tab (10.5s)
web	Run bun run test:browser	2026-10-05T05:34:42.5570015Z   ✓  109 [webkit] › e2e/app.spec.ts:130:0 › missing cache reports incomplete and reconnect repairs the complete offline app (3.4s)
web	Run bun run test:browser	2026-10-05T05:34:43.2680158Z   ✓  110 [webkit] › e2e/app.spec.ts:162:0 › pasted HTML cannot execute or fetch its URL (2.3s)
web	Run bun run test:browser	2026-10-05T05:34:45.1566906Z   ✓  111 [webkit] › e2e/app.spec.ts:182:0 › convert, inspect ambiguity, copy manually and protect privacy (2.5s)
web	Run bun run test:browser	2026-10-05T05:34:47.5476652Z   ✓  114 [webkit] › e2e/app.spec.ts:215:0 › close and reopen offline, then convert previously unseen input (3.9s)
web	Run bun run test:browser	2026-10-05T05:34:47.7877671Z   ✓  113 [webkit] › e2e/app.spec.ts:267:0 › input errors recover, edits invalidate results, keyboard keeps multiline input (4.5s)
web	Run bun run test:browser	2026-10-05T05:34:47.8481917Z   ✓  112 [webkit] › e2e/app.spec.ts:239:0 › preferences persist, input does not; denied storage still converts (5.3s)
web	Run bun run test:browser	2026-10-05T05:34:49.7676028Z   ✓  116 [webkit] › e2e/app.spec.ts:340:0 › offline POST share is single-use and never places message in URL (2.2s)
web	Run bun run test:browser	2026-10-05T05:34:50.6361888Z   ✓  115 [webkit] › e2e/app.spec.ts:286:0 › readable at 320px, dark mode, with no serious accessibility violations (5.5s)
web	Run bun run test:browser	2026-10-05T05:34:52.3310334Z   ✓  117 [webkit] › e2e/app.spec.ts:378:0 › an update waits, preserves draft on opt-in, and survives a partial next update (4.5s)
web	Run bun run test:browser	2026-10-05T05:34:57.5070755Z   ✓  121 [webkit] › e2e/controls.spec.ts:407:0 › hovering timezone suggestions preserves typed values while explicit selections still commit (5.2s)
web	Run bun run test:browser	2026-10-05T05:35:00.9454015Z   ✓  120 [webkit] › e2e/controls.spec.ts:339:0 › timezone search preserves freeform offsets and recovers from empty and invalid choices (10.3s)
web	Run bun run test:browser	2026-10-05T05:35:01.9420290Z   ✓  119 [webkit] › e2e/controls.spec.ts:232:0 › choice menus support keyboard selection, nested Escape and pointer dismissal (12.2s)
web	Run bun run test:browser	2026-10-05T05:35:02.4590763Z   ✓  122 [webkit] › e2e/diagnostics.spec.ts:12:0 › detailed logs are opt-in, local, exclude message and selected zones, and stop when disabled (4.9s)
web	Run bun run test:browser	2026-10-05T05:35:04.0140779Z   ✓  124 [webkit] › e2e/diagnostics.spec.ts:114:0 › detailed logs still work in memory when session storage is denied (2.1s)
web	Run bun run test:browser	2026-10-05T05:35:04.6132736Z   ✓  123 [webkit] › e2e/diagnostics.spec.ts:84:0 › detailed logging survives a tab reload and reset preferences disables it (3.6s)
web	Run bun run test:browser	2026-10-05T05:35:05.0843087Z   ✓  125 [webkit] › e2e/diagnostics.spec.ts:145:0 › a retired release repairs only missing files using its intact cached assets (2.6s)
web	Run bun run test:browser	2026-10-05T05:35:06.6145378Z   ✓  126 [webkit] › e2e/diagnostics.spec.ts:191:0 › corrupt cached files fail integrity checks and detailed logs identify bounded repair failure (2.6s)
web	Run bun run test:browser	2026-10-05T05:35:06.9820404Z   ✓  128 [webkit] › e2e/engine.spec.ts:4:0 › independent exact fixture expectations run in the production browser worker (1.9s)
web	Run bun run test:browser	2026-10-05T05:35:09.2274475Z   ✓  127 [webkit] › e2e/diagnostics.spec.ts:232:0 › waiting updates remain actionable when a current cache probe times out (4.6s)
web	Run bun run test:browser	2026-10-05T05:35:12.9649711Z   ✓  129 [webkit] › e2e/imports.spec.ts:5:2 › delayed clipboard offers replacement instead of overwriting edited or cleared work (6.3s)
web	Run bun run test:browser	2026-10-05T05:35:13.5673871Z   ✓  131 [webkit] › e2e/imports.spec.ts:173:0 › an unresolved target hides copyable fallback results and correction restores the source interpretation (4.3s)
web	Run bun run test:browser	2026-10-05T05:35:16.2844857Z   ✓  130 [webkit] › e2e/imports.spec.ts:5:2 › delayed share offers replacement instead of overwriting edited or cleared work (9.3s)
web	Run bun run test:browser	2026-10-05T05:35:18.7885534Z   ✓  132 [webkit] › e2e/live.spec.ts:4:0 › typing, pasted text and conversion settings update without submission (5.8s)
web	Run bun run test:browser	2026-10-05T05:35:19.1600321Z   ✓  118 [webkit] › e2e/controls.spec.ts:55:0 › themed choices align and their opened menus fit every breakpoint without losing work (31.3s)
web	Run bun run test:browser	2026-10-05T05:35:19.2615046Z   ✓  133 [webkit] › e2e/live.spec.ts:30:0 › composition defers conversion and queued work cannot overwrite a newer draft (5.7s)
web	Run bun run test:browser	2026-10-05T05:35:20.9750992Z   ✓  135 [webkit] › e2e/motion.spec.ts:61:0 › reduced motion keeps live feedback and usable results without animation (2.2s)
web	Run bun run test:browser	2026-10-05T05:35:21.3925939Z   ✓  136 [webkit] › e2e/offline-install.spec.ts:31:0 › a transient initial registration failure retries before any controller exists (2.2s)
web	Run bun run test:browser	2026-10-05T05:35:22.3896467Z   ✓  137 [webkit] › e2e/offline-install.spec.ts:59:0 › slow first installation clears its expired warning without losing conversion (3.1s)
web	Run bun run test:browser	2026-10-05T05:35:22.8010115Z   ✓  138 [webkit] › e2e/offline-install.spec.ts:82:0 › a stale mutable release marker is refetched and checked before offline readiness (1.8s)
web	Run bun run test:browser	2026-10-05T05:35:23.0998980Z   ✓  134 [webkit] › e2e/motion.spec.ts:4:0 › live feedback covers debounce and worker completion, then settles or cancels (6.8s)
web	Run bun run test:browser	2026-10-05T05:35:23.8691458Z   ✓  139 [webkit] › e2e/offline-install.spec.ts:106:0 › a rejected first installation retries without reloading or clearing input (2.5s)
web	Run bun run test:browser	2026-10-05T05:35:26.6405358Z   ✓  141 [webkit] › e2e/offline-install.spec.ts:155:0 › HTML response rewriting cannot break first installation or offline navigation (3.8s)
web	Run bun run test:browser	2026-10-05T05:35:27.6018395Z   ✓  143 [webkit] › e2e/privacy.spec.ts:6:2 › legacy command preferences migrate, reset removes them and quota failures keep conversion usable (3.7s)
web	Run bun run test:browser	2026-10-05T05:35:28.1371178Z   ✓  142 [webkit] › e2e/privacy.spec.ts:6:2 › legacy lens preferences migrate, reset removes them and quota failures keep conversion usable (5.0s)
web	Run bun run test:browser	2026-10-05T05:35:28.1593139Z   ✓  144 [webkit] › e2e/privacy.spec.ts:85:0 › invalid and oversized local shares return a paste fallback without storing text (1.5s)
web	Run bun run test:browser	2026-10-05T05:35:29.6943654Z   ✓  140 [webkit] › e2e/offline-install.spec.ts:126:0 › persistently wrong release bytes never activate or claim offline readiness (7.3s)
web	Run bun run test:browser	2026-10-05T05:35:31.9486892Z   ✓  145 [webkit] › e2e/privacy.spec.ts:119:0 › expired and invalid temporary text is consumed and erased without restoring it (4.3s)
web	Run bun run test:browser	2026-10-05T05:35:31.9500128Z   ✓  146 [webkit] › e2e/privacy.spec.ts:223:0 › denied update storage keeps the draft active and requires clearing before reload (3.8s)
web	Run bun run test:browser	2026-10-05T05:35:32.1740658Z   ✓  148 [webkit] › e2e/responsive.spec.ts:83:0 › touch-sized controls and keyboard navigation remain usable in a short viewport (2.5s)
web	Run bun run test:browser	2026-10-05T05:35:32.4826195Z   -  149 [webkit] › e2e/uncontrolled.spec.ts:102:0 › an activated worker reclaims a hard-refreshed tab without reloading its draft
web	Run bun run test:browser	2026-10-05T05:35:32.6334392Z   -  150 [webkit] › e2e/uncontrolled.spec.ts:135:0 › an explicit update recovers a timed-out readiness probe without another reload
web	Run bun run test:browser	2026-10-05T05:35:32.8435922Z   -  151 [webkit] › e2e/uncontrolled.spec.ts:227:0 › an older active worker cannot mark an uncontrolled tab ready or activate its waiting update
web	Run bun run test:browser	2026-10-05T05:35:35.4821096Z   ✓  152 [webkit] › e2e/updates.spec.ts:6:0 › repair refuses another release and leaves the existing offline shell intact (3.0s)
web	Run bun run test:browser	2026-10-05T05:35:35.6261198Z   ✓  147 [webkit] › e2e/responsive.spec.ts:4:0 › reflows across cover screens, phones, tablets and desktops without losing work (7.5s)
web	Run bun run test:browser	2026-10-05T05:35:36.4376470Z   ✓  154 [webkit] › e2e/updates.spec.ts:93:0 › oversized drafts block an update until they can be safely preserved (3.6s)
web	Run bun run test:browser	2026-10-05T05:35:37.9898827Z   ✓  153 [webkit] › e2e/updates.spec.ts:45:0 › an interrupted rollback preserves a retained cache and its old tab worker (5.3s)
web	Run bun run test:browser	2026-10-05T05:35:41.5620464Z   ✓  157 [android-emulation] › e2e/app.spec.ts:6:0 › worker failure recovers and a late response cannot resurrect cleared input (3.8s)
web	Run bun run test:browser	2026-10-05T05:35:42.4923628Z   ✓  158 [android-emulation] › e2e/app.spec.ts:67:0 › an intact offline app survives a failed registration check while changing target zones (3.2s)
web	Run bun run test:browser	2026-10-05T05:35:44.2305212Z   ✓  159 [android-emulation] › e2e/app.spec.ts:90:0 › a delayed failed readiness probe cannot overwrite a newer successful check (2.7s)
web	Run bun run test:browser	2026-10-05T05:35:44.3710423Z   ✓  156 [webkit] › e2e/updates.spec.ts:270:0 › rollback preserves draft and preferences and removes obsolete caches with one remaining tab (8.7s)
web	Run bun run test:browser	2026-10-05T05:35:45.1137471Z   ✓  155 [webkit] › e2e/updates.spec.ts:209:0 › old and new tabs retain their own workers across successive releases and offline restart (9.6s)
web	Run bun run test:browser	2026-10-05T05:35:45.2709313Z   ✓  160 [android-emulation] › e2e/app.spec.ts:130:0 › missing cache reports incomplete and reconnect repairs the complete offline app (2.8s)
web	Run bun run test:browser	2026-10-05T05:35:45.9163502Z   ✓  161 [android-emulation] › e2e/app.spec.ts:162:0 › pasted HTML cannot execute or fetch its URL (1.7s)
web	Run bun run test:browser	2026-10-05T05:35:46.9193710Z   ✓  162 [android-emulation] › e2e/app.spec.ts:182:0 › convert, inspect ambiguity, copy manually and protect privacy (1.8s)
web	Run bun run test:browser	2026-10-05T05:35:47.8994447Z   ✓  163 [android-emulation] › e2e/app.spec.ts:239:0 › preferences persist, input does not; denied storage still converts (2.6s)
web	Run bun run test:browser	2026-10-05T05:35:48.1223870Z   ✓  164 [android-emulation] › e2e/app.spec.ts:215:0 › close and reopen offline, then convert previously unseen input (2.3s)
web	Run bun run test:browser	2026-10-05T05:35:48.9334701Z   ✓  167 [android-emulation] › e2e/app.spec.ts:340:0 › offline POST share is single-use and never places message in URL (1.0s)
web	Run bun run test:browser	2026-10-05T05:35:49.2254451Z   ✓  166 [android-emulation] › e2e/app.spec.ts:286:0 › readable at 320px, dark mode, with no serious accessibility violations (2.3s)
web	Run bun run test:browser	2026-10-05T05:35:49.6625901Z   ✓  165 [android-emulation] › e2e/app.spec.ts:267:0 › input errors recover, edits invalidate results, keyboard keeps multiline input (3.7s)
web	Run bun run test:browser	2026-10-05T05:35:51.7318043Z   ✓  168 [android-emulation] › e2e/app.spec.ts:378:0 › an update waits, preserves draft on opt-in, and survives a partial next update (3.6s)
web	Run bun run test:browser	2026-10-05T05:35:53.8079512Z   ✓  172 [android-emulation] › e2e/controls.spec.ts:407:0 › hovering timezone suggestions preserves typed values while explicit selections still commit (2.1s)
web	Run bun run test:browser	2026-10-05T05:35:53.8304130Z   ✓  171 [android-emulation] › e2e/controls.spec.ts:339:0 › timezone search preserves freeform offsets and recovers from empty and invalid choices (4.2s)
web	Run bun run test:browser	2026-10-05T05:35:54.8093734Z   ✓  170 [android-emulation] › e2e/controls.spec.ts:232:0 › choice menus support keyboard selection, nested Escape and pointer dismissal (5.6s)
web	Run bun run test:browser	2026-10-05T05:35:55.3266975Z   ✓  174 [android-emulation] › e2e/diagnostics.spec.ts:84:0 › detailed logging survives a tab reload and reset preferences disables it (1.5s)
web	Run bun run test:browser	2026-10-05T05:35:55.9909940Z   ✓  175 [android-emulation] › e2e/diagnostics.spec.ts:114:0 › detailed logs still work in memory when session storage is denied (1.2s)
web	Run bun run test:browser	2026-10-05T05:35:56.5713734Z   ✓  173 [android-emulation] › e2e/diagnostics.spec.ts:12:0 › detailed logs are opt-in, local, exclude message and selected zones, and stop when disabled (2.8s)
web	Run bun run test:browser	2026-10-05T05:35:56.8924499Z   ✓  176 [android-emulation] › e2e/diagnostics.spec.ts:145:0 › a retired release repairs only missing files using its intact cached assets (1.6s)
web	Run bun run test:browser	2026-10-05T05:35:57.0384919Z   ✓  177 [android-emulation] › e2e/diagnostics.spec.ts:191:0 › corrupt cached files fail integrity checks and detailed logs identify bounded repair failure (1.0s)
web	Run bun run test:browser	2026-10-05T05:35:57.9320452Z   ✓  179 [android-emulation] › e2e/engine.spec.ts:4:0 › independent exact fixture expectations run in the production browser worker (1.0s)
web	Run bun run test:browser	2026-10-05T05:36:00.2662961Z   ✓  180 [android-emulation] › e2e/imports.spec.ts:5:2 › delayed clipboard offers replacement instead of overwriting edited or cleared work (3.2s)
web	Run bun run test:browser	2026-10-05T05:36:01.1620956Z   ✓  178 [android-emulation] › e2e/diagnostics.spec.ts:232:0 › waiting updates remain actionable when a current cache probe times out (4.6s)
web	Run bun run test:browser	2026-10-05T05:36:01.5247705Z   ✓  181 [android-emulation] › e2e/imports.spec.ts:5:2 › delayed share offers replacement instead of overwriting edited or cleared work (3.6s)
web	Run bun run test:browser	2026-10-05T05:36:01.7591305Z   ✓  169 [android-emulation] › e2e/controls.spec.ts:55:0 › themed choices align and their opened menus fit every breakpoint without losing work (12.8s)
web	Run bun run test:browser	2026-10-05T05:36:02.7484572Z   ✓  182 [android-emulation] › e2e/imports.spec.ts:173:0 › an unresolved target hides copyable fallback results and correction restores the source interpretation (2.5s)
web	Run bun run test:browser	2026-10-05T05:36:03.4847377Z   ✓  186 [android-emulation] › e2e/motion.spec.ts:61:0 › reduced motion keeps live feedback and usable results without animation (730ms)
web	Run bun run test:browser	2026-10-05T05:36:04.0525673Z   ✓  183 [android-emulation] › e2e/live.spec.ts:4:0 › typing, pasted text and conversion settings update without submission (2.9s)
web	Run bun run test:browser	2026-10-05T05:36:05.4021656Z   ✓  187 [android-emulation] › e2e/offline-install.spec.ts:31:0 › a transient initial registration failure retries before any controller exists (1.9s)
web	Run bun run test:browser	2026-10-05T05:36:05.6836044Z   ✓  188 [android-emulation] › e2e/offline-install.spec.ts:59:0 › slow first installation clears its expired warning without losing conversion (1.6s)
web	Run bun run test:browser	2026-10-05T05:36:06.0309445Z   ✓  184 [android-emulation] › e2e/live.spec.ts:30:0 › composition defers conversion and queued work cannot overwrite a newer draft (4.5s)
web	Run bun run test:browser	2026-10-05T05:36:06.3422251Z   ✓  189 [android-emulation] › e2e/offline-install.spec.ts:82:0 › a stale mutable release marker is refetched and checked before offline readiness (932ms)
web	Run bun run test:browser	2026-10-05T05:36:07.3589869Z   ✓  185 [android-emulation] › e2e/motion.spec.ts:4:0 › live feedback covers debounce and worker completion, then settles or cancels (5.6s)
web	Run bun run test:browser	2026-10-05T05:36:07.4553064Z   ✓  190 [android-emulation] › e2e/offline-install.spec.ts:106:0 › a rejected first installation retries without reloading or clearing input (1.8s)
web	Run bun run test:browser	2026-10-05T05:36:08.3490915Z   ✓  192 [android-emulation] › e2e/offline-install.spec.ts:155:0 › HTML response rewriting cannot break first installation or offline navigation (2.0s)
web	Run bun run test:browser	2026-10-05T05:36:09.4338328Z   ✓  193 [android-emulation] › e2e/privacy.spec.ts:6:2 › legacy lens preferences migrate, reset removes them and quota failures keep conversion usable (2.1s)
web	Run bun run test:browser	2026-10-05T05:36:09.5734866Z   ✓  194 [android-emulation] › e2e/privacy.spec.ts:6:2 › legacy command preferences migrate, reset removes them and quota failures keep conversion usable (2.1s)
web	Run bun run test:browser	2026-10-05T05:36:09.7268223Z   ✓  195 [android-emulation] › e2e/privacy.spec.ts:85:0 › invalid and oversized local shares return a paste fallback without storing text (1.4s)
web	Run bun run test:browser	2026-10-05T05:36:11.0706285Z   ✓  196 [android-emulation] › e2e/privacy.spec.ts:119:0 › expired and invalid temporary text is consumed and erased without restoring it (1.6s)
web	Run bun run test:browser	2026-10-05T05:36:12.0173972Z   ✓  191 [android-emulation] › e2e/offline-install.spec.ts:126:0 › persistently wrong release bytes never activate or claim offline readiness (6.0s)
web	Run bun run test:browser	2026-10-05T05:36:12.0683627Z   ✓  199 [android-emulation] › e2e/responsive.spec.ts:83:0 › touch-sized controls and keyboard navigation remain usable in a short viewport (987ms)
web	Run bun run test:browser	2026-10-05T05:36:12.2705672Z   ✓  197 [android-emulation] › e2e/privacy.spec.ts:223:0 › denied update storage keeps the draft active and requires clearing before reload (2.7s)
web	Run bun run test:browser	2026-10-05T05:36:12.4355497Z   ✓  198 [android-emulation] › e2e/responsive.spec.ts:4:0 › reflows across cover screens, phones, tablets and desktops without losing work (2.7s)
web	Run bun run test:browser	2026-10-05T05:36:14.1550404Z   ✓  203 [android-emulation] › e2e/updates.spec.ts:6:0 › repair refuses another release and leaves the existing offline shell intact (1.7s)
web	Run bun run test:browser	2026-10-05T05:36:15.1820847Z   ✓  200 [android-emulation] › e2e/uncontrolled.spec.ts:102:0 › an activated worker reclaims a hard-refreshed tab without reloading its draft (3.2s)
web	Run bun run test:browser	2026-10-05T05:36:17.2396973Z   ✓  204 [android-emulation] › e2e/updates.spec.ts:45:0 › an interrupted rollback preserves a retained cache and its old tab worker (3.1s)
web	Run bun run test:browser	2026-10-05T05:36:17.8463960Z   ✓  202 [android-emulation] › e2e/uncontrolled.spec.ts:227:0 › an older active worker cannot mark an uncontrolled tab ready or activate its waiting update (5.5s)
web	Run bun run test:browser	2026-10-05T05:36:17.8641737Z   ✓  205 [android-emulation] › e2e/updates.spec.ts:93:0 › oversized drafts block an update until they can be safely preserved (2.7s)
web	Run bun run test:browser	2026-10-05T05:36:18.9617940Z   ✓  201 [android-emulation] › e2e/uncontrolled.spec.ts:135:0 › an explicit update recovers a timed-out readiness probe without another reload (6.9s)
web	Run bun run test:browser	2026-10-05T05:36:21.1716876Z   ✓  208 [iphone-emulation] › e2e/app.spec.ts:6:0 › worker failure recovers and a late response cannot resurrect cleared input (2.7s)
web	Run bun run test:browser	2026-10-05T05:36:21.6553804Z   ✓  209 [iphone-emulation] › e2e/app.spec.ts:67:0 › an intact offline app survives a failed registration check while changing target zones (2.1s)
web	Run bun run test:browser	2026-10-05T05:36:23.3713556Z   ✓  210 [iphone-emulation] › e2e/app.spec.ts:90:0 › a delayed failed readiness probe cannot overwrite a newer successful check (2.2s)
web	Run bun run test:browser	2026-10-05T05:36:23.8478530Z   ✓  211 [iphone-emulation] › e2e/app.spec.ts:130:0 › missing cache reports incomplete and reconnect repairs the complete offline app (2.2s)
web	Run bun run test:browser	2026-10-05T05:36:25.0680953Z   ✓  212 [iphone-emulation] › e2e/app.spec.ts:162:0 › pasted HTML cannot execute or fetch its URL (1.7s)
web	Run bun run test:browser	2026-10-05T05:36:25.4546309Z   ✓  206 [android-emulation] › e2e/updates.spec.ts:209:0 › old and new tabs retain their own workers across successive releases and offline restart (8.2s)
web	Run bun run test:browser	2026-10-05T05:36:25.5898628Z   ✓  213 [iphone-emulation] › e2e/app.spec.ts:182:0 › convert, inspect ambiguity, copy manually and protect privacy (1.7s)
web	Run bun run test:browser	2026-10-05T05:36:26.6787423Z   ✓  207 [android-emulation] › e2e/updates.spec.ts:270:0 › rollback preserves draft and preferences and removes obsolete caches with one remaining tab (8.8s)
web	Run bun run test:browser	2026-10-05T05:36:27.7845308Z   ✓  214 [iphone-emulation] › e2e/app.spec.ts:215:0 › close and reopen offline, then convert previously unseen input (2.7s)
web	Run bun run test:browser	2026-10-05T05:36:29.2179842Z   ✓  218 [iphone-emulation] › e2e/app.spec.ts:340:0 › offline POST share is single-use and never places message in URL (1.4s)
web	Run bun run test:browser	2026-10-05T05:36:29.3446070Z   ✓  215 [iphone-emulation] › e2e/app.spec.ts:267:0 › input errors recover, edits invalidate results, keyboard keeps multiline input (3.7s)
web	Run bun run test:browser	2026-10-05T05:36:30.1722584Z   ✓  216 [iphone-emulation] › e2e/app.spec.ts:239:0 › preferences persist, input does not; denied storage still converts (4.0s)
web	Run bun run test:browser	2026-10-05T05:36:31.8824032Z   ✓  217 [iphone-emulation] › e2e/app.spec.ts:286:0 › readable at 320px, dark mode, with no serious accessibility violations (4.5s)
web	Run bun run test:browser	2026-10-05T05:36:33.1645364Z   ✓  219 [iphone-emulation] › e2e/app.spec.ts:378:0 › an update waits, preserves draft on opt-in, and survives a partial next update (3.9s)
web	Run bun run test:browser	2026-10-05T05:36:36.8209079Z   ✓  223 [iphone-emulation] › e2e/controls.spec.ts:407:0 › hovering timezone suggestions preserves typed values while explicit selections still commit (3.6s)
web	Run bun run test:browser	2026-10-05T05:36:38.3180666Z   ✓  222 [iphone-emulation] › e2e/controls.spec.ts:339:0 › timezone search preserves freeform offsets and recovers from empty and invalid choices (6.4s)
web	Run bun run test:browser	2026-10-05T05:36:38.7508207Z   ✓  221 [iphone-emulation] › e2e/controls.spec.ts:232:0 › choice menus support keyboard selection, nested Escape and pointer dismissal (8.6s)
web	Run bun run test:browser	2026-10-05T05:36:40.3700213Z   ✓  225 [iphone-emulation] › e2e/diagnostics.spec.ts:84:0 › detailed logging survives a tab reload and reset preferences disables it (2.0s)
web	Run bun run test:browser	2026-10-05T05:36:40.3956144Z   ✓  226 [iphone-emulation] › e2e/diagnostics.spec.ts:114:0 › detailed logs still work in memory when session storage is denied (1.6s)
web	Run bun run test:browser	2026-10-05T05:36:40.3978244Z   ✓  224 [iphone-emulation] › e2e/diagnostics.spec.ts:12:0 › detailed logs are opt-in, local, exclude message and selected zones, and stop when disabled (3.6s)
web	Run bun run test:browser	2026-10-05T05:36:41.9547150Z   ✓  228 [iphone-emulation] › e2e/diagnostics.spec.ts:191:0 › corrupt cached files fail integrity checks and detailed logs identify bounded repair failure (1.6s)
web	Run bun run test:browser	2026-10-05T05:36:42.1209828Z   ✓  227 [iphone-emulation] › e2e/diagnostics.spec.ts:145:0 › a retired release repairs only missing files using its intact cached assets (1.7s)
web	Run bun run test:browser	2026-10-05T05:36:43.3569570Z   ✓  230 [iphone-emulation] › e2e/engine.spec.ts:4:0 › independent exact fixture expectations run in the production browser worker (1.4s)
web	Run bun run test:browser	2026-10-05T05:36:44.4757622Z   ✓  229 [iphone-emulation] › e2e/diagnostics.spec.ts:232:0 › waiting updates remain actionable when a current cache probe times out (4.1s)
web	Run bun run test:browser	2026-10-05T05:36:46.5928419Z   ✓  231 [iphone-emulation] › e2e/imports.spec.ts:5:2 › delayed clipboard offers replacement instead of overwriting edited or cleared work (4.5s)
web	Run bun run test:browser	2026-10-05T05:36:47.8699255Z   ✓  233 [iphone-emulation] › e2e/imports.spec.ts:173:0 › an unresolved target hides copyable fallback results and correction restores the source interpretation (3.4s)
web	Run bun run test:browser	2026-10-05T05:36:48.9112699Z   ✓  220 [iphone-emulation] › e2e/controls.spec.ts:55:0 › themed choices align and their opened menus fit every breakpoint without losing work (19.6s)
web	Run bun run test:browser	2026-10-05T05:36:50.2711916Z   ✓  232 [iphone-emulation] › e2e/imports.spec.ts:5:2 › delayed share offers replacement instead of overwriting edited or cleared work (6.9s)
web	Run bun run test:browser	2026-10-05T05:36:51.0089728Z   ✓  234 [iphone-emulation] › e2e/live.spec.ts:4:0 › typing, pasted text and conversion settings update without submission (4.4s)
web	Run bun run test:browser	2026-10-05T05:36:51.4052621Z   ✓  237 [iphone-emulation] › e2e/motion.spec.ts:61:0 › reduced motion keeps live feedback and usable results without animation (1.1s)
web	Run bun run test:browser	2026-10-05T05:36:52.6629048Z   ✓  238 [iphone-emulation] › e2e/offline-install.spec.ts:31:0 › a transient initial registration failure retries before any controller exists (1.6s)
web	Run bun run test:browser	2026-10-05T05:36:52.9804795Z   ✓  235 [iphone-emulation] › e2e/live.spec.ts:30:0 › composition defers conversion and queued work cannot overwrite a newer draft (5.1s)
web	Run bun run test:browser	2026-10-05T05:36:53.7525934Z   ✓  239 [iphone-emulation] › e2e/offline-install.spec.ts:59:0 › slow first installation clears its expired warning without losing conversion (2.3s)
web	Run bun run test:browser	2026-10-05T05:36:54.0741379Z   ✓  240 [iphone-emulation] › e2e/offline-install.spec.ts:82:0 › a stale mutable release marker is refetched and checked before offline readiness (1.4s)
web	Run bun run test:browser	2026-10-05T05:36:54.8558860Z   ✓  236 [iphone-emulation] › e2e/motion.spec.ts:4:0 › live feedback covers debounce and worker completion, then settles or cancels (5.9s)
web	Run bun run test:browser	2026-10-05T05:36:55.4350314Z   ✓  241 [iphone-emulation] › e2e/offline-install.spec.ts:106:0 › a rejected first installation retries without reloading or clearing input (2.4s)
web	Run bun run test:browser	2026-10-05T05:36:56.7620981Z   ✓  243 [iphone-emulation] › e2e/offline-install.spec.ts:155:0 › HTML response rewriting cannot break first installation or offline navigation (2.7s)
web	Run bun run test:browser	2026-10-05T05:36:57.6256413Z   ✓  244 [iphone-emulation] › e2e/privacy.spec.ts:6:2 › legacy lens preferences migrate, reset removes them and quota failures keep conversion usable (2.8s)
web	Run bun run test:browser	2026-10-05T05:36:58.3528315Z   ✓  245 [iphone-emulation] › e2e/privacy.spec.ts:6:2 › legacy command preferences migrate, reset removes them and quota failures keep conversion usable (2.9s)
web	Run bun run test:browser	2026-10-05T05:36:58.4677153Z   ✓  246 [iphone-emulation] › e2e/privacy.spec.ts:85:0 › invalid and oversized local shares return a paste fallback without storing text (1.7s)
web	Run bun run test:browser	2026-10-05T05:37:00.1977325Z   ✓  242 [iphone-emulation] › e2e/offline-install.spec.ts:126:0 › persistently wrong release bytes never activate or claim offline readiness (6.4s)
web	Run bun run test:browser	2026-10-05T05:37:00.3776079Z   ✓  248 [iphone-emulation] › e2e/privacy.spec.ts:223:0 › denied update storage keeps the draft active and requires clearing before reload (2.0s)
web	Run bun run test:browser	2026-10-05T05:37:00.5502540Z   ✓  247 [iphone-emulation] › e2e/privacy.spec.ts:119:0 › expired and invalid temporary text is consumed and erased without restoring it (2.9s)
web	Run bun run test:browser	2026-10-05T05:37:00.9417933Z   -  251 [iphone-emulation] › e2e/uncontrolled.spec.ts:102:0 › an activated worker reclaims a hard-refreshed tab without reloading its draft
web	Run bun run test:browser	2026-10-05T05:37:01.0089965Z   -  252 [iphone-emulation] › e2e/uncontrolled.spec.ts:135:0 › an explicit update recovers a timed-out readiness probe without another reload
web	Run bun run test:browser	2026-10-05T05:37:01.4744868Z   -  253 [iphone-emulation] › e2e/uncontrolled.spec.ts:227:0 › an older active worker cannot mark an uncontrolled tab ready or activate its waiting update
web	Run bun run test:browser	2026-10-05T05:37:01.8578553Z   ✓  250 [iphone-emulation] › e2e/responsive.spec.ts:83:0 › touch-sized controls and keyboard navigation remain usable in a short viewport (1.6s)
web	Run bun run test:browser	2026-10-05T05:37:03.3731881Z   ✓  254 [iphone-emulation] › e2e/updates.spec.ts:6:0 › repair refuses another release and leaves the existing offline shell intact (2.3s)
web	Run bun run test:browser	2026-10-05T05:37:03.4749600Z   ✓  249 [iphone-emulation] › e2e/responsive.spec.ts:4:0 › reflows across cover screens, phones, tablets and desktops without losing work (5.0s)
web	Run bun run test:browser	2026-10-05T05:37:04.1999559Z   ✓  256 [iphone-emulation] › e2e/updates.spec.ts:93:0 › oversized drafts block an update until they can be safely preserved (2.3s)
web	Run bun run test:browser	2026-10-05T05:37:05.3319292Z   ✓  255 [iphone-emulation] › e2e/updates.spec.ts:45:0 › an interrupted rollback preserves a retained cache and its old tab worker (3.8s)
web	Run bun run test:browser	2026-10-05T05:37:08.3887812Z   ✓  258 [iphone-emulation] › e2e/updates.spec.ts:270:0 › rollback preserves draft and preferences and removes obsolete caches with one remaining tab (4.9s)
web	Run bun run test:browser	2026-10-05T05:37:09.2083263Z   ✓  257 [iphone-emulation] › e2e/updates.spec.ts:209:0 › old and new tabs retain their own workers across successive releases and offline restart (5.8s)
web	Run bun run test:browser	2026-10-05T05:37:09.2928798Z 
web	Run bun run test:browser	2026-10-05T05:37:09.2932870Z   9 skipped
web	Run bun run test:browser	2026-10-05T05:37:09.2934755Z   249 passed (4.1m)
web	Verify repository-subpath deployment	﻿2026-10-05T05:37:09.4955498Z ##[group]Run bun run build
web	Verify repository-subpath deployment	2026-10-05T05:37:09.4955689Z ^[[36;1mbun run build^[[0m
web	Verify repository-subpath deployment	2026-10-05T05:37:09.4955872Z ^[[36;1m# Keep browser first-attempt evidence when the separate subpath^[[0m
web	Verify repository-subpath deployment	2026-10-05T05:37:09.4956099Z ^[[36;1m# runner clears its own output before starting.^[[0m
web	Verify repository-subpath deployment	2026-10-05T05:37:09.4956396Z ^[[36;1mbunx --bun playwright test --config=playwright.subpath.config.ts --output=test-results/subpath^[[0m
web	Verify repository-subpath deployment	2026-10-05T05:37:09.4956827Z shell: bash --noprofile --norc -e -o pipefail {0}
web	Verify repository-subpath deployment	2026-10-05T05:37:09.4956983Z env:
web	Verify repository-subpath deployment	2026-10-05T05:37:09.4957105Z   PLAYWRIGHT_BROWSERS_PATH: /ms-playwright
web	Verify repository-subpath deployment	2026-10-05T05:37:09.4957260Z   PLAYWRIGHT_IMAGE_VERSION: 1.63.0
web	Verify repository-subpath deployment	2026-10-05T05:37:09.4957409Z   PUBLISH_PAGES: true
web	Verify repository-subpath deployment	2026-10-05T05:37:09.4957526Z   MISE_LOG_LEVEL: info
web	Verify repository-subpath deployment	2026-10-05T05:37:09.4958941Z   MISE_GITHUB_TOKEN: ***
web	Verify repository-subpath deployment	2026-10-05T05:37:09.4959096Z   MISE_TRUSTED_CONFIG_PATHS: /__w/ChronoShift/ChronoShift
web	Verify repository-subpath deployment	2026-10-05T05:37:09.4959264Z   MISE_YES: 1
web	Verify repository-subpath deployment	2026-10-05T05:37:09.4959832Z   PATH: /github/home/.local/share/mise/installs/bun/1.4.0/bin:/github/home/.local/share/mise/installs/node/26.8.1/bin:/github/home/.local/share/mise/installs/gh/2.100.0/gh_2.100.0_linux_amd64/bin:/github/home/.local/share/mise/shims:/github/home/.local/share/mise/bin:/usr/local/sbin:/usr/local/bin:/usr/sbin:/usr/bin:/sbin:/bin
web	Verify repository-subpath deployment	2026-10-05T05:37:09.4960450Z   BASE_PATH: /ChronoShift/
web	Verify repository-subpath deployment	2026-10-05T05:37:09.4960574Z ##[endgroup]
web	Verify repository-subpath deployment	2026-10-05T05:37:09.5411283Z $ bun run typecheck && bun scripts/third-party-notices.ts && bunx --bun vite build && bun scripts/build-offline.ts
web	Verify repository-subpath deployment	2026-10-05T05:37:09.5436526Z $ bunx --bun tsc --noEmit
web	Verify repository-subpath deployment	2026-10-05T05:37:09.8310347Z Included notices for 19 production packages.
web	Verify repository-subpath deployment	2026-10-05T05:37:09.9319373Z ^[[36mvite v8.3.2 ^[[32mbuilding client environment for production...^[[36m^[[39m
web	Verify repository-subpath deployment	2026-10-05T05:37:09.9369417Z transforming...
web	Verify repository-subpath deployment	2026-10-05T05:37:10.0676183Z ✓ 644 modules transformed.
web	Verify repository-subpath deployment	2026-10-05T05:37:10.1032412Z rendering chunks...
web	Verify repository-subpath deployment	2026-10-05T05:37:10.1655509Z computing gzip size...
web	Verify repository-subpath deployment	2026-10-05T05:37:10.1734799Z dist/index.html                                    0.84 kB │ gzip:   0.45 kB
web	Verify repository-subpath deployment	2026-10-05T05:37:10.1735204Z dist/assets/geist-latin-variable-Dm3htQBi.woff2   28.40 kB
web	Verify repository-subpath deployment	2026-10-05T05:37:10.1735419Z dist/assets/worker-C690IjaR.js                   221.14 kB
web	Verify repository-subpath deployment	2026-10-05T05:37:10.1735676Z dist/assets/index-CQJea-JE.css                    20.76 kB │ gzip:   4.84 kB
web	Verify repository-subpath deployment	2026-10-05T05:37:10.1736098Z dist/assets/index-CzXW0WLz.js                    775.12 kB │ gzip: 235.20 kB
web	Verify repository-subpath deployment	2026-10-05T05:37:10.1736366Z 
web	Verify repository-subpath deployment	2026-10-05T05:37:10.1736855Z ^[[32m✓ built in 241ms^[[39m
web	Verify repository-subpath deployment	2026-10-05T05:37:10.1741165Z ^[[33m[plugin builtin:vite-reporter] 
web	Verify repository-subpath deployment	2026-10-05T05:37:10.1741586Z (!) Some chunks are larger than 500 kB after minification. Consider:
web	Verify repository-subpath deployment	2026-10-05T05:37:10.1741830Z - Using dynamic import() to code-split the application
web	Verify repository-subpath deployment	2026-10-05T05:37:10.1742321Z - Use build.rolldownOptions.output.codeSplitting to improve chunking: https://rolldown.rs/reference/OutputOptions.codeSplitting
web	Verify repository-subpath deployment	2026-10-05T05:37:10.1743825Z - Adjust chunk size limit for this warning via build.chunkSizeWarningLimit.^[[39m
web	Verify repository-subpath deployment	2026-10-05T05:37:10.2010367Z Offline version 137f59cf04783ef5: 13 local assets, /ChronoShift/
web	Verify repository-subpath deployment	2026-10-05T05:37:10.6171235Z 
web	Verify repository-subpath deployment	2026-10-05T05:37:10.6171743Z Running 1 test using 1 worker
web	Verify repository-subpath deployment	2026-10-05T05:37:11.9728945Z ·
web	Verify repository-subpath deployment	2026-10-05T05:37:11.9730526Z   1 passed (1.5s)
web	Upload the verified Pages build	﻿2026-10-05T05:37:11.9899229Z ##[group]Run actions/upload-pages-artifact@7b1f4a764d45c48632c6b24a0339c27f5614fb0b
web	Upload the verified Pages build	2026-10-05T05:37:11.9899477Z with:
web	Upload the verified Pages build	2026-10-05T05:37:11.9899585Z   path: dist
web	Upload the verified Pages build	2026-10-05T05:37:11.9899692Z   retention-days: 1
web	Upload the verified Pages build	2026-10-05T05:37:11.9899806Z   name: github-pages
web	Upload the verified Pages build	2026-10-05T05:37:11.9899921Z env:
web	Upload the verified Pages build	2026-10-05T05:37:11.9900040Z   PLAYWRIGHT_BROWSERS_PATH: /ms-playwright
web	Upload the verified Pages build	2026-10-05T05:37:11.9900333Z   PLAYWRIGHT_IMAGE_VERSION: 1.63.0
web	Upload the verified Pages build	2026-10-05T05:37:11.9900475Z   PUBLISH_PAGES: true
web	Upload the verified Pages build	2026-10-05T05:37:11.9900597Z   MISE_LOG_LEVEL: info
web	Upload the verified Pages build	2026-10-05T05:37:11.9901987Z   MISE_GITHUB_TOKEN: ***
web	Upload the verified Pages build	2026-10-05T05:37:11.9902145Z   MISE_TRUSTED_CONFIG_PATHS: /__w/ChronoShift/ChronoShift
web	Upload the verified Pages build	2026-10-05T05:37:11.9902313Z   MISE_YES: 1
web	Upload the verified Pages build	2026-10-05T05:37:11.9902887Z   PATH: /github/home/.local/share/mise/installs/bun/1.4.0/bin:/github/home/.local/share/mise/installs/node/26.8.1/bin:/github/home/.local/share/mise/installs/gh/2.100.0/gh_2.100.0_linux_amd64/bin:/github/home/.local/share/mise/shims:/github/home/.local/share/mise/bin:/usr/local/sbin:/usr/local/bin:/usr/sbin:/usr/bin:/sbin:/bin
web	Upload the verified Pages build	2026-10-05T05:37:11.9903504Z ##[endgroup]
web	Upload the verified Pages build	2026-10-05T05:37:11.9942179Z ##[start-action display=Archive artifact;id=__actions_upload-pages-artifact.__run]
web	Upload the verified Pages build	2026-10-05T05:37:11.9958674Z ##[group]Run echo ::group::Archive artifact
web	Upload the verified Pages build	2026-10-05T05:37:11.9958874Z ^[[36;1mecho ::group::Archive artifact^[[0m
web	Upload the verified Pages build	2026-10-05T05:37:11.9959021Z ^[[36;1mtar \^[[0m
web	Upload the verified Pages build	2026-10-05T05:37:11.9959171Z ^[[36;1m  --dereference --hard-dereference \^[[0m
web	Upload the verified Pages build	2026-10-05T05:37:11.9959332Z ^[[36;1m  --directory "$INPUT_PATH" \^[[0m
web	Upload the verified Pages build	2026-10-05T05:37:11.9959491Z ^[[36;1m  -cvf "$RUNNER_TEMP/artifact.tar" \^[[0m
web	Upload the verified Pages build	2026-10-05T05:37:11.9959643Z ^[[36;1m  --exclude=.git \^[[0m
web	Upload the verified Pages build	2026-10-05T05:37:11.9959772Z ^[[36;1m  --exclude=.github \^[[0m
web	Upload the verified Pages build	2026-10-05T05:37:11.9959904Z ^[[36;1m  --exclude=".[^/]*" \^[[0m
web	Upload the verified Pages build	2026-10-05T05:37:11.9960028Z ^[[36;1m  .^[[0m
web	Upload the verified Pages build	2026-10-05T05:37:11.9960138Z ^[[36;1mecho ::endgroup::^[[0m
web	Upload the verified Pages build	2026-10-05T05:37:11.9960357Z shell: sh -e {0}
web	Upload the verified Pages build	2026-10-05T05:37:11.9960460Z env:
web	Upload the verified Pages build	2026-10-05T05:37:11.9960581Z   PLAYWRIGHT_BROWSERS_PATH: /ms-playwright
web	Upload the verified Pages build	2026-10-05T05:37:11.9960740Z   PLAYWRIGHT_IMAGE_VERSION: 1.63.0
web	Upload the verified Pages build	2026-10-05T05:37:11.9960877Z   PUBLISH_PAGES: true
web	Upload the verified Pages build	2026-10-05T05:37:11.9960994Z   MISE_LOG_LEVEL: info
web	Upload the verified Pages build	2026-10-05T05:37:11.9962311Z   MISE_GITHUB_TOKEN: ***
web	Upload the verified Pages build	2026-10-05T05:37:11.9962468Z   MISE_TRUSTED_CONFIG_PATHS: /__w/ChronoShift/ChronoShift
web	Upload the verified Pages build	2026-10-05T05:37:11.9962641Z   MISE_YES: 1
web	Upload the verified Pages build	2026-10-05T05:37:11.9963209Z   PATH: /github/home/.local/share/mise/installs/bun/1.4.0/bin:/github/home/.local/share/mise/installs/node/26.8.1/bin:/github/home/.local/share/mise/installs/gh/2.100.0/gh_2.100.0_linux_amd64/bin:/github/home/.local/share/mise/shims:/github/home/.local/share/mise/bin:/usr/local/sbin:/usr/local/bin:/usr/sbin:/usr/bin:/sbin:/bin
web	Upload the verified Pages build	2026-10-05T05:37:11.9963802Z   INPUT_PATH: dist
web	Upload the verified Pages build	2026-10-05T05:37:11.9963912Z ##[endgroup]
web	Upload the verified Pages build	2026-10-05T05:37:12.0284480Z ##[group]Archive artifact
web	Upload the verified Pages build	2026-10-05T05:37:12.0295454Z ./
web	Upload the verified Pages build	2026-10-05T05:37:12.0295670Z ./third-party-notices.txt
web	Upload the verified Pages build	2026-10-05T05:37:12.0296462Z ./manifest.webmanifest
web	Upload the verified Pages build	2026-10-05T05:37:12.0296790Z ./assets/
web	Upload the verified Pages build	2026-10-05T05:37:12.0296963Z ./assets/worker-C690IjaR.js
web	Upload the verified Pages build	2026-10-05T05:37:12.0298546Z ./assets/index-CQJea-JE.css
web	Upload the verified Pages build	2026-10-05T05:37:12.0298759Z ./assets/index-CzXW0WLz.js
web	Upload the verified Pages build	2026-10-05T05:37:12.0305865Z ./assets/geist-latin-variable-Dm3htQBi.woff2
web	Upload the verified Pages build	2026-10-05T05:37:12.0306172Z ./index.html
web	Upload the verified Pages build	2026-10-05T05:37:12.0306441Z ./release.json
web	Upload the verified Pages build	2026-10-05T05:37:12.0306544Z ./sw.js
web	Upload the verified Pages build	2026-10-05T05:37:12.0306644Z ./icon.svg
web	Upload the verified Pages build	2026-10-05T05:37:12.0306880Z ./icon-512.png
web	Upload the verified Pages build	2026-10-05T05:37:12.0307053Z ./icon-192.png
web	Upload the verified Pages build	2026-10-05T05:37:12.0307259Z ./fonts/
web	Upload the verified Pages build	2026-10-05T05:37:12.0307426Z ./fonts/geist-OFL.txt
web	Upload the verified Pages build	2026-10-05T05:37:12.0307675Z ./fonts/README.txt
web	Upload the verified Pages build	2026-10-05T05:37:12.0309321Z ##[endgroup]
web	Upload the verified Pages build	2026-10-05T05:37:12.0336857Z ##[end-action id=__actions_upload-pages-artifact.__run;outcome=success;conclusion=success;duration_ms=39]
web	Upload the verified Pages build	2026-10-05T05:37:12.0339707Z ##[start-action display=Archive artifact;id=__actions_upload-pages-artifact.__run_2]
web	Upload the verified Pages build	2026-10-05T05:37:12.0357506Z ##[end-action id=__actions_upload-pages-artifact.__run_2;outcome=skipped;conclusion=skipped;duration_ms=0]
web	Upload the verified Pages build	2026-10-05T05:37:12.0359393Z ##[start-action display=Archive artifact;id=__actions_upload-pages-artifact.__run_3]
web	Upload the verified Pages build	2026-10-05T05:37:12.0361239Z ##[end-action id=__actions_upload-pages-artifact.__run_3;outcome=skipped;conclusion=skipped;duration_ms=0]
web	Upload the verified Pages build	2026-10-05T05:37:12.0362300Z ##[start-action display=Upload artifact;id=__actions_upload-pages-artifact.upload-artifact]
web	Upload the verified Pages build	2026-10-05T05:37:12.0396380Z ##[group]Run actions/upload-artifact@ea165f8d65b6e75b540449e92b4886f43607fa02
web	Upload the verified Pages build	2026-10-05T05:37:12.0396594Z with:
web	Upload the verified Pages build	2026-10-05T05:37:12.0396702Z   name: github-pages
web	Upload the verified Pages build	2026-10-05T05:37:12.0396833Z   path: /home/runner/work/_temp/artifact.tar
web	Upload the verified Pages build	2026-10-05T05:37:12.0396982Z   retention-days: 1
web	Upload the verified Pages build	2026-10-05T05:37:12.0397098Z   if-no-files-found: error
web	Upload the verified Pages build	2026-10-05T05:37:12.0397225Z   compression-level: 6
web	Upload the verified Pages build	2026-10-05T05:37:12.0397339Z   overwrite: false
web	Upload the verified Pages build	2026-10-05T05:37:12.0397455Z   include-hidden-files: false
web	Upload the verified Pages build	2026-10-05T05:37:12.0397582Z env:
web	Upload the verified Pages build	2026-10-05T05:37:12.0397704Z   PLAYWRIGHT_BROWSERS_PATH: /ms-playwright
web	Upload the verified Pages build	2026-10-05T05:37:12.0397859Z   PLAYWRIGHT_IMAGE_VERSION: 1.63.0
web	Upload the verified Pages build	2026-10-05T05:37:12.0397998Z   PUBLISH_PAGES: true
web	Upload the verified Pages build	2026-10-05T05:37:12.0398111Z   MISE_LOG_LEVEL: info
web	Upload the verified Pages build	2026-10-05T05:37:12.0399429Z   MISE_GITHUB_TOKEN: ***
web	Upload the verified Pages build	2026-10-05T05:37:12.0399583Z   MISE_TRUSTED_CONFIG_PATHS: /__w/ChronoShift/ChronoShift
web	Upload the verified Pages build	2026-10-05T05:37:12.0399755Z   MISE_YES: 1
web	Upload the verified Pages build	2026-10-05T05:37:12.0400322Z   PATH: /github/home/.local/share/mise/installs/bun/1.4.0/bin:/github/home/.local/share/mise/installs/node/26.8.1/bin:/github/home/.local/share/mise/installs/gh/2.100.0/gh_2.100.0_linux_amd64/bin:/github/home/.local/share/mise/shims:/github/home/.local/share/mise/bin:/usr/local/sbin:/usr/local/bin:/usr/sbin:/usr/bin:/sbin:/bin
web	Upload the verified Pages build	2026-10-05T05:37:12.0400920Z ##[endgroup]
web	Upload the verified Pages build	2026-10-05T05:37:12.0402990Z ##[command]/usr/bin/docker exec  7041e165cd803e272126a6a55475f3ed0abd9c62c2e5344625029bcd1ce93e5c sh -c "cat /etc/*release | grep ^ID"
web	Upload the verified Pages build	2026-10-05T05:37:12.1985649Z (node:16879) [DEP0040] DeprecationWarning: The `punycode` module is deprecated. Please use a userland alternative instead.
web	Upload the verified Pages build	2026-10-05T05:37:12.1986563Z (Use `node --trace-deprecation ...` to show where the warning was created)
web	Upload the verified Pages build	2026-10-05T05:37:12.2064889Z With the provided path, there will be 1 file uploaded
web	Upload the verified Pages build	2026-10-05T05:37:12.2094734Z Artifact name is valid!
web	Upload the verified Pages build	2026-10-05T05:37:12.2114793Z Root directory input is valid!
web	Upload the verified Pages build	2026-10-05T05:37:12.4627181Z Beginning upload of artifact content to blob storage
web	Upload the verified Pages build	2026-10-05T05:37:12.4946584Z (node:16879) [DEP0169] DeprecationWarning: `url.parse()` behavior is not standardized and prone to errors that have security implications. Use the WHATWG URL API instead. CVEs are not issued for `url.parse()` vulnerabilities.
web	Upload the verified Pages build	2026-10-05T05:37:12.8045922Z Uploaded bytes 374682
web	Upload the verified Pages build	2026-10-05T05:37:12.8451785Z Finished uploading artifact content to blob storage!
web	Upload the verified Pages build	2026-10-05T05:37:12.8452336Z SHA256 digest of uploaded artifact zip is 2acde49b3b7b3effaa1eee8370164f372b8a9f2e6b8d65bdf5255fd0e95f7163
web	Upload the verified Pages build	2026-10-05T05:37:12.8452832Z Finalizing artifact upload
web	Upload the verified Pages build	2026-10-05T05:37:13.0781024Z Artifact github-pages.zip successfully finalized. Artifact ID 11327332721
web	Upload the verified Pages build	2026-10-05T05:37:13.0781623Z Artifact github-pages has been successfully uploaded! Final size is 374682 bytes. Artifact ID is 11327332721
web	Upload the verified Pages build	2026-10-05T05:37:13.0786611Z Artifact download URL: https://github.com/Tien-Lam/ChronoShift/actions/runs/37268219679/artifacts/11327332721
web	Upload the verified Pages build	2026-10-05T05:37:13.0915104Z ##[end-action id=__actions_upload-pages-artifact.upload-artifact;outcome=success;conclusion=success;duration_ms=1055]
web	Post Run actions/checkout@34e114876b0b11c390a56381ad16ebd13914f8d5	﻿2026-10-05T05:37:13.1337570Z Post job cleanup.
web	Post Run actions/checkout@34e114876b0b11c390a56381ad16ebd13914f8d5	2026-10-05T05:37:13.1341933Z ##[command]/usr/bin/docker exec  7041e165cd803e272126a6a55475f3ed0abd9c62c2e5344625029bcd1ce93e5c sh -c "cat /etc/*release | grep ^ID"
web	Post Run actions/checkout@34e114876b0b11c390a56381ad16ebd13914f8d5	2026-10-05T05:37:13.2496240Z [command]/usr/bin/git version
web	Post Run actions/checkout@34e114876b0b11c390a56381ad16ebd13914f8d5	2026-10-05T05:37:13.2526986Z git version 2.43.0
web	Post Run actions/checkout@34e114876b0b11c390a56381ad16ebd13914f8d5	2026-10-05T05:37:13.2551201Z Temporarily overriding HOME='/__w/_temp/fade4de5-3b09-417a-aefe-d7c99d4e121e' before making global git config changes
web	Post Run actions/checkout@34e114876b0b11c390a56381ad16ebd13914f8d5	2026-10-05T05:37:13.2551864Z Adding repository directory to the temporary git global config as a safe directory
web	Post Run actions/checkout@34e114876b0b11c390a56381ad16ebd13914f8d5	2026-10-05T05:37:13.2556073Z [command]/usr/bin/git config --global --add safe.directory /__w/ChronoShift/ChronoShift
web	Post Run actions/checkout@34e114876b0b11c390a56381ad16ebd13914f8d5	2026-10-05T05:37:13.2585215Z [command]/usr/bin/git config --local --name-only --get-regexp core\.sshCommand
web	Post Run actions/checkout@34e114876b0b11c390a56381ad16ebd13914f8d5	2026-10-05T05:37:13.2613125Z [command]/usr/bin/git submodule foreach --recursive sh -c "git config --local --name-only --get-regexp 'core\.sshCommand' && git config --local --unset-all 'core.sshCommand' || :"
web	Post Run actions/checkout@34e114876b0b11c390a56381ad16ebd13914f8d5	2026-10-05T05:37:13.2835698Z [command]/usr/bin/git config --local --name-only --get-regexp http\.https\:\/\/github\.com\/\.extraheader
web	Post Run actions/checkout@34e114876b0b11c390a56381ad16ebd13914f8d5	2026-10-05T05:37:13.2861485Z http.https://github.com/.extraheader
web	Post Run actions/checkout@34e114876b0b11c390a56381ad16ebd13914f8d5	2026-10-05T05:37:13.2876711Z [command]/usr/bin/git config --local --unset-all http.https://github.com/.extraheader
web	Post Run actions/checkout@34e114876b0b11c390a56381ad16ebd13914f8d5	2026-10-05T05:37:13.2905248Z [command]/usr/bin/git submodule foreach --recursive sh -c "git config --local --name-only --get-regexp 'http\.https\:\/\/github\.com\/\.extraheader' && git config --local --unset-all 'http.https://github.com/.extraheader' || :"
web	Post Run actions/checkout@34e114876b0b11c390a56381ad16ebd13914f8d5	2026-10-05T05:37:13.3151500Z [command]/usr/bin/git config --local --name-only --get-regexp ^includeIf\.gitdir:
web	Post Run actions/checkout@34e114876b0b11c390a56381ad16ebd13914f8d5	2026-10-05T05:37:13.3185062Z [command]/usr/bin/git submodule foreach --recursive git config --local --show-origin --name-only --get-regexp remote.origin.url
web	Stop containers	﻿2026-10-05T05:37:13.3505581Z Stop and remove container: ee1ee03351d34c8ca61e447dbcb006e5_mcrmicrosoftcomplaywrightsha256eff16c30e6f3f4af0a03fa4b706120d5e9b0891c344a27d64559aff5900a4a27_cb5546
web	Stop containers	2026-10-05T05:37:13.3508735Z ##[command]/usr/bin/docker rm --force 7041e165cd803e272126a6a55475f3ed0abd9c62c2e5344625029bcd1ce93e5c
web	Stop containers	2026-10-05T05:37:13.4600304Z 7041e165cd803e272126a6a55475f3ed0abd9c62c2e5344625029bcd1ce93e5c
web	Stop containers	2026-10-05T05:37:13.4622946Z Remove container network: github_network_6b7c6167d0274041868dd7d32c589d09
web	Stop containers	2026-10-05T05:37:13.4625966Z ##[command]/usr/bin/docker network rm github_network_6b7c6167d0274041868dd7d32c589d09
web	Stop containers	2026-10-05T05:37:13.5540055Z github_network_6b7c6167d0274041868dd7d32c589d09
web	Complete job	﻿2026-10-05T05:37:13.5594734Z Cleaning up orphan processes
web	Complete job	2026-10-05T05:37:13.5820590Z ##[warning]Node.js 20 is deprecated. The following actions target Node.js 20 but are being forced to run on Node.js 24: actions/checkout@34e114876b0b11c390a56381ad16ebd13914f8d5, actions/upload-artifact@ea165f8d65b6e75b540449e92b4886f43607fa02, jdx/mise-action@5228313ee0372e111a38da051671ca30fc5a96db. For more information see: https://github.blog/changelog/2025-09-19-deprecation-of-node-20-on-github-actions-runners/
